Dealer Billing Statement for: March 2026,,,,,,,,,,,,,,,,,,,,,,,,,,,,,,,
"Hiley Cars Fort Worth, LP",,,,,,,,,,,,,,,,,,,,,,,,,,,,,,,
Location,Manufacturer Name,Plant Name,Invoice Date,Invoice Number,Interest Start Date,Maturity Date,Description,Type,Model Number,Serial No/VIN,Stock/Lease No,Original Amount,Beginning Balance,Advances,Last Advance Date,Principal Payments,Principal Adjustments,Monthly Activity,Ending Balance,Current Curtailments,Past Due Curtailments,Current Maturities,Past Due Maturities,Total Principal Due,Interest Amount,Prior Period Interest Billed Current Month,Flat Charges Amount,Item Fee Amount,Total Interest / Charges / Fees Due,Inception to Date Interest,Average Daily Billing Balance
"3535 West Loop 820 South  Fort Worth, TX 76116",Buick,Auto - Buick Plant - New - E,3/10/2026,22170,3/10/2026,10/10/2027,2026 Buick BUCK ENVSN S,Automobile,BUCK ENVSN S,LRBFZPR49TD022170,,"$45,415.25 ",$0.00 ,"$45,415.25 ",3/10/2026,$0.00 ,$0.00 ,"$45,415.25 ","$45,415.25 ",$0.00 ,$0.00 ,$0.00 ,$0.00 ,$0.00 ,$137.87 ,$0.00 ,$0.00 ,$0.00 ,$137.87 ,$137.87 ,"$32,230.18 "
"3535 West Loop 820 South  Fort Worth, TX 76116",Buick,Auto - Buick Plant - New - E,3/10/2026,22210,3/10/2026,10/10/2027,2026 Buick BUCK ENVSN S,Automobile,BUCK ENVSN S,LRBFZPR46TD022210,,"$45,873.13 ",$0.00 ,"$45,873.13 ",3/10/2026,$0.00 ,$0.00 ,"$45,873.13 ","$45,873.13 ",$0.00 ,$0.00 ,$0.00 ,$0.00 ,$0.00 ,$139.26 ,$0.00 ,$0.00 ,$0.00 ,$139.26 ,$139.26 ,"$32,555.12 "
"3535 West Loop 820 South  Fort Worth, TX 76116",Buick,Auto - Buick Plant - New - E,3/10/2026,22234,3/10/2026,10/10/2027,2026 Buick BUCK ENVSN S,Automobile,BUCK ENVSN S,LRBFZPR49TD022234,,"$45,873.13 ",$0.00 ,"$45,873.13 ",3/10/2026,$0.00 ,$0.00 ,"$45,873.13 ","$45,873.13 ",$0.00 ,$0.00 ,$0.00 ,$0.00 ,$0.00 ,$139.26 ,$0.00 ,$0.00 ,$0.00 ,$139.26 ,$139.26 ,"$32,555.12 "
"3535 West Loop 820 South  Fort Worth, TX 76116",Buick,Auto - Buick Plant - New - E,3/10/2026,22286,3/10/2026,10/10/2027,2026 Buick BUCK ENVSN S,Automobile,BUCK ENVSN S,LRBFZPR46TD022286,,"$45,415.25 ",$0.00 ,"$45,415.25 ",3/10/2026,$0.00 ,$0.00 ,"$45,415.25 ","$45,415.25 ",$0.00 ,$0.00 ,$0.00 ,$0.00 ,$0.00 ,$137.87 ,$0.00 ,$0.00 ,$0.00 ,$137.87 ,$137.87 ,"$32,230.18 "
"3535 West Loop 820 South  Fort Worth, TX 76116",Buick,Auto - Buick Plant - New - E,3/3/2026,24440,3/3/2026,10/3/2027,2026 Buick BUCK ENVSN S,Automobile,BUCK ENVSN S,LRBFZPR40TD024440,,"$45,873.13 ",$0.00 ,"$45,873.13 ",3/3/2026,$0.00 ,$0.00 ,"$45,873.13 ","$45,873.13 ",$0.00 ,$0.00 ,$0.00 ,$0.00 ,$0.00 ,$183.57 ,$0.00 ,$0.00 ,$0.00 ,$183.57 ,$183.57 ,"$42,913.57 "
"3535 West Loop 820 South  Fort Worth, TX 76116",Buick,Auto - Buick Plant - New - E,2/26/2026,24474,2/26/2026,9/26/2027,2026 Buick BUCK ENVSN S,Automobile,BUCK ENVSN S,LRBFZPR46TD024474,,"$45,415.25 ","$45,415.25 ",$0.00 ,,$0.00 ,$0.00 ,$0.00 ,"$45,415.25 ",$0.00 ,$0.00 ,$0.00 ,$0.00 ,$0.00 ,$194.28 ,$0.00 ,$0.00 ,$0.00 ,$194.28 ,$213.09 ,"$45,415.25 "
"3535 West Loop 820 South  Fort Worth, TX 76116",Buick,Auto - Buick Plant - New - E,3/5/2026,24699,3/5/2026,10/5/2027,2026 Buick BUCK ENVSN A,Automobile,BUCK ENVSN A,LRBFZSR44TD024699,,"$51,698.30 ",$0.00 ,"$51,698.30 ",3/5/2026,$0.00 ,$0.00 ,"$51,698.30 ","$51,698.30 ",$0.00 ,$0.00 ,$0.00 ,$0.00 ,$0.00 ,$192.62 ,$0.00 ,$0.00 ,$0.00 ,$192.62 ,$192.62 ,"$45,027.55 "
"3535 West Loop 820 South  Fort Worth, TX 76116",Buick,Auto - Buick Plant - New - E,3/9/2026,24863,3/9/2026,10/9/2027,2026 Buick BUCK ENVSN A,Automobile,BUCK ENVSN A,LRBFZSR42TD024863,,"$51,143.30 ",$0.00 ,"$51,143.30 ",3/9/2026,$0.00 ,$0.00 ,"$51,143.30 ","$51,143.30 ",$0.00 ,$0.00 ,$0.00 ,$0.00 ,$0.00 ,$162.32 ,$0.00 ,$0.00 ,$0.00 ,$162.32 ,$162.32 ,"$37,945.03 "
"3535 West Loop 820 South  Fort Worth, TX 76116",Buick,Auto - Buick Plant - New - E,4/7/2025,25577,4/7/2025,11/7/2026,2025 Buick ENVISION,Automobile,ENVISION,LRBFZLE43SD025577,B34178,"$41,198.96 ","$41,198.96 ",$0.00 ,,$0.00 ,$0.00 ,$0.00 ,"$41,198.96 ",$0.00 ,$0.00 ,$0.00 ,$0.00 ,$0.00 ,$176.24 ,$0.00 ,$0.00 ,$0.00 ,$176.24 ,"$2,210.22 ","$41,198.96 "
"3535 West Loop 820 South  Fort Worth, TX 76116",Buick,Auto - Buick Plant - New - E,7/9/2025,27144,7/9/2025,2/9/2027,2026 Buick BUCK ENCOR G,Automobile,BUCK ENCOR G,KL4AMBSL5TB027144,B35001,"$28,835.00 ","$28,835.00 ",$0.00 ,,"($28,835.00)",$0.00 ,"($28,835.00)",$0.00 ,$0.00 ,$0.00 ,$0.00 ,$0.00 ,$0.00 ,$95.50 ,$0.00 ,$0.00 ,$0.00 ,$95.50 ,"$1,100.10 ","$22,323.87 "
"3535 West Loop 820 South  Fort Worth, TX 76116",Buick,Auto - Buick Plant - New - E,3/30/2026,33619,3/30/2026,10/30/2027,2026 Buick BUCK ENVSN S,Automobile,BUCK ENVSN S,LRBFZPR47TD033619,,"$45,873.13 ",$0.00 ,"$45,873.13 ",3/30/2026,$0.00 ,$0.00 ,"$45,873.13 ","$45,873.13 ",$0.00 ,$0.00 ,$0.00 ,$0.00 ,$0.00 ,$12.66 ,$0.00 ,$0.00 ,$0.00 ,$12.66 ,$12.66 ,"$2,959.56 "
"3535 West Loop 820 South  Fort Worth, TX 76116",Buick,Auto - Buick Plant - New - E,3/26/2026,33636,3/26/2026,10/26/2027,2026 Buick BUCK ENVSN S,Automobile,BUCK ENVSN S,LRBFZPR47TD033636,,"$45,873.13 ",$0.00 ,"$45,873.13 ",3/26/2026,$0.00 ,$0.00 ,"$45,873.13 ","$45,873.13 ",$0.00 ,$0.00 ,$0.00 ,$0.00 ,$0.00 ,$37.98 ,$0.00 ,$0.00 ,$0.00 ,$37.98 ,$37.98 ,"$8,878.67 "
"3535 West Loop 820 South  Fort Worth, TX 76116",Buick,Auto - Buick Plant - New - E,3/26/2026,33811,3/26/2026,10/26/2027,2026 Buick BUCK ENVSN S,Automobile,BUCK ENVSN S,LRBFZPR4XTD033811,,"$45,873.13 ",$0.00 ,"$45,873.13 ",3/26/2026,$0.00 ,$0.00 ,"$45,873.13 ","$45,873.13 ",$0.00 ,$0.00 ,$0.00 ,$0.00 ,$0.00 ,$37.98 ,$0.00 ,$0.00 ,$0.00 ,$37.98 ,$37.98 ,"$8,878.67 "
"3535 West Loop 820 South  Fort Worth, TX 76116",Buick,Auto - Buick Plant - New - E,3/26/2026,33926,3/26/2026,10/26/2027,2026 Buick BUCK ENVSN S,Automobile,BUCK ENVSN S,LRBFZPR45TD033926,,"$45,873.13 ",$0.00 ,"$45,873.13 ",3/26/2026,$0.00 ,$0.00 ,"$45,873.13 ","$45,873.13 ",$0.00 ,$0.00 ,$0.00 ,$0.00 ,$0.00 ,$37.98 ,$0.00 ,$0.00 ,$0.00 ,$37.98 ,$37.98 ,"$8,878.67 "
"3535 West Loop 820 South  Fort Worth, TX 76116",Buick,Auto - Buick Plant - New - E,3/30/2026,34149,3/30/2026,10/30/2027,2026 Buick BUCK ENVSN S,Automobile,BUCK ENVSN S,LRBFZPR41TD034149,,"$45,873.13 ",$0.00 ,"$45,873.13 ",3/30/2026,$0.00 ,$0.00 ,"$45,873.13 ","$45,873.13 ",$0.00 ,$0.00 ,$0.00 ,$0.00 ,$0.00 ,$12.66 ,$0.00 ,$0.00 ,$0.00 ,$12.66 ,$12.66 ,"$2,959.56 "
"3535 West Loop 820 South  Fort Worth, TX 76116",Buick,Auto - Buick Plant - New - E,3/26/2026,34199,3/26/2026,10/26/2027,2026 Buick BUCK ENVSN S,Automobile,BUCK ENVSN S,LRBFZPR45TD034199,,"$46,428.13 ",$0.00 ,"$46,428.13 ",3/26/2026,$0.00 ,$0.00 ,"$46,428.13 ","$46,428.13 ",$0.00 ,$0.00 ,$0.00 ,$0.00 ,$0.00 ,$38.44 ,$0.00 ,$0.00 ,$0.00 ,$38.44 ,$38.44 ,"$8,986.09 "
"3535 West Loop 820 South  Fort Worth, TX 76116",Buick,Auto - Buick Plant - New - E,3/30/2026,34329,3/30/2026,10/30/2027,2026 Buick BUCK ENVSN S,Automobile,BUCK ENVSN S,LRBFZPR43TD034329,,"$46,428.13 ",$0.00 ,"$46,428.13 ",3/30/2026,$0.00 ,$0.00 ,"$46,428.13 ","$46,428.13 ",$0.00 ,$0.00 ,$0.00 ,$0.00 ,$0.00 ,$12.81 ,$0.00 ,$0.00 ,$0.00 ,$12.81 ,$12.81 ,"$2,995.36 "
"3535 West Loop 820 South  Fort Worth, TX 76116",Buick,Auto - Buick Plant - New - E,3/26/2026,34434,3/26/2026,10/26/2027,2026 Buick BUCK ENVSN S,Automobile,BUCK ENVSN S,LRBFZPR40TD034434,,"$46,428.13 ",$0.00 ,"$46,428.13 ",3/26/2026,$0.00 ,$0.00 ,"$46,428.13 ","$46,428.13 ",$0.00 ,$0.00 ,$0.00 ,$0.00 ,$0.00 ,$38.44 ,$0.00 ,$0.00 ,$0.00 ,$38.44 ,$38.44 ,"$8,986.09 "
"3535 West Loop 820 South  Fort Worth, TX 76116",Buick,Auto - Buick Plant - New - E,3/30/2026,34458,3/30/2026,10/30/2027,2026 Buick BUCK ENVSN S,Automobile,BUCK ENVSN S,LRBFZPR43TD034458,,"$45,873.13 ",$0.00 ,"$45,873.13 ",3/30/2026,$0.00 ,$0.00 ,"$45,873.13 ","$45,873.13 ",$0.00 ,$0.00 ,$0.00 ,$0.00 ,$0.00 ,$12.66 ,$0.00 ,$0.00 ,$0.00 ,$12.66 ,$12.66 ,"$2,959.56 "
"3535 West Loop 820 South  Fort Worth, TX 76116",Buick,Auto - Buick Plant - New - E,3/26/2026,34508,3/26/2026,10/26/2027,2026 Buick BUCK ENVSN S,Automobile,BUCK ENVSN S,LRBFZPR43TD034508,,"$45,873.13 ",$0.00 ,"$45,873.13 ",3/26/2026,$0.00 ,$0.00 ,"$45,873.13 ","$45,873.13 ",$0.00 ,$0.00 ,$0.00 ,$0.00 ,$0.00 ,$37.98 ,$0.00 ,$0.00 ,$0.00 ,$37.98 ,$37.98 ,"$8,878.67 "
"3535 West Loop 820 South  Fort Worth, TX 76116",Buick,Auto - Buick Plant - New - E,7/21/2025,34554,7/21/2025,2/21/2027,2026 Buick BUCK ENCOR G,Automobile,BUCK ENCOR G,KL4AMDSLXTB034554,B35056,"$29,648.45 ","$29,648.45 ",$0.00 ,,$0.00 ,$0.00 ,$0.00 ,"$29,648.45 ",$0.00 ,$0.00 ,$0.00 ,$0.00 ,$0.00 ,$126.83 ,$0.00 ,$0.00 ,$0.00 ,$126.83 ,"$1,104.13 ","$29,648.45 "
"3535 West Loop 820 South  Fort Worth, TX 76116",Buick,Auto - Buick Plant - New - E,3/26/2026,34696,3/26/2026,10/26/2027,2026 Buick BUCK ENVSN S,Automobile,BUCK ENVSN S,LRBFZPR48TD034696,,"$46,428.13 ",$0.00 ,"$46,428.13 ",3/26/2026,$0.00 ,$0.00 ,"$46,428.13 ","$46,428.13 ",$0.00 ,$0.00 ,$0.00 ,$0.00 ,$0.00 ,$38.44 ,$0.00 ,$0.00 ,$0.00 ,$38.44 ,$38.44 ,"$8,986.09 "
"3535 West Loop 820 South  Fort Worth, TX 76116",Buick,Auto - Buick Plant - New - E,3/26/2026,34708,3/26/2026,10/26/2027,2026 Buick BUCK ENVSN S,Automobile,BUCK ENVSN S,LRBFZPR40TD034708,,"$45,873.13 ",$0.00 ,"$45,873.13 ",3/26/2026,$0.00 ,$0.00 ,"$45,873.13 ","$45,873.13 ",$0.00 ,$0.00 ,$0.00 ,$0.00 ,$0.00 ,$37.98 ,$0.00 ,$0.00 ,$0.00 ,$37.98 ,$37.98 ,"$8,878.67 "
"3535 West Loop 820 South  Fort Worth, TX 76116",Buick,Auto - Buick Plant - New - E,3/30/2026,34712,3/30/2026,10/30/2027,2026 Buick BUCK ENVSN S,Automobile,BUCK ENVSN S,LRBFZPR42TD034712,,"$46,428.13 ",$0.00 ,"$46,428.13 ",3/30/2026,$0.00 ,$0.00 ,"$46,428.13 ","$46,428.13 ",$0.00 ,$0.00 ,$0.00 ,$0.00 ,$0.00 ,$12.81 ,$0.00 ,$0.00 ,$0.00 ,$12.81 ,$12.81 ,"$2,995.36 "
"3535 West Loop 820 South  Fort Worth, TX 76116",Buick,Auto - Buick Plant - New - E,3/30/2026,34737,3/30/2026,10/30/2027,2026 Buick BUCK ENVSN S,Automobile,BUCK ENVSN S,LRBFZPR47TD034737,,"$45,873.13 ",$0.00 ,"$45,873.13 ",3/30/2026,$0.00 ,$0.00 ,"$45,873.13 ","$45,873.13 ",$0.00 ,$0.00 ,$0.00 ,$0.00 ,$0.00 ,$12.66 ,$0.00 ,$0.00 ,$0.00 ,$12.66 ,$12.66 ,"$2,959.56 "
"3535 West Loop 820 South  Fort Worth, TX 76116",Buick,Auto - Buick Plant - New - E,3/30/2026,34780,3/30/2026,10/30/2027,2026 Buick BUCK ENVSN S,Automobile,BUCK ENVSN S,LRBFZPR48TD034780,,"$45,873.13 ",$0.00 ,"$45,873.13 ",3/30/2026,$0.00 ,$0.00 ,"$45,873.13 ","$45,873.13 ",$0.00 ,$0.00 ,$0.00 ,$0.00 ,$0.00 ,$12.66 ,$0.00 ,$0.00 ,$0.00 ,$12.66 ,$12.66 ,"$2,959.56 "
"3535 West Loop 820 South  Fort Worth, TX 76116",Buick,Auto - Buick Plant - New - E,3/30/2026,34863,3/30/2026,10/30/2027,2026 Buick BUCK ENVSN S,Automobile,BUCK ENVSN S,LRBFZPR41TD034863,,"$45,873.13 ",$0.00 ,"$45,873.13 ",3/30/2026,$0.00 ,$0.00 ,"$45,873.13 ","$45,873.13 ",$0.00 ,$0.00 ,$0.00 ,$0.00 ,$0.00 ,$12.66 ,$0.00 ,$0.00 ,$0.00 ,$12.66 ,$12.66 ,"$2,959.56 "
"3535 West Loop 820 South  Fort Worth, TX 76116",Buick,Auto - Buick Plant - New - E,3/26/2026,35120,3/26/2026,10/26/2027,2026 Buick BUCK ENVSN S,Automobile,BUCK ENVSN S,LRBFZPR44TD035120,,"$45,873.13 ",$0.00 ,"$45,873.13 ",3/26/2026,$0.00 ,$0.00 ,"$45,873.13 ","$45,873.13 ",$0.00 ,$0.00 ,$0.00 ,$0.00 ,$0.00 ,$37.98 ,$0.00 ,$0.00 ,$0.00 ,$37.98 ,$37.98 ,"$8,878.67 "
"3535 West Loop 820 South  Fort Worth, TX 76116",Buick,Auto - Buick Plant - New - E,3/30/2026,35366,3/30/2026,10/30/2027,2026 Buick BUCK ENVSN S,Automobile,BUCK ENVSN S,LRBFZPR43TD035366,,"$46,428.13 ",$0.00 ,"$46,428.13 ",3/30/2026,$0.00 ,$0.00 ,"$46,428.13 ","$46,428.13 ",$0.00 ,$0.00 ,$0.00 ,$0.00 ,$0.00 ,$12.81 ,$0.00 ,$0.00 ,$0.00 ,$12.81 ,$12.81 ,"$2,995.36 "
"3535 West Loop 820 South  Fort Worth, TX 76116",Buick,Auto - Buick Plant - New - E,3/26/2026,35584,3/26/2026,10/26/2027,2026 Buick BUCK ENVSN S,Automobile,BUCK ENVSN S,LRBFZPR42TD035584,,"$45,873.13 ",$0.00 ,"$45,873.13 ",3/26/2026,$0.00 ,$0.00 ,"$45,873.13 ","$45,873.13 ",$0.00 ,$0.00 ,$0.00 ,$0.00 ,$0.00 ,$37.98 ,$0.00 ,$0.00 ,$0.00 ,$37.98 ,$37.98 ,"$8,878.67 "
"3535 West Loop 820 South  Fort Worth, TX 76116",Buick,Auto - Buick Plant - New - E,2/17/2026,40911,2/17/2026,9/17/2027,2026 Buick ENCORE,Automobile,ENCORE,KL4AMBSLXTB040911,B36280,"$29,150.00 ","$29,150.00 ",$0.00 ,,"($29,150.00)",$0.00 ,"($29,150.00)",$0.00 ,$0.00 ,$0.00 ,$0.00 ,$0.00 ,$0.00 ,$12.07 ,$0.00 ,$0.00 ,$0.00 ,$12.07 ,$60.37 ,"$2,820.97 "
"3535 West Loop 820 South  Fort Worth, TX 76116",Buick,Auto - Buick Plant - New - E,2/17/2026,51589,2/17/2026,9/17/2027,2026 Buick ENCORE,Automobile,ENCORE,KL4AMBSL9TB051589,B36279,"$29,518.00 ","$29,518.00 ",$0.00 ,,$0.00 ,$0.00 ,$0.00 ,"$29,518.00 ",$0.00 ,$0.00 ,$0.00 ,$0.00 ,$0.00 ,$126.28 ,$0.00 ,$0.00 ,$0.00 ,$126.28 ,$175.19 ,"$29,518.00 "
"3535 West Loop 820 South  Fort Worth, TX 76116",Buick,Auto - Buick Plant - New - E,8/25/2025,51953,8/25/2025,3/25/2027,2026 Buick BUCK ENVIST,Automobile,BUCK ENVIST,KL47LBEPXTB051953,B35282,"$28,390.10 ","$28,390.10 ",$0.00 ,,$0.00 ,$0.00 ,$0.00 ,"$28,390.10 ",$0.00 ,$0.00 ,$0.00 ,$0.00 ,$0.00 ,$121.45 ,$0.00 ,$0.00 ,$0.00 ,$121.45 ,$901.45 ,"$28,390.10 "
"3535 West Loop 820 South  Fort Worth, TX 76116",Buick,Auto - Buick Plant - New - E,2/17/2026,53463,2/17/2026,9/17/2027,2026 Buick ENCORE,Automobile,ENCORE,KL4AMBSL8TB053463,B36278,"$29,518.00 ","$29,518.00 ",$0.00 ,,$0.00 ,$0.00 ,$0.00 ,"$29,518.00 ",$0.00 ,$0.00 ,$0.00 ,$0.00 ,$0.00 ,$126.28 ,$0.00 ,$0.00 ,$0.00 ,$126.28 ,$175.19 ,"$29,518.00 "
"3535 West Loop 820 South  Fort Worth, TX 76116",Buick,Auto - Buick Plant - New - E,9/25/2025,60718,9/25/2025,4/25/2027,2026 Buick BUCK ENCOR G,Automobile,BUCK ENCOR G,KL4AMDSL1TB060718,B35494,"$28,859.55 ","$28,859.55 ",$0.00 ,,"($28,859.55)",$0.00 ,"($28,859.55)",$0.00 ,$0.00 ,$0.00 ,$0.00 ,$0.00 ,$0.00 ,$91.60 ,$0.00 ,$0.00 ,$0.00 ,$91.60 ,$745.36 ,"$21,411.92 "
"3535 West Loop 820 South  Fort Worth, TX 76116",Buick,Auto - Buick Plant - New - E,10/3/2025,63551,10/3/2025,5/3/2027,2026 Buick BUCK ENVIST,Automobile,BUCK ENVIST,KL47LBEP6TB063551,B35520,"$29,496.80 ","$29,496.80 ",$0.00 ,,$0.00 ,$0.00 ,$0.00 ,"$29,496.80 ",$0.00 ,$0.00 ,$0.00 ,$0.00 ,$0.00 ,$126.18 ,$0.00 ,$0.00 ,$0.00 ,$126.18 ,$758.05 ,"$29,496.80 "
"3535 West Loop 820 South  Fort Worth, TX 76116",Buick,Auto - Buick Plant - New - E,10/3/2025,63742,10/3/2025,5/3/2027,2026 Buick BUCK ENVIST,Automobile,BUCK ENVIST,KL47LBEP2TB063742,B35522,"$29,496.80 ","$29,496.80 ",$0.00 ,,"($29,496.80)",$0.00 ,"($29,496.80)",$0.00 ,$0.00 ,$0.00 ,$0.00 ,$0.00 ,$0.00 ,$93.62 ,$0.00 ,$0.00 ,$0.00 ,$93.62 ,$725.49 ,"$21,884.72 "
"3535 West Loop 820 South  Fort Worth, TX 76116",Buick,Auto - Buick Plant - New - E,2/17/2026,68648,2/17/2026,9/17/2027,2026 Buick ENVISTA,Automobile,ENVISTA,KL47LAEPXTB068648,B36263,"$26,925.61 ","$26,925.61 ",$0.00 ,,$0.00 ,$0.00 ,$0.00 ,"$26,925.61 ",$0.00 ,$0.00 ,$0.00 ,$0.00 ,$0.00 ,$115.19 ,$0.00 ,$0.00 ,$0.00 ,$115.19 ,$159.81 ,"$26,925.61 "
"3535 West Loop 820 South  Fort Worth, TX 76116",Buick,Auto - Buick Plant - New - E,2/17/2026,68701,2/17/2026,9/17/2027,2026 Buick ENVISTA,Automobile,ENVISTA,KL47LAEPXTB068701,B36264,"$26,378.20 ","$26,378.20 ",$0.00 ,,"($26,378.20)",$0.00 ,"($26,378.20)",$0.00 ,$0.00 ,$0.00 ,$0.00 ,$0.00 ,$0.00 ,$29.12 ,$0.00 ,$0.00 ,$0.00 ,$29.12 ,$72.83 ,"$6,807.28 "
"3535 West Loop 820 South  Fort Worth, TX 76116",Buick,Auto - Buick Plant - New - E,11/13/2025,81642,11/13/2025,6/13/2027,2026 Buick BUCK ENVIST,Automobile,BUCK ENVIST,KL47LAEP8TB081642,,"$27,560.45 ","$27,560.45 ",$0.00 ,,$0.00 ,$0.00 ,$0.00 ,"$27,560.45 ",$0.00 ,$0.00 ,$0.00 ,$0.00 ,$0.00 ,$117.90 ,$0.00 ,$0.00 ,$0.00 ,$117.90 ,$538.84 ,"$27,560.45 "
"3535 West Loop 820 South  Fort Worth, TX 76116",Buick,Auto - Buick Plant - New - E,2/17/2026,82007,2/17/2026,9/17/2027,2026 Buick ENVISTA,Automobile,ENVISTA,KL47LCEP4TB082007,B36274,"$31,531.58 ","$31,531.58 ",$0.00 ,,"($31,531.58)",$0.00 ,"($31,531.58)",$0.00 ,$0.00 ,$0.00 ,$0.00 ,$0.00 ,$0.00 ,$43.51 ,$0.00 ,$0.00 ,$0.00 ,$43.51 ,$95.76 ,"$10,171.48 "
"3535 West Loop 820 South  Fort Worth, TX 76116",Buick,Auto - Buick Plant - New - E,2/17/2026,83784,2/17/2026,9/17/2027,2026 Buick ENCORE,Automobile,ENCORE,KL4AMESL0TB083784,B36285,"$32,521.20 ","$32,521.20 ",$0.00 ,,"($32,521.20)",$0.00 ,"($32,521.20)",$0.00 ,$0.00 ,$0.00 ,$0.00 ,$0.00 ,$0.00 ,$134.63 ,$0.00 ,$0.00 ,$0.00 ,$134.63 ,$188.52 ,"$31,472.13 "
"3535 West Loop 820 South  Fort Worth, TX 76116",Buick,Auto - Buick Plant - New - E,2/17/2026,86459,2/17/2026,9/17/2027,2026 Buick ENCORE,Automobile,ENCORE,KL4AMBSL6TB086459,B36277,"$29,518.00 ","$29,518.00 ",$0.00 ,,$0.00 ,$0.00 ,$0.00 ,"$29,518.00 ",$0.00 ,$0.00 ,$0.00 ,$0.00 ,$0.00 ,$126.28 ,$0.00 ,$0.00 ,$0.00 ,$126.28 ,$175.19 ,"$29,518.00 "
"3535 West Loop 820 South  Fort Worth, TX 76116",Buick,Auto - Buick Plant - New - E,2/17/2026,86529,2/17/2026,9/17/2027,2026 Buick ENCORE,Automobile,ENCORE,KL4AMBSL1TB086529,B36275,"$29,518.00 ","$29,518.00 ",$0.00 ,,"($29,518.00)",$0.00 ,"($29,518.00)",$0.00 ,$0.00 ,$0.00 ,$0.00 ,$0.00 ,$0.00 ,$65.18 ,$0.00 ,$0.00 ,$0.00 ,$65.18 ,$114.09 ,"$15,235.10 "
"3535 West Loop 820 South  Fort Worth, TX 76116",Buick,Auto - Buick Plant - New - E,2/17/2026,86707,2/17/2026,9/17/2027,2026 Buick ENCORE,Automobile,ENCORE,KL4AMBSLXTB086707,B36281,"$29,518.00 ","$29,518.00 ",$0.00 ,,"($29,518.00)",$0.00 ,"($29,518.00)",$0.00 ,$0.00 ,$0.00 ,$0.00 ,$0.00 ,$0.00 ,$65.18 ,$0.00 ,$0.00 ,$0.00 ,$65.18 ,$114.09 ,"$15,235.10 "
"3535 West Loop 820 South  Fort Worth, TX 76116",Buick,Auto - Buick Plant - New - E,2/17/2026,88010,2/17/2026,9/17/2027,2026 Buick ENVISTA,Automobile,ENVISTA,KL47LCEP1TB088010,B36273,"$32,404.20 ","$32,404.20 ",$0.00 ,,$0.00 ,$0.00 ,$0.00 ,"$32,404.20 ",$0.00 ,$0.00 ,$0.00 ,$0.00 ,$0.00 ,$138.62 ,$0.00 ,$0.00 ,$0.00 ,$138.62 ,$192.32 ,"$32,404.20 "
"3535 West Loop 820 South  Fort Worth, TX 76116",Buick,Auto - Buick Plant - New - E,2/17/2026,89144,2/17/2026,9/17/2027,2026 Buick ENCORE,Automobile,ENCORE,KL4AMFSL8TB089144,B36286,"$22,964.20 ","$22,964.20 ",$0.00 ,,"($22,964.20)",$0.00 ,"($22,964.20)",$0.00 ,$0.00 ,$0.00 ,$0.00 ,$0.00 ,$0.00 ,$9.51 ,$0.00 ,$0.00 ,$0.00 ,$9.51 ,$47.56 ,"$2,222.34 "
"3535 West Loop 820 South  Fort Worth, TX 76116",Buick,Auto - Buick Plant - New - E,12/1/2025,93464,12/1/2025,7/1/2027,2026 Buick BUCK ENVIST,Automobile,BUCK ENVIST,KL47LAEP4TB093464,,"$27,427.03 ","$27,427.03 ",$0.00 ,,$0.00 ,$0.00 ,$0.00 ,"$27,427.03 ",$0.00 ,$0.00 ,$0.00 ,$0.00 ,$0.00 ,$117.33 ,$0.00 ,$0.00 ,$0.00 ,$117.33 ,$463.78 ,"$27,427.03 "
"3535 West Loop 820 South  Fort Worth, TX 76116",Buick,Auto - Buick Plant - New - E,1/2/2026,102154,1/2/2026,8/2/2027,2026 Buick BUCK ENVIST,Automobile,BUCK ENVIST,KL47LAEP3TB102154,,"$27,467.05 ","$27,467.05 ",$0.00 ,,$0.00 ,$0.00 ,$0.00 ,"$27,467.05 ",$0.00 ,$0.00 ,$0.00 ,$0.00 ,$0.00 ,$117.50 ,$0.00 ,$0.00 ,$0.00 ,$117.50 ,$338.15 ,"$27,467.05 "
"3535 West Loop 820 South  Fort Worth, TX 76116",Buick,Auto - Buick Plant - New - E,2/17/2026,102572,2/17/2026,9/17/2027,2026 Buick ENVISTA,Automobile,ENVISTA,KL47LBEP2TB102572,B36268,"$30,438.81 ","$30,438.81 ",$0.00 ,,"($30,438.81)",$0.00 ,"($30,438.81)",$0.00 ,$0.00 ,$0.00 ,$0.00 ,$0.00 ,$0.00 ,$12.60 ,$0.00 ,$0.00 ,$0.00 ,$12.60 ,$63.04 ,"$2,945.69 "
"3535 West Loop 820 South  Fort Worth, TX 76116",Buick,Auto - Buick Plant - New - E,12/31/2025,104485,12/31/2025,7/31/2027,2026 Buick BUCK ENVIST,Automobile,BUCK ENVIST,KL47LAEP3TB104485,,"$27,924.93 ","$27,924.93 ",$0.00 ,,$0.00 ,$0.00 ,$0.00 ,"$27,924.93 ",$0.00 ,$0.00 ,$0.00 ,$0.00 ,$0.00 ,$119.46 ,$0.00 ,$0.00 ,$0.00 ,$119.46 ,$351.82 ,"$27,924.93 "
"3535 West Loop 820 South  Fort Worth, TX 76116",Buick,Auto - Buick Plant - New - E,9/23/2024,106039,9/23/2024,4/23/2026,2025 Buick BUCK ENCLV E,Automobile,BUCK ENCLV E,5GAERBRS4SJ106039,,"$54,687.80 ","$27,343.90 ",$0.00 ,,"($5,468.78)",$0.00 ,"($5,468.78)","$21,875.12 ",$0.00 ,$0.00 ,"$21,875.12 ",$0.00 ,"$21,875.12 ",$101.13 ,$0.00 ,$0.00 ,$0.00 ,$101.13 ,"$4,230.63 ","$23,639.24 "
"3535 West Loop 820 South  Fort Worth, TX 76116",Buick,Auto - Buick Plant - New - E,1/8/2026,106494,1/8/2026,8/8/2027,2026 Buick BUCK ENVIST,Automobile,BUCK ENVIST,KL47LAEP3TB106494,,"$27,924.93 ","$27,924.93 ",$0.00 ,,$0.00 ,$0.00 ,$0.00 ,"$27,924.93 ",$0.00 ,$0.00 ,$0.00 ,$0.00 ,$0.00 ,$119.46 ,$0.00 ,$0.00 ,$0.00 ,$119.46 ,$320.53 ,"$27,924.93 "
"3535 West Loop 820 South  Fort Worth, TX 76116",Buick,Auto - Buick Plant - New - E,1/14/2026,109029,1/14/2026,8/14/2027,2026 Buick BUCK ENVIST,Automobile,BUCK ENVIST,KL47LAEP2TB109029,,"$27,924.93 ","$27,924.93 ",$0.00 ,,$0.00 ,$0.00 ,$0.00 ,"$27,924.93 ",$0.00 ,$0.00 ,$0.00 ,$0.00 ,$0.00 ,$119.46 ,$0.00 ,$0.00 ,$0.00 ,$119.46 ,$297.27 ,"$27,924.93 "
"3535 West Loop 820 South  Fort Worth, TX 76116",Buick,Auto - Buick Plant - New - E,2/17/2026,109357,2/17/2026,9/17/2027,2026 Buick ENVISTA,Automobile,ENVISTA,KL47LBEP0TB109357,B36265,"$30,438.81 ","$30,438.81 ",$0.00 ,,$0.00 ,$0.00 ,$0.00 ,"$30,438.81 ",$0.00 ,$0.00 ,$0.00 ,$0.00 ,$0.00 ,$130.21 ,$0.00 ,$0.00 ,$0.00 ,$130.21 ,$180.65 ,"$30,438.81 "
"3535 West Loop 820 South  Fort Worth, TX 76116",Buick,Auto - Buick Plant - New - E,2/17/2026,109942,2/17/2026,9/17/2027,2026 Buick ENVISTA,Automobile,ENVISTA,KL47LBEP0TB109942,B36266,"$29,891.40 ","$29,891.40 ",$0.00 ,,"($29,891.40)",$0.00 ,"($29,891.40)",$0.00 ,$0.00 ,$0.00 ,$0.00 ,$0.00 ,$0.00 ,$103.12 ,$0.00 ,$0.00 ,$0.00 ,$103.12 ,$152.65 ,"$24,105.97 "
"3535 West Loop 820 South  Fort Worth, TX 76116",Buick,Auto - Buick Plant - New - E,2/17/2026,110488,2/17/2026,9/17/2027,2026 Buick ENVISTA,Automobile,ENVISTA,KL47LBEP9TB110488,B36271,"$29,436.01 ","$29,436.01 ",$0.00 ,,"($29,436.01)",$0.00 ,"($29,436.01)",$0.00 ,$0.00 ,$0.00 ,$0.00 ,$0.00 ,$0.00 ,$64.99 ,$0.00 ,$0.00 ,$0.00 ,$64.99 ,$113.77 ,"$15,192.78 "
"3535 West Loop 820 South  Fort Worth, TX 76116",Buick,Auto - Buick Plant - New - E,1/12/2026,110719,1/12/2026,8/12/2027,2026 Buick BUCK ENVIST,Automobile,BUCK ENVIST,KL47LAEPXTB110719,,"$27,924.93 ","$27,924.93 ",$0.00 ,,$0.00 ,$0.00 ,$0.00 ,"$27,924.93 ",$0.00 ,$0.00 ,$0.00 ,$0.00 ,$0.00 ,$119.46 ,$0.00 ,$0.00 ,$0.00 ,$119.46 ,$305.02 ,"$27,924.93 "
"3535 West Loop 820 South  Fort Worth, TX 76116",Buick,Auto - Buick Plant - New - E,2/17/2026,110824,2/17/2026,9/17/2027,2026 Buick ENVISTA,Automobile,ENVISTA,KL47LBEPXTB110824,B36272,"$30,438.81 ","$30,438.81 ",$0.00 ,,$0.00 ,$0.00 ,$0.00 ,"$30,438.81 ",$0.00 ,$0.00 ,$0.00 ,$0.00 ,$0.00 ,$130.21 ,$0.00 ,$0.00 ,$0.00 ,$130.21 ,$180.65 ,"$30,438.81 "
"3535 West Loop 820 South  Fort Worth, TX 76116",Buick,Auto - Buick Plant - New - E,2/17/2026,113071,2/17/2026,9/17/2027,2026 Buick ENVISTA,Automobile,ENVISTA,KL47LBEP2TB113071,B36269,"$29,891.40 ","$29,891.40 ",$0.00 ,,$0.00 ,$0.00 ,$0.00 ,"$29,891.40 ",$0.00 ,$0.00 ,$0.00 ,$0.00 ,$0.00 ,$127.87 ,$0.00 ,$0.00 ,$0.00 ,$127.87 ,$177.40 ,"$29,891.40 "
"3535 West Loop 820 South  Fort Worth, TX 76116",Buick,Auto - Buick Plant - New - E,12/26/2025,113609,12/26/2025,7/26/2027,2026 Buick BUCK ENVIST,Automobile,BUCK ENVIST,KL47LAEP7TB113609,,"$27,467.05 ","$27,467.05 ",$0.00 ,,$0.00 ,$0.00 ,$0.00 ,"$27,467.05 ",$0.00 ,$0.00 ,$0.00 ,$0.00 ,$0.00 ,$117.50 ,$0.00 ,$0.00 ,$0.00 ,$117.50 ,$365.78 ,"$27,467.05 "
"3535 West Loop 820 South  Fort Worth, TX 76116",Buick,Auto - Buick Plant - New - E,2/6/2026,115132,2/6/2026,9/6/2027,2026 Buick BUCK ENVIST,Automobile,BUCK ENVIST,KL47LAEP3TB115132,,"$27,924.93 ","$27,924.93 ",$0.00 ,,$0.00 ,$0.00 ,$0.00 ,"$27,924.93 ",$0.00 ,$0.00 ,$0.00 ,$0.00 ,$0.00 ,$119.46 ,$0.00 ,$0.00 ,$0.00 ,$119.46 ,$208.15 ,"$27,924.93 "
"3535 West Loop 820 South  Fort Worth, TX 76116",Buick,Auto - Buick Plant - New - E,2/6/2026,115137,2/6/2026,9/6/2027,2026 Buick BUCK ENVIST,Automobile,BUCK ENVIST,KL47LAEP2TB115137,,"$27,924.93 ","$27,924.93 ",$0.00 ,,$0.00 ,$0.00 ,$0.00 ,"$27,924.93 ",$0.00 ,$0.00 ,$0.00 ,$0.00 ,$0.00 ,$119.46 ,$0.00 ,$0.00 ,$0.00 ,$119.46 ,$208.15 ,"$27,924.93 "
"3535 West Loop 820 South  Fort Worth, TX 76116",Buick,Auto - Buick Plant - New - E,2/6/2026,115138,2/6/2026,9/6/2027,2026 Buick BUCK ENVIST,Automobile,BUCK ENVIST,KL47LAEP4TB115138,,"$27,924.93 ","$27,924.93 ",$0.00 ,,$0.00 ,$0.00 ,$0.00 ,"$27,924.93 ",$0.00 ,$0.00 ,$0.00 ,$0.00 ,$0.00 ,$119.46 ,$0.00 ,$0.00 ,$0.00 ,$119.46 ,$208.15 ,"$27,924.93 "
"3535 West Loop 820 South  Fort Worth, TX 76116",Buick,Auto - Buick Plant - New - E,12/26/2025,116510,12/26/2025,7/26/2027,2026 Buick BUCK ENVIST,Automobile,BUCK ENVIST,KL47LAEP3TB116510,,"$27,924.93 ","$27,924.93 ",$0.00 ,,$0.00 ,$0.00 ,$0.00 ,"$27,924.93 ",$0.00 ,$0.00 ,$0.00 ,$0.00 ,$0.00 ,$119.46 ,$0.00 ,$0.00 ,$0.00 ,$119.46 ,$371.88 ,"$27,924.93 "
"3535 West Loop 820 South  Fort Worth, TX 76116",Buick,Auto - Buick Plant - New - E,12/26/2025,116521,12/26/2025,7/26/2027,2026 Buick BUCK ENVIST,Automobile,BUCK ENVIST,KL47LAEP8TB116521,,"$27,924.93 ","$27,924.93 ",$0.00 ,,$0.00 ,$0.00 ,$0.00 ,"$27,924.93 ",$0.00 ,$0.00 ,$0.00 ,$0.00 ,$0.00 ,$119.46 ,$0.00 ,$0.00 ,$0.00 ,$119.46 ,$371.88 ,"$27,924.93 "
"3535 West Loop 820 South  Fort Worth, TX 76116",Buick,Auto - Buick Plant - New - E,12/26/2025,116571,12/26/2025,7/26/2027,2026 Buick BUCK ENVIST,Automobile,BUCK ENVIST,KL47LAEP1TB116571,,"$27,924.93 ","$27,924.93 ",$0.00 ,,$0.00 ,$0.00 ,$0.00 ,"$27,924.93 ",$0.00 ,$0.00 ,$0.00 ,$0.00 ,$0.00 ,$119.46 ,$0.00 ,$0.00 ,$0.00 ,$119.46 ,$371.88 ,"$27,924.93 "
"3535 West Loop 820 South  Fort Worth, TX 76116",Buick,Auto - Buick Plant - New - E,12/26/2025,117215,12/26/2025,7/26/2027,2026 Buick BUCK ENVIST,Automobile,BUCK ENVIST,KL47LAEP6TB117215,,"$27,467.05 ","$27,467.05 ",$0.00 ,,$0.00 ,$0.00 ,$0.00 ,"$27,467.05 ",$0.00 ,$0.00 ,$0.00 ,$0.00 ,$0.00 ,$117.50 ,$0.00 ,$0.00 ,$0.00 ,$117.50 ,$365.78 ,"$27,467.05 "
"3535 West Loop 820 South  Fort Worth, TX 76116",Buick,Auto - Buick Plant - New - E,12/26/2025,117232,12/26/2025,7/26/2027,2026 Buick BUCK ENVIST,Automobile,BUCK ENVIST,KL47LAEP6TB117232,,"$27,467.05 ","$27,467.05 ",$0.00 ,,$0.00 ,$0.00 ,$0.00 ,"$27,467.05 ",$0.00 ,$0.00 ,$0.00 ,$0.00 ,$0.00 ,$117.50 ,$0.00 ,$0.00 ,$0.00 ,$117.50 ,$365.78 ,"$27,467.05 "
"3535 West Loop 820 South  Fort Worth, TX 76116",Buick,Auto - Buick Plant - New - E,2/17/2026,119872,2/17/2026,9/17/2027,2026 Buick ENVISTA,Automobile,ENVISTA,KL47LBEP0TB119872,B36267,"$29,160.01 ","$29,160.01 ",$0.00 ,,$0.00 ,$0.00 ,$0.00 ,"$29,160.01 ",$0.00 ,$0.00 ,$0.00 ,$0.00 ,$0.00 ,$124.75 ,$0.00 ,$0.00 ,$0.00 ,$124.75 ,$173.07 ,"$29,160.01 "
"3535 West Loop 820 South  Fort Worth, TX 76116",Buick,Auto - Buick Plant - New - E,2/17/2026,119887,2/17/2026,9/17/2027,2026 Buick ENVISTA,Automobile,ENVISTA,KL47LBEP2TB119887,B36270,"$29,615.40 ","$29,615.40 ",$0.00 ,,$0.00 ,$0.00 ,$0.00 ,"$29,615.40 ",$0.00 ,$0.00 ,$0.00 ,$0.00 ,$0.00 ,$126.69 ,$0.00 ,$0.00 ,$0.00 ,$126.69 ,$175.77 ,"$29,615.40 "
"3535 West Loop 820 South  Fort Worth, TX 76116",Buick,Auto - Buick Plant - New - E,2/6/2026,120667,2/6/2026,9/6/2027,2026 Buick BUCK ENVIST,Automobile,BUCK ENVIST,KL47LAEP1TB120667,,"$28,475.30 ","$28,475.30 ",$0.00 ,,$0.00 ,$0.00 ,$0.00 ,"$28,475.30 ",$0.00 ,$0.00 ,$0.00 ,$0.00 ,$0.00 ,$121.81 ,$0.00 ,$0.00 ,$0.00 ,$121.81 ,$212.25 ,"$28,475.30 "
"3535 West Loop 820 South  Fort Worth, TX 76116",Buick,Auto - Buick Plant - New - E,2/4/2026,120705,2/4/2026,9/4/2027,2026 Buick BUCK ENVIST,Automobile,BUCK ENVIST,KL47LAEP5TB120705,,"$28,475.30 ","$28,475.30 ",$0.00 ,,$0.00 ,$0.00 ,$0.00 ,"$28,475.30 ",$0.00 ,$0.00 ,$0.00 ,$0.00 ,$0.00 ,$121.81 ,$0.00 ,$0.00 ,$0.00 ,$121.81 ,$220.12 ,"$28,475.30 "
"3535 West Loop 820 South  Fort Worth, TX 76116",Buick,Auto - Buick Plant - New - E,2/6/2026,120719,2/6/2026,9/6/2027,2026 Buick BUCK ENVIST,Automobile,BUCK ENVIST,KL47LAEP5TB120719,,"$28,475.30 ","$28,475.30 ",$0.00 ,,$0.00 ,$0.00 ,$0.00 ,"$28,475.30 ",$0.00 ,$0.00 ,$0.00 ,$0.00 ,$0.00 ,$121.81 ,$0.00 ,$0.00 ,$0.00 ,$121.81 ,$212.25 ,"$28,475.30 "
"3535 West Loop 820 South  Fort Worth, TX 76116",Buick,Auto - Buick Plant - New - E,1/30/2026,120749,1/30/2026,8/30/2027,2026 Buick BUCK ENVIST,Automobile,BUCK ENVIST,KL47LAEP3TB120749,,"$28,475.30 ","$28,475.30 ",$0.00 ,,$0.00 ,$0.00 ,$0.00 ,"$28,475.30 ",$0.00 ,$0.00 ,$0.00 ,$0.00 ,$0.00 ,$121.81 ,$0.00 ,$0.00 ,$0.00 ,$121.81 ,$239.84 ,"$28,475.30 "
"3535 West Loop 820 South  Fort Worth, TX 76116",Buick,Auto - Buick Plant - New - E,1/30/2026,120756,1/30/2026,8/30/2027,2026 Buick BUCK ENVIST,Automobile,BUCK ENVIST,KL47LAEP0TB120756,,"$28,475.30 ","$28,475.30 ",$0.00 ,,$0.00 ,$0.00 ,$0.00 ,"$28,475.30 ",$0.00 ,$0.00 ,$0.00 ,$0.00 ,$0.00 ,$121.81 ,$0.00 ,$0.00 ,$0.00 ,$121.81 ,$239.84 ,"$28,475.30 "
"3535 West Loop 820 South  Fort Worth, TX 76116",Buick,Auto - Buick Plant - New - E,2/4/2026,120757,2/4/2026,9/4/2027,2026 Buick BUCK ENVIST,Automobile,BUCK ENVIST,KL47LAEP2TB120757,,"$28,475.30 ","$28,475.30 ",$0.00 ,,$0.00 ,$0.00 ,$0.00 ,"$28,475.30 ",$0.00 ,$0.00 ,$0.00 ,$0.00 ,$0.00 ,$121.81 ,$0.00 ,$0.00 ,$0.00 ,$121.81 ,$220.12 ,"$28,475.30 "
"3535 West Loop 820 South  Fort Worth, TX 76116",Buick,Auto - Buick Plant - New - E,1/30/2026,121091,1/30/2026,8/30/2027,2026 Buick BUCK ENVIST,Automobile,BUCK ENVIST,KL47LAEP1TB121091,,"$28,475.30 ","$28,475.30 ",$0.00 ,,$0.00 ,$0.00 ,$0.00 ,"$28,475.30 ",$0.00 ,$0.00 ,$0.00 ,$0.00 ,$0.00 ,$121.81 ,$0.00 ,$0.00 ,$0.00 ,$121.81 ,$239.84 ,"$28,475.30 "
"3535 West Loop 820 South  Fort Worth, TX 76116",Buick,Auto - Buick Plant - New - E,2/4/2026,121098,2/4/2026,9/4/2027,2026 Buick BUCK ENVIST,Automobile,BUCK ENVIST,KL47LAEP4TB121098,,"$28,475.30 ","$28,475.30 ",$0.00 ,,$0.00 ,$0.00 ,$0.00 ,"$28,475.30 ",$0.00 ,$0.00 ,$0.00 ,$0.00 ,$0.00 ,$121.81 ,$0.00 ,$0.00 ,$0.00 ,$121.81 ,$220.12 ,"$28,475.30 "
"3535 West Loop 820 South  Fort Worth, TX 76116",Buick,Auto - Buick Plant - New - E,1/30/2026,121143,1/30/2026,8/30/2027,2026 Buick BUCK ENVIST,Automobile,BUCK ENVIST,KL47LAEP5TB121143,,"$28,475.30 ","$28,475.30 ",$0.00 ,,$0.00 ,$0.00 ,$0.00 ,"$28,475.30 ",$0.00 ,$0.00 ,$0.00 ,$0.00 ,$0.00 ,$121.81 ,$0.00 ,$0.00 ,$0.00 ,$121.81 ,$239.84 ,"$28,475.30 "
"3535 West Loop 820 South  Fort Worth, TX 76116",Buick,Auto - Buick Plant - New - E,1/30/2026,121162,1/30/2026,8/30/2027,2026 Buick BUCK ENVIST,Automobile,BUCK ENVIST,KL47LAEP9TB121162,,"$28,475.30 ","$28,475.30 ",$0.00 ,,$0.00 ,$0.00 ,$0.00 ,"$28,475.30 ",$0.00 ,$0.00 ,$0.00 ,$0.00 ,$0.00 ,$121.81 ,$0.00 ,$0.00 ,$0.00 ,$121.81 ,$239.84 ,"$28,475.30 "
"3535 West Loop 820 South  Fort Worth, TX 76116",Buick,Auto - Buick Plant - New - E,2/4/2026,121677,2/4/2026,9/4/2027,2026 Buick BUCK ENVIST,Automobile,BUCK ENVIST,KL47LAEP9TB121677,,"$28,017.43 ","$28,017.43 ",$0.00 ,,$0.00 ,$0.00 ,$0.00 ,"$28,017.43 ",$0.00 ,$0.00 ,$0.00 ,$0.00 ,$0.00 ,$119.86 ,$0.00 ,$0.00 ,$0.00 ,$119.86 ,$216.58 ,"$28,017.43 "
"3535 West Loop 820 South  Fort Worth, TX 76116",Buick,Auto - Buick Plant - New - E,2/4/2026,121691,2/4/2026,9/4/2027,2026 Buick BUCK ENVIST,Automobile,BUCK ENVIST,KL47LAEP3TB121691,,"$28,017.43 ","$28,017.43 ",$0.00 ,,$0.00 ,$0.00 ,$0.00 ,"$28,017.43 ",$0.00 ,$0.00 ,$0.00 ,$0.00 ,$0.00 ,$119.86 ,$0.00 ,$0.00 ,$0.00 ,$119.86 ,$216.58 ,"$28,017.43 "
"3535 West Loop 820 South  Fort Worth, TX 76116",Buick,Auto - Buick Plant - New - E,2/5/2026,121703,2/5/2026,9/5/2027,2026 Buick BUCK ENVIST,Automobile,BUCK ENVIST,KL47LAEP6TB121703,,"$28,017.43 ","$28,017.43 ",$0.00 ,,$0.00 ,$0.00 ,$0.00 ,"$28,017.43 ",$0.00 ,$0.00 ,$0.00 ,$0.00 ,$0.00 ,$119.86 ,$0.00 ,$0.00 ,$0.00 ,$119.86 ,$212.72 ,"$28,017.43 "
"3535 West Loop 820 South  Fort Worth, TX 76116",Buick,Auto - Buick Plant - New - E,2/6/2026,121704,2/6/2026,9/6/2027,2026 Buick BUCK ENVIST,Automobile,BUCK ENVIST,KL47LAEP8TB121704,,"$28,017.43 ","$28,017.43 ",$0.00 ,,$0.00 ,$0.00 ,$0.00 ,"$28,017.43 ",$0.00 ,$0.00 ,$0.00 ,$0.00 ,$0.00 ,$119.86 ,$0.00 ,$0.00 ,$0.00 ,$119.86 ,$208.85 ,"$28,017.43 "
"3535 West Loop 820 South  Fort Worth, TX 76116",Buick,Auto - Buick Plant - New - E,2/6/2026,121710,2/6/2026,9/6/2027,2026 Buick BUCK ENVIST,Automobile,BUCK ENVIST,KL47LAEP3TB121710,,"$28,017.43 ","$28,017.43 ",$0.00 ,,$0.00 ,$0.00 ,$0.00 ,"$28,017.43 ",$0.00 ,$0.00 ,$0.00 ,$0.00 ,$0.00 ,$119.86 ,$0.00 ,$0.00 ,$0.00 ,$119.86 ,$208.85 ,"$28,017.43 "
"3535 West Loop 820 South  Fort Worth, TX 76116",Buick,Auto - Buick Plant - New - E,2/6/2026,121717,2/6/2026,9/6/2027,2026 Buick BUCK ENVIST,Automobile,BUCK ENVIST,KL47LAEP6TB121717,,"$28,017.43 ","$28,017.43 ",$0.00 ,,$0.00 ,$0.00 ,$0.00 ,"$28,017.43 ",$0.00 ,$0.00 ,$0.00 ,$0.00 ,$0.00 ,$119.86 ,$0.00 ,$0.00 ,$0.00 ,$119.86 ,$208.85 ,"$28,017.43 "
"3535 West Loop 820 South  Fort Worth, TX 76116",Buick,Auto - Buick Plant - New - E,2/4/2026,123669,2/4/2026,9/4/2027,2026 Buick BUCK ENVIST,Automobile,BUCK ENVIST,KL47LBEP1TB123669,,"$30,309.18 ","$30,309.18 ",$0.00 ,,$0.00 ,$0.00 ,$0.00 ,"$30,309.18 ",$0.00 ,$0.00 ,$0.00 ,$0.00 ,$0.00 ,$129.66 ,$0.00 ,$0.00 ,$0.00 ,$129.66 ,$234.30 ,"$30,309.18 "
"3535 West Loop 820 South  Fort Worth, TX 76116",Buick,Auto - Buick Plant - New - E,2/5/2026,123755,2/5/2026,9/5/2027,2026 Buick BUCK ENVIST,Automobile,BUCK ENVIST,KL47LBEP5TB123755,,"$30,309.18 ","$30,309.18 ",$0.00 ,,$0.00 ,$0.00 ,$0.00 ,"$30,309.18 ",$0.00 ,$0.00 ,$0.00 ,$0.00 ,$0.00 ,$129.66 ,$0.00 ,$0.00 ,$0.00 ,$129.66 ,$230.11 ,"$30,309.18 "
"3535 West Loop 820 South  Fort Worth, TX 76116",Buick,Auto - Buick Plant - New - E,2/4/2026,123792,2/4/2026,9/4/2027,2026 Buick BUCK ENVIST,Automobile,BUCK ENVIST,KL47LBEP0TB123792,,"$30,309.18 ","$30,309.18 ",$0.00 ,,$0.00 ,$0.00 ,$0.00 ,"$30,309.18 ",$0.00 ,$0.00 ,$0.00 ,$0.00 ,$0.00 ,$129.66 ,$0.00 ,$0.00 ,$0.00 ,$129.66 ,$234.30 ,"$30,309.18 "
"3535 West Loop 820 South  Fort Worth, TX 76116",Buick,Auto - Buick Plant - New - E,1/20/2026,123827,1/20/2026,8/20/2027,2026 Buick BUCK ENVIST,Automobile,BUCK ENVIST,KL47LBEP4TB123827,,"$30,309.18 ","$30,309.18 ",$0.00 ,,$0.00 ,$0.00 ,$0.00 ,"$30,309.18 ",$0.00 ,$0.00 ,$0.00 ,$0.00 ,$0.00 ,$129.66 ,$0.00 ,$0.00 ,$0.00 ,$129.66 ,$297.39 ,"$30,309.18 "
"3535 West Loop 820 South  Fort Worth, TX 76116",Buick,Auto - Buick Plant - New - E,2/4/2026,123837,2/4/2026,9/4/2027,2026 Buick BUCK ENVIST,Automobile,BUCK ENVIST,KL47LBEP7TB123837,,"$30,309.18 ","$30,309.18 ",$0.00 ,,$0.00 ,$0.00 ,$0.00 ,"$30,309.18 ",$0.00 ,$0.00 ,$0.00 ,$0.00 ,$0.00 ,$129.66 ,$0.00 ,$0.00 ,$0.00 ,$129.66 ,$234.30 ,"$30,309.18 "
"3535 West Loop 820 South  Fort Worth, TX 76116",Buick,Auto - Buick Plant - New - E,1/16/2026,126111,1/16/2026,8/16/2027,2026 Buick BUCK ENVIST,Automobile,BUCK ENVIST,KL47LBEP9TB126111,B36177,"$30,309.18 ","$30,309.18 ",$0.00 ,,"($30,309.18)",$0.00 ,"($30,309.18)",$0.00 ,$0.00 ,$0.00 ,$0.00 ,$0.00 ,$0.00 ,$96.20 ,$0.00 ,$0.00 ,$0.00 ,$96.20 ,$280.77 ,"$22,487.46 "
"3535 West Loop 820 South  Fort Worth, TX 76116",Buick,Auto - Buick Plant - New - E,1/16/2026,126112,1/16/2026,8/16/2027,2026 Buick BUCK ENVIST,Automobile,BUCK ENVIST,KL47LBEP0TB126112,B36179,"$30,309.18 ","$30,309.18 ",$0.00 ,,"($30,309.18)",$0.00 ,"($30,309.18)",$0.00 ,$0.00 ,$0.00 ,$0.00 ,$0.00 ,$0.00 ,$41.83 ,$0.00 ,$0.00 ,$0.00 ,$41.83 ,$226.40 ,"$9,777.15 "
"3535 West Loop 820 South  Fort Worth, TX 76116",Buick,Auto - Buick Plant - New - E,2/5/2026,126842,2/5/2026,9/5/2027,2026 Buick BUCK ENVIST,Automobile,BUCK ENVIST,KL47LBEP4TB126842,,"$29,851.30 ","$29,851.30 ",$0.00 ,,$0.00 ,$0.00 ,$0.00 ,"$29,851.30 ",$0.00 ,$0.00 ,$0.00 ,$0.00 ,$0.00 ,$127.70 ,$0.00 ,$0.00 ,$0.00 ,$127.70 ,$226.63 ,"$29,851.30 "
"3535 West Loop 820 South  Fort Worth, TX 76116",Buick,Auto - Buick Plant - New - E,2/4/2026,126848,2/4/2026,9/4/2027,2026 Buick BUCK ENVIST,Automobile,BUCK ENVIST,KL47LBEP5TB126848,B36243,"$29,851.30 ","$29,851.30 ",$0.00 ,,"($29,851.30)",$0.00 ,"($29,851.30)",$0.00 ,$0.00 ,$0.00 ,$0.00 ,$0.00 ,$0.00 ,$94.74 ,$0.00 ,$0.00 ,$0.00 ,$94.74 ,$197.80 ,"$22,147.74 "
"3535 West Loop 820 South  Fort Worth, TX 76116",Buick,Auto - Buick Plant - New - E,2/4/2026,126935,2/4/2026,9/4/2027,2026 Buick BUCK ENVIST,Automobile,BUCK ENVIST,KL47LBEP0TB126935,,"$29,851.30 ","$29,851.30 ",$0.00 ,,$0.00 ,$0.00 ,$0.00 ,"$29,851.30 ",$0.00 ,$0.00 ,$0.00 ,$0.00 ,$0.00 ,$127.70 ,$0.00 ,$0.00 ,$0.00 ,$127.70 ,$230.76 ,"$29,851.30 "
"3535 West Loop 820 South  Fort Worth, TX 76116",Buick,Auto - Buick Plant - New - E,2/2/2026,126979,2/2/2026,9/2/2027,2026 Buick BUCK ENVIST,Automobile,BUCK ENVIST,KL47LBEP9TB126979,B36228,"$29,851.30 ","$29,851.30 ",$0.00 ,,"($29,851.30)",$0.00 ,"($29,851.30)",$0.00 ,$0.00 ,$0.00 ,$0.00 ,$0.00 ,$0.00 ,$70.03 ,$0.00 ,$0.00 ,$0.00 ,$70.03 ,$181.33 ,"$16,370.07 "
"3535 West Loop 820 South  Fort Worth, TX 76116",Buick,Auto - Buick Plant - New - E,2/5/2026,127007,2/5/2026,9/5/2027,2026 Buick BUCK ENVIST,Automobile,BUCK ENVIST,KL47LBEP8TB127007,,"$29,851.30 ","$29,851.30 ",$0.00 ,,$0.00 ,$0.00 ,$0.00 ,"$29,851.30 ",$0.00 ,$0.00 ,$0.00 ,$0.00 ,$0.00 ,$127.70 ,$0.00 ,$0.00 ,$0.00 ,$127.70 ,$226.63 ,"$29,851.30 "
"3535 West Loop 820 South  Fort Worth, TX 76116",Buick,Auto - Buick Plant - New - E,2/4/2026,127084,2/4/2026,9/4/2027,2026 Buick BUCK ENVIST,Automobile,BUCK ENVIST,KL47LBEP4TB127084,,"$29,851.30 ","$29,851.30 ",$0.00 ,,$0.00 ,$0.00 ,$0.00 ,"$29,851.30 ",$0.00 ,$0.00 ,$0.00 ,$0.00 ,$0.00 ,$127.70 ,$0.00 ,$0.00 ,$0.00 ,$127.70 ,$230.76 ,"$29,851.30 "
"3535 West Loop 820 South  Fort Worth, TX 76116",Buick,Auto - Buick Plant - New - E,2/9/2026,135640,2/9/2026,9/9/2027,2026 Buick BUCK ENVIST,Automobile,BUCK ENVIST,KL47LAEP1TB135640,,"$28,475.30 ","$28,475.30 ",$0.00 ,,$0.00 ,$0.00 ,$0.00 ,"$28,475.30 ",$0.00 ,$0.00 ,$0.00 ,$0.00 ,$0.00 ,$121.81 ,$0.00 ,$0.00 ,$0.00 ,$121.81 ,$200.45 ,"$28,475.30 "
"3535 West Loop 820 South  Fort Worth, TX 76116",Buick,Auto - Buick Plant - New - E,2/9/2026,136321,2/9/2026,9/9/2027,2026 Buick BUCK ENVIST,Automobile,BUCK ENVIST,KL47LAEP1TB136321,,"$28,475.30 ","$28,475.30 ",$0.00 ,,$0.00 ,$0.00 ,$0.00 ,"$28,475.30 ",$0.00 ,$0.00 ,$0.00 ,$0.00 ,$0.00 ,$121.81 ,$0.00 ,$0.00 ,$0.00 ,$121.81 ,$200.45 ,"$28,475.30 "
"3535 West Loop 820 South  Fort Worth, TX 76116",Buick,Auto - Buick Plant - New - E,2/6/2026,136379,2/6/2026,9/6/2027,2026 Buick BUCK ENVIST,Automobile,BUCK ENVIST,KL47LAEPXTB136379,,"$28,017.43 ","$28,017.43 ",$0.00 ,,$0.00 ,$0.00 ,$0.00 ,"$28,017.43 ",$0.00 ,$0.00 ,$0.00 ,$0.00 ,$0.00 ,$119.86 ,$0.00 ,$0.00 ,$0.00 ,$119.86 ,$208.85 ,"$28,017.43 "
"3535 West Loop 820 South  Fort Worth, TX 76116",Buick,Auto - Buick Plant - New - E,2/9/2026,136385,2/9/2026,9/9/2027,2026 Buick BUCK ENVIST,Automobile,BUCK ENVIST,KL47LAEP5TB136385,,"$28,017.43 ","$28,017.43 ",$0.00 ,,$0.00 ,$0.00 ,$0.00 ,"$28,017.43 ",$0.00 ,$0.00 ,$0.00 ,$0.00 ,$0.00 ,$119.86 ,$0.00 ,$0.00 ,$0.00 ,$119.86 ,$197.24 ,"$28,017.43 "
"3535 West Loop 820 South  Fort Worth, TX 76116",Buick,Auto - Buick Plant - New - E,3/18/2026,138576,3/18/2026,10/18/2027,2026 Buick BUCK ENVIST,Automobile,BUCK ENVIST,KL47LAEP0TB138576,,"$28,017.43 ",$0.00 ,"$28,017.43 ",3/18/2026,$0.00 ,$0.00 ,"$28,017.43 ","$28,017.43 ",$0.00 ,$0.00 ,$0.00 ,$0.00 ,$0.00 ,$54.13 ,$0.00 ,$0.00 ,$0.00 ,$54.13 ,$54.13 ,"$12,653.03 "
"3535 West Loop 820 South  Fort Worth, TX 76116",Buick,Auto - Buick Plant - New - E,3/18/2026,138583,3/18/2026,10/18/2027,2026 Buick BUCK ENVIST,Automobile,BUCK ENVIST,KL47LAEP8TB138583,,"$28,475.30 ",$0.00 ,"$28,475.30 ",3/18/2026,$0.00 ,$0.00 ,"$28,475.30 ","$28,475.30 ",$0.00 ,$0.00 ,$0.00 ,$0.00 ,$0.00 ,$55.01 ,$0.00 ,$0.00 ,$0.00 ,$55.01 ,$55.01 ,"$12,859.81 "
"3535 West Loop 820 South  Fort Worth, TX 76116",Buick,Auto - Buick Plant - New - E,11/28/2025,138984,11/28/2025,6/28/2027,2026 Buick BUCK ENCLV S,Automobile,BUCK ENCLV S,5GAEVBKS8TJ138984,,"$55,344.35 ","$55,344.35 ",$0.00 ,,$0.00 ,$0.00 ,$0.00 ,"$55,344.35 ",$0.00 ,$0.00 ,$0.00 ,$0.00 ,$0.00 ,$236.75 ,$0.00 ,$0.00 ,$0.00 ,$236.75 ,$960.21 ,"$55,344.35 "
"3535 West Loop 820 South  Fort Worth, TX 76116",Buick,Auto - Buick Plant - New - E,2/9/2026,139072,2/9/2026,9/9/2027,2026 Buick BUCK ENVIST,Automobile,BUCK ENVIST,KL47LAEPXTB139072,,"$28,475.30 ","$28,475.30 ",$0.00 ,,$0.00 ,$0.00 ,$0.00 ,"$28,475.30 ",$0.00 ,$0.00 ,$0.00 ,$0.00 ,$0.00 ,$121.81 ,$0.00 ,$0.00 ,$0.00 ,$121.81 ,$200.45 ,"$28,475.30 "
"3535 West Loop 820 South  Fort Worth, TX 76116",Buick,Auto - Buick Plant - New - E,2/9/2026,139078,2/9/2026,9/9/2027,2026 Buick BUCK ENVIST,Automobile,BUCK ENVIST,KL47LAEP0TB139078,,"$28,475.30 ","$28,475.30 ",$0.00 ,,$0.00 ,$0.00 ,$0.00 ,"$28,475.30 ",$0.00 ,$0.00 ,$0.00 ,$0.00 ,$0.00 ,$121.81 ,$0.00 ,$0.00 ,$0.00 ,$121.81 ,$200.45 ,"$28,475.30 "
"3535 West Loop 820 South  Fort Worth, TX 76116",Buick,Auto - Buick Plant - New - E,3/4/2026,139079,3/4/2026,10/4/2027,2026 Buick BUCK ENVIST,Automobile,BUCK ENVIST,KL47LAEP2TB139079,,"$28,475.30 ",$0.00 ,"$28,475.30 ",3/4/2026,$0.00 ,$0.00 ,"$28,475.30 ","$28,475.30 ",$0.00 ,$0.00 ,$0.00 ,$0.00 ,$0.00 ,$110.02 ,$0.00 ,$0.00 ,$0.00 ,$110.02 ,$110.02 ,"$25,719.63 "
"3535 West Loop 820 South  Fort Worth, TX 76116",Buick,Auto - Buick Plant - New - E,11/28/2025,139116,11/28/2025,6/28/2027,2026 Buick BUCK ENCLV S,Automobile,BUCK ENCLV S,5GAEVBKS8TJ139116,,"$55,881.35 ","$55,881.35 ",$0.00 ,,$0.00 ,$0.00 ,$0.00 ,"$55,881.35 ",$0.00 ,$0.00 ,$0.00 ,$0.00 ,$0.00 ,$239.05 ,$0.00 ,$0.00 ,$0.00 ,$239.05 ,$969.53 ,"$55,881.35 "
"3535 West Loop 820 South  Fort Worth, TX 76116",Buick,Auto - Buick Plant - New - E,11/28/2025,139647,11/28/2025,6/28/2027,2026 Buick BUCK ENCLV S,Automobile,BUCK ENCLV S,5GAEVBKS6TJ139647,,"$55,478.60 ","$55,478.60 ",$0.00 ,,$0.00 ,$0.00 ,$0.00 ,"$55,478.60 ",$0.00 ,$0.00 ,$0.00 ,$0.00 ,$0.00 ,$237.33 ,$0.00 ,$0.00 ,$0.00 ,$237.33 ,$962.54 ,"$55,478.60 "
"3535 West Loop 820 South  Fort Worth, TX 76116",Buick,Auto - Buick Plant - New - E,2/9/2026,140504,2/9/2026,9/9/2027,2026 Buick BUCK ENVIST,Automobile,BUCK ENVIST,KL47LAEP7TB140504,,"$28,017.43 ","$28,017.43 ",$0.00 ,,$0.00 ,$0.00 ,$0.00 ,"$28,017.43 ",$0.00 ,$0.00 ,$0.00 ,$0.00 ,$0.00 ,$119.86 ,$0.00 ,$0.00 ,$0.00 ,$119.86 ,$197.24 ,"$28,017.43 "
"3535 West Loop 820 South  Fort Worth, TX 76116",Buick,Auto - Buick Plant - New - E,2/12/2026,145616,2/12/2026,9/12/2027,2026 Buick BUCK ENVIST,Automobile,BUCK ENVIST,KL47LBEP2TB145616,B36294,"$29,300.93 ","$29,300.93 ",$0.00 ,,"($29,300.93)",$0.00 ,"($29,300.93)",$0.00 ,$0.00 ,$0.00 ,$0.00 ,$0.00 ,$0.00 ,$12.14 ,$0.00 ,$0.00 ,$0.00 ,$12.14 ,$80.93 ,"$2,835.57 "
"3535 West Loop 820 South  Fort Worth, TX 76116",Buick,Auto - Buick Plant - New - E,2/20/2026,145825,2/20/2026,9/20/2027,2026 Buick BUCK ENVIST,Automobile,BUCK ENVIST,KL47LBEP0TB145825,,"$29,300.93 ","$29,300.93 ",$0.00 ,,$0.00 ,$0.00 ,$0.00 ,"$29,300.93 ",$0.00 ,$0.00 ,$0.00 ,$0.00 ,$0.00 ,$125.35 ,$0.00 ,$0.00 ,$0.00 ,$125.35 ,$161.77 ,"$29,300.93 "
"3535 West Loop 820 South  Fort Worth, TX 76116",Buick,Auto - Buick Plant - New - E,2/20/2026,145826,2/20/2026,9/20/2027,2026 Buick BUCK ENVIST,Automobile,BUCK ENVIST,KL47LBEP2TB145826,,"$29,300.93 ","$29,300.93 ",$0.00 ,,$0.00 ,$0.00 ,$0.00 ,"$29,300.93 ",$0.00 ,$0.00 ,$0.00 ,$0.00 ,$0.00 ,$125.35 ,$0.00 ,$0.00 ,$0.00 ,$125.35 ,$161.77 ,"$29,300.93 "
"3535 West Loop 820 South  Fort Worth, TX 76116",Buick,Auto - Buick Plant - New - E,2/19/2026,145831,2/19/2026,9/19/2027,2026 Buick BUCK ENVIST,Automobile,BUCK ENVIST,KL47LBEP6TB145831,,"$29,300.93 ","$29,300.93 ",$0.00 ,,$0.00 ,$0.00 ,$0.00 ,"$29,300.93 ",$0.00 ,$0.00 ,$0.00 ,$0.00 ,$0.00 ,$125.35 ,$0.00 ,$0.00 ,$0.00 ,$125.35 ,$165.81 ,"$29,300.93 "
"3535 West Loop 820 South  Fort Worth, TX 76116",Buick,Auto - Buick Plant - New - E,2/20/2026,146202,2/20/2026,9/20/2027,2026 Buick BUCK ENVIST,Automobile,BUCK ENVIST,KL47LBEP2TB146202,B36363,"$28,843.05 ","$28,843.05 ",$0.00 ,,"($28,843.05)",$0.00 ,"($28,843.05)",$0.00 ,$0.00 ,$0.00 ,$0.00 ,$0.00 ,$0.00 ,$119.40 ,$0.00 ,$0.00 ,$0.00 ,$119.40 ,$155.25 ,"$27,912.63 "
"3535 West Loop 820 South  Fort Worth, TX 76116",Buick,Auto - Buick Plant - New - E,2/19/2026,146572,2/19/2026,9/19/2027,2026 Buick BUCK ENVIST,Automobile,BUCK ENVIST,KL47LBEP2TB146572,,"$29,300.93 ","$29,300.93 ",$0.00 ,,$0.00 ,$0.00 ,$0.00 ,"$29,300.93 ",$0.00 ,$0.00 ,$0.00 ,$0.00 ,$0.00 ,$125.35 ,$0.00 ,$0.00 ,$0.00 ,$125.35 ,$165.81 ,"$29,300.93 "
"3535 West Loop 820 South  Fort Worth, TX 76116",Buick,Auto - Buick Plant - New - E,2/20/2026,146672,2/20/2026,9/20/2027,2026 Buick BUCK ENVIST,Automobile,BUCK ENVIST,KL47LBEP6TB146672,,"$29,300.93 ","$29,300.93 ",$0.00 ,,$0.00 ,$0.00 ,$0.00 ,"$29,300.93 ",$0.00 ,$0.00 ,$0.00 ,$0.00 ,$0.00 ,$125.35 ,$0.00 ,$0.00 ,$0.00 ,$125.35 ,$161.77 ,"$29,300.93 "
"3535 West Loop 820 South  Fort Worth, TX 76116",Buick,Auto - Buick Plant - New - E,2/17/2026,146684,2/17/2026,9/17/2027,2026 Buick BUCK ENVIST,Automobile,BUCK ENVIST,KL47LBEP2TB146684,B36344,"$29,300.93 ","$29,300.93 ",$0.00 ,,"($29,300.93)",$0.00 ,"($29,300.93)",$0.00 ,$0.00 ,$0.00 ,$0.00 ,$0.00 ,$0.00 ,$105.13 ,$0.00 ,$0.00 ,$0.00 ,$105.13 ,$153.68 ,"$24,574.97 "
"3535 West Loop 820 South  Fort Worth, TX 76116",Buick,Auto - Buick Plant - New - E,2/13/2026,148521,2/13/2026,9/13/2027,2026 Buick BUCK ENVIST,Automobile,BUCK ENVIST,KL47LBEP6TB148521,,"$29,393.43 ","$29,393.43 ",$0.00 ,,$0.00 ,$0.00 ,$0.00 ,"$29,393.43 ",$0.00 ,$0.00 ,$0.00 ,$0.00 ,$0.00 ,$125.74 ,$0.00 ,$0.00 ,$0.00 ,$125.74 ,$190.68 ,"$29,393.43 "
"3535 West Loop 820 South  Fort Worth, TX 76116",Buick,Auto - Buick Plant - New - E,2/18/2026,149023,2/18/2026,9/18/2027,2026 Buick BUCK ENCOR G,Automobile,BUCK ENCOR G,KL4AMDSL6TB149023,,"$31,030.73 ","$31,030.73 ",$0.00 ,,$0.00 ,$0.00 ,$0.00 ,"$31,030.73 ",$0.00 ,$0.00 ,$0.00 ,$0.00 ,$0.00 ,$132.75 ,$0.00 ,$0.00 ,$0.00 ,$132.75 ,$179.89 ,"$31,030.73 "
"3535 West Loop 820 South  Fort Worth, TX 76116",Buick,Auto - Buick Plant - New - E,3/16/2026,149403,3/16/2026,10/16/2027,2026 Buick BUCK ENCOR G,Automobile,BUCK ENCOR G,KL4AMDSL5TB149403,,"$30,572.85 ",$0.00 ,"$30,572.85 ",3/16/2026,$0.00 ,$0.00 ,"$30,572.85 ","$30,572.85 ",$0.00 ,$0.00 ,$0.00 ,$0.00 ,$0.00 ,$67.50 ,$0.00 ,$0.00 ,$0.00 ,$67.50 ,$67.50 ,"$15,779.54 "
"3535 West Loop 820 South  Fort Worth, TX 76116",Buick,Auto - Buick Plant - New - E,3/5/2026,150673,3/5/2026,10/5/2027,2026 Buick BUCK ENVIST,Automobile,BUCK ENVIST,KL47LBEP6TB150673,,"$29,851.30 ",$0.00 ,"$29,851.30 ",3/5/2026,$0.00 ,$0.00 ,"$29,851.30 ","$29,851.30 ",$0.00 ,$0.00 ,$0.00 ,$0.00 ,$0.00 ,$111.22 ,$0.00 ,$0.00 ,$0.00 ,$111.22 ,$111.22 ,"$25,999.52 "
"3535 West Loop 820 South  Fort Worth, TX 76116",Buick,Auto - Buick Plant - New - E,2/13/2026,150695,2/13/2026,9/13/2027,2026 Buick BUCK ENVIST,Automobile,BUCK ENVIST,KL47LBEP5TB150695,,"$29,851.30 ","$29,851.30 ",$0.00 ,,$0.00 ,$0.00 ,$0.00 ,"$29,851.30 ",$0.00 ,$0.00 ,$0.00 ,$0.00 ,$0.00 ,$127.70 ,$0.00 ,$0.00 ,$0.00 ,$127.70 ,$193.66 ,"$29,851.30 "
"3535 West Loop 820 South  Fort Worth, TX 76116",Buick,Auto - Buick Plant - New - E,2/13/2026,150701,2/13/2026,9/13/2027,2026 Buick BUCK ENVIST,Automobile,BUCK ENVIST,KL47LBEP7TB150701,,"$29,851.30 ","$29,851.30 ",$0.00 ,,$0.00 ,$0.00 ,$0.00 ,"$29,851.30 ",$0.00 ,$0.00 ,$0.00 ,$0.00 ,$0.00 ,$127.70 ,$0.00 ,$0.00 ,$0.00 ,$127.70 ,$193.66 ,"$29,851.30 "
"3535 West Loop 820 South  Fort Worth, TX 76116",Buick,Auto - Buick Plant - New - E,2/13/2026,151532,2/13/2026,9/13/2027,2026 Buick BUCK ENVIST,Automobile,BUCK ENVIST,KL47LBEP4TB151532,,"$29,851.30 ","$29,851.30 ",$0.00 ,,$0.00 ,$0.00 ,$0.00 ,"$29,851.30 ",$0.00 ,$0.00 ,$0.00 ,$0.00 ,$0.00 ,$127.70 ,$0.00 ,$0.00 ,$0.00 ,$127.70 ,$193.66 ,"$29,851.30 "
"3535 West Loop 820 South  Fort Worth, TX 76116",Buick,Auto - Buick Plant - New - E,2/17/2026,151533,2/17/2026,9/17/2027,2026 Buick BUCK ENVIST,Automobile,BUCK ENVIST,KL47LBEP6TB151533,B36317,"$29,851.30 ","$29,851.30 ",$0.00 ,,"($29,851.30)",$0.00 ,"($29,851.30)",$0.00 ,$0.00 ,$0.00 ,$0.00 ,$0.00 ,$0.00 ,$12.36 ,$0.00 ,$0.00 ,$0.00 ,$12.36 ,$61.83 ,"$2,888.84 "
"3535 West Loop 820 South  Fort Worth, TX 76116",Buick,Auto - Buick Plant - New - E,3/6/2026,152083,3/6/2026,10/6/2027,2026 Buick BUCK ENCOR G,Automobile,BUCK ENCOR G,KL4AMDSL6TB152083,B36432,"$31,030.73 ",$0.00 ,"$31,030.73 ",3/6/2026,"($31,030.73)",$0.00 ,$0.00 ,$0.00 ,$0.00 ,$0.00 ,$0.00 ,$0.00 ,$0.00 ,$77.08 ,$0.00 ,$0.00 ,$0.00 ,$77.08 ,$77.08 ,"$18,017.84 "
"3535 West Loop 820 South  Fort Worth, TX 76116",Buick,Auto - Buick Plant - New - E,3/16/2026,152291,3/16/2026,10/16/2027,2026 Buick BUCK ENCOR G,Automobile,BUCK ENCOR G,KL4AMDSL2TB152291,,"$31,030.73 ",$0.00 ,"$31,030.73 ",3/16/2026,$0.00 ,$0.00 ,"$31,030.73 ","$31,030.73 ",$0.00 ,$0.00 ,$0.00 ,$0.00 ,$0.00 ,$68.51 ,$0.00 ,$0.00 ,$0.00 ,$68.51 ,$68.51 ,"$16,015.86 "
"3535 West Loop 820 South  Fort Worth, TX 76116",Buick,Auto - Buick Plant - New - E,3/16/2026,152552,3/16/2026,10/16/2027,2026 Buick BUCK ENCOR G,Automobile,BUCK ENCOR G,KL4AMDSL4TB152552,,"$31,030.73 ",$0.00 ,"$31,030.73 ",3/16/2026,$0.00 ,$0.00 ,"$31,030.73 ","$31,030.73 ",$0.00 ,$0.00 ,$0.00 ,$0.00 ,$0.00 ,$68.51 ,$0.00 ,$0.00 ,$0.00 ,$68.51 ,$68.51 ,"$16,015.86 "
"3535 West Loop 820 South  Fort Worth, TX 76116",Buick,Auto - Buick Plant - New - E,3/6/2026,152568,3/6/2026,10/6/2027,2026 Buick BUCK ENCOR G,Automobile,BUCK ENCOR G,KL4AMDSL8TB152568,,"$31,030.73 ",$0.00 ,"$31,030.73 ",3/6/2026,$0.00 ,$0.00 ,"$31,030.73 ","$31,030.73 ",$0.00 ,$0.00 ,$0.00 ,$0.00 ,$0.00 ,$111.33 ,$0.00 ,$0.00 ,$0.00 ,$111.33 ,$111.33 ,"$26,025.77 "
"3535 West Loop 820 South  Fort Worth, TX 76116",Buick,Auto - Buick Plant - New - E,3/6/2026,152771,3/6/2026,10/6/2027,2026 Buick BUCK ENCOR G,Automobile,BUCK ENCOR G,KL4AMDSL5TB152771,,"$31,030.73 ",$0.00 ,"$31,030.73 ",3/6/2026,$0.00 ,$0.00 ,"$31,030.73 ","$31,030.73 ",$0.00 ,$0.00 ,$0.00 ,$0.00 ,$0.00 ,$111.33 ,$0.00 ,$0.00 ,$0.00 ,$111.33 ,$111.33 ,"$26,025.77 "
"3535 West Loop 820 South  Fort Worth, TX 76116",Buick,Auto - Buick Plant - New - E,3/16/2026,152920,3/16/2026,10/16/2027,2026 Buick BUCK ENVIST,Automobile,BUCK ENVIST,KL47LBEP7TB152920,,"$29,393.43 ",$0.00 ,"$29,393.43 ",3/16/2026,$0.00 ,$0.00 ,"$29,393.43 ","$29,393.43 ",$0.00 ,$0.00 ,$0.00 ,$0.00 ,$0.00 ,$64.90 ,$0.00 ,$0.00 ,$0.00 ,$64.90 ,$64.90 ,"$15,170.80 "
"3535 West Loop 820 South  Fort Worth, TX 76116",Buick,Auto - Buick Plant - New - E,3/16/2026,152921,3/16/2026,10/16/2027,2026 Buick BUCK ENVIST,Automobile,BUCK ENVIST,KL47LBEP9TB152921,,"$29,393.43 ",$0.00 ,"$29,393.43 ",3/16/2026,$0.00 ,$0.00 ,"$29,393.43 ","$29,393.43 ",$0.00 ,$0.00 ,$0.00 ,$0.00 ,$0.00 ,$64.90 ,$0.00 ,$0.00 ,$0.00 ,$64.90 ,$64.90 ,"$15,170.80 "
"3535 West Loop 820 South  Fort Worth, TX 76116",Buick,Auto - Buick Plant - New - E,3/6/2026,152945,3/6/2026,10/6/2027,2026 Buick BUCK ENVIST,Automobile,BUCK ENVIST,KL47LBEP1TB152945,,"$29,393.43 ",$0.00 ,"$29,393.43 ",3/6/2026,$0.00 ,$0.00 ,"$29,393.43 ","$29,393.43 ",$0.00 ,$0.00 ,$0.00 ,$0.00 ,$0.00 ,$105.46 ,$0.00 ,$0.00 ,$0.00 ,$105.46 ,$105.46 ,"$24,652.55 "
"3535 West Loop 820 South  Fort Worth, TX 76116",Buick,Auto - Buick Plant - New - E,3/6/2026,153059,3/6/2026,10/6/2027,2026 Buick BUCK ENCOR G,Automobile,BUCK ENCOR G,KL4AMDSL3TB153059,,"$30,110.35 ",$0.00 ,"$30,110.35 ",3/6/2026,$0.00 ,$0.00 ,"$30,110.35 ","$30,110.35 ",$0.00 ,$0.00 ,$0.00 ,$0.00 ,$0.00 ,$108.03 ,$0.00 ,$0.00 ,$0.00 ,$108.03 ,$108.03 ,"$25,253.84 "
"3535 West Loop 820 South  Fort Worth, TX 76116",Buick,Auto - Buick Plant - New - E,3/6/2026,153336,3/6/2026,10/6/2027,2026 Buick BUCK ENCOR G,Automobile,BUCK ENCOR G,KL4AMDSL3TB153336,,"$30,110.35 ",$0.00 ,"$30,110.35 ",3/6/2026,$0.00 ,$0.00 ,"$30,110.35 ","$30,110.35 ",$0.00 ,$0.00 ,$0.00 ,$0.00 ,$0.00 ,$108.03 ,$0.00 ,$0.00 ,$0.00 ,$108.03 ,$108.03 ,"$25,253.84 "
"3535 West Loop 820 South  Fort Worth, TX 76116",Buick,Auto - Buick Plant - New - E,3/6/2026,153366,3/6/2026,10/6/2027,2026 Buick BUCK ENCOR G,Automobile,BUCK ENCOR G,KL4AMDSL1TB153366,B36451,"$30,110.35 ",$0.00 ,"$30,110.35 ",3/6/2026,"($30,110.35)",$0.00 ,$0.00 ,$0.00 ,$0.00 ,$0.00 ,$0.00 ,$0.00 ,$0.00 ,$83.10 ,$0.00 ,$0.00 ,$0.00 ,$83.10 ,$83.10 ,"$19,426.03 "
"3535 West Loop 820 South  Fort Worth, TX 76116",Buick,Auto - Buick Plant - New - E,3/6/2026,153626,3/6/2026,10/6/2027,2026 Buick BUCK ENCOR G,Automobile,BUCK ENCOR G,KL4AMDSL1TB153626,B36481,"$29,652.48 ",$0.00 ,"$29,652.48 ",3/6/2026,"($29,652.48)",$0.00 ,$0.00 ,$0.00 ,$0.00 ,$0.00 ,$0.00 ,$0.00 ,$0.00 ,$73.65 ,$0.00 ,$0.00 ,$0.00 ,$73.65 ,$73.65 ,"$17,217.57 "
"3535 West Loop 820 South  Fort Worth, TX 76116",Buick,Auto - Buick Plant - New - E,3/6/2026,153635,3/6/2026,10/6/2027,2026 Buick BUCK ENCOR G,Automobile,BUCK ENCOR G,KL4AMDSL2TB153635,,"$29,652.48 ",$0.00 ,"$29,652.48 ",3/6/2026,$0.00 ,$0.00 ,"$29,652.48 ","$29,652.48 ",$0.00 ,$0.00 ,$0.00 ,$0.00 ,$0.00 ,$106.39 ,$0.00 ,$0.00 ,$0.00 ,$106.39 ,$106.39 ,"$24,869.82 "
"3535 West Loop 820 South  Fort Worth, TX 76116",Buick,Auto - Buick Plant - New - E,3/6/2026,153970,3/6/2026,10/6/2027,2026 Buick BUCK ENCOR G,Automobile,BUCK ENCOR G,KL4AMDSL5TB153970,B36480,"$29,559.98 ",$0.00 ,"$29,559.98 ",3/6/2026,"($29,559.98)",$0.00 ,$0.00 ,$0.00 ,$0.00 ,$0.00 ,$0.00 ,$0.00 ,$0.00 ,$81.58 ,$0.00 ,$0.00 ,$0.00 ,$81.58 ,$81.58 ,"$19,070.95 "
"3535 West Loop 820 South  Fort Worth, TX 76116",Buick,Auto - Buick Plant - New - E,3/16/2026,154430,3/16/2026,10/16/2027,2026 Buick BUCK ENVIST,Automobile,BUCK ENVIST,KL47LBEP0TB154430,,"$29,851.30 ",$0.00 ,"$29,851.30 ",3/16/2026,$0.00 ,$0.00 ,"$29,851.30 ","$29,851.30 ",$0.00 ,$0.00 ,$0.00 ,$0.00 ,$0.00 ,$65.91 ,$0.00 ,$0.00 ,$0.00 ,$65.91 ,$65.91 ,"$15,407.12 "
"3535 West Loop 820 South  Fort Worth, TX 76116",Buick,Auto - Buick Plant - New - E,3/6/2026,156107,3/6/2026,10/6/2027,2026 Buick BUCK ENCOR G,Automobile,BUCK ENCOR G,KL4AMDSL3TB156107,,"$30,110.35 ",$0.00 ,"$30,110.35 ",3/6/2026,$0.00 ,$0.00 ,"$30,110.35 ","$30,110.35 ",$0.00 ,$0.00 ,$0.00 ,$0.00 ,$0.00 ,$108.03 ,$0.00 ,$0.00 ,$0.00 ,$108.03 ,$108.03 ,"$25,253.84 "
"3535 West Loop 820 South  Fort Worth, TX 76116",Buick,Auto - Buick Plant - New - E,3/19/2026,156121,3/19/2026,10/19/2027,2026 Buick BUCK ENCOR G,Automobile,BUCK ENCOR G,KL4AMDSL8TB156121,,"$30,110.35 ",$0.00 ,"$30,110.35 ",3/19/2026,$0.00 ,$0.00 ,"$30,110.35 ","$30,110.35 ",$0.00 ,$0.00 ,$0.00 ,$0.00 ,$0.00 ,$54.01 ,$0.00 ,$0.00 ,$0.00 ,$54.01 ,$54.01 ,"$12,626.92 "
"3535 West Loop 820 South  Fort Worth, TX 76116",Buick,Auto - Buick Plant - New - E,3/19/2026,156338,3/19/2026,10/19/2027,2026 Buick BUCK ENCOR G,Automobile,BUCK ENCOR G,KL4AMDSL0TB156338,,"$30,110.35 ",$0.00 ,"$30,110.35 ",3/19/2026,$0.00 ,$0.00 ,"$30,110.35 ","$30,110.35 ",$0.00 ,$0.00 ,$0.00 ,$0.00 ,$0.00 ,$54.01 ,$0.00 ,$0.00 ,$0.00 ,$54.01 ,$54.01 ,"$12,626.92 "
"3535 West Loop 820 South  Fort Worth, TX 76116",Buick,Auto - Buick Plant - New - E,3/16/2026,156355,3/16/2026,10/16/2027,2026 Buick BUCK ENCOR G,Automobile,BUCK ENCOR G,KL4AMDSL0TB156355,,"$30,110.35 ",$0.00 ,"$30,110.35 ",3/16/2026,$0.00 ,$0.00 ,"$30,110.35 ","$30,110.35 ",$0.00 ,$0.00 ,$0.00 ,$0.00 ,$0.00 ,$66.48 ,$0.00 ,$0.00 ,$0.00 ,$66.48 ,$66.48 ,"$15,540.83 "
"3535 West Loop 820 South  Fort Worth, TX 76116",Buick,Auto - Buick Plant - New - E,3/16/2026,157054,3/16/2026,10/16/2027,2026 Buick BUCK ENCOR G,Automobile,BUCK ENCOR G,KL4AMDSL2TB157054,,"$30,110.35 ",$0.00 ,"$30,110.35 ",3/16/2026,$0.00 ,$0.00 ,"$30,110.35 ","$30,110.35 ",$0.00 ,$0.00 ,$0.00 ,$0.00 ,$0.00 ,$66.48 ,$0.00 ,$0.00 ,$0.00 ,$66.48 ,$66.48 ,"$15,540.83 "
"3535 West Loop 820 South  Fort Worth, TX 76116",Buick,Auto - Buick Plant - New - E,3/19/2026,157089,3/19/2026,10/19/2027,2026 Buick BUCK ENCOR G,Automobile,BUCK ENCOR G,KL4AMDSLXTB157089,,"$30,110.35 ",$0.00 ,"$30,110.35 ",3/19/2026,$0.00 ,$0.00 ,"$30,110.35 ","$30,110.35 ",$0.00 ,$0.00 ,$0.00 ,$0.00 ,$0.00 ,$54.01 ,$0.00 ,$0.00 ,$0.00 ,$54.01 ,$54.01 ,"$12,626.92 "
"3535 West Loop 820 South  Fort Worth, TX 76116",Buick,Auto - Buick Plant - New - E,3/16/2026,157374,3/16/2026,10/16/2027,2026 Buick BUCK ENCOR G,Automobile,BUCK ENCOR G,KL4AMDSL9TB157374,,"$30,110.35 ",$0.00 ,"$30,110.35 ",3/16/2026,$0.00 ,$0.00 ,"$30,110.35 ","$30,110.35 ",$0.00 ,$0.00 ,$0.00 ,$0.00 ,$0.00 ,$66.48 ,$0.00 ,$0.00 ,$0.00 ,$66.48 ,$66.48 ,"$15,540.83 "
"3535 West Loop 820 South  Fort Worth, TX 76116",Buick,Auto - Buick Plant - New - E,2/23/2026,157842,2/23/2026,9/23/2027,2026 Buick BUCK ENCOR G,Automobile,BUCK ENCOR G,KL4AMDSL5TB157842,,"$30,110.35 ","$30,110.35 ",$0.00 ,,$0.00 ,$0.00 ,$0.00 ,"$30,110.35 ",$0.00 ,$0.00 ,$0.00 ,$0.00 ,$0.00 ,$128.81 ,$0.00 ,$0.00 ,$0.00 ,$128.81 ,$153.76 ,"$30,110.35 "
"3535 West Loop 820 South  Fort Worth, TX 76116",Buick,Auto - Buick Plant - New - E,2/23/2026,158392,2/23/2026,9/23/2027,2026 Buick BUCK ENCOR G,Automobile,BUCK ENCOR G,KL4AMDSL5TB158392,B36348,"$29,652.48 ","$29,652.48 ",$0.00 ,,"($29,652.48)",$0.00 ,"($29,652.48)",$0.00 ,$0.00 ,$0.00 ,$0.00 ,$0.00 ,$0.00 ,$12.27 ,$0.00 ,$0.00 ,$0.00 ,$12.27 ,$36.84 ,"$2,869.59 "
"3535 West Loop 820 South  Fort Worth, TX 76116",Buick,Auto - Buick Plant - New - E,2/26/2026,158808,2/26/2026,9/26/2027,2026 Buick BUCK ENCOR G,Automobile,BUCK ENCOR G,KL4AMDSLXTB158808,,"$29,652.48 ","$29,652.48 ",$0.00 ,,$0.00 ,$0.00 ,$0.00 ,"$29,652.48 ",$0.00 ,$0.00 ,$0.00 ,$0.00 ,$0.00 ,$126.84 ,$0.00 ,$0.00 ,$0.00 ,$126.84 ,$139.12 ,"$29,652.48 "
"3535 West Loop 820 South  Fort Worth, TX 76116",Buick,Auto - Buick Plant - New - E,9/23/2025,158907,9/23/2025,4/23/2027,2026 Buick BUCK ENCLV P,Automobile,BUCK ENCLV P,5GAERAKS4TJ158907,B35406,"$47,374.15 ","$47,374.15 ",$0.00 ,,$0.00 ,$0.00 ,$0.00 ,"$47,374.15 ",$0.00 ,$0.00 ,$0.00 ,$0.00 ,$0.00 ,$202.66 ,$0.00 ,$0.00 ,$0.00 ,$202.66 ,"$1,290.51 ","$47,374.15 "
"3535 West Loop 820 South  Fort Worth, TX 76116",Buick,Auto - Buick Plant - New - E,9/24/2025,159500,9/24/2025,4/24/2027,2026 Buick BUCK ENCLV P,Automobile,BUCK ENCLV P,5GAERAKS1TJ159500,B35423,"$47,374.15 ","$47,374.15 ",$0.00 ,,"($47,374.15)",$0.00 ,"($47,374.15)",$0.00 ,$0.00 ,$0.00 ,$0.00 ,$0.00 ,$0.00 ,$19.61 ,$0.00 ,$0.00 ,$0.00 ,$19.61 ,"$1,100.11 ","$4,584.60 "
"3535 West Loop 820 South  Fort Worth, TX 76116",Buick,Auto - Buick Plant - New - E,2/23/2026,160330,2/23/2026,9/23/2027,2026 Buick BUCK ENVIST,Automobile,BUCK ENVIST,KL47LBEP4TB160330,,"$29,300.93 ","$29,300.93 ",$0.00 ,,$0.00 ,$0.00 ,$0.00 ,"$29,300.93 ",$0.00 ,$0.00 ,$0.00 ,$0.00 ,$0.00 ,$125.35 ,$0.00 ,$0.00 ,$0.00 ,$125.35 ,$149.63 ,"$29,300.93 "
"3535 West Loop 820 South  Fort Worth, TX 76116",Buick,Auto - Buick Plant - New - E,2/23/2026,160471,2/23/2026,9/23/2027,2026 Buick BUCK ENVIST,Automobile,BUCK ENVIST,KL47LBEP0TB160471,,"$28,843.05 ","$28,843.05 ",$0.00 ,,$0.00 ,$0.00 ,$0.00 ,"$28,843.05 ",$0.00 ,$0.00 ,$0.00 ,$0.00 ,$0.00 ,$123.38 ,$0.00 ,$0.00 ,$0.00 ,$123.38 ,$147.28 ,"$28,843.05 "
"3535 West Loop 820 South  Fort Worth, TX 76116",Buick,Auto - Buick Plant - New - E,2/23/2026,160590,2/23/2026,9/23/2027,2026 Buick BUCK ENVIST,Automobile,BUCK ENVIST,KL47LBEP8TB160590,,"$28,843.05 ","$28,843.05 ",$0.00 ,,$0.00 ,$0.00 ,$0.00 ,"$28,843.05 ",$0.00 ,$0.00 ,$0.00 ,$0.00 ,$0.00 ,$123.38 ,$0.00 ,$0.00 ,$0.00 ,$123.38 ,$147.28 ,"$28,843.05 "
"3535 West Loop 820 South  Fort Worth, TX 76116",Buick,Auto - Buick Plant - New - E,2/27/2026,164372,2/27/2026,9/27/2027,2026 Buick BUCK ENVIST,Automobile,BUCK ENVIST,KL47LBEP7TB164372,B36410,"$28,843.05 ","$28,843.05 ",$0.00 ,,"($28,843.05)",$0.00 ,"($28,843.05)",$0.00 ,$0.00 ,$0.00 ,$0.00 ,$0.00 ,$0.00 ,$91.54 ,$0.00 ,$0.00 ,$0.00 ,$91.54 ,$99.51 ,"$21,399.68 "
"3535 West Loop 820 South  Fort Worth, TX 76116",Buick,Auto - Buick Plant - New - E,2/27/2026,164519,2/27/2026,9/27/2027,2026 Buick BUCK ENVIST,Automobile,BUCK ENVIST,KL47LBEP0TB164519,,"$29,300.93 ","$29,300.93 ",$0.00 ,,$0.00 ,$0.00 ,$0.00 ,"$29,300.93 ",$0.00 ,$0.00 ,$0.00 ,$0.00 ,$0.00 ,$125.35 ,$0.00 ,$0.00 ,$0.00 ,$125.35 ,$133.44 ,"$29,300.93 "
"3535 West Loop 820 South  Fort Worth, TX 76116",Buick,Auto - Buick Plant - New - E,2/27/2026,164693,2/27/2026,9/27/2027,2026 Buick BUCK ENVIST,Automobile,BUCK ENVIST,KL47LBEP5TB164693,,"$29,851.30 ","$29,851.30 ",$0.00 ,,$0.00 ,$0.00 ,$0.00 ,"$29,851.30 ",$0.00 ,$0.00 ,$0.00 ,$0.00 ,$0.00 ,$127.70 ,$0.00 ,$0.00 ,$0.00 ,$127.70 ,$135.94 ,"$29,851.30 "
"3535 West Loop 820 South  Fort Worth, TX 76116",Buick,Auto - Buick Plant - New - E,9/29/2025,165310,9/29/2025,4/29/2027,2026 Buick BUCK ENCLV P,Automobile,BUCK ENCLV P,5GAERAKS4TJ165310,B35447,"$49,434.10 ","$49,434.10 ",$0.00 ,,$0.00 ,$0.00 ,$0.00 ,"$49,434.10 ",$0.00 ,$0.00 ,$0.00 ,$0.00 ,$0.00 ,$211.47 ,$0.00 ,$0.00 ,$0.00 ,$211.47 ,"$1,300.63 ","$49,434.10 "
"3535 West Loop 820 South  Fort Worth, TX 76116",Buick,Auto - Buick Plant - New - E,9/30/2025,165675,9/30/2025,4/30/2027,2026 Buick BUCK ENCLV P,Automobile,BUCK ENCLV P,5GAERAKS0TJ165675,B35500,"$49,992.10 ","$49,992.10 ",$0.00 ,,"($49,992.10)",$0.00 ,"($49,992.10)",$0.00 ,$0.00 ,$0.00 ,$0.00 ,$0.00 ,$0.00 ,$165.57 ,$0.00 ,$0.00 ,$0.00 ,$165.57 ,"$1,259.28 ","$38,703.56 "
"3535 West Loop 820 South  Fort Worth, TX 76116",Buick,Auto - Buick Plant - New - E,2/27/2026,166157,2/27/2026,9/27/2027,2026 Buick BUCK ENCOR G,Automobile,BUCK ENCOR G,KL4AMDSL2TB166157,,"$29,559.98 ","$29,559.98 ",$0.00 ,,$0.00 ,$0.00 ,$0.00 ,"$29,559.98 ",$0.00 ,$0.00 ,$0.00 ,$0.00 ,$0.00 ,$126.45 ,$0.00 ,$0.00 ,$0.00 ,$126.45 ,$134.61 ,"$29,559.98 "
"3535 West Loop 820 South  Fort Worth, TX 76116",Buick,Auto - Buick Plant - New - E,2/27/2026,166330,2/27/2026,9/27/2027,2026 Buick BUCK ENCOR G,Automobile,BUCK ENCOR G,KL4AMDSL1TB166330,B36390,"$30,017.85 ","$30,017.85 ",$0.00 ,,"($30,017.85)",$0.00 ,"($30,017.85)",$0.00 ,$0.00 ,$0.00 ,$0.00 ,$0.00 ,$0.00 ,$91.14 ,$0.00 ,$0.00 ,$0.00 ,$91.14 ,$99.43 ,"$21,302.99 "
"3535 West Loop 820 South  Fort Worth, TX 76116",Buick,Auto - Buick Plant - New - E,2/27/2026,166422,2/27/2026,9/27/2027,2026 Buick BUCK ENCOR G,Automobile,BUCK ENCOR G,KL4AMDSL6TB166422,B36398,"$30,017.85 ","$30,017.85 ",$0.00 ,,"($30,017.85)",$0.00 ,"($30,017.85)",$0.00 ,$0.00 ,$0.00 ,$0.00 ,$0.00 ,$0.00 ,$74.57 ,$0.00 ,$0.00 ,$0.00 ,$74.57 ,$82.86 ,"$17,429.72 "
"3535 West Loop 820 South  Fort Worth, TX 76116",Buick,Auto - Buick Plant - New - E,2/27/2026,166493,2/27/2026,9/27/2027,2026 Buick BUCK ENCOR G,Automobile,BUCK ENCOR G,KL4AMDSL7TB166493,,"$31,030.73 ","$31,030.73 ",$0.00 ,,$0.00 ,$0.00 ,$0.00 ,"$31,030.73 ",$0.00 ,$0.00 ,$0.00 ,$0.00 ,$0.00 ,$132.75 ,$0.00 ,$0.00 ,$0.00 ,$132.75 ,$141.32 ,"$31,030.73 "
"3535 West Loop 820 South  Fort Worth, TX 76116",Buick,Auto - Buick Plant - New - E,2/27/2026,166626,2/27/2026,9/27/2027,2026 Buick BUCK ENCOR G,Automobile,BUCK ENCOR G,KL4AMDSL0TB166626,,"$31,030.73 ","$31,030.73 ",$0.00 ,,$0.00 ,$0.00 ,$0.00 ,"$31,030.73 ",$0.00 ,$0.00 ,$0.00 ,$0.00 ,$0.00 ,$132.75 ,$0.00 ,$0.00 ,$0.00 ,$132.75 ,$141.32 ,"$31,030.73 "
"3535 West Loop 820 South  Fort Worth, TX 76116",Buick,Auto - Buick Plant - New - E,2/27/2026,166633,2/27/2026,9/27/2027,2026 Buick BUCK ENCOR G,Automobile,BUCK ENCOR G,KL4AMBSL2TB166633,B36369,"$29,208.43 ","$29,208.43 ",$0.00 ,,"($29,208.43)",$0.00 ,"($29,208.43)",$0.00 ,$0.00 ,$0.00 ,$0.00 ,$0.00 ,$0.00 ,$64.49 ,$0.00 ,$0.00 ,$0.00 ,$64.49 ,$72.56 ,"$15,075.32 "
"3535 West Loop 820 South  Fort Worth, TX 76116",Buick,Auto - Buick Plant - New - E,2/27/2026,166674,2/27/2026,9/27/2027,2026 Buick BUCK ENCOR G,Automobile,BUCK ENCOR G,KL4AMDSL0TB166674,B36422,"$30,017.85 ","$30,017.85 ",$0.00 ,,"($30,017.85)",$0.00 ,"($30,017.85)",$0.00 ,$0.00 ,$0.00 ,$0.00 ,$0.00 ,$0.00 ,$91.14 ,$0.00 ,$0.00 ,$0.00 ,$91.14 ,$99.43 ,"$21,302.99 "
"3535 West Loop 820 South  Fort Worth, TX 76116",Buick,Auto - Buick Plant - New - E,2/27/2026,166705,2/27/2026,9/27/2027,2026 Buick BUCK ENVIST,Automobile,BUCK ENVIST,KL47LBEP7TB166705,,"$29,393.43 ","$29,393.43 ",$0.00 ,,$0.00 ,$0.00 ,$0.00 ,"$29,393.43 ",$0.00 ,$0.00 ,$0.00 ,$0.00 ,$0.00 ,$125.74 ,$0.00 ,$0.00 ,$0.00 ,$125.74 ,$133.86 ,"$29,393.43 "
"3535 West Loop 820 South  Fort Worth, TX 76116",Buick,Auto - Buick Plant - New - E,2/27/2026,166755,2/27/2026,9/27/2027,2026 Buick BUCK ENVIST,Automobile,BUCK ENVIST,KL47LBEP0TB166755,,"$29,393.43 ","$29,393.43 ",$0.00 ,,$0.00 ,$0.00 ,$0.00 ,"$29,393.43 ",$0.00 ,$0.00 ,$0.00 ,$0.00 ,$0.00 ,$125.74 ,$0.00 ,$0.00 ,$0.00 ,$125.74 ,$133.86 ,"$29,393.43 "
"3535 West Loop 820 South  Fort Worth, TX 76116",Buick,Auto - Buick Plant - New - E,2/27/2026,167154,2/27/2026,9/27/2027,2026 Buick BUCK ENCOR G,Automobile,BUCK ENCOR G,KL4AMDSL1TB167154,B36373,"$30,017.85 ","$30,017.85 ",$0.00 ,,"($30,017.85)",$0.00 ,"($30,017.85)",$0.00 ,$0.00 ,$0.00 ,$0.00 ,$0.00 ,$0.00 ,$95.28 ,$0.00 ,$0.00 ,$0.00 ,$95.28 ,$103.57 ,"$22,271.31 "
"3535 West Loop 820 South  Fort Worth, TX 76116",Buick,Auto - Buick Plant - New - E,3/13/2026,167205,3/13/2026,10/13/2027,2026 Buick BUCK ENCOR G,Automobile,BUCK ENCOR G,KL4AMDSL3TB167205,B36515,"$30,017.85 ",$0.00 ,"$30,017.85 ",3/13/2026,"($30,017.85)",$0.00 ,$0.00 ,$0.00 ,$0.00 ,$0.00 ,$0.00 ,$0.00 ,$0.00 ,$74.56 ,$0.00 ,$0.00 ,$0.00 ,$74.56 ,$74.56 ,"$17,429.72 "
"3535 West Loop 820 South  Fort Worth, TX 76116",Buick,Auto - Buick Plant - New - E,3/13/2026,167296,3/13/2026,10/13/2027,2026 Buick BUCK ENCOR G,Automobile,BUCK ENCOR G,KL4AMDSLXTB167296,,"$30,017.85 ",$0.00 ,"$30,017.85 ",3/13/2026,$0.00 ,$0.00 ,"$30,017.85 ","$30,017.85 ",$0.00 ,$0.00 ,$0.00 ,$0.00 ,$0.00 ,$78.70 ,$0.00 ,$0.00 ,$0.00 ,$78.70 ,$78.70 ,"$18,398.04 "
"3535 West Loop 820 South  Fort Worth, TX 76116",Buick,Auto - Buick Plant - New - E,2/27/2026,167370,2/27/2026,9/27/2027,2026 Buick BUCK ENVIST,Automobile,BUCK ENVIST,KL47LAEP4TB167370,,"$28,475.30 ","$28,475.30 ",$0.00 ,,$0.00 ,$0.00 ,$0.00 ,"$28,475.30 ",$0.00 ,$0.00 ,$0.00 ,$0.00 ,$0.00 ,$121.81 ,$0.00 ,$0.00 ,$0.00 ,$121.81 ,$129.67 ,"$28,475.30 "
"3535 West Loop 820 South  Fort Worth, TX 76116",Buick,Auto - Buick Plant - New - E,2/27/2026,167544,2/27/2026,9/27/2027,2026 Buick BUCK ENCOR G,Automobile,BUCK ENCOR G,KL4AMDSL3TB167544,B36378,"$30,017.85 ","$30,017.85 ",$0.00 ,,"($30,017.85)",$0.00 ,"($30,017.85)",$0.00 ,$0.00 ,$0.00 ,$0.00 ,$0.00 ,$0.00 ,$45.57 ,$0.00 ,$0.00 ,$0.00 ,$45.57 ,$53.86 ,"$10,651.50 "
"3535 West Loop 820 South  Fort Worth, TX 76116",Buick,Auto - Buick Plant - New - E,2/27/2026,167600,2/27/2026,9/27/2027,2026 Buick BUCK ENCOR G,Automobile,BUCK ENCOR G,KL4AMDSL9TB167600,B36389,"$29,559.98 ","$29,559.98 ",$0.00 ,,"($29,559.98)",$0.00 ,"($29,559.98)",$0.00 ,$0.00 ,$0.00 ,$0.00 ,$0.00 ,$0.00 ,$93.82 ,$0.00 ,$0.00 ,$0.00 ,$93.82 ,$101.98 ,"$21,931.60 "
"3535 West Loop 820 South  Fort Worth, TX 76116",Buick,Auto - Buick Plant - New - E,2/27/2026,167754,2/27/2026,9/27/2027,2026 Buick BUCK ENVIST,Automobile,BUCK ENVIST,KL47LAEP0TB167754,,"$28,475.30 ","$28,475.30 ",$0.00 ,,$0.00 ,$0.00 ,$0.00 ,"$28,475.30 ",$0.00 ,$0.00 ,$0.00 ,$0.00 ,$0.00 ,$121.81 ,$0.00 ,$0.00 ,$0.00 ,$121.81 ,$129.67 ,"$28,475.30 "
"3535 West Loop 820 South  Fort Worth, TX 76116",Buick,Auto - Buick Plant - New - E,2/27/2026,167810,2/27/2026,9/27/2027,2026 Buick BUCK ENVIST,Automobile,BUCK ENVIST,KL47LBEP9TB167810,,"$29,851.30 ","$29,851.30 ",$0.00 ,,$0.00 ,$0.00 ,$0.00 ,"$29,851.30 ",$0.00 ,$0.00 ,$0.00 ,$0.00 ,$0.00 ,$127.70 ,$0.00 ,$0.00 ,$0.00 ,$127.70 ,$135.94 ,"$29,851.30 "
"3535 West Loop 820 South  Fort Worth, TX 76116",Buick,Auto - Buick Plant - New - E,2/27/2026,167811,2/27/2026,9/27/2027,2026 Buick BUCK ENVIST,Automobile,BUCK ENVIST,KL47LBEP0TB167811,,"$29,851.30 ","$29,851.30 ",$0.00 ,,$0.00 ,$0.00 ,$0.00 ,"$29,851.30 ",$0.00 ,$0.00 ,$0.00 ,$0.00 ,$0.00 ,$127.70 ,$0.00 ,$0.00 ,$0.00 ,$127.70 ,$135.94 ,"$29,851.30 "
"3535 West Loop 820 South  Fort Worth, TX 76116",Buick,Auto - Buick Plant - New - E,2/27/2026,167846,2/27/2026,9/27/2027,2026 Buick BUCK ENVIST,Automobile,BUCK ENVIST,KL47LBEP8TB167846,,"$29,851.30 ","$29,851.30 ",$0.00 ,,$0.00 ,$0.00 ,$0.00 ,"$29,851.30 ",$0.00 ,$0.00 ,$0.00 ,$0.00 ,$0.00 ,$127.70 ,$0.00 ,$0.00 ,$0.00 ,$127.70 ,$135.94 ,"$29,851.30 "
"3535 West Loop 820 South  Fort Worth, TX 76116",Buick,Auto - Buick Plant - New - E,2/27/2026,167859,2/27/2026,9/27/2027,2026 Buick BUCK ENVIST,Automobile,BUCK ENVIST,KL47LBEP6TB167859,,"$29,851.30 ","$29,851.30 ",$0.00 ,,$0.00 ,$0.00 ,$0.00 ,"$29,851.30 ",$0.00 ,$0.00 ,$0.00 ,$0.00 ,$0.00 ,$127.70 ,$0.00 ,$0.00 ,$0.00 ,$127.70 ,$135.94 ,"$29,851.30 "
"3535 West Loop 820 South  Fort Worth, TX 76116",Buick,Auto - Buick Plant - New - E,2/27/2026,167884,2/27/2026,9/27/2027,2026 Buick BUCK ENCOR G,Automobile,BUCK ENCOR G,KL4AMDSL5TB167884,,"$29,559.98 ","$29,559.98 ",$0.00 ,,$0.00 ,$0.00 ,$0.00 ,"$29,559.98 ",$0.00 ,$0.00 ,$0.00 ,$0.00 ,$0.00 ,$126.45 ,$0.00 ,$0.00 ,$0.00 ,$126.45 ,$134.61 ,"$29,559.98 "
"3535 West Loop 820 South  Fort Worth, TX 76116",Buick,Auto - Buick Plant - New - E,2/27/2026,167892,2/27/2026,9/27/2027,2026 Buick BUCK ENCOR G,Automobile,BUCK ENCOR G,KL4AMDSL4TB167892,B36370,"$29,559.98 ","$29,559.98 ",$0.00 ,,"($29,559.98)",$0.00 ,"($29,559.98)",$0.00 ,$0.00 ,$0.00 ,$0.00 ,$0.00 ,$0.00 ,$73.42 ,$0.00 ,$0.00 ,$0.00 ,$73.42 ,$81.58 ,"$17,163.86 "
"3535 West Loop 820 South  Fort Worth, TX 76116",Buick,Auto - Buick Plant - New - E,2/27/2026,168226,2/27/2026,9/27/2027,2026 Buick BUCK ENCOR G,Automobile,BUCK ENCOR G,KL4AMDSL5TB168226,B36371,"$29,559.98 ","$29,559.98 ",$0.00 ,,"($29,559.98)",$0.00 ,"($29,559.98)",$0.00 ,$0.00 ,$0.00 ,$0.00 ,$0.00 ,$0.00 ,$122.37 ,$0.00 ,$0.00 ,$0.00 ,$122.37 ,$130.53 ,"$28,606.43 "
"3535 West Loop 820 South  Fort Worth, TX 76116",Buick,Auto - Buick Plant - New - E,2/27/2026,168287,2/27/2026,9/27/2027,2026 Buick BUCK ENCOR G,Automobile,BUCK ENCOR G,KL4AMDSL3TB168287,,"$29,559.98 ","$29,559.98 ",$0.00 ,,$0.00 ,$0.00 ,$0.00 ,"$29,559.98 ",$0.00 ,$0.00 ,$0.00 ,$0.00 ,$0.00 ,$126.45 ,$0.00 ,$0.00 ,$0.00 ,$126.45 ,$134.61 ,"$29,559.98 "
"3535 West Loop 820 South  Fort Worth, TX 76116",Buick,Auto - Buick Plant - New - E,2/27/2026,168387,2/27/2026,9/27/2027,2026 Buick BUCK ENCOR G,Automobile,BUCK ENCOR G,KL4AMBSL1TB168387,B36388,"$29,208.43 ","$29,208.43 ",$0.00 ,,"($29,208.43)",$0.00 ,"($29,208.43)",$0.00 ,$0.00 ,$0.00 ,$0.00 ,$0.00 ,$0.00 ,$104.79 ,$0.00 ,$0.00 ,$0.00 ,$104.79 ,$112.86 ,"$24,497.39 "
"3535 West Loop 820 South  Fort Worth, TX 76116",Buick,Auto - Buick Plant - New - E,2/27/2026,168392,2/27/2026,9/27/2027,2026 Buick BUCK ENVIST,Automobile,BUCK ENVIST,KL47LBEP0TB168392,,"$29,851.30 ","$29,851.30 ",$0.00 ,,$0.00 ,$0.00 ,$0.00 ,"$29,851.30 ",$0.00 ,$0.00 ,$0.00 ,$0.00 ,$0.00 ,$127.70 ,$0.00 ,$0.00 ,$0.00 ,$127.70 ,$135.94 ,"$29,851.30 "
"3535 West Loop 820 South  Fort Worth, TX 76116",Buick,Auto - Buick Plant - New - E,2/27/2026,168529,2/27/2026,9/27/2027,2026 Buick BUCK ENCOR G,Automobile,BUCK ENCOR G,KL4AMDSL1TB168529,B36379,"$30,017.85 ","$30,017.85 ",$0.00 ,,"($30,017.85)",$0.00 ,"($30,017.85)",$0.00 ,$0.00 ,$0.00 ,$0.00 ,$0.00 ,$0.00 ,$107.71 ,$0.00 ,$0.00 ,$0.00 ,$107.71 ,$116.00 ,"$25,176.26 "
"3535 West Loop 820 South  Fort Worth, TX 76116",Buick,Auto - Buick Plant - New - E,2/27/2026,168540,2/27/2026,9/27/2027,2026 Buick BUCK ENVIST,Automobile,BUCK ENVIST,KL47LAEP8TB168540,,"$28,017.43 ","$28,017.43 ",$0.00 ,,$0.00 ,$0.00 ,$0.00 ,"$28,017.43 ",$0.00 ,$0.00 ,$0.00 ,$0.00 ,$0.00 ,$119.86 ,$0.00 ,$0.00 ,$0.00 ,$119.86 ,$127.60 ,"$28,017.43 "
"3535 West Loop 820 South  Fort Worth, TX 76116",Buick,Auto - Buick Plant - New - E,2/27/2026,168621,2/27/2026,9/27/2027,2026 Buick BUCK ENVIST,Automobile,BUCK ENVIST,KL47LBEP0TB168621,,"$29,393.43 ","$29,393.43 ",$0.00 ,,$0.00 ,$0.00 ,$0.00 ,"$29,393.43 ",$0.00 ,$0.00 ,$0.00 ,$0.00 ,$0.00 ,$125.74 ,$0.00 ,$0.00 ,$0.00 ,$125.74 ,$133.86 ,"$29,393.43 "
"3535 West Loop 820 South  Fort Worth, TX 76116",Buick,Auto - Buick Plant - New - E,1/22/2025,168742,1/22/2025,8/22/2026,2025 Buick BUCK ENCLV P,Automobile,BUCK ENCLV P,5GAERARS9SJ168742,B33974,"$45,245.00 ","$40,720.50 ",$0.00 ,,"($4,524.50)",$0.00 ,"($4,524.50)","$36,196.00 ","$4,524.50 ",$0.00 ,$0.00 ,$0.00 ,"$4,524.50 ",$161.08 ,$0.00 ,$0.00 ,$0.00 ,$161.08 ,"$2,913.28 ","$37,655.52 "
"3535 West Loop 820 South  Fort Worth, TX 76116",Buick,Auto - Buick Plant - New - E,3/13/2026,168866,3/13/2026,10/13/2027,2026 Buick BUCK ENCOR G,Automobile,BUCK ENCOR G,KL4AMBSL2TB168866,B36512,"$28,750.55 ",$0.00 ,"$28,750.55 ",3/13/2026,"($28,750.55)",$0.00 ,$0.00 ,$0.00 ,$0.00 ,$0.00 ,$0.00 ,$0.00 ,$0.00 ,$71.41 ,$0.00 ,$0.00 ,$0.00 ,$71.41 ,$71.41 ,"$16,693.87 "
"3535 West Loop 820 South  Fort Worth, TX 76116",Buick,Auto - Buick Plant - New - E,3/13/2026,169327,3/13/2026,10/13/2027,2026 Buick BUCK ENCOR G,Automobile,BUCK ENCOR G,KL4AMDSL5TB169327,,"$30,017.85 ",$0.00 ,"$30,017.85 ",3/13/2026,$0.00 ,$0.00 ,"$30,017.85 ","$30,017.85 ",$0.00 ,$0.00 ,$0.00 ,$0.00 ,$0.00 ,$78.70 ,$0.00 ,$0.00 ,$0.00 ,$78.70 ,$78.70 ,"$18,398.04 "
"3535 West Loop 820 South  Fort Worth, TX 76116",Buick,Auto - Buick Plant - New - E,3/13/2026,169328,3/13/2026,10/13/2027,2026 Buick BUCK ENCOR G,Automobile,BUCK ENCOR G,KL4AMDSL7TB169328,,"$30,017.85 ",$0.00 ,"$30,017.85 ",3/13/2026,$0.00 ,$0.00 ,"$30,017.85 ","$30,017.85 ",$0.00 ,$0.00 ,$0.00 ,$0.00 ,$0.00 ,$78.70 ,$0.00 ,$0.00 ,$0.00 ,$78.70 ,$78.70 ,"$18,398.04 "
"3535 West Loop 820 South  Fort Worth, TX 76116",Buick,Auto - Buick Plant - New - E,3/13/2026,169756,3/13/2026,10/13/2027,2026 Buick BUCK ENVIST,Automobile,BUCK ENVIST,KL47LBEP6TB169756,,"$29,393.43 ",$0.00 ,"$29,393.43 ",3/13/2026,$0.00 ,$0.00 ,"$29,393.43 ","$29,393.43 ",$0.00 ,$0.00 ,$0.00 ,$0.00 ,$0.00 ,$77.06 ,$0.00 ,$0.00 ,$0.00 ,$77.06 ,$77.06 ,"$18,015.33 "
"3535 West Loop 820 South  Fort Worth, TX 76116",Buick,Auto - Buick Plant - New - E,3/13/2026,169870,3/13/2026,10/13/2027,2026 Buick BUCK ENCOR G,Automobile,BUCK ENCOR G,KL4AMDSL4TB169870,,"$30,572.85 ",$0.00 ,"$30,572.85 ",3/13/2026,$0.00 ,$0.00 ,"$30,572.85 ","$30,572.85 ",$0.00 ,$0.00 ,$0.00 ,$0.00 ,$0.00 ,$80.16 ,$0.00 ,$0.00 ,$0.00 ,$80.16 ,$80.16 ,"$18,738.20 "
"3535 West Loop 820 South  Fort Worth, TX 76116",Buick,Auto - Buick Plant - New - E,3/13/2026,169942,3/13/2026,10/13/2027,2026 Buick BUCK ENCOR G,Automobile,BUCK ENCOR G,KL4AMDSL3TB169942,,"$29,559.98 ",$0.00 ,"$29,559.98 ",3/13/2026,$0.00 ,$0.00 ,"$29,559.98 ","$29,559.98 ",$0.00 ,$0.00 ,$0.00 ,$0.00 ,$0.00 ,$77.50 ,$0.00 ,$0.00 ,$0.00 ,$77.50 ,$77.50 ,"$18,117.41 "
"3535 West Loop 820 South  Fort Worth, TX 76116",Buick,Auto - Buick Plant - New - E,3/13/2026,169962,3/13/2026,10/13/2027,2026 Buick BUCK ENCOR G,Automobile,BUCK ENCOR G,KL4AMDSL9TB169962,,"$30,017.85 ",$0.00 ,"$30,017.85 ",3/13/2026,$0.00 ,$0.00 ,"$30,017.85 ","$30,017.85 ",$0.00 ,$0.00 ,$0.00 ,$0.00 ,$0.00 ,$78.70 ,$0.00 ,$0.00 ,$0.00 ,$78.70 ,$78.70 ,"$18,398.04 "
"3535 West Loop 820 South  Fort Worth, TX 76116",Buick,Auto - Buick Plant - New - E,3/13/2026,169980,3/13/2026,10/13/2027,2026 Buick BUCK ENCOR G,Automobile,BUCK ENCOR G,KL4AMDSL0TB169980,B36513,"$29,559.98 ",$0.00 ,"$29,559.98 ",3/13/2026,"($29,559.98)",$0.00 ,$0.00 ,$0.00 ,$0.00 ,$0.00 ,$0.00 ,$0.00 ,$0.00 ,$69.34 ,$0.00 ,$0.00 ,$0.00 ,$69.34 ,$69.34 ,"$16,210.31 "
"3535 West Loop 820 South  Fort Worth, TX 76116",Buick,Auto - Buick Plant - New - E,3/13/2026,170149,3/13/2026,10/13/2027,2026 Buick BUCK ENCOR G,Automobile,BUCK ENCOR G,KL4AMDSL1TB170149,,"$30,017.85 ",$0.00 ,"$30,017.85 ",3/13/2026,$0.00 ,$0.00 ,"$30,017.85 ","$30,017.85 ",$0.00 ,$0.00 ,$0.00 ,$0.00 ,$0.00 ,$78.70 ,$0.00 ,$0.00 ,$0.00 ,$78.70 ,$78.70 ,"$18,398.04 "
"3535 West Loop 820 South  Fort Worth, TX 76116",Buick,Auto - Buick Plant - New - E,3/13/2026,170155,3/13/2026,10/13/2027,2026 Buick BUCK ENCOR G,Automobile,BUCK ENCOR G,KL4AMDSL7TB170155,,"$29,559.98 ",$0.00 ,"$29,559.98 ",3/13/2026,$0.00 ,$0.00 ,"$29,559.98 ","$29,559.98 ",$0.00 ,$0.00 ,$0.00 ,$0.00 ,$0.00 ,$77.50 ,$0.00 ,$0.00 ,$0.00 ,$77.50 ,$77.50 ,"$18,117.41 "
"3535 West Loop 820 South  Fort Worth, TX 76116",Buick,Auto - Buick Plant - New - E,3/13/2026,170189,3/13/2026,10/13/2027,2026 Buick BUCK ENCOR G,Automobile,BUCK ENCOR G,KL4AMDSL2TB170189,,"$29,559.98 ",$0.00 ,"$29,559.98 ",3/13/2026,$0.00 ,$0.00 ,"$29,559.98 ","$29,559.98 ",$0.00 ,$0.00 ,$0.00 ,$0.00 ,$0.00 ,$77.50 ,$0.00 ,$0.00 ,$0.00 ,$77.50 ,$77.50 ,"$18,117.41 "
"3535 West Loop 820 South  Fort Worth, TX 76116",Buick,Auto - Buick Plant - New - E,3/13/2026,170485,3/13/2026,10/13/2027,2026 Buick BUCK ENVIST,Automobile,BUCK ENVIST,KL47LAEP3TB170485,,"$28,475.30 ",$0.00 ,"$28,475.30 ",3/13/2026,$0.00 ,$0.00 ,"$28,475.30 ","$28,475.30 ",$0.00 ,$0.00 ,$0.00 ,$0.00 ,$0.00 ,$74.66 ,$0.00 ,$0.00 ,$0.00 ,$74.66 ,$74.66 ,"$17,452.60 "
"3535 West Loop 820 South  Fort Worth, TX 76116",Buick,Auto - Buick Plant - New - E,3/13/2026,170499,3/13/2026,10/13/2027,2026 Buick BUCK ENVIST,Automobile,BUCK ENVIST,KL47LBEP6TB170499,,"$29,851.30 ",$0.00 ,"$29,851.30 ",3/13/2026,$0.00 ,$0.00 ,"$29,851.30 ","$29,851.30 ",$0.00 ,$0.00 ,$0.00 ,$0.00 ,$0.00 ,$78.27 ,$0.00 ,$0.00 ,$0.00 ,$78.27 ,$78.27 ,"$18,295.96 "
"3535 West Loop 820 South  Fort Worth, TX 76116",Buick,Auto - Buick Plant - New - E,3/13/2026,170513,3/13/2026,10/13/2027,2026 Buick BUCK ENVIST,Automobile,BUCK ENVIST,KL47LBEP7TB170513,,"$29,851.30 ",$0.00 ,"$29,851.30 ",3/13/2026,$0.00 ,$0.00 ,"$29,851.30 ","$29,851.30 ",$0.00 ,$0.00 ,$0.00 ,$0.00 ,$0.00 ,$78.27 ,$0.00 ,$0.00 ,$0.00 ,$78.27 ,$78.27 ,"$18,295.96 "
"3535 West Loop 820 South  Fort Worth, TX 76116",Buick,Auto - Buick Plant - New - E,10/14/2025,177843,10/14/2025,5/14/2027,2026 Buick BUCK ENCLV P,Automobile,BUCK ENCLV P,5GAERAKS0TJ177843,,"$49,434.10 ","$49,434.10 ",$0.00 ,,$0.00 ,$0.00 ,$0.00 ,"$49,434.10 ",$0.00 ,$0.00 ,$0.00 ,$0.00 ,$0.00 ,$211.47 ,$0.00 ,$0.00 ,$0.00 ,$211.47 ,"$1,188.29 ","$49,434.10 "
"3535 West Loop 820 South  Fort Worth, TX 76116",Buick,Auto - Buick Plant - New - E,3/25/2026,180966,3/25/2026,10/25/2027,2026 Buick BUCK ENVIST,Automobile,BUCK ENVIST,KL47LAEP3TB180966,,"$28,475.30 ",$0.00 ,"$28,475.30 ",3/25/2026,$0.00 ,$0.00 ,"$28,475.30 ","$28,475.30 ",$0.00 ,$0.00 ,$0.00 ,$0.00 ,$0.00 ,$27.51 ,$0.00 ,$0.00 ,$0.00 ,$27.51 ,$27.51 ,"$6,429.91 "
"3535 West Loop 820 South  Fort Worth, TX 76116",Buick,Auto - Buick Plant - New - E,10/20/2025,183287,10/20/2025,5/20/2027,2026 Buick BUCK ENCLV S,Automobile,BUCK ENCLV S,5GAERBKS7TJ183287,B35659,"$50,783.15 ","$50,783.15 ",$0.00 ,,"($50,783.15)",$0.00 ,"($50,783.15)",$0.00 ,$0.00 ,$0.00 ,$0.00 ,$0.00 ,$0.00 ,$210.23 ,$0.00 ,$0.00 ,$0.00 ,$210.23 ,"$1,167.73 ","$49,144.98 "
"3535 West Loop 820 South  Fort Worth, TX 76116",Buick,Auto - Buick Plant - New - E,10/29/2025,191432,10/29/2025,5/29/2027,2026 Buick BUCK ENCLV P,Automobile,BUCK ENCLV P,5GAERAKS5TJ191432,B35717,"$49,434.10 ","$49,434.10 ",$0.00 ,,$0.00 ,$0.00 ,$0.00 ,"$49,434.10 ",$0.00 ,$0.00 ,$0.00 ,$0.00 ,$0.00 ,$211.47 ,$0.00 ,$0.00 ,$0.00 ,$211.47 ,"$1,076.36 ","$49,434.10 "
"3535 West Loop 820 South  Fort Worth, TX 76116",Buick,Auto - Buick Plant - New - E,11/4/2025,196442,11/4/2025,6/4/2027,2026 Buick BUCK ENCLV S,Automobile,BUCK ENCLV S,5GAERBKS3TJ196442,B35751,"$54,238.10 ","$54,238.10 ",$0.00 ,,$0.00 ,$0.00 ,$0.00 ,"$54,238.10 ",$0.00 ,$0.00 ,$0.00 ,$0.00 ,$0.00 ,$232.02 ,$0.00 ,$0.00 ,$0.00 ,$232.02 ,"$1,132.08 ","$54,238.10 "
"3535 West Loop 820 South  Fort Worth, TX 76116",Buick,Auto - Buick Plant - New - E,12/19/2025,235489,12/19/2025,7/19/2027,2026 Buick BUCK ENCLV A,Automobile,BUCK ENCLV A,5GAERCKS9TJ235489,B36071,"$62,456.28 ","$62,456.28 ",$0.00 ,,"($62,456.28)",$0.00 ,"($62,456.28)",$0.00 ,$0.00 ,$0.00 ,$0.00 ,$0.00 ,$0.00 ,$129.28 ,$0.00 ,$0.00 ,$0.00 ,$129.28 ,$756.66 ,"$30,220.78 "
"3535 West Loop 820 South  Fort Worth, TX 76116",Buick,Auto - Buick Plant - New - E,1/26/2026,255386,1/26/2026,8/26/2027,2026 Buick BUCK ENCLV S,Automobile,BUCK ENCLV S,5GAERBKS8TJ255386,B36171,"$54,817.35 ","$54,817.35 ",$0.00 ,,"($54,817.35)",$0.00 ,"($54,817.35)",$0.00 ,$0.00 ,$0.00 ,$0.00 ,$0.00 ,$0.00 ,$75.65 ,$0.00 ,$0.00 ,$0.00 ,$75.65 ,$333.33 ,"$17,683.02 "
"3535 West Loop 820 South  Fort Worth, TX 76116",Buick,Auto - Buick Plant - New - E,1/30/2026,258484,1/30/2026,8/30/2027,2026 Buick BUCK ENCLV S,Automobile,BUCK ENCLV S,5GAERBKS1TJ258484,B36181,"$53,429.85 ","$53,429.85 ",$0.00 ,,"($53,429.85)",$0.00 ,"($53,429.85)",$0.00 ,$0.00 ,$0.00 ,$0.00 ,$0.00 ,$0.00 ,$73.74 ,$0.00 ,$0.00 ,$0.00 ,$73.74 ,$295.21 ,"$17,235.44 "
"3535 West Loop 820 South  Fort Worth, TX 76116",Buick,Auto - Buick Plant - New - E,1/30/2026,259474,1/30/2026,8/30/2027,2026 Buick BUCK ENCLV S,Automobile,BUCK ENCLV S,5GAERBKS3TJ259474,B36195,"$52,874.85 ","$52,874.85 ",$0.00 ,,"($52,874.85)",$0.00 ,"($52,874.85)",$0.00 ,$0.00 ,$0.00 ,$0.00 ,$0.00 ,$0.00 ,$138.63 ,$0.00 ,$0.00 ,$0.00 ,$138.63 ,$357.80 ,"$32,407.17 "
"3535 West Loop 820 South  Fort Worth, TX 76116",Buick,Auto - Buick Plant - New - E,2/6/2026,264758,2/6/2026,9/6/2027,2026 Buick BUCK ENCLV S,Automobile,BUCK ENCLV S,5GAERBKS9TJ264758,,"$53,429.85 ","$53,429.85 ",$0.00 ,,$0.00 ,$0.00 ,$0.00 ,"$53,429.85 ",$0.00 ,$0.00 ,$0.00 ,$0.00 ,$0.00 ,$228.57 ,$0.00 ,$0.00 ,$0.00 ,$228.57 ,$398.27 ,"$53,429.85 "
"3535 West Loop 820 South  Fort Worth, TX 76116",Buick,Auto - Buick Plant - New - E,2/9/2026,266833,2/9/2026,9/9/2027,2026 Buick BUCK ENCLV S,Automobile,BUCK ENCLV S,5GAERBKS7TJ266833,,"$51,380.98 ","$51,380.98 ",$0.00 ,,$0.00 ,$0.00 ,$0.00 ,"$51,380.98 ",$0.00 ,$0.00 ,$0.00 ,$0.00 ,$0.00 ,$219.80 ,$0.00 ,$0.00 ,$0.00 ,$219.80 ,$361.71 ,"$51,380.98 "
"3535 West Loop 820 South  Fort Worth, TX 76116",Buick,Auto - Buick Plant - New - E,2/10/2026,269045,2/10/2026,9/10/2027,2026 Buick BUCK ENCLV P,Automobile,BUCK ENCLV P,5GAERAKS5TJ269045,,"$47,434.48 ","$47,434.48 ",$0.00 ,,$0.00 ,$0.00 ,$0.00 ,"$47,434.48 ",$0.00 ,$0.00 ,$0.00 ,$0.00 ,$0.00 ,$202.92 ,$0.00 ,$0.00 ,$0.00 ,$202.92 ,$327.38 ,"$47,434.48 "
"3535 West Loop 820 South  Fort Worth, TX 76116",Buick,Auto - Buick Plant - New - E,2/20/2026,277696,2/20/2026,9/20/2027,2026 Buick BUCK ENCLV P,Automobile,BUCK ENCLV P,5GAERAKS9TJ277696,,"$49,483.35 ","$49,483.35 ",$0.00 ,,$0.00 ,$0.00 ,$0.00 ,"$49,483.35 ",$0.00 ,$0.00 ,$0.00 ,$0.00 ,$0.00 ,$211.68 ,$0.00 ,$0.00 ,$0.00 ,$211.68 ,$273.18 ,"$49,483.35 "
"3535 West Loop 820 South  Fort Worth, TX 76116",Buick,Auto - Buick Plant - New - E,3/18/2026,303381,3/18/2026,10/18/2027,2026 Buick BUCK ENCLV A,Automobile,BUCK ENCLV A,5GAERCKS1TJ303381,,"$63,498.88 ",$0.00 ,"$63,498.88 ",3/18/2026,$0.00 ,$0.00 ,"$63,498.88 ","$63,498.88 ",$0.00 ,$0.00 ,$0.00 ,$0.00 ,$0.00 ,$122.67 ,$0.00 ,$0.00 ,$0.00 ,$122.67 ,$122.67 ,"$28,676.91 "
"3535 West Loop 820 South  Fort Worth, TX 76116",Buick,Auto - Buick Plant - New - E,3/25/2026,310123,3/25/2026,10/25/2027,2026 Buick BUCK ENCLV P,Automobile,BUCK ENCLV P,5GAERAKS8TJ310123,,"$47,434.48 ",$0.00 ,"$47,434.48 ",3/25/2026,$0.00 ,$0.00 ,"$47,434.48 ","$47,434.48 ",$0.00 ,$0.00 ,$0.00 ,$0.00 ,$0.00 ,$45.82 ,$0.00 ,$0.00 ,$0.00 ,$45.82 ,$45.82 ,"$10,711.01 "
"3535 West Loop 820 South  Fort Worth, TX 76116",Buick,Auto - Buick Plant - New - E,3/26/2026,311146,3/26/2026,10/26/2027,2026 Buick BUCK ENCLV A,Automobile,BUCK ENCLV A,5GAERCKS9TJ311146,,"$62,943.88 ",$0.00 ,"$62,943.88 ",3/26/2026,$0.00 ,$0.00 ,"$62,943.88 ","$62,943.88 ",$0.00 ,$0.00 ,$0.00 ,$0.00 ,$0.00 ,$52.11 ,$0.00 ,$0.00 ,$0.00 ,$52.11 ,$52.11 ,"$12,182.69 "
"3535 West Loop 820 South  Fort Worth, TX 76116",Buick,Auto - Buick Plant - New - E,3/27/2026,312031,3/27/2026,10/27/2027,2026 Buick BUCK ENCLV A,Automobile,BUCK ENCLV A,5GAERCKS8TJ312031,,"$62,943.88 ",$0.00 ,"$62,943.88 ",3/27/2026,$0.00 ,$0.00 ,"$62,943.88 ","$62,943.88 ",$0.00 ,$0.00 ,$0.00 ,$0.00 ,$0.00 ,$43.43 ,$0.00 ,$0.00 ,$0.00 ,$43.43 ,$43.43 ,"$10,152.24 "
"3535 West Loop 820 South  Fort Worth, TX 76116",Buick,Auto - Buick Plant - New - E,3/27/2026,312369,3/27/2026,10/27/2027,2026 Buick BUCK ENCLV P,Automobile,BUCK ENCLV P,5GAERAKS6TJ312369,,"$47,434.48 ",$0.00 ,"$47,434.48 ",3/27/2026,$0.00 ,$0.00 ,"$47,434.48 ","$47,434.48 ",$0.00 ,$0.00 ,$0.00 ,$0.00 ,$0.00 ,$32.73 ,$0.00 ,$0.00 ,$0.00 ,$32.73 ,$32.73 ,"$7,650.72 "
"3535 West Loop 820 South  Fort Worth, TX 76116",Subaru,Auto - Subaru Plant (Floorplan-New) - East,3/6/2026,1957,3/6/2026,10/6/2027,2026 Subaru SOLTERRASUVPR,Automobile,SOLTERRASUVPR,JTMBEAGC4TJ001957,R5039,"$39,232.00 ",$0.00 ,"$39,232.00 ",3/6/2026,"($39,232.00)",$0.00 ,$0.00 ,$0.00 ,$0.00 ,$0.00 ,$0.00 ,$0.00 ,$0.00 ,$97.45 ,$0.00 ,$0.00 ,$0.00 ,$97.45 ,$97.45 ,"$22,779.87 "
"3535 West Loop 820 South  Fort Worth, TX 76116",Subaru,Auto - Subaru Plant (Floorplan-New) - East,3/24/2026,2340,3/24/2026,10/24/2027,2026 Subaru SOLTERRASUVPR,Automobile,SOLTERRASUVPR,JTMBEAGC1TJ002340,,"$38,781.00 ",$0.00 ,"$38,781.00 ",3/24/2026,$0.00 ,$0.00 ,"$38,781.00 ","$38,781.00 ",$0.00 ,$0.00 ,$0.00 ,$0.00 ,$0.00 ,$42.81 ,$0.00 ,$0.00 ,$0.00 ,$42.81 ,$42.81 ,"$10,008.00 "
"3535 West Loop 820 South  Fort Worth, TX 76116",Subaru,Auto - Subaru Plant (Floorplan-New) - East,11/14/2025,7658,11/14/2025,6/14/2027,2026 Subaru FORESTERSUVSP,Automobile,FORESTERSUVSP,4S4SLDF69T3007658,,"$34,690.00 ","$34,690.00 ",$0.00 ,,$0.00 ,$0.00 ,$0.00 ,"$34,690.00 ",$0.00 ,$0.00 ,$0.00 ,$0.00 ,$0.00 ,$148.40 ,$0.00 ,$0.00 ,$0.00 ,$148.40 ,$673.15 ,"$34,690.00 "
"3535 West Loop 820 South  Fort Worth, TX 76116",Subaru,Auto - Subaru Plant (Floorplan-New) - East,11/7/2025,7666,11/7/2025,6/7/2027,2026 Subaru FORESTERSUVPR,Automobile,FORESTERSUVPR,4S4SLDD64T3007666,,"$32,724.00 ","$32,724.00 ",$0.00 ,,$0.00 ,$0.00 ,$0.00 ,"$32,724.00 ",$0.00 ,$0.00 ,$0.00 ,$0.00 ,$0.00 ,$139.99 ,$0.00 ,$0.00 ,$0.00 ,$139.99 ,$668.62 ,"$32,724.00 "
"3535 West Loop 820 South  Fort Worth, TX 76116",Subaru,Auto - Subaru Plant (Floorplan-New) - East,11/7/2025,8010,11/7/2025,6/7/2027,2026 Subaru FORESTERSUVPR,Automobile,FORESTERSUVPR,4S4SLDD62T3008010,,"$32,365.00 ","$32,365.00 ",$0.00 ,,$0.00 ,$0.00 ,$0.00 ,"$32,365.00 ",$0.00 ,$0.00 ,$0.00 ,$0.00 ,$0.00 ,$138.45 ,$0.00 ,$0.00 ,$0.00 ,$138.45 ,$661.27 ,"$32,365.00 "
"3535 West Loop 820 South  Fort Worth, TX 76116",Subaru,Auto - Subaru Plant (Floorplan-New) - East,11/7/2025,8273,11/7/2025,6/7/2027,2026 Subaru FORESTERSUVPR,Automobile,FORESTERSUVPR,4S4SLDD61T3008273,,"$32,365.00 ","$32,365.00 ",$0.00 ,,$0.00 ,$0.00 ,$0.00 ,"$32,365.00 ",$0.00 ,$0.00 ,$0.00 ,$0.00 ,$0.00 ,$138.45 ,$0.00 ,$0.00 ,$0.00 ,$138.45 ,$661.27 ,"$32,365.00 "
"3535 West Loop 820 South  Fort Worth, TX 76116",Subaru,Auto - Subaru Plant (Floorplan-New) - East,3/25/2026,10502,3/25/2026,10/25/2027,2026 Subaru FORESTERSUVSP,Automobile,FORESTERSUVSP,4S4SLDF64T3010502,,"$34,190.00 ",$0.00 ,"$34,190.00 ",3/25/2026,$0.00 ,$0.00 ,"$34,190.00 ","$34,190.00 ",$0.00 ,$0.00 ,$0.00 ,$0.00 ,$0.00 ,$33.03 ,$0.00 ,$0.00 ,$0.00 ,$33.03 ,$33.03 ,"$7,720.32 "
"3535 West Loop 820 South  Fort Worth, TX 76116",Subaru,Auto - Subaru Plant (Floorplan-New) - East,11/25/2025,10502,11/25/2025,6/25/2027,2026 Subaru FORESTERSUVSP,Automobile,FORESTERSUVSP,4S4SLDF64T3010502,,"$36,509.00 ","$36,509.00 ",$0.00 ,,"($36,509.00)",$0.00 ,"($36,509.00)",$0.00 ,$0.00 ,$0.00 ,$0.00 ,$0.00 ,$0.00 ,$115.87 ,$0.00 ,$0.00 ,$0.00 ,$115.87 ,$609.19 ,"$27,087.32 "
"3535 West Loop 820 South  Fort Worth, TX 76116",Subaru,Auto - Subaru Plant (Floorplan-New) - East,11/19/2025,11369,11/19/2025,6/19/2027,2026 Subaru FORESTERSUVLI,Automobile,FORESTERSUVLI,4S4SLDR66T3011369,,"$38,659.00 ","$38,659.00 ",$0.00 ,,$0.00 ,"($38,659.00)","($38,659.00)",$0.00 ,$0.00 ,$0.00 ,$0.00 ,$0.00 ,$0.00 ,$0.00 ,($10.68),$0.00 ,$0.00 ,$0.00 ,$545.73 ,$0.00 
"3535 West Loop 820 South  Fort Worth, TX 76116",Subaru,Auto - Subaru Plant (Floorplan-New) - East,3/2/2026,11369,3/2/2026,10/2/2027,2026 Subaru FORESTERSUVLI,Automobile,FORESTERSUVLI,4S4SLDR66T3011369,,"$36,212.00 ",$0.00 ,"$36,212.00 ",3/2/2026,$0.00 ,$0.00 ,"$36,212.00 ","$36,212.00 ",$0.00 ,$0.00 ,$0.00 ,$0.00 ,$0.00 ,$149.91 ,$0.00 ,$0.00 ,$0.00 ,$149.91 ,$149.91 ,"$35,043.87 "
"3535 West Loop 820 South  Fort Worth, TX 76116",Subaru,Auto - Subaru Plant (Floorplan-New) - East,1/26/2026,11776,1/26/2026,8/26/2027,2026 Subaru FORESTERSUVLI,Automobile,FORESTERSUVLI,4S4SLDR68T3011776,,"$36,212.00 ","$36,212.00 ",$0.00 ,,$0.00 ,$0.00 ,$0.00 ,"$36,212.00 ",$0.00 ,$0.00 ,$0.00 ,$0.00 ,$0.00 ,$154.91 ,$0.00 ,$0.00 ,$0.00 ,$154.91 ,$325.13 ,"$36,212.00 "
"3535 West Loop 820 South  Fort Worth, TX 76116",Subaru,Auto - Subaru Plant (Floorplan-New) - East,3/2/2026,12962,3/2/2026,10/2/2027,2026 Subaru FORESTERSUVLI,Automobile,FORESTERSUVLI,4S4SLDR6XT3012962,,"$36,212.00 ",$0.00 ,"$36,212.00 ",3/2/2026,$0.00 ,$0.00 ,"$36,212.00 ","$36,212.00 ",$0.00 ,$0.00 ,$0.00 ,$0.00 ,$0.00 ,$149.91 ,$0.00 ,$0.00 ,$0.00 ,$149.91 ,$149.91 ,"$35,043.87 "
"3535 West Loop 820 South  Fort Worth, TX 76116",Subaru,Auto - Subaru Plant (Floorplan-New) - East,11/25/2025,12962,11/25/2025,6/25/2027,2026 Subaru FORESTERSUVLI,Automobile,FORESTERSUVLI,4S4SLDR6XT3012962,,"$38,659.00 ","$38,659.00 ",$0.00 ,,$0.00 ,"($38,659.00)","($38,659.00)",$0.00 ,$0.00 ,$0.00 ,$0.00 ,$0.00 ,$0.00 ,$0.00 ,($10.68),$0.00 ,$0.00 ,$0.00 ,$511.69 ,$0.00 
"3535 West Loop 820 South  Fort Worth, TX 76116",Subaru,Auto - Subaru Plant (Floorplan-New) - East,12/9/2025,24179,12/9/2025,7/9/2027,2026 Subaru FORESTERSUVPR,Automobile,FORESTERSUVPR,4S4SLDB68T3024179,,"$33,182.00 ","$33,182.00 ",$0.00 ,,$0.00 ,"($33,182.00)","($33,182.00)",$0.00 ,$0.00 ,$0.00 ,$0.00 ,$0.00 ,$0.00 ,$0.00 ,($9.17),$0.00 ,$0.00 ,$0.00 ,$371.83 ,$0.00 
"3535 West Loop 820 South  Fort Worth, TX 76116",Subaru,Auto - Subaru Plant (Floorplan-New) - East,3/2/2026,24179,3/2/2026,10/2/2027,2026 Subaru FORESTERSUVPR,Automobile,FORESTERSUVPR,4S4SLDB68T3024179,,"$30,971.00 ",$0.00 ,"$30,971.00 ",3/2/2026,$0.00 ,$0.00 ,"$30,971.00 ","$30,971.00 ",$0.00 ,$0.00 ,$0.00 ,$0.00 ,$0.00 ,$128.21 ,$0.00 ,$0.00 ,$0.00 ,$128.21 ,$128.21 ,"$29,971.94 "
"3535 West Loop 820 South  Fort Worth, TX 76116",Subaru,Auto - Subaru Plant (Floorplan-New) - East,3/25/2026,24228,3/25/2026,10/25/2027,2026 Subaru FORESTERSUVLI,Automobile,FORESTERSUVLI,4S4SLDR69T3024228,,"$36,774.00 ",$0.00 ,"$36,774.00 ",3/25/2026,$0.00 ,$0.00 ,"$36,774.00 ","$36,774.00 ",$0.00 ,$0.00 ,$0.00 ,$0.00 ,$0.00 ,$35.52 ,$0.00 ,$0.00 ,$0.00 ,$35.52 ,$35.52 ,"$8,303.81 "
"3535 West Loop 820 South  Fort Worth, TX 76116",Subaru,Auto - Subaru Plant (Floorplan-New) - East,12/22/2025,24228,12/22/2025,7/22/2027,2026 Subaru FORESTERSUVLI,Automobile,FORESTERSUVLI,4S4SLDR69T3024228,,"$39,221.00 ","$39,221.00 ",$0.00 ,,"($39,221.00)",$0.00 ,"($39,221.00)",$0.00 ,$0.00 ,$0.00 ,$0.00 ,$0.00 ,$0.00 ,$124.49 ,$0.00 ,$0.00 ,$0.00 ,$124.49 ,$501.57 ,"$29,099.45 "
"3535 West Loop 820 South  Fort Worth, TX 76116",Subaru,Auto - Subaru Plant (Floorplan-New) - East,10/22/2025,25440,10/22/2025,5/22/2027,2025 Subaru LEGACYSEDANPR,Automobile,LEGACYSEDANPR,4S3BWAF65S3025440,R4129,"$29,084.00 ","$29,084.00 ",$0.00 ,,$0.00 ,$0.00 ,$0.00 ,"$29,084.00 ",$0.00 ,$0.00 ,$0.00 ,$0.00 ,$0.00 ,$124.42 ,$0.00 ,$0.00 ,$0.00 ,$124.42 ,$664.01 ,"$29,084.00 "
"3535 West Loop 820 South  Fort Worth, TX 76116",Subaru,Auto - Subaru Plant (Floorplan-New) - East,10/22/2025,25483,10/22/2025,5/22/2027,2025 Subaru LEGACYSEDANPR,Automobile,LEGACYSEDANPR,4S3BWAD68S3025483,R4128,"$27,819.00 ","$27,819.00 ",$0.00 ,,"($27,819.00)",$0.00 ,"($27,819.00)",$0.00 ,$0.00 ,$0.00 ,$0.00 ,$0.00 ,$0.00 ,$30.71 ,$0.00 ,$0.00 ,$0.00 ,$30.71 ,$546.82 ,"$7,179.10 "
"3535 West Loop 820 South  Fort Worth, TX 76116",Subaru,Auto - Subaru Plant (Floorplan-New) - East,1/2/2026,25542,1/2/2026,8/2/2027,2026 Subaru FORESTERSUVLI,Automobile,FORESTERSUVLI,4S4SLDR69T3025542,R4773,"$39,596.00 ","$39,596.00 ",$0.00 ,,"($39,596.00)",$0.00 ,"($39,596.00)",$0.00 ,$0.00 ,$0.00 ,$0.00 ,$0.00 ,$0.00 ,$43.72 ,$0.00 ,$0.00 ,$0.00 ,$43.72 ,$361.82 ,"$10,218.32 "
"3535 West Loop 820 South  Fort Worth, TX 76116",Subaru,Auto - Subaru Plant (Floorplan-New) - East,1/26/2026,26066,1/26/2026,8/26/2027,2026 Subaru FORESTERSUVLI,Automobile,FORESTERSUVLI,4S4SLDR68T3026066,,"$37,133.00 ","$37,133.00 ",$0.00 ,,$0.00 ,$0.00 ,$0.00 ,"$37,133.00 ",$0.00 ,$0.00 ,$0.00 ,$0.00 ,$0.00 ,$158.85 ,$0.00 ,$0.00 ,$0.00 ,$158.85 ,$333.40 ,"$37,133.00 "
"3535 West Loop 820 South  Fort Worth, TX 76116",Subaru,Auto - Subaru Plant (Floorplan-New) - East,1/5/2026,26147,1/5/2026,8/5/2027,2026 Subaru FORESTERSUVLI,Automobile,FORESTERSUVLI,4S4SLDR68T3026147,R4782,"$39,596.00 ","$39,596.00 ",$0.00 ,,"($39,596.00)",$0.00 ,"($39,596.00)",$0.00 ,$0.00 ,$0.00 ,$0.00 ,$0.00 ,$0.00 ,$163.92 ,$0.00 ,$0.00 ,$0.00 ,$163.92 ,$465.52 ,"$38,318.71 "
"3535 West Loop 820 South  Fort Worth, TX 76116",Subaru,Auto - Subaru Plant (Floorplan-New) - East,3/2/2026,26348,3/2/2026,10/2/2027,2026 Subaru FORESTERSUVSP,Automobile,FORESTERSUVSP,4S4SLDH65T3026348,,"$34,954.00 ",$0.00 ,"$34,954.00 ",3/2/2026,$0.00 ,$0.00 ,"$34,954.00 ","$34,954.00 ",$0.00 ,$0.00 ,$0.00 ,$0.00 ,$0.00 ,$144.70 ,$0.00 ,$0.00 ,$0.00 ,$144.70 ,$144.70 ,"$33,826.45 "
"3535 West Loop 820 South  Fort Worth, TX 76116",Subaru,Auto - Subaru Plant (Floorplan-New) - East,12/22/2025,26348,12/22/2025,7/22/2027,2026 Subaru FORESTERSUVSP,Automobile,FORESTERSUVSP,4S4SLDH65T3026348,,"$37,341.00 ","$37,341.00 ",$0.00 ,,$0.00 ,"($37,341.00)","($37,341.00)",$0.00 ,$0.00 ,$0.00 ,$0.00 ,$0.00 ,$0.00 ,$0.00 ,($10.31),$0.00 ,$0.00 ,$0.00 ,$348.69 ,$0.00 
"3535 West Loop 820 South  Fort Worth, TX 76116",Subaru,Auto - Subaru Plant (Floorplan-New) - East,1/26/2026,31082,1/26/2026,8/26/2027,2026 Subaru FORESTERSUVWI,Automobile,FORESTERSUVWI,4S4SLDL68T3031082,,"$37,900.00 ","$37,900.00 ",$0.00 ,,$0.00 ,$0.00 ,$0.00 ,"$37,900.00 ",$0.00 ,$0.00 ,$0.00 ,$0.00 ,$0.00 ,$162.13 ,$0.00 ,$0.00 ,$0.00 ,$162.13 ,$340.28 ,"$37,900.00 "
"3535 West Loop 820 South  Fort Worth, TX 76116",Subaru,Auto - Subaru Plant (Floorplan-New) - East,1/5/2026,31223,1/5/2026,8/5/2027,2026 Subaru FORESTERSUVSP,Automobile,FORESTERSUVSP,4S4SLDH6XT3031223,,"$37,341.00 ","$37,341.00 ",$0.00 ,,"($37,341.00)",$0.00 ,"($37,341.00)",$0.00 ,$0.00 ,$0.00 ,$0.00 ,$0.00 ,$0.00 ,$118.52 ,$0.00 ,$0.00 ,$0.00 ,$118.52 ,$402.94 ,"$27,704.61 "
"3535 West Loop 820 South  Fort Worth, TX 76116",Subaru,Auto - Subaru Plant (Floorplan-New) - East,3/25/2026,31223,3/25/2026,10/25/2027,2026 Subaru FORESTERSUVSP,Automobile,FORESTERSUVSP,4S4SLDH6XT3031223,,"$34,954.00 ",$0.00 ,"$34,954.00 ",3/25/2026,$0.00 ,$0.00 ,"$34,954.00 ","$34,954.00 ",$0.00 ,$0.00 ,$0.00 ,$0.00 ,$0.00 ,$33.76 ,$0.00 ,$0.00 ,$0.00 ,$33.76 ,$33.76 ,"$7,892.84 "
"3535 West Loop 820 South  Fort Worth, TX 76116",Subaru,Auto - Subaru Plant (Floorplan-New) - East,1/9/2026,37844,1/9/2026,8/9/2027,2026 Subaru FORESTERSUVPR,Automobile,FORESTERSUVPR,4S4SLDB65T3037844,,"$33,184.00 ","$33,184.00 ",$0.00 ,,$0.00 ,"($33,184.00)","($33,184.00)",$0.00 ,$0.00 ,$0.00 ,$0.00 ,$0.00 ,$0.00 ,$0.00 ,($9.17),$0.00 ,$0.00 ,$0.00 ,$225.16 ,$0.00 
"3535 West Loop 820 South  Fort Worth, TX 76116",Subaru,Auto - Subaru Plant (Floorplan-New) - East,3/2/2026,37844,3/2/2026,10/2/2027,2026 Subaru FORESTERSUVPR,Automobile,FORESTERSUVPR,4S4SLDB65T3037844,,"$30,973.00 ",$0.00 ,"$30,973.00 ",3/2/2026,$0.00 ,$0.00 ,"$30,973.00 ","$30,973.00 ",$0.00 ,$0.00 ,$0.00 ,$0.00 ,$0.00 ,$128.22 ,$0.00 ,$0.00 ,$0.00 ,$128.22 ,$128.22 ,"$29,973.87 "
"3535 West Loop 820 South  Fort Worth, TX 76116",Subaru,Auto - Subaru Plant (Floorplan-New) - East,1/14/2026,38436,1/14/2026,8/14/2027,2026 Subaru FORESTERSUVPR,Automobile,FORESTERSUVPR,4S4SLDD6XT3038436,,"$34,184.00 ","$34,184.00 ",$0.00 ,,$0.00 ,"($34,184.00)","($34,184.00)",$0.00 ,$0.00 ,$0.00 ,$0.00 ,$0.00 ,$0.00 ,$0.00 ,($9.44),$0.00 ,$0.00 ,$0.00 ,$208.21 ,$0.00 
"3535 West Loop 820 South  Fort Worth, TX 76116",Subaru,Auto - Subaru Plant (Floorplan-New) - East,3/2/2026,38436,3/2/2026,10/2/2027,2026 Subaru FORESTERSUVPR,Automobile,FORESTERSUVPR,4S4SLDD6XT3038436,,"$31,925.00 ",$0.00 ,"$31,925.00 ",3/2/2026,$0.00 ,$0.00 ,"$31,925.00 ","$31,925.00 ",$0.00 ,$0.00 ,$0.00 ,$0.00 ,$0.00 ,$132.16 ,$0.00 ,$0.00 ,$0.00 ,$132.16 ,$132.16 ,"$30,895.16 "
"3535 West Loop 820 South  Fort Worth, TX 76116",Subaru,Auto - Subaru Plant (Floorplan-New) - East,3/2/2026,39644,3/2/2026,10/2/2027,2026 Subaru FORESTERSUVSP,Automobile,FORESTERSUVSP,4S4SLDH68T3039644,,"$35,033.00 ",$0.00 ,"$35,033.00 ",3/2/2026,$0.00 ,$0.00 ,"$35,033.00 ","$35,033.00 ",$0.00 ,$0.00 ,$0.00 ,$0.00 ,$0.00 ,$145.03 ,$0.00 ,$0.00 ,$0.00 ,$145.03 ,$145.03 ,"$33,902.90 "
"3535 West Loop 820 South  Fort Worth, TX 76116",Subaru,Auto - Subaru Plant (Floorplan-New) - East,1/12/2026,39644,1/12/2026,8/12/2027,2026 Subaru FORESTERSUVSP,Automobile,FORESTERSUVSP,4S4SLDH68T3039644,,"$37,420.00 ","$37,420.00 ",$0.00 ,,$0.00 ,"($37,420.00)","($37,420.00)",$0.00 ,$0.00 ,$0.00 ,$0.00 ,$0.00 ,$0.00 ,$0.00 ,($10.34),$0.00 ,$0.00 ,$0.00 ,$238.31 ,$0.00 
"3535 West Loop 820 South  Fort Worth, TX 76116",Subaru,Auto - Subaru Plant (Floorplan-New) - East,1/12/2026,39651,1/12/2026,8/12/2027,2026 Subaru FORESTERSUVWI,Automobile,FORESTERSUVWI,4S4SLDL66T3039651,,"$40,297.00 ","$40,297.00 ",$0.00 ,,$0.00 ,$0.00 ,$0.00 ,"$40,297.00 ",$0.00 ,$0.00 ,$0.00 ,$0.00 ,$0.00 ,$172.38 ,$0.00 ,$0.00 ,$0.00 ,$172.38 ,$440.15 ,"$40,297.00 "
"3535 West Loop 820 South  Fort Worth, TX 76116",Subaru,Auto - Subaru Plant (Floorplan-New) - East,1/8/2026,39740,1/8/2026,8/8/2027,2026 Subaru FORESTERSUVLI,Automobile,FORESTERSUVLI,4S4SLDR66T3039740,R4804,"$38,000.00 ","$38,000.00 ",$0.00 ,,"($38,000.00)",$0.00 ,"($38,000.00)",$0.00 ,$0.00 ,$0.00 ,$0.00 ,$0.00 ,$0.00 ,$131.10 ,$0.00 ,$0.00 ,$0.00 ,$131.10 ,$404.71 ,"$30,645.16 "
"3535 West Loop 820 South  Fort Worth, TX 76116",Subaru,Auto - Subaru Plant (Floorplan-New) - East,1/12/2026,39834,1/12/2026,8/12/2027,2026 Subaru FORESTERSUVLI,Automobile,FORESTERSUVLI,4S4SLDR64T3039834,,"$39,142.00 ","$39,142.00 ",$0.00 ,,$0.00 ,$0.00 ,$0.00 ,"$39,142.00 ",$0.00 ,$0.00 ,$0.00 ,$0.00 ,$0.00 ,$167.45 ,$0.00 ,$0.00 ,$0.00 ,$167.45 ,$427.55 ,"$39,142.00 "
"3535 West Loop 820 South  Fort Worth, TX 76116",Subaru,Auto - Subaru Plant (Floorplan-New) - East,1/12/2026,39983,1/12/2026,8/12/2027,2026 Subaru FORESTERSUVLI,Automobile,FORESTERSUVLI,4S4SLDR6XT3039983,,"$38,767.00 ","$38,767.00 ",$0.00 ,,$0.00 ,$0.00 ,$0.00 ,"$38,767.00 ",$0.00 ,$0.00 ,$0.00 ,$0.00 ,$0.00 ,$165.84 ,$0.00 ,$0.00 ,$0.00 ,$165.84 ,$423.44 ,"$38,767.00 "
"3535 West Loop 820 South  Fort Worth, TX 76116",Subaru,Auto - Subaru Plant (Floorplan-New) - East,1/12/2026,40158,1/12/2026,8/12/2027,2026 Subaru FORESTERSUVLI,Automobile,FORESTERSUVLI,4S4SLDR66T3040158,R4829,"$38,767.00 ","$38,767.00 ",$0.00 ,,"($38,767.00)",$0.00 ,"($38,767.00)",$0.00 ,$0.00 ,$0.00 ,$0.00 ,$0.00 ,$0.00 ,$160.49 ,$0.00 ,$0.00 ,$0.00 ,$160.49 ,$418.09 ,"$37,516.45 "
"3535 West Loop 820 South  Fort Worth, TX 76116",Subaru,Auto - Subaru Plant (Floorplan-New) - East,1/9/2026,40180,1/9/2026,8/9/2027,2026 Subaru FORESTERSUVLI,Automobile,FORESTERSUVLI,4S4SLDR6XT3040180,R4815,"$38,767.00 ","$38,767.00 ",$0.00 ,,"($38,767.00)",$0.00 ,"($38,767.00)",$0.00 ,$0.00 ,$0.00 ,$0.00 ,$0.00 ,$0.00 ,$85.59 ,$0.00 ,$0.00 ,$0.00 ,$85.59 ,$359.34 ,"$20,008.77 "
"3535 West Loop 820 South  Fort Worth, TX 76116",Subaru,Auto - Subaru Plant (Floorplan-New) - East,1/12/2026,40683,1/12/2026,8/12/2027,2026 Subaru FORESTERSUVLI,Automobile,FORESTERSUVLI,4S4SLDR63T3040683,R4833,"$38,000.00 ","$38,000.00 ",$0.00 ,,"($38,000.00)",$0.00 ,"($38,000.00)",$0.00 ,$0.00 ,$0.00 ,$0.00 ,$0.00 ,$0.00 ,$83.91 ,$0.00 ,$0.00 ,$0.00 ,$83.91 ,$336.41 ,"$19,612.90 "
"3535 West Loop 820 South  Fort Worth, TX 76116",Subaru,Auto - Subaru Plant (Floorplan-New) - East,1/26/2026,42775,1/26/2026,8/26/2027,2026 Subaru FORESTERSUVPR,Automobile,FORESTERSUVPR,4S4SLDD68T3042775,R4886,"$34,184.00 ","$34,184.00 ",$0.00 ,,"($34,184.00)",$0.00 ,"($34,184.00)",$0.00 ,$0.00 ,$0.00 ,$0.00 ,$0.00 ,$0.00 ,$37.74 ,$0.00 ,$0.00 ,$0.00 ,$37.74 ,$198.42 ,"$8,821.68 "
"3535 West Loop 820 South  Fort Worth, TX 76116",Subaru,Auto - Subaru Plant (Floorplan-New) - East,1/21/2026,42826,1/21/2026,8/21/2027,2026 Subaru FORESTERSUVPR,Automobile,FORESTERSUVPR,4S4SLDD6XT3042826,,"$34,184.00 ","$34,184.00 ",$0.00 ,,$0.00 ,$0.00 ,$0.00 ,"$34,184.00 ",$0.00 ,$0.00 ,$0.00 ,$0.00 ,$0.00 ,$146.23 ,$0.00 ,$0.00 ,$0.00 ,$146.23 ,$330.65 ,"$34,184.00 "
"3535 West Loop 820 South  Fort Worth, TX 76116",Subaru,Auto - Subaru Plant (Floorplan-New) - East,1/26/2026,43059,1/26/2026,8/26/2027,2026 Subaru FORESTERSUVPR,Automobile,FORESTERSUVPR,4S4SLDD69T3043059,,"$34,559.00 ","$34,559.00 ",$0.00 ,,$0.00 ,$0.00 ,$0.00 ,"$34,559.00 ",$0.00 ,$0.00 ,$0.00 ,$0.00 ,$0.00 ,$147.84 ,$0.00 ,$0.00 ,$0.00 ,$147.84 ,$310.29 ,"$34,559.00 "
"3535 West Loop 820 South  Fort Worth, TX 76116",Subaru,Auto - Subaru Plant (Floorplan-New) - East,1/26/2026,43108,1/26/2026,8/26/2027,2026 Subaru FORESTERSUVPR,Automobile,FORESTERSUVPR,4S4SLDD67T3043108,R4885,"$33,817.00 ","$33,817.00 ",$0.00 ,,"($33,817.00)",$0.00 ,"($33,817.00)",$0.00 ,$0.00 ,$0.00 ,$0.00 ,$0.00 ,$0.00 ,$140.00 ,$0.00 ,$0.00 ,$0.00 ,$140.00 ,$298.97 ,"$32,726.13 "
"3535 West Loop 820 South  Fort Worth, TX 76116",Subaru,Auto - Subaru Plant (Floorplan-New) - East,1/26/2026,43453,1/26/2026,8/26/2027,2026 Subaru FORESTERSUVTO,Automobile,FORESTERSUVTO,4S4SLDT60T3043453,R4887,"$40,310.00 ","$40,310.00 ",$0.00 ,,"($40,310.00)",$0.00 ,"($40,310.00)",$0.00 ,$0.00 ,$0.00 ,$0.00 ,$0.00 ,$0.00 ,$89.01 ,$0.00 ,$0.00 ,$0.00 ,$89.01 ,$278.49 ,"$20,805.16 "
"3535 West Loop 820 South  Fort Worth, TX 76116",Subaru,Auto - Subaru Plant (Floorplan-New) - East,2/2/2026,44256,2/2/2026,9/2/2027,2026 Subaru FORESTERSUVSP,Automobile,FORESTERSUVSP,4S4SLDF69T3044256,,"$36,003.00 ","$36,003.00 ",$0.00 ,,$0.00 ,"($36,003.00)","($36,003.00)",$0.00 ,$0.00 ,$0.00 ,$0.00 ,$0.00 ,$0.00 ,$0.00 ,($9.95),$0.00 ,$0.00 ,$0.00 ,$124.29 ,$0.00 
"3535 West Loop 820 South  Fort Worth, TX 76116",Subaru,Auto - Subaru Plant (Floorplan-New) - East,3/2/2026,44256,3/2/2026,10/2/2027,2026 Subaru FORESTERSUVSP,Automobile,FORESTERSUVSP,4S4SLDF69T3044256,,"$33,684.00 ",$0.00 ,"$33,684.00 ",3/2/2026,$0.00 ,$0.00 ,"$33,684.00 ","$33,684.00 ",$0.00 ,$0.00 ,$0.00 ,$0.00 ,$0.00 ,$139.44 ,$0.00 ,$0.00 ,$0.00 ,$139.44 ,$139.44 ,"$32,597.42 "
"3535 West Loop 820 South  Fort Worth, TX 76116",Subaru,Auto - Subaru Plant (Floorplan-New) - East,2/9/2026,46651,2/9/2026,9/9/2027,2026 Subaru FORESTERSUVPR,Automobile,FORESTERSUVPR,4S4SLDD6XT3046651,R4923,"$34,184.00 ","$34,184.00 ",$0.00 ,,"($34,184.00)",$0.00 ,"($34,184.00)",$0.00 ,$0.00 ,$0.00 ,$0.00 ,$0.00 ,$0.00 ,$108.50 ,$0.00 ,$0.00 ,$0.00 ,$108.50 ,$202.91 ,"$25,362.32 "
"3535 West Loop 820 South  Fort Worth, TX 76116",Subaru,Auto - Subaru Plant (Floorplan-New) - East,2/9/2026,49662,2/9/2026,9/9/2027,2026 Subaru FORESTERSUVLI,Automobile,FORESTERSUVLI,4S4SLDR67T3049662,R4924,"$38,906.00 ","$38,906.00 ",$0.00 ,,"($38,906.00)",$0.00 ,"($38,906.00)",$0.00 ,$0.00 ,$0.00 ,$0.00 ,$0.00 ,$0.00 ,$16.11 ,$0.00 ,$0.00 ,$0.00 ,$16.11 ,$123.56 ,"$3,765.10 "
"3535 West Loop 820 South  Fort Worth, TX 76116",Subaru,Auto - Subaru Plant (Floorplan-New) - East,2/18/2026,51141,2/18/2026,9/18/2027,2026 Subaru FORESTERSUVSP,Automobile,FORESTERSUVSP,4S4SLDH69T3051141,,"$37,543.00 ","$37,543.00 ",$0.00 ,,$0.00 ,$0.00 ,$0.00 ,"$37,543.00 ",$0.00 ,$0.00 ,$0.00 ,$0.00 ,$0.00 ,$160.60 ,$0.00 ,$0.00 ,$0.00 ,$160.60 ,$217.63 ,"$37,543.00 "
"3535 West Loop 820 South  Fort Worth, TX 76116",Subaru,Auto - Subaru Plant (Floorplan-New) - East,2/9/2026,51213,2/9/2026,9/9/2027,2026 Subaru FORESTERSUVSP,Automobile,FORESTERSUVSP,4S4SLDF64T3051213,,"$36,126.00 ","$36,126.00 ",$0.00 ,,$0.00 ,$0.00 ,$0.00 ,"$36,126.00 ",$0.00 ,$0.00 ,$0.00 ,$0.00 ,$0.00 ,$154.54 ,$0.00 ,$0.00 ,$0.00 ,$154.54 ,$254.31 ,"$36,126.00 "
"3535 West Loop 820 South  Fort Worth, TX 76116",Subaru,Auto - Subaru Plant (Floorplan-New) - East,2/18/2026,51467,2/18/2026,9/18/2027,2026 Subaru FORESTERSUVPR,Automobile,FORESTERSUVPR,4S4SLDD69T3051467,,"$34,624.00 ","$34,624.00 ",$0.00 ,,$0.00 ,$0.00 ,$0.00 ,"$34,624.00 ",$0.00 ,$0.00 ,$0.00 ,$0.00 ,$0.00 ,$148.11 ,$0.00 ,$0.00 ,$0.00 ,$148.11 ,$200.70 ,"$34,624.00 "
"3535 West Loop 820 South  Fort Worth, TX 76116",Subaru,Auto - Subaru Plant (Floorplan-New) - East,2/18/2026,51493,2/18/2026,9/18/2027,2026 Subaru FORESTERSUVSP,Automobile,FORESTERSUVSP,4S4SLDH67T3051493,,"$37,543.00 ","$37,543.00 ",$0.00 ,,$0.00 ,$0.00 ,$0.00 ,"$37,543.00 ",$0.00 ,$0.00 ,$0.00 ,$0.00 ,$0.00 ,$160.60 ,$0.00 ,$0.00 ,$0.00 ,$160.60 ,$217.63 ,"$37,543.00 "
"3535 West Loop 820 South  Fort Worth, TX 76116",Subaru,Auto - Subaru Plant (Floorplan-New) - East,2/20/2026,51534,2/20/2026,9/20/2027,2026 Subaru FORESTERSUVWI,Automobile,FORESTERSUVWI,4S4SLDL67T3051534,,"$39,506.00 ","$39,506.00 ",$0.00 ,,$0.00 ,$0.00 ,$0.00 ,"$39,506.00 ",$0.00 ,$0.00 ,$0.00 ,$0.00 ,$0.00 ,$169.00 ,$0.00 ,$0.00 ,$0.00 ,$169.00 ,$218.10 ,"$39,506.00 "
"3535 West Loop 820 South  Fort Worth, TX 76116",Subaru,Auto - Subaru Plant (Floorplan-New) - East,2/9/2026,51582,2/9/2026,9/9/2027,2026 Subaru FORESTERSUVPR,Automobile,FORESTERSUVPR,4S4SLDD69T3051582,R4926,"$34,249.00 ","$34,249.00 ",$0.00 ,,"($34,249.00)",$0.00 ,"($34,249.00)",$0.00 ,$0.00 ,$0.00 ,$0.00 ,$0.00 ,$0.00 ,$14.18 ,$0.00 ,$0.00 ,$0.00 ,$14.18 ,$108.77 ,"$3,314.42 "
"3535 West Loop 820 South  Fort Worth, TX 76116",Subaru,Auto - Subaru Plant (Floorplan-New) - East,2/26/2026,51714,2/26/2026,9/26/2027,2026 Subaru FORESTERSUVSP,Automobile,FORESTERSUVSP,4S4SLDF64T3051714,R5000,"$36,501.00 ","$36,501.00 ",$0.00 ,,"($36,501.00)",$0.00 ,"($36,501.00)",$0.00 ,$0.00 ,$0.00 ,$0.00 ,$0.00 ,$0.00 ,$90.67 ,$0.00 ,$0.00 ,$0.00 ,$90.67 ,$105.79 ,"$21,194.13 "
"3535 West Loop 820 South  Fort Worth, TX 76116",Subaru,Auto - Subaru Plant (Floorplan-New) - East,2/18/2026,51848,2/18/2026,9/18/2027,2026 Subaru FORESTERSUVWI,Automobile,FORESTERSUVWI,4S4SLDL68T3051848,,"$39,506.00 ","$39,506.00 ",$0.00 ,,$0.00 ,$0.00 ,$0.00 ,"$39,506.00 ",$0.00 ,$0.00 ,$0.00 ,$0.00 ,$0.00 ,$169.00 ,$0.00 ,$0.00 ,$0.00 ,$169.00 ,$229.01 ,"$39,506.00 "
"3535 West Loop 820 South  Fort Worth, TX 76116",Subaru,Auto - Subaru Plant (Floorplan-New) - East,2/27/2026,52023,2/27/2026,9/27/2027,2026 Subaru FORESTERSUVTO,Automobile,FORESTERSUVTO,4S4SLDT69T3052023,R5011,"$42,040.00 ","$42,040.00 ",$0.00 ,,"($42,040.00)",$0.00 ,"($42,040.00)",$0.00 ,$0.00 ,$0.00 ,$0.00 ,$0.00 ,$0.00 ,$17.41 ,$0.00 ,$0.00 ,$0.00 ,$17.41 ,$29.02 ,"$4,068.39 "
"3535 West Loop 820 South  Fort Worth, TX 76116",Subaru,Auto - Subaru Plant (Floorplan-New) - East,2/25/2026,52442,2/25/2026,9/25/2027,2026 Subaru FORESTERSUVWI,Automobile,FORESTERSUVWI,4S4SLDL67T3052442,R4978,"$39,506.00 ","$39,506.00 ",$0.00 ,,"($39,506.00)",$0.00 ,"($39,506.00)",$0.00 ,$0.00 ,$0.00 ,$0.00 ,$0.00 ,$0.00 ,$16.36 ,$0.00 ,$0.00 ,$0.00 ,$16.36 ,$38.18 ,"$3,823.16 "
"3535 West Loop 820 South  Fort Worth, TX 76116",Subaru,Auto - Subaru Plant (Floorplan-New) - East,2/18/2026,52951,2/18/2026,9/18/2027,2026 Subaru FORESTERSUVTO,Automobile,FORESTERSUVTO,4S4SLDT66T3052951,R4960,"$41,665.00 ","$41,665.00 ",$0.00 ,,"($41,665.00)",$0.00 ,"($41,665.00)",$0.00 ,$0.00 ,$0.00 ,$0.00 ,$0.00 ,$0.00 ,$68.99 ,$0.00 ,$0.00 ,$0.00 ,$68.99 ,$132.28 ,"$16,128.39 "
"3535 West Loop 820 South  Fort Worth, TX 76116",Subaru,Auto - Subaru Plant (Floorplan-New) - East,2/20/2026,52976,2/20/2026,9/20/2027,2026 Subaru FORESTERSUVPR,Automobile,FORESTERSUVPR,4S4SLDB69T3052976,R4969,"$33,249.00 ","$33,249.00 ",$0.00 ,,"($33,249.00)",$0.00 ,"($33,249.00)",$0.00 ,$0.00 ,$0.00 ,$0.00 ,$0.00 ,$0.00 ,$114.70 ,$0.00 ,$0.00 ,$0.00 ,$114.70 ,$156.02 ,"$26,813.71 "
"3535 West Loop 820 South  Fort Worth, TX 76116",Subaru,Auto - Subaru Plant (Floorplan-New) - East,2/26/2026,57172,2/26/2026,9/26/2027,2026 Subaru FORESTERSUVLI,Automobile,FORESTERSUVLI,4S4SLDR68T3057172,R5001,"$38,527.00 ","$38,527.00 ",$0.00 ,,"($38,527.00)",$0.00 ,"($38,527.00)",$0.00 ,$0.00 ,$0.00 ,$0.00 ,$0.00 ,$0.00 ,$116.96 ,$0.00 ,$0.00 ,$0.00 ,$116.96 ,$132.92 ,"$27,341.74 "
"3535 West Loop 820 South  Fort Worth, TX 76116",Subaru,Auto - Subaru Plant (Floorplan-New) - East,2/26/2026,57915,2/26/2026,9/26/2027,2026 Subaru FORESTERSUVPR,Automobile,FORESTERSUVPR,4S4SLDD67T3057915,,"$34,249.00 ","$34,249.00 ",$0.00 ,,$0.00 ,$0.00 ,$0.00 ,"$34,249.00 ",$0.00 ,$0.00 ,$0.00 ,$0.00 ,$0.00 ,$146.51 ,$0.00 ,$0.00 ,$0.00 ,$146.51 ,$160.70 ,"$34,249.00 "
"3535 West Loop 820 South  Fort Worth, TX 76116",Subaru,Auto - Subaru Plant (Floorplan-New) - East,3/26/2026,63369,3/26/2026,10/26/2027,2026 Subaru FORESTERSUVLI,Automobile,FORESTERSUVLI,4S4SLSR76T3063369,R5157,"$39,246.00 ",$0.00 ,"$39,246.00 ",3/26/2026,"($39,246.00)",$0.00 ,$0.00 ,$0.00 ,$0.00 ,$0.00 ,$0.00 ,$0.00 ,$0.00 ,$27.08 ,$0.00 ,$0.00 ,$0.00 ,$27.08 ,$27.08 ,"$6,330.00 "
"3535 West Loop 820 South  Fort Worth, TX 76116",Subaru,Auto - Subaru Plant (Floorplan-New) - East,3/6/2026,63586,3/6/2026,10/6/2027,2026 Subaru FORESTERSUVWI,Automobile,FORESTERSUVWI,4S4SLDL69T3063586,R5042,"$39,506.00 ",$0.00 ,"$39,506.00 ",3/6/2026,"($39,506.00)",$0.00 ,$0.00 ,$0.00 ,$0.00 ,$0.00 ,$0.00 ,$0.00 ,$0.00 ,$59.97 ,$0.00 ,$0.00 ,$0.00 ,$59.97 ,$59.97 ,"$14,018.26 "
"3535 West Loop 820 South  Fort Worth, TX 76116",Subaru,Auto - Subaru Plant (Floorplan-New) - East,2/27/2026,63825,2/27/2026,9/27/2027,2026 Subaru FORESTERSUVPR,Automobile,FORESTERSUVPR,4S4SLDD63T3063825,R5013,"$34,249.00 ","$34,249.00 ",$0.00 ,,"($34,249.00)",$0.00 ,"($34,249.00)",$0.00 ,$0.00 ,$0.00 ,$0.00 ,$0.00 ,$0.00 ,$37.81 ,$0.00 ,$0.00 ,$0.00 ,$37.81 ,$47.27 ,"$8,838.45 "
"3535 West Loop 820 South  Fort Worth, TX 76116",Subaru,Auto - Subaru Plant (Floorplan-New) - East,3/12/2026,64133,3/12/2026,10/12/2027,2026 Subaru FORESTERSUVTO,Automobile,FORESTERSUVTO,4S4SLST73T3064133,R5074,"$41,557.00 ",$0.00 ,"$41,557.00 ",3/12/2026,"($41,557.00)",$0.00 ,$0.00 ,$0.00 ,$0.00 ,$0.00 ,$0.00 ,$0.00 ,$0.00 ,$80.28 ,$0.00 ,$0.00 ,$0.00 ,$80.28 ,$80.28 ,"$18,767.68 "
"3535 West Loop 820 South  Fort Worth, TX 76116",Subaru,Auto - Subaru Plant (Floorplan-New) - East,3/26/2026,64226,3/26/2026,10/26/2027,2026 Subaru FORESTERSUVTO,Automobile,FORESTERSUVTO,4S4SLST7XT3064226,,"$41,182.00 ",$0.00 ,"$41,182.00 ",3/26/2026,$0.00 ,$0.00 ,"$41,182.00 ","$41,182.00 ",$0.00 ,$0.00 ,$0.00 ,$0.00 ,$0.00 ,$34.10 ,$0.00 ,$0.00 ,$0.00 ,$34.10 ,$34.10 ,"$7,970.71 "
"3535 West Loop 820 South  Fort Worth, TX 76116",Subaru,Auto - Subaru Plant (Floorplan-New) - East,3/20/2026,64258,3/20/2026,10/20/2027,2026 Subaru FORESTERSUVLI,Automobile,FORESTERSUVLI,4S4SLSR72T3064258,R5087,"$38,871.00 ",$0.00 ,"$38,871.00 ",3/20/2026,"($38,871.00)",$0.00 ,$0.00 ,$0.00 ,$0.00 ,$0.00 ,$0.00 ,$0.00 ,$0.00 ,$37.55 ,$0.00 ,$0.00 ,$0.00 ,$37.55 ,$37.55 ,"$8,777.32 "
"3535 West Loop 820 South  Fort Worth, TX 76116",Subaru,Auto - Subaru Plant (Floorplan-New) - East,3/20/2026,64333,3/20/2026,10/20/2027,2026 Subaru FORESTERSUVTO,Automobile,FORESTERSUVTO,4S4SLST70T3064333,R5088,"$41,182.00 ",$0.00 ,"$41,182.00 ",3/20/2026,"($41,182.00)",$0.00 ,$0.00 ,$0.00 ,$0.00 ,$0.00 ,$0.00 ,$0.00 ,$0.00 ,$34.10 ,$0.00 ,$0.00 ,$0.00 ,$34.10 ,$34.10 ,"$7,970.71 "
"3535 West Loop 820 South  Fort Worth, TX 76116",Subaru,Auto - Subaru Plant (Floorplan-New) - East,3/20/2026,64655,3/20/2026,10/20/2027,2026 Subaru FORESTERSUVLI,Automobile,FORESTERSUVLI,4S4SLSR71T3064655,,"$38,871.00 ",$0.00 ,"$38,871.00 ",3/20/2026,$0.00 ,$0.00 ,"$38,871.00 ","$38,871.00 ",$0.00 ,$0.00 ,$0.00 ,$0.00 ,$0.00 ,$64.37 ,$0.00 ,$0.00 ,$0.00 ,$64.37 ,$64.37 ,"$15,046.84 "
"3535 West Loop 820 South  Fort Worth, TX 76116",Subaru,Auto - Subaru Plant (Floorplan-New) - East,3/24/2026,64681,3/24/2026,10/24/2027,2026 Subaru FORESTERSUVSP,Automobile,FORESTERSUVSP,4S4SLSJ78T3064681,,"$37,441.00 ",$0.00 ,"$37,441.00 ",3/24/2026,$0.00 ,$0.00 ,"$37,441.00 ","$37,441.00 ",$0.00 ,$0.00 ,$0.00 ,$0.00 ,$0.00 ,$41.33 ,$0.00 ,$0.00 ,$0.00 ,$41.33 ,$41.33 ,"$9,662.19 "
"3535 West Loop 820 South  Fort Worth, TX 76116",Subaru,Auto - Subaru Plant (Floorplan-New) - East,3/24/2026,64770,3/24/2026,10/24/2027,2026 Subaru FORESTERSUVTO,Automobile,FORESTERSUVTO,4S4SLST70T3064770,,"$41,182.00 ",$0.00 ,"$41,182.00 ",3/24/2026,$0.00 ,$0.00 ,"$41,182.00 ","$41,182.00 ",$0.00 ,$0.00 ,$0.00 ,$0.00 ,$0.00 ,$45.46 ,$0.00 ,$0.00 ,$0.00 ,$45.46 ,$45.46 ,"$10,627.61 "
"3535 West Loop 820 South  Fort Worth, TX 76116",Subaru,Auto - Subaru Plant (Floorplan-New) - East,3/12/2026,64785,3/12/2026,10/12/2027,2026 Subaru FORESTERSUVPR,Automobile,FORESTERSUVPR,4S4SLSE76T3064785,R5071,"$34,102.00 ",$0.00 ,"$34,102.00 ",3/12/2026,"($34,102.00)",$0.00 ,$0.00 ,$0.00 ,$0.00 ,$0.00 ,$0.00 ,$0.00 ,$0.00 ,$65.88 ,$0.00 ,$0.00 ,$0.00 ,$65.88 ,$65.88 ,"$15,400.90 "
"3535 West Loop 820 South  Fort Worth, TX 76116",Subaru,Auto - Subaru Plant (Floorplan-New) - East,3/20/2026,64801,3/20/2026,10/20/2027,2026 Subaru FORESTERSUVTO,Automobile,FORESTERSUVTO,4S4SLST77T3064801,R5090,"$41,557.00 ",$0.00 ,"$41,557.00 ",3/20/2026,"($41,557.00)",$0.00 ,$0.00 ,$0.00 ,$0.00 ,$0.00 ,$0.00 ,$0.00 ,$0.00 ,$22.94 ,$0.00 ,$0.00 ,$0.00 ,$22.94 ,$22.94 ,"$5,362.19 "
"3535 West Loop 820 South  Fort Worth, TX 76116",Subaru,Auto - Subaru Plant (Floorplan-New) - East,3/20/2026,64820,3/20/2026,10/20/2027,2026 Subaru FORESTERSUVTO,Automobile,FORESTERSUVTO,4S4SLST70T3064820,R5089,"$41,182.00 ",$0.00 ,"$41,182.00 ",3/20/2026,"($41,182.00)",$0.00 ,$0.00 ,$0.00 ,$0.00 ,$0.00 ,$0.00 ,$0.00 ,$0.00 ,$62.51 ,$0.00 ,$0.00 ,$0.00 ,$62.51 ,$62.51 ,"$14,612.97 "
"3535 West Loop 820 South  Fort Worth, TX 76116",Subaru,Auto - Subaru Plant (Floorplan-New) - East,3/20/2026,64862,3/20/2026,10/20/2027,2026 Subaru FORESTERSUVPR,Automobile,FORESTERSUVPR,4S4SLSE79T3064862,R5085,"$34,102.00 ",$0.00 ,"$34,102.00 ",3/20/2026,"($34,102.00)",$0.00 ,$0.00 ,$0.00 ,$0.00 ,$0.00 ,$0.00 ,$0.00 ,$0.00 ,$28.23 ,$0.00 ,$0.00 ,$0.00 ,$28.23 ,$28.23 ,"$6,600.39 "
"3535 West Loop 820 South  Fort Worth, TX 76116",Subaru,Auto - Subaru Plant (Floorplan-New) - East,3/13/2026,67568,3/13/2026,10/13/2027,2026 Subaru FORESTERSUVWI,Automobile,FORESTERSUVWI,4S4SLDL65T3067568,,"$38,428.00 ",$0.00 ,"$38,428.00 ",3/13/2026,$0.00 ,$0.00 ,"$38,428.00 ","$38,428.00 ",$0.00 ,$0.00 ,$0.00 ,$0.00 ,$0.00 ,$100.75 ,$0.00 ,$0.00 ,$0.00 ,$100.75 ,$100.75 ,"$23,552.65 "
"3535 West Loop 820 South  Fort Worth, TX 76116",Subaru,Auto - Subaru Plant (Floorplan-New) - East,3/19/2026,68072,3/19/2026,10/19/2027,2026 Subaru FORESTERSUVTO,Automobile,FORESTERSUVTO,4S4SLDT63T3068072,,"$39,762.00 ",$0.00 ,"$39,762.00 ",3/19/2026,$0.00 ,$0.00 ,"$39,762.00 ","$39,762.00 ",$0.00 ,$0.00 ,$0.00 ,$0.00 ,$0.00 ,$71.33 ,$0.00 ,$0.00 ,$0.00 ,$71.33 ,$71.33 ,"$16,674.39 "
"3535 West Loop 820 South  Fort Worth, TX 76116",Subaru,Auto - Subaru Plant (Floorplan-New) - East,3/13/2026,68179,3/13/2026,10/13/2027,2026 Subaru FORESTERSUVTO,Automobile,FORESTERSUVTO,4S4SLDT6XT3068179,R5062,"$39,762.00 ",$0.00 ,"$39,762.00 ",3/13/2026,"($39,762.00)",$0.00 ,$0.00 ,$0.00 ,$0.00 ,$0.00 ,$0.00 ,$0.00 ,$0.00 ,$60.36 ,$0.00 ,$0.00 ,$0.00 ,$60.36 ,$60.36 ,"$14,109.10 "
"3535 West Loop 820 South  Fort Worth, TX 76116",Subaru,Auto - Subaru Plant (Floorplan-New) - East,3/13/2026,68181,3/13/2026,10/13/2027,2026 Subaru FORESTERSUVTO,Automobile,FORESTERSUVTO,4S4SLDT68T3068181,,"$40,137.00 ",$0.00 ,"$40,137.00 ",3/13/2026,$0.00 ,$0.00 ,"$40,137.00 ","$40,137.00 ",$0.00 ,$0.00 ,$0.00 ,$0.00 ,$0.00 ,$105.23 ,$0.00 ,$0.00 ,$0.00 ,$105.23 ,$105.23 ,"$24,600.10 "
"3535 West Loop 820 South  Fort Worth, TX 76116",Subaru,Auto - Subaru Plant (Floorplan-New) - East,3/5/2026,68233,3/5/2026,10/5/2027,2026 Subaru FORESTERSUVPR,Automobile,FORESTERSUVPR,4S4SLDB6XT3068233,R5030,"$31,968.00 ",$0.00 ,"$31,968.00 ",3/5/2026,"($31,968.00)",$0.00 ,$0.00 ,$0.00 ,$0.00 ,$0.00 ,$0.00 ,$0.00 ,$0.00 ,$26.47 ,$0.00 ,$0.00 ,$0.00 ,$26.47 ,$26.47 ,"$6,187.35 "
"3535 West Loop 820 South  Fort Worth, TX 76116",Subaru,Auto - Subaru Plant (Floorplan-New) - East,3/5/2026,68438,3/5/2026,10/5/2027,2026 Subaru FORESTERSUVWI,Automobile,FORESTERSUVWI,4S4SLDL68T3068438,R5036,"$38,428.00 ",$0.00 ,"$38,428.00 ",3/5/2026,"($38,428.00)",$0.00 ,$0.00 ,$0.00 ,$0.00 ,$0.00 ,$0.00 ,$0.00 ,$0.00 ,$68.94 ,$0.00 ,$0.00 ,$0.00 ,$68.94 ,$68.94 ,"$16,114.97 "
"3535 West Loop 820 South  Fort Worth, TX 76116",Subaru,Auto - Subaru Plant (Floorplan-New) - East,3/5/2026,68486,3/5/2026,10/5/2027,2026 Subaru FORESTERSUVWI,Automobile,FORESTERSUVWI,4S4SLDL68T3068486,,"$38,428.00 ",$0.00 ,"$38,428.00 ",3/5/2026,$0.00 ,$0.00 ,"$38,428.00 ","$38,428.00 ",$0.00 ,$0.00 ,$0.00 ,$0.00 ,$0.00 ,$143.17 ,$0.00 ,$0.00 ,$0.00 ,$143.17 ,$143.17 ,"$33,469.55 "
"3535 West Loop 820 South  Fort Worth, TX 76116",Subaru,Auto - Subaru Plant (Floorplan-New) - East,3/9/2026,68626,3/9/2026,10/9/2027,2026 Subaru FORESTERSUVWI,Automobile,FORESTERSUVWI,4S4SLDL69T3068626,R5054,"$38,428.00 ",$0.00 ,"$38,428.00 ",3/9/2026,"($38,428.00)",$0.00 ,$0.00 ,$0.00 ,$0.00 ,$0.00 ,$0.00 ,$0.00 ,$0.00 ,$42.42 ,$0.00 ,$0.00 ,$0.00 ,$42.42 ,$42.42 ,"$9,916.90 "
"3535 West Loop 820 South  Fort Worth, TX 76116",Subaru,Auto - Subaru Plant (Floorplan-New) - East,3/9/2026,69212,3/9/2026,10/9/2027,2026 Subaru FORESTERSUVSP,Automobile,FORESTERSUVSP,4S4SLSJ79T3069212,,"$37,441.00 ",$0.00 ,"$37,441.00 ",3/9/2026,$0.00 ,$0.00 ,"$37,441.00 ","$37,441.00 ",$0.00 ,$0.00 ,$0.00 ,$0.00 ,$0.00 ,$118.83 ,$0.00 ,$0.00 ,$0.00 ,$118.83 ,$118.83 ,"$27,778.81 "
"3535 West Loop 820 South  Fort Worth, TX 76116",Subaru,Auto - Subaru Plant (Floorplan-New) - East,3/9/2026,69415,3/9/2026,10/9/2027,2026 Subaru FORESTERSUV-,Automobile,FORESTERSUV-,4S4SLDA68T3069415,R5048,"$30,370.00 ",$0.00 ,"$30,370.00 ",3/9/2026,"($30,370.00)",$0.00 ,$0.00 ,$0.00 ,$0.00 ,$0.00 ,$0.00 ,$0.00 ,$0.00 ,$33.53 ,$0.00 ,$0.00 ,$0.00 ,$33.53 ,$33.53 ,"$7,837.42 "
"3535 West Loop 820 South  Fort Worth, TX 76116",Subaru,Auto - Subaru Plant (Floorplan-New) - East,3/5/2026,69632,3/5/2026,10/5/2027,2026 Subaru FORESTERSUVPR,Automobile,FORESTERSUVPR,4S4SLDB67T3069632,,"$31,593.00 ",$0.00 ,"$31,593.00 ",3/5/2026,$0.00 ,$0.00 ,"$31,593.00 ","$31,593.00 ",$0.00 ,$0.00 ,$0.00 ,$0.00 ,$0.00 ,$117.71 ,$0.00 ,$0.00 ,$0.00 ,$117.71 ,$117.71 ,"$27,516.48 "
"3535 West Loop 820 South  Fort Worth, TX 76116",Subaru,Auto - Subaru Plant (Floorplan-New) - East,3/5/2026,70441,3/5/2026,10/5/2027,2026 Subaru FORESTERSUVPR,Automobile,FORESTERSUVPR,4S4SLDD69T3070441,R5034,"$32,968.00 ",$0.00 ,"$32,968.00 ",3/5/2026,"($32,968.00)",$0.00 ,$0.00 ,$0.00 ,$0.00 ,$0.00 ,$0.00 ,$0.00 ,$0.00 ,$54.59 ,$0.00 ,$0.00 ,$0.00 ,$54.59 ,$54.59 ,"$12,761.81 "
"3535 West Loop 820 South  Fort Worth, TX 76116",Subaru,Auto - Subaru Plant (Floorplan-New) - East,3/5/2026,70442,3/5/2026,10/5/2027,2026 Subaru FORESTERSUVPR,Automobile,FORESTERSUVPR,4S4SLDB67T3070442,R5033,"$31,968.00 ",$0.00 ,"$31,968.00 ",3/5/2026,"($31,968.00)",$0.00 ,$0.00 ,$0.00 ,$0.00 ,$0.00 ,$0.00 ,$0.00 ,$0.00 ,$57.35 ,$0.00 ,$0.00 ,$0.00 ,$57.35 ,$57.35 ,"$13,405.94 "
"3535 West Loop 820 South  Fort Worth, TX 76116",Subaru,Auto - Subaru Plant (Floorplan-New) - East,3/5/2026,70443,3/5/2026,10/5/2027,2026 Subaru FORESTERSUVPR,Automobile,FORESTERSUVPR,4S4SLDB69T3070443,R5036,"$31,593.00 ",$0.00 ,"$31,593.00 ",3/5/2026,"($31,593.00)",$0.00 ,$0.00 ,$0.00 ,$0.00 ,$0.00 ,$0.00 ,$0.00 ,$0.00 ,$52.31 ,$0.00 ,$0.00 ,$0.00 ,$52.31 ,$52.31 ,"$12,229.55 "
"3535 West Loop 820 South  Fort Worth, TX 76116",Subaru,Auto - Subaru Plant (Floorplan-New) - East,3/24/2026,71027,3/24/2026,10/24/2027,2026 Subaru FORESTERSUV-,Automobile,FORESTERSUV-,4S4SLDA69T3071027,R5126,"$29,995.00 ",$0.00 ,"$29,995.00 ",3/24/2026,"($29,995.00)",$0.00 ,$0.00 ,$0.00 ,$0.00 ,$0.00 ,$0.00 ,$0.00 ,$0.00 ,$28.97 ,$0.00 ,$0.00 ,$0.00 ,$28.97 ,$28.97 ,"$6,773.06 "
"3535 West Loop 820 South  Fort Worth, TX 76116",Subaru,Auto - Subaru Plant (Floorplan-New) - East,3/26/2026,77442,3/26/2026,10/26/2027,2026 Subaru FORESTERSUVPR,Automobile,FORESTERSUVPR,4S4SLDD62T3077442,,"$32,593.00 ",$0.00 ,"$32,593.00 ",3/26/2026,$0.00 ,$0.00 ,"$32,593.00 ","$32,593.00 ",$0.00 ,$0.00 ,$0.00 ,$0.00 ,$0.00 ,$26.99 ,$0.00 ,$0.00 ,$0.00 ,$26.99 ,$26.99 ,"$6,308.32 "
"3535 West Loop 820 South  Fort Worth, TX 76116",Subaru,Auto - Subaru Plant (Floorplan-New) - East,3/24/2026,78116,3/24/2026,10/24/2027,2026 Subaru FORESTERSUVWI,Automobile,FORESTERSUVWI,4S4SLDL63T3078116,,"$39,101.00 ",$0.00 ,"$39,101.00 ",3/24/2026,$0.00 ,$0.00 ,"$39,101.00 ","$39,101.00 ",$0.00 ,$0.00 ,$0.00 ,$0.00 ,$0.00 ,$43.16 ,$0.00 ,$0.00 ,$0.00 ,$43.16 ,$43.16 ,"$10,090.58 "
"3535 West Loop 820 South  Fort Worth, TX 76116",Subaru,Auto - Subaru Plant (Floorplan-New) - East,3/31/2026,78179,3/31/2026,10/31/2027,2026 Subaru FORESTERSUVLI,Automobile,FORESTERSUVLI,4S4SLSR7XT3078179,,"$38,703.00 ",$0.00 ,"$38,703.00 ",3/31/2026,$0.00 ,$0.00 ,"$38,703.00 ","$38,703.00 ",$0.00 ,$0.00 ,$0.00 ,$0.00 ,$0.00 ,$5.34 ,$0.00 ,$0.00 ,$0.00 ,$5.34 ,$5.34 ,"$1,248.48 "
"3535 West Loop 820 South  Fort Worth, TX 76116",Subaru,Auto - Subaru Plant (Floorplan-New) - East,3/24/2026,78208,3/24/2026,10/24/2027,2026 Subaru FORESTERSUVWI,Automobile,FORESTERSUVWI,4S4SLDL68T3078208,R5117,"$39,101.00 ",$0.00 ,"$39,101.00 ",3/24/2026,"($39,101.00)",$0.00 ,$0.00 ,$0.00 ,$0.00 ,$0.00 ,$0.00 ,$0.00 ,$0.00 ,$37.77 ,$0.00 ,$0.00 ,$0.00 ,$37.77 ,$37.77 ,"$8,829.26 "
"3535 West Loop 820 South  Fort Worth, TX 76116",Subaru,Auto - Subaru Plant (Floorplan-New) - East,3/24/2026,78478,3/24/2026,10/24/2027,2026 Subaru FORESTERSUVTO,Automobile,FORESTERSUVTO,4S4SLST78T3078478,,"$40,934.00 ",$0.00 ,"$40,934.00 ",3/24/2026,$0.00 ,$0.00 ,"$40,934.00 ","$40,934.00 ",$0.00 ,$0.00 ,$0.00 ,$0.00 ,$0.00 ,$45.19 ,$0.00 ,$0.00 ,$0.00 ,$45.19 ,$45.19 ,"$10,563.61 "
"3535 West Loop 820 South  Fort Worth, TX 76116",Subaru,Auto - Subaru Plant (Floorplan-New) - East,3/24/2026,78550,3/24/2026,10/24/2027,2026 Subaru FORESTERSUVWI,Automobile,FORESTERSUVWI,4S4SLDL68T3078550,,"$39,101.00 ",$0.00 ,"$39,101.00 ",3/24/2026,$0.00 ,$0.00 ,"$39,101.00 ","$39,101.00 ",$0.00 ,$0.00 ,$0.00 ,$0.00 ,$0.00 ,$43.16 ,$0.00 ,$0.00 ,$0.00 ,$43.16 ,$43.16 ,"$10,090.58 "
"3535 West Loop 820 South  Fort Worth, TX 76116",Subaru,Auto - Subaru Plant (Floorplan-New) - East,3/24/2026,78618,3/24/2026,10/24/2027,2026 Subaru FORESTERSUVPR,Automobile,FORESTERSUVPR,4S4SLDD67T3078618,,"$32,672.00 ",$0.00 ,"$32,672.00 ",3/24/2026,$0.00 ,$0.00 ,"$32,672.00 ","$32,672.00 ",$0.00 ,$0.00 ,$0.00 ,$0.00 ,$0.00 ,$36.07 ,$0.00 ,$0.00 ,$0.00 ,$36.07 ,$36.07 ,"$8,431.48 "
"3535 West Loop 820 South  Fort Worth, TX 76116",Subaru,Auto - Subaru Plant (Floorplan-New) - East,3/31/2026,78704,3/31/2026,10/31/2027,2026 Subaru FORESTERSUVSP,Automobile,FORESTERSUVSP,4S4SLDH68T3078704,,"$36,156.00 ",$0.00 ,"$36,156.00 ",3/31/2026,$0.00 ,$0.00 ,"$36,156.00 ","$36,156.00 ",$0.00 ,$0.00 ,$0.00 ,$0.00 ,$0.00 ,$4.99 ,$0.00 ,$0.00 ,$0.00 ,$4.99 ,$4.99 ,"$1,166.32 "
"3535 West Loop 820 South  Fort Worth, TX 76116",Subaru,Auto - Subaru Plant (Floorplan-New) - East,3/31/2026,78717,3/31/2026,10/31/2027,2026 Subaru FORESTERSUVSP,Automobile,FORESTERSUVSP,4S4SLDH66T3078717,,"$36,156.00 ",$0.00 ,"$36,156.00 ",3/31/2026,$0.00 ,$0.00 ,"$36,156.00 ","$36,156.00 ",$0.00 ,$0.00 ,$0.00 ,$0.00 ,$0.00 ,$4.99 ,$0.00 ,$0.00 ,$0.00 ,$4.99 ,$4.99 ,"$1,166.32 "
"3535 West Loop 820 South  Fort Worth, TX 76116",Subaru,Auto - Subaru Plant (Floorplan-New) - East,3/24/2026,78801,3/24/2026,10/24/2027,2026 Subaru FORESTERSUVWI,Automobile,FORESTERSUVWI,4S4SLDL67T3078801,,"$39,101.00 ",$0.00 ,"$39,101.00 ",3/24/2026,$0.00 ,$0.00 ,"$39,101.00 ","$39,101.00 ",$0.00 ,$0.00 ,$0.00 ,$0.00 ,$0.00 ,$43.16 ,$0.00 ,$0.00 ,$0.00 ,$43.16 ,$43.16 ,"$10,090.58 "
"3535 West Loop 820 South  Fort Worth, TX 76116",Subaru,Auto - Subaru Plant (Floorplan-New) - East,3/26/2026,78998,3/26/2026,10/26/2027,2026 Subaru FORESTERSUVWI,Automobile,FORESTERSUVWI,4S4SLDL68T3078998,,"$39,101.00 ",$0.00 ,"$39,101.00 ",3/26/2026,$0.00 ,$0.00 ,"$39,101.00 ","$39,101.00 ",$0.00 ,$0.00 ,$0.00 ,$0.00 ,$0.00 ,$32.37 ,$0.00 ,$0.00 ,$0.00 ,$32.37 ,$32.37 ,"$7,567.94 "
"3535 West Loop 820 South  Fort Worth, TX 76116",Subaru,Auto - Subaru Plant (Floorplan-New) - East,3/19/2026,79083,3/19/2026,10/19/2027,2026 Subaru FORESTERSUVPR,Automobile,FORESTERSUVPR,4S4SLDD6XT3079083,,"$33,047.00 ",$0.00 ,"$33,047.00 ",3/19/2026,$0.00 ,$0.00 ,"$33,047.00 ","$33,047.00 ",$0.00 ,$0.00 ,$0.00 ,$0.00 ,$0.00 ,$59.28 ,$0.00 ,$0.00 ,$0.00 ,$59.28 ,$59.28 ,"$13,858.42 "
"3535 West Loop 820 South  Fort Worth, TX 76116",Subaru,Auto - Subaru Plant (Floorplan-New) - East,3/31/2026,79089,3/31/2026,10/31/2027,2026 Subaru FORESTERSUVTO,Automobile,FORESTERSUVTO,4S4SLDT69T3079089,,"$39,514.00 ",$0.00 ,"$39,514.00 ",3/31/2026,$0.00 ,$0.00 ,"$39,514.00 ","$39,514.00 ",$0.00 ,$0.00 ,$0.00 ,$0.00 ,$0.00 ,$5.45 ,$0.00 ,$0.00 ,$0.00 ,$5.45 ,$5.45 ,"$1,274.65 "
"3535 West Loop 820 South  Fort Worth, TX 76116",Subaru,Auto - Subaru Plant (Floorplan-New) - East,3/31/2026,79101,3/31/2026,10/31/2027,2026 Subaru FORESTERSUVPR,Automobile,FORESTERSUVPR,4S4SLDD68T3079101,,"$32,672.00 ",$0.00 ,"$32,672.00 ",3/31/2026,$0.00 ,$0.00 ,"$32,672.00 ","$32,672.00 ",$0.00 ,$0.00 ,$0.00 ,$0.00 ,$0.00 ,$4.51 ,$0.00 ,$0.00 ,$0.00 ,$4.51 ,$4.51 ,"$1,053.94 "
"3535 West Loop 820 South  Fort Worth, TX 76116",Subaru,Auto - Subaru Plant (Floorplan-New) - East,3/31/2026,79156,3/31/2026,10/31/2027,2026 Subaru FORESTERSUVLI,Automobile,FORESTERSUVLI,4S4SLDR6XT3079156,,"$37,294.00 ",$0.00 ,"$37,294.00 ",3/31/2026,$0.00 ,$0.00 ,"$37,294.00 ","$37,294.00 ",$0.00 ,$0.00 ,$0.00 ,$0.00 ,$0.00 ,$5.15 ,$0.00 ,$0.00 ,$0.00 ,$5.15 ,$5.15 ,"$1,203.03 "
"3535 West Loop 820 South  Fort Worth, TX 76116",Subaru,Auto - Subaru Plant (Floorplan-New) - East,3/24/2026,79171,3/24/2026,10/24/2027,2026 Subaru FORESTERSUVPR,Automobile,FORESTERSUVPR,4S4SLDD67T3079171,,"$32,672.00 ",$0.00 ,"$32,672.00 ",3/24/2026,$0.00 ,$0.00 ,"$32,672.00 ","$32,672.00 ",$0.00 ,$0.00 ,$0.00 ,$0.00 ,$0.00 ,$36.07 ,$0.00 ,$0.00 ,$0.00 ,$36.07 ,$36.07 ,"$8,431.48 "
"3535 West Loop 820 South  Fort Worth, TX 76116",Subaru,Auto - Subaru Plant (Floorplan-New) - East,3/24/2026,79179,3/24/2026,10/24/2027,2026 Subaru FORESTERSUVLI,Automobile,FORESTERSUVLI,4S4SLDR60T3079179,,"$37,294.00 ",$0.00 ,"$37,294.00 ",3/24/2026,$0.00 ,$0.00 ,"$37,294.00 ","$37,294.00 ",$0.00 ,$0.00 ,$0.00 ,$0.00 ,$0.00 ,$41.17 ,$0.00 ,$0.00 ,$0.00 ,$41.17 ,$41.17 ,"$9,624.26 "
"3535 West Loop 820 South  Fort Worth, TX 76116",Subaru,Auto - Subaru Plant (Floorplan-New) - East,3/26/2026,79418,3/26/2026,10/26/2027,2026 Subaru FORESTERSUVTO,Automobile,FORESTERSUVTO,4S4SLST76T3079418,,"$40,934.00 ",$0.00 ,"$40,934.00 ",3/26/2026,$0.00 ,$0.00 ,"$40,934.00 ","$40,934.00 ",$0.00 ,$0.00 ,$0.00 ,$0.00 ,$0.00 ,$33.89 ,$0.00 ,$0.00 ,$0.00 ,$33.89 ,$33.89 ,"$7,922.71 "
"3535 West Loop 820 South  Fort Worth, TX 76116",Subaru,Auto - Subaru Plant (Floorplan-New) - East,3/26/2026,79430,3/26/2026,10/26/2027,2026 Subaru FORESTERSUVTO,Automobile,FORESTERSUVTO,4S4SLST77T3079430,,"$40,934.00 ",$0.00 ,"$40,934.00 ",3/26/2026,$0.00 ,$0.00 ,"$40,934.00 ","$40,934.00 ",$0.00 ,$0.00 ,$0.00 ,$0.00 ,$0.00 ,$33.89 ,$0.00 ,$0.00 ,$0.00 ,$33.89 ,$33.89 ,"$7,922.71 "
"3535 West Loop 820 South  Fort Worth, TX 76116",Subaru,Auto - Subaru Plant (Floorplan-New) - East,3/26/2026,79502,3/26/2026,10/26/2027,2026 Subaru FORESTERSUVLI,Automobile,FORESTERSUVLI,4S4SLSR77T3079502,,"$39,078.00 ",$0.00 ,"$39,078.00 ",3/26/2026,$0.00 ,$0.00 ,"$39,078.00 ","$39,078.00 ",$0.00 ,$0.00 ,$0.00 ,$0.00 ,$0.00 ,$32.35 ,$0.00 ,$0.00 ,$0.00 ,$32.35 ,$32.35 ,"$7,563.48 "
"3535 West Loop 820 South  Fort Worth, TX 76116",Subaru,Auto - Subaru Plant (Floorplan-New) - East,3/26/2026,79576,3/26/2026,10/26/2027,2026 Subaru FORESTERSUVWI,Automobile,FORESTERSUVWI,4S4SLDL69T3079576,,"$39,101.00 ",$0.00 ,"$39,101.00 ",3/26/2026,$0.00 ,$0.00 ,"$39,101.00 ","$39,101.00 ",$0.00 ,$0.00 ,$0.00 ,$0.00 ,$0.00 ,$32.37 ,$0.00 ,$0.00 ,$0.00 ,$32.37 ,$32.37 ,"$7,567.94 "
"3535 West Loop 820 South  Fort Worth, TX 76116",Subaru,Auto - Subaru Plant (Floorplan-New) - East,3/26/2026,79665,3/26/2026,10/26/2027,2026 Subaru FORESTERSUVSP,Automobile,FORESTERSUVSP,4S4SLSJ78T3079665,,"$37,687.00 ",$0.00 ,"$37,687.00 ",3/26/2026,$0.00 ,$0.00 ,"$37,687.00 ","$37,687.00 ",$0.00 ,$0.00 ,$0.00 ,$0.00 ,$0.00 ,$31.20 ,$0.00 ,$0.00 ,$0.00 ,$31.20 ,$31.20 ,"$7,294.26 "
"3535 West Loop 820 South  Fort Worth, TX 76116",Subaru,Auto - Subaru Plant (Floorplan-New) - East,12/18/2025,215156,12/18/2025,7/18/2027,2026 Subaru CROSSTREK5 DO,Automobile,CROSSTREK5 DO,JF2GUSND6T8215156,,"$36,745.00 ","$36,745.00 ",$0.00 ,,$0.00 ,$0.00 ,$0.00 ,"$36,745.00 ",$0.00 ,$0.00 ,$0.00 ,$0.00 ,$0.00 ,$157.19 ,$0.00 ,$0.00 ,$0.00 ,$157.19 ,$531.58 ,"$36,745.00 "
"3535 West Loop 820 South  Fort Worth, TX 76116",Subaru,Auto - Subaru Plant (Floorplan-New) - East,1/16/2026,217964,1/16/2026,8/16/2027,2026 Subaru IMPREZA5 DOOR,Automobile,IMPREZA5 DOOR,JF1GUHJC8T8217964,R4853,"$31,667.00 ","$31,667.00 ",$0.00 ,,"($31,667.00)",$0.00 ,"($31,667.00)",$0.00 ,$0.00 ,$0.00 ,$0.00 ,$0.00 ,$0.00 ,$131.09 ,$0.00 ,$0.00 ,$0.00 ,$131.09 ,$323.92 ,"$30,645.48 "
"3535 West Loop 820 South  Fort Worth, TX 76116",Subaru,Auto - Subaru Plant (Floorplan-New) - East,2/9/2026,218896,2/9/2026,9/9/2027,2026 Subaru CROSSTREK5 DO,Automobile,CROSSTREK5 DO,JF2GUSND6T8218896,,"$35,554.00 ","$35,554.00 ",$0.00 ,,$0.00 ,$0.00 ,$0.00 ,"$35,554.00 ",$0.00 ,$0.00 ,$0.00 ,$0.00 ,$0.00 ,$152.09 ,$0.00 ,$0.00 ,$0.00 ,$152.09 ,$250.28 ,"$35,554.00 "
"3535 West Loop 820 South  Fort Worth, TX 76116",Subaru,Auto - Subaru Plant (Floorplan-New) - East,1/21/2026,218945,1/21/2026,8/21/2027,2026 Subaru IMPREZA5 DOOR,Automobile,IMPREZA5 DOOR,JF1GUAFC9T8218945,R4867,"$28,813.00 ","$28,813.00 ",$0.00 ,,"($28,813.00)",$0.00 ,"($28,813.00)",$0.00 ,$0.00 ,$0.00 ,$0.00 ,$0.00 ,$0.00 ,$11.93 ,$0.00 ,$0.00 ,$0.00 ,$11.93 ,$167.38 ,"$2,788.35 "
"3535 West Loop 820 South  Fort Worth, TX 76116",Subaru,Auto - Subaru Plant (Floorplan-New) - East,2/11/2026,220629,2/11/2026,9/11/2027,2026 Subaru CROSSTREK5 DO,Automobile,CROSSTREK5 DO,JF2GUSND4T8220629,,"$36,975.00 ","$36,975.00 ",$0.00 ,,$0.00 ,$0.00 ,$0.00 ,"$36,975.00 ",$0.00 ,$0.00 ,$0.00 ,$0.00 ,$0.00 ,$158.18 ,$0.00 ,$0.00 ,$0.00 ,$158.18 ,$250.09 ,"$36,975.00 "
"3535 West Loop 820 South  Fort Worth, TX 76116",Subaru,Auto - Subaru Plant (Floorplan-New) - East,2/9/2026,221166,2/9/2026,9/9/2027,2026 Subaru CROSSTREK5 DO,Automobile,CROSSTREK5 DO,JF2GUSND6T8221166,R4932,"$36,975.00 ","$36,975.00 ",$0.00 ,,"($36,975.00)",$0.00 ,"($36,975.00)",$0.00 ,$0.00 ,$0.00 ,$0.00 ,$0.00 ,$0.00 ,$153.08 ,$0.00 ,$0.00 ,$0.00 ,$153.08 ,$255.20 ,"$35,782.26 "
"3535 West Loop 820 South  Fort Worth, TX 76116",Subaru,Auto - Subaru Plant (Floorplan-New) - East,2/9/2026,222993,2/9/2026,9/9/2027,2026 Subaru IMPREZA5 DOOR,Automobile,IMPREZA5 DOOR,JF1GUAFC7T8222993,,"$27,501.00 ","$27,501.00 ",$0.00 ,,$0.00 ,$0.00 ,$0.00 ,"$27,501.00 ",$0.00 ,$0.00 ,$0.00 ,$0.00 ,$0.00 ,$117.65 ,$0.00 ,$0.00 ,$0.00 ,$117.65 ,$193.60 ,"$27,501.00 "
"3535 West Loop 820 South  Fort Worth, TX 76116",Subaru,Auto - Subaru Plant (Floorplan-New) - East,2/27/2026,226643,2/27/2026,9/27/2027,2026 Subaru CROSSTREK5 DO,Automobile,CROSSTREK5 DO,JF2GUSND6T8226643,R5008,"$36,384.00 ","$36,384.00 ",$0.00 ,,"($36,384.00)",$0.00 ,"($36,384.00)",$0.00 ,$0.00 ,$0.00 ,$0.00 ,$0.00 ,$0.00 ,$40.16 ,$0.00 ,$0.00 ,$0.00 ,$40.16 ,$50.21 ,"$9,389.42 "
"3535 West Loop 820 South  Fort Worth, TX 76116",Subaru,Auto - Subaru Plant (Floorplan-New) - East,2/17/2026,227824,2/17/2026,9/17/2027,2026 Subaru IMPREZA5 DOOR,Automobile,IMPREZA5 DOOR,JF1GUHHC1T8227824,R4951,"$30,033.00 ","$30,033.00 ",$0.00 ,,"($30,033.00)",$0.00 ,"($30,033.00)",$0.00 ,$0.00 ,$0.00 ,$0.00 ,$0.00 ,$0.00 ,$62.17 ,$0.00 ,$0.00 ,$0.00 ,$62.17 ,$111.94 ,"$14,532.10 "
"3535 West Loop 820 South  Fort Worth, TX 76116",Subaru,Auto - Subaru Plant (Floorplan-New) - East,2/17/2026,228003,2/17/2026,9/17/2027,2026 Subaru IMPREZA5 DOOR,Automobile,IMPREZA5 DOOR,JF1GUAFC7T8228003,R4950,"$28,767.00 ","$28,767.00 ",$0.00 ,,"($28,767.00)",$0.00 ,"($28,767.00)",$0.00 ,$0.00 ,$0.00 ,$0.00 ,$0.00 ,$0.00 ,$47.64 ,$0.00 ,$0.00 ,$0.00 ,$47.64 ,$95.31 ,"$11,135.61 "
"3535 West Loop 820 South  Fort Worth, TX 76116",Subaru,Auto - Subaru Plant (Floorplan-New) - East,2/20/2026,228239,2/20/2026,9/20/2027,2026 Subaru CROSSTREK5 DO,Automobile,CROSSTREK5 DO,JF2GUSND9T8228239,R4973,"$36,384.00 ","$36,384.00 ",$0.00 ,,"($36,384.00)",$0.00 ,"($36,384.00)",$0.00 ,$0.00 ,$0.00 ,$0.00 ,$0.00 ,$0.00 ,$150.62 ,$0.00 ,$0.00 ,$0.00 ,$150.62 ,$195.84 ,"$35,210.32 "
"3535 West Loop 820 South  Fort Worth, TX 76116",Subaru,Auto - Subaru Plant (Floorplan-New) - East,3/6/2026,232778,3/6/2026,10/6/2027,2026 Subaru CROSSTREK5 DO,Automobile,CROSSTREK5 DO,JF2GUSGD8T8232778,,"$34,027.00 ",$0.00 ,"$34,027.00 ",3/6/2026,$0.00 ,$0.00 ,"$34,027.00 ","$34,027.00 ",$0.00 ,$0.00 ,$0.00 ,$0.00 ,$0.00 ,$122.08 ,$0.00 ,$0.00 ,$0.00 ,$122.08 ,$122.08 ,"$28,538.77 "
"3535 West Loop 820 South  Fort Worth, TX 76116",Subaru,Auto - Subaru Plant (Floorplan-New) - East,3/6/2026,233558,3/6/2026,10/6/2027,2026 Subaru CROSSTREK5 DO,Automobile,CROSSTREK5 DO,JF2GUSND6T8233558,,"$34,951.00 ",$0.00 ,"$34,951.00 ",3/6/2026,$0.00 ,$0.00 ,"$34,951.00 ","$34,951.00 ",$0.00 ,$0.00 ,$0.00 ,$0.00 ,$0.00 ,$125.40 ,$0.00 ,$0.00 ,$0.00 ,$125.40 ,$125.40 ,"$29,313.74 "
"3535 West Loop 820 South  Fort Worth, TX 76116",Subaru,Auto - Subaru Plant (Floorplan-New) - East,3/27/2026,234019,3/27/2026,10/27/2027,2026 Subaru CROSSTREK5 DO,Automobile,CROSSTREK5 DO,JF2GUSND3T8234019,R5167,"$36,372.00 ",$0.00 ,"$36,372.00 ",3/27/2026,"($36,372.00)",$0.00 ,$0.00 ,$0.00 ,$0.00 ,$0.00 ,$0.00 ,$0.00 ,$0.00 ,$20.08 ,$0.00 ,$0.00 ,$0.00 ,$20.08 ,$20.08 ,"$4,693.16 "
"3535 West Loop 820 South  Fort Worth, TX 76116",Subaru,Auto - Subaru Plant (Floorplan-New) - East,3/31/2026,234135,3/31/2026,10/31/2027,2026 Subaru CROSSTREK5 DO,Automobile,CROSSTREK5 DO,JF2GUSND5T8234135,,"$36,372.00 ",$0.00 ,"$36,372.00 ",3/31/2026,$0.00 ,$0.00 ,"$36,372.00 ","$36,372.00 ",$0.00 ,$0.00 ,$0.00 ,$0.00 ,$0.00 ,$5.02 ,$0.00 ,$0.00 ,$0.00 ,$5.02 ,$5.02 ,"$1,173.29 "
"3535 West Loop 820 South  Fort Worth, TX 76116",Subaru,Auto - Subaru Plant (Floorplan-New) - East,3/31/2026,234229,3/31/2026,10/31/2027,2026 Subaru CROSSTREK5 DO,Automobile,CROSSTREK5 DO,JF2GUSND3T8234229,,"$36,372.00 ",$0.00 ,"$36,372.00 ",3/31/2026,$0.00 ,$0.00 ,"$36,372.00 ","$36,372.00 ",$0.00 ,$0.00 ,$0.00 ,$0.00 ,$0.00 ,$5.02 ,$0.00 ,$0.00 ,$0.00 ,$5.02 ,$5.02 ,"$1,173.29 "
"3535 West Loop 820 South  Fort Worth, TX 76116",Subaru,Auto - Subaru Plant (Floorplan-New) - East,3/13/2026,234261,3/13/2026,10/13/2027,2026 Subaru CROSSTREK5 DO,Automobile,CROSSTREK5 DO,JF2GUSGD3T8234261,,"$34,027.00 ",$0.00 ,"$34,027.00 ",3/13/2026,$0.00 ,$0.00 ,"$34,027.00 ","$34,027.00 ",$0.00 ,$0.00 ,$0.00 ,$0.00 ,$0.00 ,$89.21 ,$0.00 ,$0.00 ,$0.00 ,$89.21 ,$89.21 ,"$20,855.26 "
"3535 West Loop 820 South  Fort Worth, TX 76116",Subaru,Auto - Subaru Plant (Floorplan-New) - East,3/13/2026,234404,3/13/2026,10/13/2027,2026 Subaru CROSSTREK5 DO,Automobile,CROSSTREK5 DO,JF2GUSND6T8234404,,"$36,372.00 ",$0.00 ,"$36,372.00 ",3/13/2026,$0.00 ,$0.00 ,"$36,372.00 ","$36,372.00 ",$0.00 ,$0.00 ,$0.00 ,$0.00 ,$0.00 ,$95.36 ,$0.00 ,$0.00 ,$0.00 ,$95.36 ,$95.36 ,"$22,292.52 "
"3535 West Loop 820 South  Fort Worth, TX 76116",Subaru,Auto - Subaru Plant (Floorplan-New) - East,3/30/2026,234513,3/30/2026,10/30/2027,2026 Subaru CROSSTREK5 DO,Automobile,CROSSTREK5 DO,JF2GUSGD4T8234513,,"$34,027.00 ",$0.00 ,"$34,027.00 ",3/30/2026,$0.00 ,$0.00 ,"$34,027.00 ","$34,027.00 ",$0.00 ,$0.00 ,$0.00 ,$0.00 ,$0.00 ,$9.39 ,$0.00 ,$0.00 ,$0.00 ,$9.39 ,$9.39 ,"$2,195.29 "
"3535 West Loop 820 South  Fort Worth, TX 76116",Subaru,Auto - Subaru Plant (Floorplan-New) - East,3/31/2026,234632,3/31/2026,10/31/2027,2026 Subaru CROSSTREK5 DO,Automobile,CROSSTREK5 DO,JF2GUSND8T8234632,,"$36,372.00 ",$0.00 ,"$36,372.00 ",3/31/2026,$0.00 ,$0.00 ,"$36,372.00 ","$36,372.00 ",$0.00 ,$0.00 ,$0.00 ,$0.00 ,$0.00 ,$5.02 ,$0.00 ,$0.00 ,$0.00 ,$5.02 ,$5.02 ,"$1,173.29 "
"3535 West Loop 820 South  Fort Worth, TX 76116",Subaru,Auto - Subaru Plant (Floorplan-New) - East,3/27/2026,234872,3/27/2026,10/27/2027,2026 Subaru CROSSTREK5 DO,Automobile,CROSSTREK5 DO,JF2GUSND6T8234872,,"$36,372.00 ",$0.00 ,"$36,372.00 ",3/27/2026,$0.00 ,$0.00 ,"$36,372.00 ","$36,372.00 ",$0.00 ,$0.00 ,$0.00 ,$0.00 ,$0.00 ,$25.10 ,$0.00 ,$0.00 ,$0.00 ,$25.10 ,$25.10 ,"$5,866.45 "
"3535 West Loop 820 South  Fort Worth, TX 76116",Subaru,Auto - Subaru Plant (Floorplan-New) - East,3/19/2026,238561,3/19/2026,10/19/2027,2026 Subaru IMPREZA5 DOOR,Automobile,IMPREZA5 DOOR,JF1GUAFC3T8238561,,"$27,310.00 ",$0.00 ,"$27,310.00 ",3/19/2026,$0.00 ,$0.00 ,"$27,310.00 ","$27,310.00 ",$0.00 ,$0.00 ,$0.00 ,$0.00 ,$0.00 ,$48.99 ,$0.00 ,$0.00 ,$0.00 ,$48.99 ,$48.99 ,"$11,452.58 "
"3535 West Loop 820 South  Fort Worth, TX 76116",Subaru,Auto - Subaru Plant (Floorplan-New) - East,3/19/2026,239860,3/19/2026,10/19/2027,2026 Subaru CROSSTREK5 DO,Automobile,CROSSTREK5 DO,JF2GUSGD6T8239860,,"$34,027.00 ",$0.00 ,"$34,027.00 ",3/19/2026,$0.00 ,$0.00 ,"$34,027.00 ","$34,027.00 ",$0.00 ,$0.00 ,$0.00 ,$0.00 ,$0.00 ,$61.04 ,$0.00 ,$0.00 ,$0.00 ,$61.04 ,$61.04 ,"$14,269.39 "
"3535 West Loop 820 South  Fort Worth, TX 76116",Subaru,Auto - Subaru Plant (Floorplan-New) - East,3/27/2026,240167,3/27/2026,10/27/2027,2026 Subaru CROSSTREK5 DO,Automobile,CROSSTREK5 DO,JF2GUSGD8T8240167,,"$34,402.00 ",$0.00 ,"$34,402.00 ",3/27/2026,$0.00 ,$0.00 ,"$34,402.00 ","$34,402.00 ",$0.00 ,$0.00 ,$0.00 ,$0.00 ,$0.00 ,$23.74 ,$0.00 ,$0.00 ,$0.00 ,$23.74 ,$23.74 ,"$5,548.71 "
"3535 West Loop 820 South  Fort Worth, TX 76116",Subaru,Auto - Subaru Plant (Floorplan-New) - East,3/31/2026,240219,3/31/2026,10/31/2027,2026 Subaru CROSSTREK5 DO,Automobile,CROSSTREK5 DO,JF2GUSND8T8240219,,"$35,111.00 ",$0.00 ,"$35,111.00 ",3/31/2026,$0.00 ,$0.00 ,"$35,111.00 ","$35,111.00 ",$0.00 ,$0.00 ,$0.00 ,$0.00 ,$0.00 ,$4.85 ,$0.00 ,$0.00 ,$0.00 ,$4.85 ,$4.85 ,"$1,132.61 "
"3535 West Loop 820 South  Fort Worth, TX 76116",Subaru,Auto - Subaru Plant (Floorplan-New) - East,3/31/2026,240446,3/31/2026,10/31/2027,2026 Subaru CROSSTREK5 DO,Automobile,CROSSTREK5 DO,JF2GUSND8T8240446,,"$36,532.00 ",$0.00 ,"$36,532.00 ",3/31/2026,$0.00 ,$0.00 ,"$36,532.00 ","$36,532.00 ",$0.00 ,$0.00 ,$0.00 ,$0.00 ,$0.00 ,$5.04 ,$0.00 ,$0.00 ,$0.00 ,$5.04 ,$5.04 ,"$1,178.45 "
"3535 West Loop 820 South  Fort Worth, TX 76116",Subaru,Auto - Subaru Plant (Floorplan-New) - East,9/24/2025,264159,9/24/2025,4/24/2027,2025 Subaru OUTBACKWAGONL,Automobile,OUTBACKWAGONL,4S4BTGND4S3264159,R4069,"$39,146.00 ","$39,146.00 ",$0.00 ,,"($39,146.00)",$0.00 ,"($39,146.00)",$0.00 ,$0.00 ,$0.00 ,$0.00 ,$0.00 ,$0.00 ,$43.22 ,$0.00 ,$0.00 ,$0.00 ,$43.22 ,$936.05 ,"$10,102.19 "
"3535 West Loop 820 South  Fort Worth, TX 76116",Subaru,Auto - Subaru Plant (Floorplan-New) - East,9/24/2025,264677,9/24/2025,4/24/2027,2025 Subaru OUTBACKWAGONT,Automobile,OUTBACKWAGONT,4S4BTGPD8S3264677,R4062,"$41,491.00 ","$41,491.00 ",$0.00 ,,"($41,491.00)",$0.00 ,"($41,491.00)",$0.00 ,$0.00 ,$0.00 ,$0.00 ,$0.00 ,$0.00 ,$45.81 ,$0.00 ,$0.00 ,$0.00 ,$45.81 ,$992.13 ,"$10,707.35 "
"3535 West Loop 820 South  Fort Worth, TX 76116",Subaru,Auto - Subaru Plant (Floorplan-New) - East,10/22/2025,281276,10/22/2025,5/22/2027,2025 Subaru OUTBACKWAGONL,Automobile,OUTBACKWAGONL,4S4BTANCXS3281276,R4176,"$36,660.00 ","$36,660.00 ",$0.00 ,,"($36,660.00)",$0.00 ,"($36,660.00)",$0.00 ,$0.00 ,$0.00 ,$0.00 ,$0.00 ,$0.00 ,$40.47 ,$0.00 ,$0.00 ,$0.00 ,$40.47 ,$720.61 ,"$9,460.65 "
"3535 West Loop 820 South  Fort Worth, TX 76116",Subaru,Auto - Subaru Plant (Floorplan-New) - East,9/24/2025,284245,9/24/2025,4/24/2027,2025 Subaru CROSSTREK5 DO,Automobile,CROSSTREK5 DO,JF2GUHDC6SH284245,R4157,"$28,860.00 ","$28,860.00 ",$0.00 ,,"($28,860.00)",$0.00 ,"($28,860.00)",$0.00 ,$0.00 ,$0.00 ,$0.00 ,$0.00 ,$0.00 ,$31.87 ,$0.00 ,$0.00 ,$0.00 ,$31.87 ,$690.10 ,"$7,447.74 "
"3535 West Loop 820 South  Fort Worth, TX 76116",Subaru,Auto - Subaru Plant (Floorplan-New) - East,10/22/2025,286822,10/22/2025,5/22/2027,2025 Subaru OUTBACKWAGONO,Automobile,OUTBACKWAGONO,4S4BTALCXS3286822,R4100,"$35,463.00 ","$35,463.00 ",$0.00 ,,$0.00 ,$0.00 ,$0.00 ,"$35,463.00 ",$0.00 ,$0.00 ,$0.00 ,$0.00 ,$0.00 ,$151.71 ,$0.00 ,$0.00 ,$0.00 ,$151.71 ,$809.65 ,"$35,463.00 "
"3535 West Loop 820 South  Fort Worth, TX 76116",Subaru,Auto - Subaru Plant (Floorplan-New) - East,12/22/2025,293057,12/22/2025,7/22/2027,2025 Subaru OUTBACKWAGONP,Automobile,OUTBACKWAGONP,4S4BTADC1S3293057,R4367,"$32,228.00 ","$32,228.00 ",$0.00 ,,$0.00 ,$0.00 ,$0.00 ,"$32,228.00 ",$0.00 ,$0.00 ,$0.00 ,$0.00 ,$0.00 ,$137.87 ,$0.00 ,$0.00 ,$0.00 ,$137.87 ,$447.72 ,"$32,228.00 "
"3535 West Loop 820 South  Fort Worth, TX 76116",Subaru,Auto - Subaru Plant (Floorplan-New) - East,12/22/2025,293579,12/22/2025,7/22/2027,2025 Subaru OUTBACKWAGONP,Automobile,OUTBACKWAGONP,4S4BTADC9S3293579,,"$32,228.00 ","$32,228.00 ",$0.00 ,,$0.00 ,$0.00 ,$0.00 ,"$32,228.00 ",$0.00 ,$0.00 ,$0.00 ,$0.00 ,$0.00 ,$137.87 ,$0.00 ,$0.00 ,$0.00 ,$137.87 ,$447.72 ,"$32,228.00 "
"3535 West Loop 820 South  Fort Worth, TX 76116",Subaru,Auto - Subaru Plant (Floorplan-New) - East,11/25/2025,293721,11/25/2025,6/25/2027,2025 Subaru OUTBACKWAGONP,Automobile,OUTBACKWAGONP,4S4BTADC8S3293721,,"$32,228.00 ","$32,228.00 ",$0.00 ,,$0.00 ,$0.00 ,$0.00 ,"$32,228.00 ",$0.00 ,$0.00 ,$0.00 ,$0.00 ,$0.00 ,$137.87 ,$0.00 ,$0.00 ,$0.00 ,$137.87 ,$573.34 ,"$32,228.00 "
"3535 West Loop 820 South  Fort Worth, TX 76116",Subaru,Auto - Subaru Plant (Floorplan-New) - East,12/22/2025,312823,12/22/2025,7/22/2027,2025 Subaru OUTBACKWAGONL,Automobile,OUTBACKWAGONL,4S4BTANC5S3312823,R4415,"$36,833.00 ","$36,833.00 ",$0.00 ,,$0.00 ,$0.00 ,$0.00 ,"$36,833.00 ",$0.00 ,$0.00 ,$0.00 ,$0.00 ,$0.00 ,$157.57 ,$0.00 ,$0.00 ,$0.00 ,$157.57 ,$511.69 ,"$36,833.00 "
"3535 West Loop 820 South  Fort Worth, TX 76116",Subaru,Auto - Subaru Plant (Floorplan-New) - East,11/25/2025,330436,11/25/2025,6/25/2027,2025 Subaru OUTBACKWAGONP,Automobile,OUTBACKWAGONP,4S4BTADC9S3330436,,"$32,279.00 ","$32,279.00 ",$0.00 ,,$0.00 ,$0.00 ,$0.00 ,"$32,279.00 ",$0.00 ,$0.00 ,$0.00 ,$0.00 ,$0.00 ,$138.09 ,$0.00 ,$0.00 ,$0.00 ,$138.09 ,$574.25 ,"$32,279.00 "
"3535 West Loop 820 South  Fort Worth, TX 76116",Subaru,Auto - Subaru Plant (Floorplan-New) - East,11/3/2025,336302,11/3/2025,6/3/2027,2025 Subaru OUTBACKWAGONP,Automobile,OUTBACKWAGONP,4S4BTADC7S3336302,R4587,"$31,786.00 ","$31,786.00 ",$0.00 ,,"($31,786.00)",$0.00 ,"($31,786.00)",$0.00 ,$0.00 ,$0.00 ,$0.00 ,$0.00 ,$0.00 ,$35.09 ,$0.00 ,$0.00 ,$0.00 ,$35.09 ,$567.22 ,"$8,202.84 "
"3535 West Loop 820 South  Fort Worth, TX 76116",Subaru,Auto - Subaru Plant (Floorplan-New) - East,11/3/2025,336683,11/3/2025,6/3/2027,2025 Subaru OUTBACKWAGONL,Automobile,OUTBACKWAGONL,4S4BTANC3S3336683,R4588,"$36,476.00 ","$36,476.00 ",$0.00 ,,$0.00 ,$0.00 ,$0.00 ,"$36,476.00 ",$0.00 ,$0.00 ,$0.00 ,$0.00 ,$0.00 ,$156.04 ,$0.00 ,$0.00 ,$0.00 ,$156.04 ,$766.70 ,"$36,476.00 "
"3535 West Loop 820 South  Fort Worth, TX 76116",Subaru,Auto - Subaru Plant (Floorplan-New) - East,3/25/2026,401516,3/25/2026,10/25/2027,2026 Subaru ASCENTSUVLIMI,Automobile,ASCENTSUVLIMI,4S4WMAGD6T3401516,,"$43,264.00 ",$0.00 ,"$43,264.00 ",3/25/2026,$0.00 ,$0.00 ,"$43,264.00 ","$43,264.00 ",$0.00 ,$0.00 ,$0.00 ,$0.00 ,$0.00 ,$41.79 ,$0.00 ,$0.00 ,$0.00 ,$41.79 ,$41.79 ,"$9,769.29 "
"3535 West Loop 820 South  Fort Worth, TX 76116",Subaru,Auto - Subaru Plant (Floorplan-New) - East,11/21/2025,401516,11/21/2025,6/21/2027,2026 Subaru ASCENTSUVLIMI,Automobile,ASCENTSUVLIMI,4S4WMAGD6T3401516,,"$47,080.00 ","$47,080.00 ",$0.00 ,,"($47,080.00)",$0.00 ,"($47,080.00)",$0.00 ,$0.00 ,$0.00 ,$0.00 ,$0.00 ,$0.00 ,$149.43 ,$0.00 ,$0.00 ,$0.00 ,$149.43 ,$813.23 ,"$34,930.32 "
"3535 West Loop 820 South  Fort Worth, TX 76116",Subaru,Auto - Subaru Plant (Floorplan-New) - East,11/25/2025,402023,11/25/2025,6/25/2027,2026 Subaru ASCENTSUVLIMI,Automobile,ASCENTSUVLIMI,4S4WMAHD1T3402023,,"$48,066.00 ","$48,066.00 ",$0.00 ,,$0.00 ,$0.00 ,$0.00 ,"$48,066.00 ",$0.00 ,$0.00 ,$0.00 ,$0.00 ,$0.00 ,$205.62 ,$0.00 ,$0.00 ,$0.00 ,$205.62 ,$855.10 ,"$48,066.00 "
"3535 West Loop 820 South  Fort Worth, TX 76116",Subaru,Auto - Subaru Plant (Floorplan-New) - East,11/25/2025,402066,11/25/2025,6/25/2027,2026 Subaru ASCENTSUVONYX,Automobile,ASCENTSUVONYX,4S4WMALD9T3402066,,"$51,356.00 ","$51,356.00 ",$0.00 ,,$0.00 ,$0.00 ,$0.00 ,"$51,356.00 ",$0.00 ,$0.00 ,$0.00 ,$0.00 ,$0.00 ,$219.69 ,$0.00 ,$0.00 ,$0.00 ,$219.69 ,$913.62 ,"$51,356.00 "
"3535 West Loop 820 South  Fort Worth, TX 76116",Subaru,Auto - Subaru Plant (Floorplan-New) - East,11/26/2025,402145,11/26/2025,6/26/2027,2026 Subaru ASCENTSUVONYX,Automobile,ASCENTSUVONYX,4S4WMALD5T3402145,,"$51,356.00 ","$51,356.00 ",$0.00 ,,$0.00 ,$0.00 ,$0.00 ,"$51,356.00 ",$0.00 ,$0.00 ,$0.00 ,$0.00 ,$0.00 ,$219.69 ,$0.00 ,$0.00 ,$0.00 ,$219.69 ,$906.08 ,"$51,356.00 "
"3535 West Loop 820 South  Fort Worth, TX 76116",Subaru,Auto - Subaru Plant (Floorplan-New) - East,12/5/2025,402965,12/5/2025,7/5/2027,2026 Subaru ASCENTSUVPREM,Automobile,ASCENTSUVPREM,4S4WMAAD6T3402965,R4692,"$40,557.00 ","$40,557.00 ",$0.00 ,,"($40,557.00)",$0.00 ,"($40,557.00)",$0.00 ,$0.00 ,$0.00 ,$0.00 ,$0.00 ,$0.00 ,$16.79 ,$0.00 ,$0.00 ,$0.00 ,$16.79 ,$505.78 ,"$3,924.87 "
"3535 West Loop 820 South  Fort Worth, TX 76116",Subaru,Auto - Subaru Plant (Floorplan-New) - East,1/26/2026,404998,1/26/2026,8/26/2027,2026 Subaru ASCENTSUVPREM,Automobile,ASCENTSUVPREM,4S4WMAAD9T3404998,,"$36,686.00 ","$36,686.00 ",$0.00 ,,$0.00 ,$0.00 ,$0.00 ,"$36,686.00 ",$0.00 ,$0.00 ,$0.00 ,$0.00 ,$0.00 ,$156.94 ,$0.00 ,$0.00 ,$0.00 ,$156.94 ,$329.38 ,"$36,686.00 "
"3535 West Loop 820 South  Fort Worth, TX 76116",Subaru,Auto - Subaru Plant (Floorplan-New) - East,1/26/2026,406409,1/26/2026,8/26/2027,2026 Subaru ASCENTSUVLIMI,Automobile,ASCENTSUVLIMI,4S4WMAGD8T3406409,,"$43,223.00 ","$43,223.00 ",$0.00 ,,$0.00 ,$0.00 ,$0.00 ,"$43,223.00 ",$0.00 ,$0.00 ,$0.00 ,$0.00 ,$0.00 ,$184.90 ,$0.00 ,$0.00 ,$0.00 ,$184.90 ,$388.08 ,"$43,223.00 "
"3535 West Loop 820 South  Fort Worth, TX 76116",Subaru,Auto - Subaru Plant (Floorplan-New) - East,12/22/2025,406477,12/22/2025,7/22/2027,2026 Subaru ASCENTSUVLIMI,Automobile,ASCENTSUVLIMI,4S4WMAGD3T3406477,R4732,"$47,039.00 ","$47,039.00 ",$0.00 ,,"($47,039.00)",$0.00 ,"($47,039.00)",$0.00 ,$0.00 ,$0.00 ,$0.00 ,$0.00 ,$0.00 ,$149.30 ,$0.00 ,$0.00 ,$0.00 ,$149.30 ,$601.54 ,"$34,899.90 "
"3535 West Loop 820 South  Fort Worth, TX 76116",Subaru,Auto - Subaru Plant (Floorplan-New) - East,1/6/2026,408079,1/6/2026,8/6/2027,2026 Subaru ASCENTSUVLIMI,Automobile,ASCENTSUVLIMI,4S4WMAGD1T3408079,,"$47,248.00 ","$47,248.00 ",$0.00 ,,$0.00 ,$0.00 ,$0.00 ,"$47,248.00 ",$0.00 ,$0.00 ,$0.00 ,$0.00 ,$0.00 ,$202.11 ,$0.00 ,$0.00 ,$0.00 ,$202.11 ,$555.43 ,"$47,248.00 "
"3535 West Loop 820 South  Fort Worth, TX 76116",Subaru,Auto - Subaru Plant (Floorplan-New) - East,1/6/2026,408316,1/6/2026,8/6/2027,2026 Subaru ASCENTSUVPREM,Automobile,ASCENTSUVPREM,4S4WMAADXT3408316,R4795,"$39,973.00 ","$39,973.00 ",$0.00 ,,"($39,973.00)",$0.00 ,"($39,973.00)",$0.00 ,$0.00 ,$0.00 ,$0.00 ,$0.00 ,$0.00 ,$16.55 ,$0.00 ,$0.00 ,$0.00 ,$16.55 ,$315.47 ,"$3,868.35 "
"3535 West Loop 820 South  Fort Worth, TX 76116",Subaru,Auto - Subaru Plant (Floorplan-New) - East,1/12/2026,408399,1/12/2026,8/12/2027,2026 Subaru ASCENTSUVTOUR,Automobile,ASCENTSUVTOUR,4S4WMAKD9T3408399,,"$50,101.00 ","$50,101.00 ",$0.00 ,,$0.00 ,$0.00 ,$0.00 ,"$50,101.00 ",$0.00 ,$0.00 ,$0.00 ,$0.00 ,$0.00 ,$214.33 ,$0.00 ,$0.00 ,$0.00 ,$214.33 ,$547.25 ,"$50,101.00 "
"3535 West Loop 820 South  Fort Worth, TX 76116",Subaru,Auto - Subaru Plant (Floorplan-New) - East,1/6/2026,408427,1/6/2026,8/6/2027,2026 Subaru ASCENTSUVTOUR,Automobile,ASCENTSUVTOUR,4S4WMAKDXT3408427,,"$50,101.00 ","$50,101.00 ",$0.00 ,,$0.00 ,$0.00 ,$0.00 ,"$50,101.00 ",$0.00 ,$0.00 ,$0.00 ,$0.00 ,$0.00 ,$214.33 ,$0.00 ,$0.00 ,$0.00 ,$214.33 ,$588.99 ,"$50,101.00 "
"3535 West Loop 820 South  Fort Worth, TX 76116",Subaru,Auto - Subaru Plant (Floorplan-New) - East,1/26/2026,409509,1/26/2026,8/26/2027,2026 Subaru ASCENTSUVLIMI,Automobile,ASCENTSUVLIMI,4S4WMAGD5T3409509,R4888,"$47,248.00 ","$47,248.00 ",$0.00 ,,"($47,248.00)",$0.00 ,"($47,248.00)",$0.00 ,$0.00 ,$0.00 ,$0.00 ,$0.00 ,$0.00 ,$97.80 ,$0.00 ,$0.00 ,$0.00 ,$97.80 ,$319.89 ,"$22,861.94 "
"3535 West Loop 820 South  Fort Worth, TX 76116",Subaru,Auto - Subaru Plant (Floorplan-New) - East,1/26/2026,409561,1/26/2026,8/26/2027,2026 Subaru ASCENTSUVTOUR,Automobile,ASCENTSUVTOUR,4S4WMAKD8T3409561,,"$50,101.00 ","$50,101.00 ",$0.00 ,,$0.00 ,$0.00 ,$0.00 ,"$50,101.00 ",$0.00 ,$0.00 ,$0.00 ,$0.00 ,$0.00 ,$214.33 ,$0.00 ,$0.00 ,$0.00 ,$214.33 ,$449.84 ,"$50,101.00 "
"3535 West Loop 820 South  Fort Worth, TX 76116",Subaru,Auto - Subaru Plant (Floorplan-New) - East,2/2/2026,409628,2/2/2026,9/2/2027,2026 Subaru ASCENTSUVPREM,Automobile,ASCENTSUVPREM,4S4WMABD3T3409628,R4916,"$39,973.00 ","$39,973.00 ",$0.00 ,,"($39,973.00)",$0.00 ,"($39,973.00)",$0.00 ,$0.00 ,$0.00 ,$0.00 ,$0.00 ,$0.00 ,$143.42 ,$0.00 ,$0.00 ,$0.00 ,$143.42 ,$292.46 ,"$33,525.74 "
"3535 West Loop 820 South  Fort Worth, TX 76116",Subaru,Auto - Subaru Plant (Floorplan-New) - East,2/18/2026,411169,2/18/2026,9/18/2027,2026 Subaru ASCENTSUVLIMI,Automobile,ASCENTSUVLIMI,4S4WMAHD8T3411169,,"$47,610.00 ","$47,610.00 ",$0.00 ,,$0.00 ,$0.00 ,$0.00 ,"$47,610.00 ",$0.00 ,$0.00 ,$0.00 ,$0.00 ,$0.00 ,$203.66 ,$0.00 ,$0.00 ,$0.00 ,$203.66 ,$275.98 ,"$47,610.00 "
"3535 West Loop 820 South  Fort Worth, TX 76116",Subaru,Auto - Subaru Plant (Floorplan-New) - East,2/6/2026,411241,2/6/2026,9/6/2027,2026 Subaru ASCENTSUVLIMI,Automobile,ASCENTSUVLIMI,4S4WMAGDXT3411241,R4936,"$46,368.00 ","$46,368.00 ",$0.00 ,,"($46,368.00)",$0.00 ,"($46,368.00)",$0.00 ,$0.00 ,$0.00 ,$0.00 ,$0.00 ,$0.00 ,$95.98 ,$0.00 ,$0.00 ,$0.00 ,$95.98 ,$243.25 ,"$22,436.13 "
"3535 West Loop 820 South  Fort Worth, TX 76116",Subaru,Auto - Subaru Plant (Floorplan-New) - East,2/6/2026,411263,2/6/2026,9/6/2027,2026 Subaru ASCENTSUVLIMI,Automobile,ASCENTSUVLIMI,4S4WMAGD9T3411263,,"$46,368.00 ","$46,368.00 ",$0.00 ,,$0.00 ,$0.00 ,$0.00 ,"$46,368.00 ",$0.00 ,$0.00 ,$0.00 ,$0.00 ,$0.00 ,$198.35 ,$0.00 ,$0.00 ,$0.00 ,$198.35 ,$345.62 ,"$46,368.00 "
"3535 West Loop 820 South  Fort Worth, TX 76116",Subaru,Auto - Subaru Plant (Floorplan-New) - East,2/24/2026,411461,2/24/2026,9/24/2027,2026 Subaru ASCENTSUVONYX,Automobile,ASCENTSUVONYX,4S4WMALD5T3411461,,"$50,593.00 ","$50,593.00 ",$0.00 ,,$0.00 ,$0.00 ,$0.00 ,"$50,593.00 ",$0.00 ,$0.00 ,$0.00 ,$0.00 ,$0.00 ,$216.43 ,$0.00 ,$0.00 ,$0.00 ,$216.43 ,$251.36 ,"$50,593.00 "
"3535 West Loop 820 South  Fort Worth, TX 76116",Subaru,Auto - Subaru Plant (Floorplan-New) - East,2/20/2026,412800,2/20/2026,9/20/2027,2026 Subaru ASCENTSUVPREM,Automobile,ASCENTSUVPREM,4S4WMABD4T3412800,,"$40,536.00 ","$40,536.00 ",$0.00 ,,$0.00 ,$0.00 ,$0.00 ,"$40,536.00 ",$0.00 ,$0.00 ,$0.00 ,$0.00 ,$0.00 ,$173.41 ,$0.00 ,$0.00 ,$0.00 ,$173.41 ,$223.79 ,"$40,536.00 "
"3535 West Loop 820 South  Fort Worth, TX 76116",Subaru,Auto - Subaru Plant (Floorplan-New) - East,2/26/2026,412933,2/26/2026,9/26/2027,2026 Subaru ASCENTSUVTOUR,Automobile,ASCENTSUVTOUR,4S4WMAKD1T3412933,,"$50,405.00 ","$50,405.00 ",$0.00 ,,$0.00 ,$0.00 ,$0.00 ,"$50,405.00 ",$0.00 ,$0.00 ,$0.00 ,$0.00 ,$0.00 ,$215.62 ,$0.00 ,$0.00 ,$0.00 ,$215.62 ,$236.50 ,"$50,405.00 "
"3535 West Loop 820 South  Fort Worth, TX 76116",Subaru,Auto - Subaru Plant (Floorplan-New) - East,2/20/2026,413015,2/20/2026,9/20/2027,2026 Subaru ASCENTSUVONYX,Automobile,ASCENTSUVONYX,4S4WMALD3T3413015,R4972,"$50,593.00 ","$50,593.00 ",$0.00 ,,"($50,593.00)",$0.00 ,"($50,593.00)",$0.00 ,$0.00 ,$0.00 ,$0.00 ,$0.00 ,$0.00 ,$69.82 ,$0.00 ,$0.00 ,$0.00 ,$69.82 ,$132.70 ,"$16,320.32 "
"3535 West Loop 820 South  Fort Worth, TX 76116",Subaru,Auto - Subaru Plant (Floorplan-New) - East,2/26/2026,413058,2/26/2026,9/26/2027,2026 Subaru ASCENTSUVONYX,Automobile,ASCENTSUVONYX,4S4WMALDXT3413058,,"$50,593.00 ","$50,593.00 ",$0.00 ,,$0.00 ,$0.00 ,$0.00 ,"$50,593.00 ",$0.00 ,$0.00 ,$0.00 ,$0.00 ,$0.00 ,$216.43 ,$0.00 ,$0.00 ,$0.00 ,$216.43 ,$237.39 ,"$50,593.00 "
"3535 West Loop 820 South  Fort Worth, TX 76116",Subaru,Auto - Subaru Plant (Floorplan-New) - East,2/26/2026,413118,2/26/2026,9/26/2027,2026 Subaru ASCENTSUVONYX,Automobile,ASCENTSUVONYX,4S4WMALD2T3413118,,"$50,593.00 ","$50,593.00 ",$0.00 ,,$0.00 ,$0.00 ,$0.00 ,"$50,593.00 ",$0.00 ,$0.00 ,$0.00 ,$0.00 ,$0.00 ,$216.43 ,$0.00 ,$0.00 ,$0.00 ,$216.43 ,$237.39 ,"$50,593.00 "
"3535 West Loop 820 South  Fort Worth, TX 76116",Subaru,Auto - Subaru Plant (Floorplan-New) - East,3/19/2026,415457,3/19/2026,10/19/2027,2026 Subaru ASCENTSUVPREM,Automobile,ASCENTSUVPREM,4S4WMABDXT3415457,,"$40,844.00 ",$0.00 ,"$40,844.00 ",3/19/2026,$0.00 ,$0.00 ,"$40,844.00 ","$40,844.00 ",$0.00 ,$0.00 ,$0.00 ,$0.00 ,$0.00 ,$73.27 ,$0.00 ,$0.00 ,$0.00 ,$73.27 ,$73.27 ,"$17,128.13 "
"3535 West Loop 820 South  Fort Worth, TX 76116",Subaru,Auto - Subaru Plant (Floorplan-New) - East,3/9/2026,415620,3/9/2026,10/9/2027,2026 Subaru ASCENTSUVONYX,Automobile,ASCENTSUVONYX,4S4WMALD8T3415620,,"$50,593.00 ",$0.00 ,"$50,593.00 ",3/9/2026,$0.00 ,$0.00 ,"$50,593.00 ","$50,593.00 ",$0.00 ,$0.00 ,$0.00 ,$0.00 ,$0.00 ,$160.57 ,$0.00 ,$0.00 ,$0.00 ,$160.57 ,$160.57 ,"$37,536.74 "
"3535 West Loop 820 South  Fort Worth, TX 76116",Subaru,Auto - Subaru Plant (Floorplan-New) - East,3/9/2026,415635,3/9/2026,10/9/2027,2026 Subaru ASCENTSUVONYX,Automobile,ASCENTSUVONYX,4S4WMALDXT3415635,,"$50,593.00 ",$0.00 ,"$50,593.00 ",3/9/2026,$0.00 ,$0.00 ,"$50,593.00 ","$50,593.00 ",$0.00 ,$0.00 ,$0.00 ,$0.00 ,$0.00 ,$160.57 ,$0.00 ,$0.00 ,$0.00 ,$160.57 ,$160.57 ,"$37,536.74 "
"3535 West Loop 820 South  Fort Worth, TX 76116",Subaru,Auto - Subaru Plant (Floorplan-New) - East,3/10/2026,415920,3/10/2026,10/10/2027,2026 Subaru ASCENTSUVLIMI,Automobile,ASCENTSUVLIMI,4S4WMAHD8T3415920,,"$48,353.00 ",$0.00 ,"$48,353.00 ",3/10/2026,$0.00 ,$0.00 ,"$48,353.00 ","$48,353.00 ",$0.00 ,$0.00 ,$0.00 ,$0.00 ,$0.00 ,$146.79 ,$0.00 ,$0.00 ,$0.00 ,$146.79 ,$146.79 ,"$34,315.03 "
"3535 West Loop 820 South  Fort Worth, TX 76116",Subaru,Auto - Subaru Plant (Floorplan-New) - East,3/24/2026,416012,3/24/2026,10/24/2027,2026 Subaru ASCENTSUVLIMI,Automobile,ASCENTSUVLIMI,4S4WMAGD9T3416012,,"$47,333.00 ",$0.00 ,"$47,333.00 ",3/24/2026,$0.00 ,$0.00 ,"$47,333.00 ","$47,333.00 ",$0.00 ,$0.00 ,$0.00 ,$0.00 ,$0.00 ,$52.25 ,$0.00 ,$0.00 ,$0.00 ,$52.25 ,$52.25 ,"$12,214.97 "
"3535 West Loop 820 South  Fort Worth, TX 76116",Subaru,Auto - Subaru Plant (Floorplan-New) - East,3/9/2026,416028,3/9/2026,10/9/2027,2026 Subaru ASCENTSUVONYX,Automobile,ASCENTSUVONYX,4S4WMALD5T3416028,,"$50,593.00 ",$0.00 ,"$50,593.00 ",3/9/2026,$0.00 ,$0.00 ,"$50,593.00 ","$50,593.00 ",$0.00 ,$0.00 ,$0.00 ,$0.00 ,$0.00 ,$160.57 ,$0.00 ,$0.00 ,$0.00 ,$160.57 ,$160.57 ,"$37,536.74 "
"3535 West Loop 820 South  Fort Worth, TX 76116",Subaru,Auto - Subaru Plant (Floorplan-New) - East,3/19/2026,416381,3/19/2026,10/19/2027,2026 Subaru ASCENTSUVLIMI,Automobile,ASCENTSUVLIMI,4S4WMAFD5T3416381,,"$47,333.00 ",$0.00 ,"$47,333.00 ",3/19/2026,$0.00 ,$0.00 ,"$47,333.00 ","$47,333.00 ",$0.00 ,$0.00 ,$0.00 ,$0.00 ,$0.00 ,$84.91 ,$0.00 ,$0.00 ,$0.00 ,$84.91 ,$84.91 ,"$19,849.32 "
"3535 West Loop 820 South  Fort Worth, TX 76116",Subaru,Auto - Subaru Plant (Floorplan-New) - East,3/26/2026,416850,3/26/2026,10/26/2027,2026 Subaru ASCENTSUVONYX,Automobile,ASCENTSUVONYX,4S4WMALD8T3416850,,"$50,593.00 ",$0.00 ,"$50,593.00 ",3/26/2026,$0.00 ,$0.00 ,"$50,593.00 ","$50,593.00 ",$0.00 ,$0.00 ,$0.00 ,$0.00 ,$0.00 ,$41.89 ,$0.00 ,$0.00 ,$0.00 ,$41.89 ,$41.89 ,"$9,792.19 "
"3535 West Loop 820 South  Fort Worth, TX 76116",Subaru,Auto - Subaru Plant (Floorplan-New) - East,11/25/2025,427487,11/25/2025,6/25/2027,2025 Subaru FORESTERSUVLI,Automobile,FORESTERSUVLI,JF2SLSRD7SH427487,R4404,"$37,828.00 ","$37,828.00 ",$0.00 ,,$0.00 ,$0.00 ,$0.00 ,"$37,828.00 ",$0.00 ,$0.00 ,$0.00 ,$0.00 ,$0.00 ,$161.82 ,$0.00 ,$0.00 ,$0.00 ,$161.82 ,$672.96 ,"$37,828.00 "
"3535 West Loop 820 South  Fort Worth, TX 76116",Subaru,Auto - Subaru Plant (Floorplan-New) - East,10/22/2025,432467,10/22/2025,5/22/2027,2025 Subaru ASCENTSUVONYX,Automobile,ASCENTSUVONYX,4S4WMAWD9S3432467,R4215,"$47,623.00 ","$47,623.00 ",$0.00 ,,$0.00 ,$0.00 ,$0.00 ,"$47,623.00 ",$0.00 ,$0.00 ,$0.00 ,$0.00 ,$0.00 ,$203.73 ,$0.00 ,$0.00 ,$0.00 ,$203.73 ,"$1,087.27 ","$47,623.00 "
"3535 West Loop 820 South  Fort Worth, TX 76116",Subaru,Auto - Subaru Plant (Floorplan-New) - East,11/25/2025,435256,11/25/2025,6/25/2027,2025 Subaru ASCENTSUVTOUR,Automobile,ASCENTSUVTOUR,4S4WMAUD7S3435256,,"$46,633.00 ","$46,633.00 ",$0.00 ,,$0.00 ,$0.00 ,$0.00 ,"$46,633.00 ",$0.00 ,$0.00 ,$0.00 ,$0.00 ,$0.00 ,$199.49 ,$0.00 ,$0.00 ,$0.00 ,$199.49 ,$829.61 ,"$46,633.00 "
"3535 West Loop 820 South  Fort Worth, TX 76116",Subaru,Auto - Subaru Plant (Floorplan-New) - East,12/22/2025,439473,12/22/2025,7/22/2027,2025 Subaru ASCENTSUVONYX,Automobile,ASCENTSUVONYX,4S4WMAFD6S3439473,,"$40,196.00 ","$40,196.00 ",$0.00 ,,$0.00 ,$0.00 ,$0.00 ,"$40,196.00 ",$0.00 ,$0.00 ,$0.00 ,$0.00 ,$0.00 ,$171.95 ,$0.00 ,$0.00 ,$0.00 ,$171.95 ,$558.41 ,"$40,196.00 "
"3535 West Loop 820 South  Fort Worth, TX 76116",Subaru,Auto - Subaru Plant (Floorplan-New) - East,11/25/2025,439709,11/25/2025,6/25/2027,2025 Subaru ASCENTSUVONYX,Automobile,ASCENTSUVONYX,4S4WMAWD9S3439709,,"$47,576.00 ","$47,576.00 ",$0.00 ,,$0.00 ,$0.00 ,$0.00 ,"$47,576.00 ",$0.00 ,$0.00 ,$0.00 ,$0.00 ,$0.00 ,$203.52 ,$0.00 ,$0.00 ,$0.00 ,$203.52 ,$846.39 ,"$47,576.00 "
"3535 West Loop 820 South  Fort Worth, TX 76116",Subaru,Auto - Subaru Plant (Floorplan-New) - East,12/22/2025,440470,12/22/2025,7/22/2027,2025 Subaru ASCENTSUVBRON,Automobile,ASCENTSUVBRON,4S4WMARD0S3440470,,"$44,759.00 ","$44,759.00 ",$0.00 ,,$0.00 ,$0.00 ,$0.00 ,"$44,759.00 ",$0.00 ,$0.00 ,$0.00 ,$0.00 ,$0.00 ,$191.47 ,$0.00 ,$0.00 ,$0.00 ,$191.47 ,$621.79 ,"$44,759.00 "
"3535 West Loop 820 South  Fort Worth, TX 76116",Subaru,Auto - Subaru Plant (Floorplan-New) - East,1/2/2026,450475,1/2/2026,8/2/2027,2025 Subaru FORESTERSUVLI,Automobile,FORESTERSUVLI,JF2SLSRD5SH450475,R4776,"$40,394.00 ","$40,394.00 ",$0.00 ,,"($40,394.00)",$0.00 ,"($40,394.00)",$0.00 ,$0.00 ,$0.00 ,$0.00 ,$0.00 ,$0.00 ,$16.73 ,$0.00 ,$0.00 ,$0.00 ,$16.73 ,$341.24 ,"$3,909.10 "
"3535 West Loop 820 South  Fort Worth, TX 76116",Subaru,Auto - Subaru Plant (Floorplan-New) - East,2/2/2026,451283,2/2/2026,9/2/2027,2025 Subaru FORESTERSUVLI,Automobile,FORESTERSUVLI,JF2SLSRD1SH451283,,"$37,879.00 ","$37,879.00 ",$0.00 ,,$0.00 ,$0.00 ,$0.00 ,"$37,879.00 ",$0.00 ,$0.00 ,$0.00 ,$0.00 ,$0.00 ,$162.04 ,$0.00 ,$0.00 ,$0.00 ,$162.04 ,$303.27 ,"$37,879.00 "
"3535 West Loop 820 South  Fort Worth, TX 76116",Subaru,Auto - Subaru Plant (Floorplan-New) - East,1/26/2026,458310,1/26/2026,8/26/2027,2026 Subaru OUTBACKWAGONL,Automobile,OUTBACKWAGONL,JF2BUPDD9TY458310,,"$38,542.00 ","$38,542.00 ",$0.00 ,,$0.00 ,$0.00 ,$0.00 ,"$38,542.00 ",$0.00 ,$0.00 ,$0.00 ,$0.00 ,$0.00 ,$164.87 ,$0.00 ,$0.00 ,$0.00 ,$164.87 ,$346.04 ,"$38,542.00 "
"3535 West Loop 820 South  Fort Worth, TX 76116",Subaru,Auto - Subaru Plant (Floorplan-New) - East,1/26/2026,462560,1/26/2026,8/26/2027,2026 Subaru OUTBACKWAGONT,Automobile,OUTBACKWAGONT,JF2BURJD8TY462560,,"$43,817.00 ","$43,817.00 ",$0.00 ,,$0.00 ,$0.00 ,$0.00 ,"$43,817.00 ",$0.00 ,$0.00 ,$0.00 ,$0.00 ,$0.00 ,$187.44 ,$0.00 ,$0.00 ,$0.00 ,$187.44 ,$393.41 ,"$43,817.00 "
"3535 West Loop 820 South  Fort Worth, TX 76116",Subaru,Auto - Subaru Plant (Floorplan-New) - East,1/26/2026,470165,1/26/2026,8/26/2027,2026 Subaru OUTBACKWAGONL,Automobile,OUTBACKWAGONL,JF2BURGDXTY470165,,"$43,749.00 ","$43,749.00 ",$0.00 ,,$0.00 ,$0.00 ,$0.00 ,"$43,749.00 ",$0.00 ,$0.00 ,$0.00 ,$0.00 ,$0.00 ,$187.15 ,$0.00 ,$0.00 ,$0.00 ,$187.15 ,$392.80 ,"$43,749.00 "
"3535 West Loop 820 South  Fort Worth, TX 76116",Subaru,Auto - Subaru Plant (Floorplan-New) - East,1/16/2026,471407,1/16/2026,8/16/2027,2026 Subaru OUTBACKWAGONP,Automobile,OUTBACKWAGONP,JF2BUPBD8TY471407,,"$37,153.00 ","$37,153.00 ",$0.00 ,,"($37,153.00)",$0.00 ,"($37,153.00)",$0.00 ,$0.00 ,$0.00 ,$0.00 ,$0.00 ,$0.00 ,$117.92 ,$0.00 ,$0.00 ,$0.00 ,$117.92 ,$344.15 ,"$27,565.13 "
"3535 West Loop 820 South  Fort Worth, TX 76116",Subaru,Auto - Subaru Plant (Floorplan-New) - East,3/25/2026,471407,3/25/2026,10/25/2027,2026 Subaru OUTBACKWAGONP,Automobile,OUTBACKWAGONP,JF2BUPBD8TY471407,,"$34,513.00 ",$0.00 ,"$34,513.00 ",3/25/2026,$0.00 ,$0.00 ,"$34,513.00 ","$34,513.00 ",$0.00 ,$0.00 ,$0.00 ,$0.00 ,$0.00 ,$33.34 ,$0.00 ,$0.00 ,$0.00 ,$33.34 ,$33.34 ,"$7,793.26 "
"3535 West Loop 820 South  Fort Worth, TX 76116",Subaru,Auto - Subaru Plant (Floorplan-New) - East,1/20/2026,471521,1/20/2026,8/20/2027,2026 Subaru OUTBACKWAGONL,Automobile,OUTBACKWAGONL,JF2BUPDDXTY471521,,"$41,999.00 ","$41,999.00 ",$0.00 ,,$0.00 ,"($41,999.00)","($41,999.00)",$0.00 ,$0.00 ,$0.00 ,$0.00 ,$0.00 ,$0.00 ,$0.00 ,($11.60),$0.00 ,$0.00 ,$0.00 ,$220.81 ,$0.00 
"3535 West Loop 820 South  Fort Worth, TX 76116",Subaru,Auto - Subaru Plant (Floorplan-New) - East,3/2/2026,471521,3/2/2026,10/2/2027,2026 Subaru OUTBACKWAGONL,Automobile,OUTBACKWAGONL,JF2BUPDDXTY471521,,"$39,165.00 ",$0.00 ,"$39,165.00 ",3/2/2026,$0.00 ,$0.00 ,"$39,165.00 ","$39,165.00 ",$0.00 ,$0.00 ,$0.00 ,$0.00 ,$0.00 ,$162.13 ,$0.00 ,$0.00 ,$0.00 ,$162.13 ,$162.13 ,"$37,901.61 "
"3535 West Loop 820 South  Fort Worth, TX 76116",Subaru,Auto - Subaru Plant (Floorplan-New) - East,1/14/2026,471564,1/14/2026,8/14/2027,2026 Subaru OUTBACKWAGONP,Automobile,OUTBACKWAGONP,JF2BUPBD2TY471564,,"$37,153.00 ","$37,153.00 ",$0.00 ,,"($37,153.00)",$0.00 ,"($37,153.00)",$0.00 ,$0.00 ,$0.00 ,$0.00 ,$0.00 ,$0.00 ,$117.92 ,$0.00 ,$0.00 ,$0.00 ,$117.92 ,$354.47 ,"$27,565.13 "
"3535 West Loop 820 South  Fort Worth, TX 76116",Subaru,Auto - Subaru Plant (Floorplan-New) - East,3/25/2026,471564,3/25/2026,10/25/2027,2026 Subaru OUTBACKWAGONP,Automobile,OUTBACKWAGONP,JF2BUPBD2TY471564,,"$34,513.00 ",$0.00 ,"$34,513.00 ",3/25/2026,$0.00 ,$0.00 ,"$34,513.00 ","$34,513.00 ",$0.00 ,$0.00 ,$0.00 ,$0.00 ,$0.00 ,$33.34 ,$0.00 ,$0.00 ,$0.00 ,$33.34 ,$33.34 ,"$7,793.26 "
"3535 West Loop 820 South  Fort Worth, TX 76116",Subaru,Auto - Subaru Plant (Floorplan-New) - East,1/16/2026,472089,1/16/2026,8/16/2027,2026 Subaru OUTBACKWAGONP,Automobile,OUTBACKWAGONP,JF2BUPBD3TY472089,,"$37,153.00 ","$37,153.00 ",$0.00 ,,$0.00 ,$0.00 ,$0.00 ,"$37,153.00 ",$0.00 ,$0.00 ,$0.00 ,$0.00 ,$0.00 ,$158.93 ,$0.00 ,$0.00 ,$0.00 ,$158.93 ,$385.16 ,"$37,153.00 "
"3535 West Loop 820 South  Fort Worth, TX 76116",Subaru,Auto - Subaru Plant (Floorplan-New) - East,1/16/2026,472611,1/16/2026,8/16/2027,2026 Subaru OUTBACKWAGONP,Automobile,OUTBACKWAGONP,JF2BUPBD1TY472611,,"$37,153.00 ","$37,153.00 ",$0.00 ,,$0.00 ,"($37,153.00)","($37,153.00)",$0.00 ,$0.00 ,$0.00 ,$0.00 ,$0.00 ,$0.00 ,$0.00 ,($10.26),$0.00 ,$0.00 ,$0.00 ,$215.97 ,$0.00 
"3535 West Loop 820 South  Fort Worth, TX 76116",Subaru,Auto - Subaru Plant (Floorplan-New) - East,3/2/2026,472611,3/2/2026,10/2/2027,2026 Subaru OUTBACKWAGONP,Automobile,OUTBACKWAGONP,JF2BUPBD1TY472611,,"$34,513.00 ",$0.00 ,"$34,513.00 ",3/2/2026,$0.00 ,$0.00 ,"$34,513.00 ","$34,513.00 ",$0.00 ,$0.00 ,$0.00 ,$0.00 ,$0.00 ,$142.88 ,$0.00 ,$0.00 ,$0.00 ,$142.88 ,$142.88 ,"$33,399.68 "
"3535 West Loop 820 South  Fort Worth, TX 76116",Subaru,Auto - Subaru Plant (Floorplan-New) - East,2/2/2026,472900,2/2/2026,9/2/2027,2026 Subaru OUTBACKWAGONP,Automobile,OUTBACKWAGONP,JF2BUPBD8TY472900,,"$37,153.00 ","$37,153.00 ",$0.00 ,,$0.00 ,$0.00 ,$0.00 ,"$37,153.00 ",$0.00 ,$0.00 ,$0.00 ,$0.00 ,$0.00 ,$158.93 ,$0.00 ,$0.00 ,$0.00 ,$158.93 ,$297.45 ,"$37,153.00 "
"3535 West Loop 820 South  Fort Worth, TX 76116",Subaru,Auto - Subaru Plant (Floorplan-New) - East,2/2/2026,472994,2/2/2026,9/2/2027,2026 Subaru OUTBACKWAGONP,Automobile,OUTBACKWAGONP,JF2BUPBDXTY472994,,"$37,153.00 ","$37,153.00 ",$0.00 ,,$0.00 ,$0.00 ,$0.00 ,"$37,153.00 ",$0.00 ,$0.00 ,$0.00 ,$0.00 ,$0.00 ,$158.93 ,$0.00 ,$0.00 ,$0.00 ,$158.93 ,$297.45 ,"$37,153.00 "
"3535 West Loop 820 South  Fort Worth, TX 76116",Subaru,Auto - Subaru Plant (Floorplan-New) - East,2/9/2026,473559,2/9/2026,9/9/2027,2026 Subaru OUTBACKWAGONP,Automobile,OUTBACKWAGONP,JF2BUPAD6TY473559,R4921,"$35,436.00 ","$35,436.00 ",$0.00 ,,"($35,436.00)",$0.00 ,"($35,436.00)",$0.00 ,$0.00 ,$0.00 ,$0.00 ,$0.00 ,$0.00 ,$48.90 ,$0.00 ,$0.00 ,$0.00 ,$48.90 ,$146.77 ,"$11,430.97 "
"3535 West Loop 820 South  Fort Worth, TX 76116",Subaru,Auto - Subaru Plant (Floorplan-New) - East,2/2/2026,473662,2/2/2026,9/2/2027,2026 Subaru OUTBACKWAGONL,Automobile,OUTBACKWAGONL,JF2BUPDD5TY473662,R4909,"$41,624.00 ","$41,624.00 ",$0.00 ,,"($41,624.00)",$0.00 ,"($41,624.00)",$0.00 ,$0.00 ,$0.00 ,$0.00 ,$0.00 ,$0.00 ,$132.11 ,$0.00 ,$0.00 ,$0.00 ,$132.11 ,$287.30 ,"$30,882.32 "
"3535 West Loop 820 South  Fort Worth, TX 76116",Subaru,Auto - Subaru Plant (Floorplan-New) - East,1/26/2026,473737,1/26/2026,8/26/2027,2026 Subaru OUTBACKWAGONP,Automobile,OUTBACKWAGONP,JF2BUPBD6TY473737,,"$37,153.00 ","$37,153.00 ",$0.00 ,,$0.00 ,$0.00 ,$0.00 ,"$37,153.00 ",$0.00 ,$0.00 ,$0.00 ,$0.00 ,$0.00 ,$158.93 ,$0.00 ,$0.00 ,$0.00 ,$158.93 ,$333.57 ,"$37,153.00 "
"3535 West Loop 820 South  Fort Worth, TX 76116",Subaru,Auto - Subaru Plant (Floorplan-New) - East,1/21/2026,473967,1/21/2026,8/21/2027,2026 Subaru OUTBACKWAGONL,Automobile,OUTBACKWAGONL,JF2BURGD6TY473967,R4869,"$43,749.00 ","$43,749.00 ",$0.00 ,,"($43,749.00)",$0.00 ,"($43,749.00)",$0.00 ,$0.00 ,$0.00 ,$0.00 ,$0.00 ,$0.00 ,$48.30 ,$0.00 ,$0.00 ,$0.00 ,$48.30 ,$284.33 ,"$11,290.06 "
"3535 West Loop 820 South  Fort Worth, TX 76116",Subaru,Auto - Subaru Plant (Floorplan-New) - East,1/16/2026,474067,1/16/2026,8/16/2027,2026 Subaru OUTBACKWAGONP,Automobile,OUTBACKWAGONP,JF2BUPAD1TY474067,R4855,"$35,464.00 ","$35,464.00 ",$0.00 ,,"($35,464.00)",$0.00 ,"($35,464.00)",$0.00 ,$0.00 ,$0.00 ,$0.00 ,$0.00 ,$0.00 ,$14.69 ,$0.00 ,$0.00 ,$0.00 ,$14.69 ,$230.65 ,"$3,432.00 "
"3535 West Loop 820 South  Fort Worth, TX 76116",Subaru,Auto - Subaru Plant (Floorplan-New) - East,1/21/2026,474076,1/21/2026,8/21/2027,2026 Subaru OUTBACKWAGONL,Automobile,OUTBACKWAGONL,JF2BUPDD8TY474076,R4868,"$41,999.00 ","$41,999.00 ",$0.00 ,,"($41,999.00)",$0.00 ,"($41,999.00)",$0.00 ,$0.00 ,$0.00 ,$0.00 ,$0.00 ,$0.00 ,$17.39 ,$0.00 ,$0.00 ,$0.00 ,$17.39 ,$243.97 ,"$4,064.42 "
"3535 West Loop 820 South  Fort Worth, TX 76116",Subaru,Auto - Subaru Plant (Floorplan-New) - East,2/2/2026,474458,2/2/2026,9/2/2027,2026 Subaru OUTBACKWAGONP,Automobile,OUTBACKWAGONP,JF2BUPBD7TY474458,,"$37,153.00 ","$37,153.00 ",$0.00 ,,$0.00 ,$0.00 ,$0.00 ,"$37,153.00 ",$0.00 ,$0.00 ,$0.00 ,$0.00 ,$0.00 ,$158.93 ,$0.00 ,$0.00 ,$0.00 ,$158.93 ,$297.45 ,"$37,153.00 "
"3535 West Loop 820 South  Fort Worth, TX 76116",Subaru,Auto - Subaru Plant (Floorplan-New) - East,1/26/2026,475324,1/26/2026,8/26/2027,2026 Subaru OUTBACKWAGONL,Automobile,OUTBACKWAGONL,JF2BUPDD6TY475324,R4890,"$41,624.00 ","$41,624.00 ",$0.00 ,,"($41,624.00)",$0.00 ,"($41,624.00)",$0.00 ,$0.00 ,$0.00 ,$0.00 ,$0.00 ,$0.00 ,$17.24 ,$0.00 ,$0.00 ,$0.00 ,$17.24 ,$212.89 ,"$4,028.13 "
"3535 West Loop 820 South  Fort Worth, TX 76116",Subaru,Auto - Subaru Plant (Floorplan-New) - East,2/2/2026,477416,2/2/2026,9/2/2027,2026 Subaru OUTBACKWAGONP,Automobile,OUTBACKWAGONP,JF2BUPBD6TY477416,,"$37,153.00 ","$37,153.00 ",$0.00 ,,$0.00 ,$0.00 ,$0.00 ,"$37,153.00 ",$0.00 ,$0.00 ,$0.00 ,$0.00 ,$0.00 ,$158.93 ,$0.00 ,$0.00 ,$0.00 ,$158.93 ,$297.45 ,"$37,153.00 "
"3535 West Loop 820 South  Fort Worth, TX 76116",Subaru,Auto - Subaru Plant (Floorplan-New) - East,3/25/2026,477843,3/25/2026,10/25/2027,2026 Subaru OUTBACKWAGONL,Automobile,OUTBACKWAGONL,JF2BUPDD7TY477843,,"$38,806.00 ",$0.00 ,"$38,806.00 ",3/25/2026,$0.00 ,$0.00 ,"$38,806.00 ","$38,806.00 ",$0.00 ,$0.00 ,$0.00 ,$0.00 ,$0.00 ,$37.48 ,$0.00 ,$0.00 ,$0.00 ,$37.48 ,$37.48 ,"$8,762.65 "
"3535 West Loop 820 South  Fort Worth, TX 76116",Subaru,Auto - Subaru Plant (Floorplan-New) - East,1/20/2026,477843,1/20/2026,8/20/2027,2026 Subaru OUTBACKWAGONL,Automobile,OUTBACKWAGONL,JF2BUPDD7TY477843,,"$41,624.00 ","$41,624.00 ",$0.00 ,,"($41,624.00)",$0.00 ,"($41,624.00)",$0.00 ,$0.00 ,$0.00 ,$0.00 ,$0.00 ,$0.00 ,$132.11 ,$0.00 ,$0.00 ,$0.00 ,$132.11 ,$362.45 ,"$30,882.32 "
"3535 West Loop 820 South  Fort Worth, TX 76116",Subaru,Auto - Subaru Plant (Floorplan-New) - East,2/25/2026,483726,2/25/2026,9/25/2027,2026 Subaru OUTBACKWAGONP,Automobile,OUTBACKWAGONP,JF2BUPBD7TY483726,,"$37,418.00 ","$37,418.00 ",$0.00 ,,$0.00 ,$0.00 ,$0.00 ,"$37,418.00 ",$0.00 ,$0.00 ,$0.00 ,$0.00 ,$0.00 ,$160.07 ,$0.00 ,$0.00 ,$0.00 ,$160.07 ,$180.74 ,"$37,418.00 "
"3535 West Loop 820 South  Fort Worth, TX 76116",Subaru,Auto - Subaru Plant (Floorplan-New) - East,2/25/2026,484051,2/25/2026,9/25/2027,2026 Subaru OUTBACKWAGONP,Automobile,OUTBACKWAGONP,JF2BUPAD3TY484051,R4981,"$35,129.00 ","$35,129.00 ",$0.00 ,,"($35,129.00)",$0.00 ,"($35,129.00)",$0.00 ,$0.00 ,$0.00 ,$0.00 ,$0.00 ,$0.00 ,$14.55 ,$0.00 ,$0.00 ,$0.00 ,$14.55 ,$33.95 ,"$3,399.58 "
"3535 West Loop 820 South  Fort Worth, TX 76116",Subaru,Auto - Subaru Plant (Floorplan-New) - East,2/11/2026,484088,2/11/2026,9/11/2027,2026 Subaru OUTBACKWAGONL,Automobile,OUTBACKWAGONL,JF2BUPDDXTY484088,R4941,"$40,724.00 ","$40,724.00 ",$0.00 ,,"($40,724.00)",$0.00 ,"($40,724.00)",$0.00 ,$0.00 ,$0.00 ,$0.00 ,$0.00 ,$0.00 ,$168.59 ,$0.00 ,$0.00 ,$0.00 ,$168.59 ,$269.82 ,"$39,410.32 "
"3535 West Loop 820 South  Fort Worth, TX 76116",Subaru,Auto - Subaru Plant (Floorplan-New) - East,2/11/2026,484261,2/11/2026,9/11/2027,2026 Subaru OUTBACKWAGONL,Automobile,OUTBACKWAGONL,JF2BUPDD9TY484261,,"$40,724.00 ","$40,724.00 ",$0.00 ,,$0.00 ,$0.00 ,$0.00 ,"$40,724.00 ",$0.00 ,$0.00 ,$0.00 ,$0.00 ,$0.00 ,$174.21 ,$0.00 ,$0.00 ,$0.00 ,$174.21 ,$275.44 ,"$40,724.00 "
"3535 West Loop 820 South  Fort Worth, TX 76116",Subaru,Auto - Subaru Plant (Floorplan-New) - East,2/24/2026,484381,2/24/2026,9/24/2027,2026 Subaru OUTBACKWAGONL,Automobile,OUTBACKWAGONL,JF2BURGD9TY484381,,"$43,650.00 ","$43,650.00 ",$0.00 ,,$0.00 ,$0.00 ,$0.00 ,"$43,650.00 ",$0.00 ,$0.00 ,$0.00 ,$0.00 ,$0.00 ,$186.73 ,$0.00 ,$0.00 ,$0.00 ,$186.73 ,$216.87 ,"$43,650.00 "
"3535 West Loop 820 South  Fort Worth, TX 76116",Subaru,Auto - Subaru Plant (Floorplan-New) - East,2/26/2026,484414,2/26/2026,9/26/2027,2026 Subaru OUTBACKWAGONL,Automobile,OUTBACKWAGONL,JF2BURGD9TY484414,R5007,"$44,025.00 ","$44,025.00 ",$0.00 ,,"($44,025.00)",$0.00 ,"($44,025.00)",$0.00 ,$0.00 ,$0.00 ,$0.00 ,$0.00 ,$0.00 ,$103.28 ,$0.00 ,$0.00 ,$0.00 ,$103.28 ,$121.52 ,"$24,142.74 "
"3535 West Loop 820 South  Fort Worth, TX 76116",Subaru,Auto - Subaru Plant (Floorplan-New) - East,2/11/2026,484849,2/11/2026,9/11/2027,2026 Subaru OUTBACKWAGONL,Automobile,OUTBACKWAGONL,JF2BUPDDXTY484849,R4942,"$41,099.00 ","$41,099.00 ",$0.00 ,,"($41,099.00)",$0.00 ,"($41,099.00)",$0.00 ,$0.00 ,$0.00 ,$0.00 ,$0.00 ,$0.00 ,$130.45 ,$0.00 ,$0.00 ,$0.00 ,$130.45 ,$232.61 ,"$30,492.81 "
"3535 West Loop 820 South  Fort Worth, TX 76116",Subaru,Auto - Subaru Plant (Floorplan-New) - East,2/26/2026,484976,2/26/2026,9/26/2027,2026 Subaru OUTBACKWAGONP,Automobile,OUTBACKWAGONP,JF2BUPBD2TY484976,,"$37,418.00 ","$37,418.00 ",$0.00 ,,$0.00 ,$0.00 ,$0.00 ,"$37,418.00 ",$0.00 ,$0.00 ,$0.00 ,$0.00 ,$0.00 ,$160.07 ,$0.00 ,$0.00 ,$0.00 ,$160.07 ,$175.57 ,"$37,418.00 "
"3535 West Loop 820 South  Fort Worth, TX 76116",Subaru,Auto - Subaru Plant (Floorplan-New) - East,2/24/2026,485113,2/24/2026,9/24/2027,2026 Subaru OUTBACKWAGONP,Automobile,OUTBACKWAGONP,JF2BUPBD6TY485113,,"$37,418.00 ","$37,418.00 ",$0.00 ,,$0.00 ,$0.00 ,$0.00 ,"$37,418.00 ",$0.00 ,$0.00 ,$0.00 ,$0.00 ,$0.00 ,$160.07 ,$0.00 ,$0.00 ,$0.00 ,$160.07 ,$185.91 ,"$37,418.00 "
"3535 West Loop 820 South  Fort Worth, TX 76116",Subaru,Auto - Subaru Plant (Floorplan-New) - East,2/24/2026,485145,2/24/2026,9/24/2027,2026 Subaru OUTBACKWAGONP,Automobile,OUTBACKWAGONP,JF2BUPBD8TY485145,,"$37,418.00 ","$37,418.00 ",$0.00 ,,$0.00 ,$0.00 ,$0.00 ,"$37,418.00 ",$0.00 ,$0.00 ,$0.00 ,$0.00 ,$0.00 ,$160.07 ,$0.00 ,$0.00 ,$0.00 ,$160.07 ,$185.91 ,"$37,418.00 "
"3535 West Loop 820 South  Fort Worth, TX 76116",Subaru,Auto - Subaru Plant (Floorplan-New) - East,3/3/2026,485889,3/3/2026,10/3/2027,2026 Subaru OUTBACKWAGONT,Automobile,OUTBACKWAGONT,JF2BUPED7TY485889,R5024,"$44,518.00 ",$0.00 ,"$44,518.00 ",3/3/2026,"($44,518.00)",$0.00 ,$0.00 ,$0.00 ,$0.00 ,$0.00 ,$0.00 ,$0.00 ,$0.00 ,$86.00 ,$0.00 ,$0.00 ,$0.00 ,$86.00 ,$86.00 ,"$20,104.90 "
"3535 West Loop 820 South  Fort Worth, TX 76116",Subaru,Auto - Subaru Plant (Floorplan-New) - East,3/3/2026,486514,3/3/2026,10/3/2027,2026 Subaru OUTBACKWAGONW,Automobile,OUTBACKWAGONW,JF2BURLD4TY486514,R5022,"$46,660.00 ",$0.00 ,"$46,660.00 ",3/3/2026,"($46,660.00)",$0.00 ,$0.00 ,$0.00 ,$0.00 ,$0.00 ,$0.00 ,$0.00 ,$0.00 ,$51.51 ,$0.00 ,$0.00 ,$0.00 ,$51.51 ,$51.51 ,"$12,041.29 "
"3535 West Loop 820 South  Fort Worth, TX 76116",Subaru,Auto - Subaru Plant (Floorplan-New) - East,2/24/2026,487229,2/24/2026,9/24/2027,2026 Subaru OUTBACKWAGONL,Automobile,OUTBACKWAGONL,JF2BURGD7TY487229,R4992,"$43,650.00 ","$43,650.00 ",$0.00 ,,"($43,650.00)",$0.00 ,"($43,650.00)",$0.00 ,$0.00 ,$0.00 ,$0.00 ,$0.00 ,$0.00 ,$138.54 ,$0.00 ,$0.00 ,$0.00 ,$138.54 ,$168.68 ,"$32,385.48 "
"3535 West Loop 820 South  Fort Worth, TX 76116",Subaru,Auto - Subaru Plant (Floorplan-New) - East,2/24/2026,487254,2/24/2026,9/24/2027,2026 Subaru OUTBACKWAGONL,Automobile,OUTBACKWAGONL,JF2BURGD6TY487254,R4991,"$43,650.00 ","$43,650.00 ",$0.00 ,,"($43,650.00)",$0.00 ,"($43,650.00)",$0.00 ,$0.00 ,$0.00 ,$0.00 ,$0.00 ,$0.00 ,$48.19 ,$0.00 ,$0.00 ,$0.00 ,$48.19 ,$78.33 ,"$11,264.52 "
"3535 West Loop 820 South  Fort Worth, TX 76116",Subaru,Auto - Subaru Plant (Floorplan-New) - East,2/11/2026,487295,2/11/2026,9/11/2027,2026 Subaru OUTBACKWAGONL,Automobile,OUTBACKWAGONL,JF2BUPDD8TY487295,,"$40,724.00 ","$40,724.00 ",$0.00 ,,$0.00 ,$0.00 ,$0.00 ,"$40,724.00 ",$0.00 ,$0.00 ,$0.00 ,$0.00 ,$0.00 ,$174.21 ,$0.00 ,$0.00 ,$0.00 ,$174.21 ,$275.44 ,"$40,724.00 "
"3535 West Loop 820 South  Fort Worth, TX 76116",Subaru,Auto - Subaru Plant (Floorplan-New) - East,2/11/2026,487547,2/11/2026,9/11/2027,2026 Subaru OUTBACKWAGONL,Automobile,OUTBACKWAGONL,JF2BUPDD9TY487547,,"$40,724.00 ","$40,724.00 ",$0.00 ,,$0.00 ,$0.00 ,$0.00 ,"$40,724.00 ",$0.00 ,$0.00 ,$0.00 ,$0.00 ,$0.00 ,$174.21 ,$0.00 ,$0.00 ,$0.00 ,$174.21 ,$275.44 ,"$40,724.00 "
"3535 West Loop 820 South  Fort Worth, TX 76116",Subaru,Auto - Subaru Plant (Floorplan-New) - East,2/11/2026,487797,2/11/2026,9/11/2027,2026 Subaru OUTBACKWAGONL,Automobile,OUTBACKWAGONL,JF2BUPDDXTY487797,R4943,"$41,099.00 ","$41,099.00 ",$0.00 ,,"($41,099.00)",$0.00 ,"($41,099.00)",$0.00 ,$0.00 ,$0.00 ,$0.00 ,$0.00 ,$0.00 ,$45.38 ,$0.00 ,$0.00 ,$0.00 ,$45.38 ,$147.54 ,"$10,606.19 "
"3535 West Loop 820 South  Fort Worth, TX 76116",Subaru,Auto - Subaru Plant (Floorplan-New) - East,2/11/2026,487953,2/11/2026,9/11/2027,2026 Subaru OUTBACKWAGONL,Automobile,OUTBACKWAGONL,JF2BUPDD9TY487953,,"$40,724.00 ","$40,724.00 ",$0.00 ,,$0.00 ,$0.00 ,$0.00 ,"$40,724.00 ",$0.00 ,$0.00 ,$0.00 ,$0.00 ,$0.00 ,$174.21 ,$0.00 ,$0.00 ,$0.00 ,$174.21 ,$275.44 ,"$40,724.00 "
"3535 West Loop 820 South  Fort Worth, TX 76116",Subaru,Auto - Subaru Plant (Floorplan-New) - East,3/3/2026,490483,3/3/2026,10/3/2027,2026 Subaru OUTBACKWAGONP,Automobile,OUTBACKWAGONP,JF2BUPAD7TY490483,,"$35,526.00 ",$0.00 ,"$35,526.00 ",3/3/2026,$0.00 ,$0.00 ,"$35,526.00 ","$35,526.00 ",$0.00 ,$0.00 ,$0.00 ,$0.00 ,$0.00 ,$142.17 ,$0.00 ,$0.00 ,$0.00 ,$142.17 ,$142.17 ,"$33,234.00 "
"3535 West Loop 820 South  Fort Worth, TX 76116",Subaru,Auto - Subaru Plant (Floorplan-New) - East,3/3/2026,490680,3/3/2026,10/3/2027,2026 Subaru OUTBACKWAGONL,Automobile,OUTBACKWAGONL,JF2BUPDD4TY490680,,"$40,724.00 ",$0.00 ,"$40,724.00 ",3/3/2026,$0.00 ,$0.00 ,"$40,724.00 ","$40,724.00 ",$0.00 ,$0.00 ,$0.00 ,$0.00 ,$0.00 ,$162.97 ,$0.00 ,$0.00 ,$0.00 ,$162.97 ,$162.97 ,"$38,096.65 "
"3535 West Loop 820 South  Fort Worth, TX 76116",Subaru,Auto - Subaru Plant (Floorplan-New) - East,3/3/2026,490688,3/3/2026,10/3/2027,2026 Subaru OUTBACKWAGONP,Automobile,OUTBACKWAGONP,JF2BUPBD5TY490688,,"$37,418.00 ",$0.00 ,"$37,418.00 ",3/3/2026,$0.00 ,$0.00 ,"$37,418.00 ","$37,418.00 ",$0.00 ,$0.00 ,$0.00 ,$0.00 ,$0.00 ,$149.74 ,$0.00 ,$0.00 ,$0.00 ,$149.74 ,$149.74 ,"$35,003.94 "
"3535 West Loop 820 South  Fort Worth, TX 76116",Subaru,Auto - Subaru Plant (Floorplan-New) - East,3/3/2026,490730,3/3/2026,10/3/2027,2026 Subaru OUTBACKWAGONL,Automobile,OUTBACKWAGONL,JF2BUPDD4TY490730,,"$40,724.00 ",$0.00 ,"$40,724.00 ",3/3/2026,$0.00 ,$0.00 ,"$40,724.00 ","$40,724.00 ",$0.00 ,$0.00 ,$0.00 ,$0.00 ,$0.00 ,$162.97 ,$0.00 ,$0.00 ,$0.00 ,$162.97 ,$162.97 ,"$38,096.65 "
"3535 West Loop 820 South  Fort Worth, TX 76116",Subaru,Auto - Subaru Plant (Floorplan-New) - East,3/3/2026,490914,3/3/2026,10/3/2027,2026 Subaru OUTBACKWAGONL,Automobile,OUTBACKWAGONL,JF2BUPDD3TY490914,R5020,"$40,724.00 ",$0.00 ,"$40,724.00 ",3/3/2026,"($40,724.00)",$0.00 ,$0.00 ,$0.00 ,$0.00 ,$0.00 ,$0.00 ,$0.00 ,$0.00 ,$89.91 ,$0.00 ,$0.00 ,$0.00 ,$89.91 ,$89.91 ,"$21,018.84 "
"3535 West Loop 820 South  Fort Worth, TX 76116",Subaru,Auto - Subaru Plant (Floorplan-New) - East,2/25/2026,491294,2/25/2026,9/25/2027,2026 Subaru OUTBACKWAGONP,Automobile,OUTBACKWAGONP,JF2BUPAD9TY491294,R4980,"$35,901.00 ","$35,901.00 ",$0.00 ,,"($35,901.00)",$0.00 ,"($35,901.00)",$0.00 ,$0.00 ,$0.00 ,$0.00 ,$0.00 ,$0.00 ,$94.13 ,$0.00 ,$0.00 ,$0.00 ,$94.13 ,$113.96 ,"$22,003.84 "
"3535 West Loop 820 South  Fort Worth, TX 76116",Subaru,Auto - Subaru Plant (Floorplan-New) - East,2/24/2026,491694,2/24/2026,9/24/2027,2026 Subaru OUTBACKWAGONL,Automobile,OUTBACKWAGONL,JF2BUPDD9TY491694,R4990,"$40,724.00 ","$40,724.00 ",$0.00 ,,"($40,724.00)",$0.00 ,"($40,724.00)",$0.00 ,$0.00 ,$0.00 ,$0.00 ,$0.00 ,$0.00 ,$16.86 ,$0.00 ,$0.00 ,$0.00 ,$16.86 ,$44.98 ,"$3,941.03 "
"3535 West Loop 820 South  Fort Worth, TX 76116",Subaru,Auto - Subaru Plant (Floorplan-New) - East,2/25/2026,491703,2/25/2026,9/25/2027,2026 Subaru OUTBACKWAGONW,Automobile,OUTBACKWAGONW,JF2BURKD8TY491703,R4977,"$44,580.00 ","$44,580.00 ",$0.00 ,,"($44,580.00)",$0.00 ,"($44,580.00)",$0.00 ,$0.00 ,$0.00 ,$0.00 ,$0.00 ,$0.00 ,$98.44 ,$0.00 ,$0.00 ,$0.00 ,$98.44 ,$123.06 ,"$23,009.03 "
"3535 West Loop 820 South  Fort Worth, TX 76116",Subaru,Auto - Subaru Plant (Floorplan-New) - East,3/12/2026,496080,3/12/2026,10/12/2027,2026 Subaru OUTBACKWAGONL,Automobile,OUTBACKWAGONL,JF2BUPDDXTY496080,,"$41,554.00 ",$0.00 ,"$41,554.00 ",3/12/2026,$0.00 ,$0.00 ,"$41,554.00 ","$41,554.00 ",$0.00 ,$0.00 ,$0.00 ,$0.00 ,$0.00 ,$114.68 ,$0.00 ,$0.00 ,$0.00 ,$114.68 ,$114.68 ,"$26,809.03 "
"3535 West Loop 820 South  Fort Worth, TX 76116",Subaru,Auto - Subaru Plant (Floorplan-New) - East,3/6/2026,496256,3/6/2026,10/6/2027,2026 Subaru OUTBACKWAGONT,Automobile,OUTBACKWAGONT,JF2BURJDXTY496256,R5046,"$46,555.00 ",$0.00 ,"$46,555.00 ",3/6/2026,"($46,555.00)",$0.00 ,$0.00 ,$0.00 ,$0.00 ,$0.00 ,$0.00 ,$0.00 ,$0.00 ,$77.09 ,$0.00 ,$0.00 ,$0.00 ,$77.09 ,$77.09 ,"$18,021.29 "
"3535 West Loop 820 South  Fort Worth, TX 76116",Subaru,Auto - Subaru Plant (Floorplan-New) - East,3/19/2026,500406,3/19/2026,10/19/2027,2026 Subaru OUTBACKWAGONP,Automobile,OUTBACKWAGONP,JF2BUPAD8TY500406,,"$34,889.00 ",$0.00 ,"$34,889.00 ",3/19/2026,$0.00 ,$0.00 ,"$34,889.00 ","$34,889.00 ",$0.00 ,$0.00 ,$0.00 ,$0.00 ,$0.00 ,$62.59 ,$0.00 ,$0.00 ,$0.00 ,$62.59 ,$62.59 ,"$14,630.87 "
"3535 West Loop 820 South  Fort Worth, TX 76116",Subaru,Auto - Subaru Plant (Floorplan-New) - East,3/12/2026,500751,3/12/2026,10/12/2027,2026 Subaru OUTBACKWAGONT,Automobile,OUTBACKWAGONT,JF2BURJD9TY500751,,"$47,108.00 ",$0.00 ,"$47,108.00 ",3/12/2026,$0.00 ,$0.00 ,"$47,108.00 ","$47,108.00 ",$0.00 ,$0.00 ,$0.00 ,$0.00 ,$0.00 ,$130.01 ,$0.00 ,$0.00 ,$0.00 ,$130.01 ,$130.01 ,"$30,392.26 "
"3535 West Loop 820 South  Fort Worth, TX 76116",Subaru,Auto - Subaru Plant (Floorplan-New) - East,3/13/2026,501217,3/13/2026,10/13/2027,2026 Subaru OUTBACKWAGONT,Automobile,OUTBACKWAGONT,JF2BURJD5TY501217,R5067,"$47,108.00 ",$0.00 ,"$47,108.00 ",3/13/2026,"($47,108.00)",$0.00 ,$0.00 ,$0.00 ,$0.00 ,$0.00 ,$0.00 ,$0.00 ,$0.00 ,$84.51 ,$0.00 ,$0.00 ,$0.00 ,$84.51 ,$84.51 ,"$19,754.97 "
"3535 West Loop 820 South  Fort Worth, TX 76116",Subaru,Auto - Subaru Plant (Floorplan-New) - East,3/13/2026,502323,3/13/2026,10/13/2027,2026 Subaru OUTBACKWAGONP,Automobile,OUTBACKWAGONP,JF2BUPBD5TY502323,,"$36,781.00 ",$0.00 ,"$36,781.00 ",3/13/2026,$0.00 ,$0.00 ,"$36,781.00 ","$36,781.00 ",$0.00 ,$0.00 ,$0.00 ,$0.00 ,$0.00 ,$96.43 ,$0.00 ,$0.00 ,$0.00 ,$96.43 ,$96.43 ,"$22,543.19 "
"3535 West Loop 820 South  Fort Worth, TX 76116",Subaru,Auto - Subaru Plant (Floorplan-New) - East,3/25/2026,502673,3/25/2026,10/25/2027,2026 Subaru OUTBACKWAGONW,Automobile,OUTBACKWAGONW,JF2BURLD7TY502673,,"$46,360.00 ",$0.00 ,"$46,360.00 ",3/25/2026,$0.00 ,$0.00 ,"$46,360.00 ","$46,360.00 ",$0.00 ,$0.00 ,$0.00 ,$0.00 ,$0.00 ,$44.78 ,$0.00 ,$0.00 ,$0.00 ,$44.78 ,$44.78 ,"$10,468.39 "
"3535 West Loop 820 South  Fort Worth, TX 76116",Subaru,Auto - Subaru Plant (Floorplan-New) - East,3/27/2026,502854,3/27/2026,10/27/2027,2026 Subaru OUTBACKWAGONT,Automobile,OUTBACKWAGONT,JF2BURJD7TY502854,,"$47,108.00 ",$0.00 ,"$47,108.00 ",3/27/2026,$0.00 ,$0.00 ,"$47,108.00 ","$47,108.00 ",$0.00 ,$0.00 ,$0.00 ,$0.00 ,$0.00 ,$32.50 ,$0.00 ,$0.00 ,$0.00 ,$32.50 ,$32.50 ,"$7,598.06 "
"3535 West Loop 820 South  Fort Worth, TX 76116",Subaru,Auto - Subaru Plant (Floorplan-New) - East,3/20/2026,502973,3/20/2026,10/20/2027,2026 Subaru OUTBACKWAGONW,Automobile,OUTBACKWAGONW,JF2BURMDXTY502973,R5102,"$48,065.00 ",$0.00 ,"$48,065.00 ",3/20/2026,"($48,065.00)",$0.00 ,$0.00 ,$0.00 ,$0.00 ,$0.00 ,$0.00 ,$0.00 ,$0.00 ,$72.96 ,$0.00 ,$0.00 ,$0.00 ,$72.96 ,$72.96 ,"$17,055.32 "
"3535 West Loop 820 South  Fort Worth, TX 76116",Subaru,Auto - Subaru Plant (Floorplan-New) - East,3/20/2026,503053,3/20/2026,10/20/2027,2026 Subaru OUTBACKWAGONL,Automobile,OUTBACKWAGONL,JF2BURGD1TY503053,,"$44,179.00 ",$0.00 ,"$44,179.00 ",3/20/2026,$0.00 ,$0.00 ,"$44,179.00 ","$44,179.00 ",$0.00 ,$0.00 ,$0.00 ,$0.00 ,$0.00 ,$73.16 ,$0.00 ,$0.00 ,$0.00 ,$73.16 ,$73.16 ,"$17,101.55 "
"3535 West Loop 820 South  Fort Worth, TX 76116",Subaru,Auto - Subaru Plant (Floorplan-New) - East,3/27/2026,505625,3/27/2026,10/27/2027,2026 Subaru OUTBACKWAGONL,Automobile,OUTBACKWAGONL,JF2BURGD8TY505625,,"$44,179.00 ",$0.00 ,"$44,179.00 ",3/27/2026,$0.00 ,$0.00 ,"$44,179.00 ","$44,179.00 ",$0.00 ,$0.00 ,$0.00 ,$0.00 ,$0.00 ,$30.48 ,$0.00 ,$0.00 ,$0.00 ,$30.48 ,$30.48 ,"$7,125.65 "
"3535 West Loop 820 South  Fort Worth, TX 76116",Subaru,Auto - Subaru Plant (Floorplan-New) - East,3/27/2026,505633,3/27/2026,10/27/2027,2026 Subaru OUTBACKWAGONT,Automobile,OUTBACKWAGONT,JF2BURJD6TY505633,,"$47,108.00 ",$0.00 ,"$47,108.00 ",3/27/2026,$0.00 ,$0.00 ,"$47,108.00 ","$47,108.00 ",$0.00 ,$0.00 ,$0.00 ,$0.00 ,$0.00 ,$32.50 ,$0.00 ,$0.00 ,$0.00 ,$32.50 ,$32.50 ,"$7,598.06 "
"3535 West Loop 820 South  Fort Worth, TX 76116",Subaru,Auto - Subaru Plant (Floorplan-New) - East,3/25/2026,505796,3/25/2026,10/25/2027,2026 Subaru OUTBACKWAGONT,Automobile,OUTBACKWAGONT,JF2BUPED3TY505796,R5135,"$44,979.00 ",$0.00 ,"$44,979.00 ",3/25/2026,"($44,979.00)",$0.00 ,$0.00 ,$0.00 ,$0.00 ,$0.00 ,$0.00 ,$0.00 ,$0.00 ,$37.24 ,$0.00 ,$0.00 ,$0.00 ,$37.24 ,$37.24 ,"$8,705.61 "
"3535 West Loop 820 South  Fort Worth, TX 76116",Subaru,Auto - Subaru Plant (Floorplan-New) - East,3/20/2026,505888,3/20/2026,10/20/2027,2026 Subaru OUTBACKWAGONT,Automobile,OUTBACKWAGONT,JF2BURJD6TY505888,R5093,"$47,483.00 ",$0.00 ,"$47,483.00 ",3/20/2026,"($47,483.00)",$0.00 ,$0.00 ,$0.00 ,$0.00 ,$0.00 ,$0.00 ,$0.00 ,$0.00 ,$32.76 ,$0.00 ,$0.00 ,$0.00 ,$32.76 ,$32.76 ,"$7,658.55 "
"3535 West Loop 820 South  Fort Worth, TX 76116",Subaru,Auto - Subaru Plant (Floorplan-New) - East,3/20/2026,506075,3/20/2026,10/20/2027,2026 Subaru OUTBACKWAGONL,Automobile,OUTBACKWAGONL,JF2BUPDD3TY506075,,"$41,554.00 ",$0.00 ,"$41,554.00 ",3/20/2026,$0.00 ,$0.00 ,"$41,554.00 ","$41,554.00 ",$0.00 ,$0.00 ,$0.00 ,$0.00 ,$0.00 ,$68.81 ,$0.00 ,$0.00 ,$0.00 ,$68.81 ,$68.81 ,"$16,085.42 "
"3535 West Loop 820 South  Fort Worth, TX 76116",Subaru,Auto - Subaru Plant (Floorplan-New) - East,3/25/2026,506132,3/25/2026,10/25/2027,2026 Subaru OUTBACKWAGONL,Automobile,OUTBACKWAGONL,JF2BUPDD0TY506132,,"$41,554.00 ",$0.00 ,"$41,554.00 ",3/25/2026,$0.00 ,$0.00 ,"$41,554.00 ","$41,554.00 ",$0.00 ,$0.00 ,$0.00 ,$0.00 ,$0.00 ,$40.14 ,$0.00 ,$0.00 ,$0.00 ,$40.14 ,$40.14 ,"$9,383.16 "
"3535 West Loop 820 South  Fort Worth, TX 76116",Subaru,Auto - Subaru Plant (Floorplan-New) - East,3/30/2026,506431,3/30/2026,10/30/2027,2026 Subaru OUTBACKWAGONL,Automobile,OUTBACKWAGONL,JF2BURGD0TY506431,,"$44,554.00 ",$0.00 ,"$44,554.00 ",3/30/2026,$0.00 ,$0.00 ,"$44,554.00 ","$44,554.00 ",$0.00 ,$0.00 ,$0.00 ,$0.00 ,$0.00 ,$12.30 ,$0.00 ,$0.00 ,$0.00 ,$12.30 ,$12.30 ,"$2,874.45 "
"3535 West Loop 820 South  Fort Worth, TX 76116",Subaru,Auto - Subaru Plant (Floorplan-New) - East,3/27/2026,506892,3/27/2026,10/27/2027,2026 Subaru OUTBACKWAGONL,Automobile,OUTBACKWAGONL,JF2BUPDD2TY506892,,"$41,554.00 ",$0.00 ,"$41,554.00 ",3/27/2026,$0.00 ,$0.00 ,"$41,554.00 ","$41,554.00 ",$0.00 ,$0.00 ,$0.00 ,$0.00 ,$0.00 ,$28.67 ,$0.00 ,$0.00 ,$0.00 ,$28.67 ,$28.67 ,"$6,702.26 "
"3535 West Loop 820 South  Fort Worth, TX 76116",Subaru,Auto - Subaru Plant (Floorplan-New) - East,3/20/2026,506911,3/20/2026,10/20/2027,2026 Subaru OUTBACKWAGONL,Automobile,OUTBACKWAGONL,JF2BUPDD2TY506911,,"$41,554.00 ",$0.00 ,"$41,554.00 ",3/20/2026,$0.00 ,$0.00 ,"$41,554.00 ","$41,554.00 ",$0.00 ,$0.00 ,$0.00 ,$0.00 ,$0.00 ,$68.81 ,$0.00 ,$0.00 ,$0.00 ,$68.81 ,$68.81 ,"$16,085.42 "
"3535 West Loop 820 South  Fort Worth, TX 76116",Subaru,Auto - Subaru Plant (Floorplan-New) - East,3/20/2026,507248,3/20/2026,10/20/2027,2026 Subaru OUTBACKWAGONL,Automobile,OUTBACKWAGONL,JF2BUPDD2TY507248,,"$41,554.00 ",$0.00 ,"$41,554.00 ",3/20/2026,$0.00 ,$0.00 ,"$41,554.00 ","$41,554.00 ",$0.00 ,$0.00 ,$0.00 ,$0.00 ,$0.00 ,$68.81 ,$0.00 ,$0.00 ,$0.00 ,$68.81 ,$68.81 ,"$16,085.42 "
"3535 West Loop 820 South  Fort Worth, TX 76116",Subaru,Auto - Subaru Plant (Floorplan-New) - East,3/27/2026,507309,3/27/2026,10/27/2027,2026 Subaru OUTBACKWAGONW,Automobile,OUTBACKWAGONW,JF2BURLD0TY507309,,"$46,735.00 ",$0.00 ,"$46,735.00 ",3/27/2026,$0.00 ,$0.00 ,"$46,735.00 ","$46,735.00 ",$0.00 ,$0.00 ,$0.00 ,$0.00 ,$0.00 ,$32.25 ,$0.00 ,$0.00 ,$0.00 ,$32.25 ,$32.25 ,"$7,537.90 "
"3535 West Loop 820 South  Fort Worth, TX 76116",Subaru,Auto - Subaru Plant (Floorplan-New) - East,3/20/2026,507393,3/20/2026,10/20/2027,2026 Subaru OUTBACKWAGONL,Automobile,OUTBACKWAGONL,JF2BUPDD0TY507393,,"$41,929.00 ",$0.00 ,"$41,929.00 ",3/20/2026,$0.00 ,$0.00 ,"$41,929.00 ","$41,929.00 ",$0.00 ,$0.00 ,$0.00 ,$0.00 ,$0.00 ,$69.43 ,$0.00 ,$0.00 ,$0.00 ,$69.43 ,$69.43 ,"$16,230.58 "
"3535 West Loop 820 South  Fort Worth, TX 76116",Subaru,Auto - Subaru Plant (Floorplan-New) - East,3/20/2026,507663,3/20/2026,10/20/2027,2026 Subaru OUTBACKWAGONT,Automobile,OUTBACKWAGONT,JF2BURJD3TY507663,,"$47,108.00 ",$0.00 ,"$47,108.00 ",3/20/2026,$0.00 ,$0.00 ,"$47,108.00 ","$47,108.00 ",$0.00 ,$0.00 ,$0.00 ,$0.00 ,$0.00 ,$78.01 ,$0.00 ,$0.00 ,$0.00 ,$78.01 ,$78.01 ,"$18,235.35 "
"3535 West Loop 820 South  Fort Worth, TX 76116",Subaru,Auto - Subaru Plant (Floorplan-New) - East,3/20/2026,507680,3/20/2026,10/20/2027,2026 Subaru OUTBACKWAGONT,Automobile,OUTBACKWAGONT,JF2BURJD3TY507680,,"$47,108.00 ",$0.00 ,"$47,108.00 ",3/20/2026,$0.00 ,$0.00 ,"$47,108.00 ","$47,108.00 ",$0.00 ,$0.00 ,$0.00 ,$0.00 ,$0.00 ,$78.01 ,$0.00 ,$0.00 ,$0.00 ,$78.01 ,$78.01 ,"$18,235.35 "
"3535 West Loop 820 South  Fort Worth, TX 76116",Subaru,Auto - Subaru Plant (Floorplan-New) - East,3/24/2026,508842,3/24/2026,10/24/2027,2026 Subaru OUTBACKWAGONT,Automobile,OUTBACKWAGONT,JF2BURJD8TY508842,,"$47,108.00 ",$0.00 ,"$47,108.00 ",3/24/2026,$0.00 ,$0.00 ,"$47,108.00 ","$47,108.00 ",$0.00 ,$0.00 ,$0.00 ,$0.00 ,$0.00 ,$52.00 ,$0.00 ,$0.00 ,$0.00 ,$52.00 ,$52.00 ,"$12,156.90 "
"3535 West Loop 820 South  Fort Worth, TX 76116",Subaru,Auto - Subaru Plant (Floorplan-New) - East,3/27/2026,508865,3/27/2026,10/27/2027,2026 Subaru OUTBACKWAGONW,Automobile,OUTBACKWAGONW,JF2BURMD4TY508865,,"$48,065.00 ",$0.00 ,"$48,065.00 ",3/27/2026,$0.00 ,$0.00 ,"$48,065.00 ","$48,065.00 ",$0.00 ,$0.00 ,$0.00 ,$0.00 ,$0.00 ,$33.16 ,$0.00 ,$0.00 ,$0.00 ,$33.16 ,$33.16 ,"$7,752.42 "
"3535 West Loop 820 South  Fort Worth, TX 76116",Subaru,Auto - Subaru Plant (Floorplan-New) - East,3/20/2026,508894,3/20/2026,10/20/2027,2026 Subaru OUTBACKWAGONW,Automobile,OUTBACKWAGONW,JF2BURLD9TY508894,R5101,"$46,360.00 ",$0.00 ,"$46,360.00 ",3/20/2026,"($46,360.00)",$0.00 ,$0.00 ,$0.00 ,$0.00 ,$0.00 ,$0.00 ,$0.00 ,$0.00 ,$70.37 ,$0.00 ,$0.00 ,$0.00 ,$70.37 ,$70.37 ,"$16,450.32 "
"3535 West Loop 820 South  Fort Worth, TX 76116",Subaru,Auto - Subaru Plant (Floorplan-New) - East,3/20/2026,510181,3/20/2026,10/20/2027,2026 Subaru OUTBACKWAGONP,Automobile,OUTBACKWAGONP,JF2BUPBD7TY510181,,"$36,781.00 ",$0.00 ,"$36,781.00 ",3/20/2026,$0.00 ,$0.00 ,"$36,781.00 ","$36,781.00 ",$0.00 ,$0.00 ,$0.00 ,$0.00 ,$0.00 ,$60.91 ,$0.00 ,$0.00 ,$0.00 ,$60.91 ,$60.91 ,"$14,237.81 "
"3535 West Loop 820 South  Fort Worth, TX 76116",Subaru,Auto - Subaru Plant (Floorplan-New) - East,3/19/2026,513989,3/19/2026,10/19/2027,2026 Subaru OUTBACKWAGONP,Automobile,OUTBACKWAGONP,JF2BUPBD4TY513989,,"$36,406.00 ",$0.00 ,"$36,406.00 ",3/19/2026,$0.00 ,$0.00 ,"$36,406.00 ","$36,406.00 ",$0.00 ,$0.00 ,$0.00 ,$0.00 ,$0.00 ,$65.31 ,$0.00 ,$0.00 ,$0.00 ,$65.31 ,$65.31 ,"$15,267.03 "
"3535 West Loop 820 South  Fort Worth, TX 76116",Subaru,Auto - Subaru Plant (Floorplan-New) - East,11/25/2025,606029,11/25/2025,6/25/2027,2025 Subaru FORESTERSUVSP,Automobile,FORESTERSUVSP,JF2SLDFC8SH606029,R4550,"$33,892.00 ","$33,892.00 ",$0.00 ,,$0.00 ,$0.00 ,$0.00 ,"$33,892.00 ",$0.00 ,$0.00 ,$0.00 ,$0.00 ,$0.00 ,$144.98 ,$0.00 ,$0.00 ,$0.00 ,$144.98 ,$602.94 ,"$33,892.00 "
"3535 West Loop 820 South  Fort Worth, TX 76116",Subaru,Auto - Subaru Plant (Floorplan-New) - East,2/26/2026,700827,2/26/2026,9/26/2027,2026 Subaru BRZ2 DOOR COU,Automobile,BRZ2 DOOR COU,JF1ZDBS17T9700827,R5005,"$38,130.00 ","$38,130.00 ",$0.00 ,,"($38,130.00)",$0.00 ,"($38,130.00)",$0.00 ,$0.00 ,$0.00 ,$0.00 ,$0.00 ,$0.00 ,$136.81 ,$0.00 ,$0.00 ,$0.00 ,$136.81 ,$152.61 ,"$31,980.00 "
"3535 West Loop 820 South  Fort Worth, TX 76116",Subaru,Auto - Subaru Plant (Floorplan-New) - East,11/3/2025,704821,11/3/2025,6/3/2027,2026 Subaru CROSSTREK5 DO,Automobile,CROSSTREK5 DO,4S4GUHF63T3704821,,"$29,240.00 ","$29,240.00 ",$0.00 ,,$0.00 ,$0.00 ,$0.00 ,"$29,240.00 ",$0.00 ,$0.00 ,$0.00 ,$0.00 ,$0.00 ,$125.09 ,$0.00 ,$0.00 ,$0.00 ,$125.09 ,$614.60 ,"$29,240.00 "
"3535 West Loop 820 South  Fort Worth, TX 76116",Subaru,Auto - Subaru Plant (Floorplan-New) - East,11/6/2025,704829,11/6/2025,6/6/2027,2026 Subaru CROSSTREK5 DO,Automobile,CROSSTREK5 DO,4S4GUHB60T3704829,,"$26,212.00 ","$26,212.00 ",$0.00 ,,$0.00 ,$0.00 ,$0.00 ,"$26,212.00 ",$0.00 ,$0.00 ,$0.00 ,$0.00 ,$0.00 ,$112.13 ,$0.00 ,$0.00 ,$0.00 ,$112.13 ,$539.42 ,"$26,212.00 "
"3535 West Loop 820 South  Fort Worth, TX 76116",Subaru,Auto - Subaru Plant (Floorplan-New) - East,10/29/2025,705052,10/29/2025,5/29/2027,2026 Subaru CROSSTREK5 DO,Automobile,CROSSTREK5 DO,4S4GUHU65T3705052,R4584,"$34,441.00 ","$34,441.00 ",$0.00 ,,$0.00 ,$0.00 ,$0.00 ,"$34,441.00 ",$0.00 ,$0.00 ,$0.00 ,$0.00 ,$0.00 ,$147.34 ,$0.00 ,$0.00 ,$0.00 ,$147.34 ,$749.92 ,"$34,441.00 "
"3535 West Loop 820 South  Fort Worth, TX 76116",Subaru,Auto - Subaru Plant (Floorplan-New) - East,11/7/2025,706804,11/7/2025,6/7/2027,2026 Subaru CROSSTREK5 DO,Automobile,CROSSTREK5 DO,4S4GUHD69T3706804,R4620,"$28,429.00 ","$28,429.00 ",$0.00 ,,"($28,429.00)",$0.00 ,"($28,429.00)",$0.00 ,$0.00 ,$0.00 ,$0.00 ,$0.00 ,$0.00 ,$39.24 ,$0.00 ,$0.00 ,$0.00 ,$39.24 ,$498.49 ,"$9,170.65 "
"3535 West Loop 820 South  Fort Worth, TX 76116",Subaru,Auto - Subaru Plant (Floorplan-New) - East,1/26/2026,706986,1/26/2026,8/26/2027,2026 Subaru CROSSTREK5 DO,Automobile,CROSSTREK5 DO,4S4GUHD68T3706986,,"$26,459.00 ","$26,459.00 ",$0.00 ,,$0.00 ,$0.00 ,$0.00 ,"$26,459.00 ",$0.00 ,$0.00 ,$0.00 ,$0.00 ,$0.00 ,$113.18 ,$0.00 ,$0.00 ,$0.00 ,$113.18 ,$237.55 ,"$26,459.00 "
"3535 West Loop 820 South  Fort Worth, TX 76116",Subaru,Auto - Subaru Plant (Floorplan-New) - East,11/10/2025,707704,11/10/2025,6/10/2027,2026 Subaru CROSSTREK5 DO,Automobile,CROSSTREK5 DO,4S4GUHD6XT3707704,R4631,"$30,798.00 ","$30,798.00 ",$0.00 ,,"($30,798.00)",$0.00 ,"($30,798.00)",$0.00 ,$0.00 ,$0.00 ,$0.00 ,$0.00 ,$0.00 ,$97.75 ,$0.00 ,$0.00 ,$0.00 ,$97.75 ,$581.71 ,"$22,850.13 "
"3535 West Loop 820 South  Fort Worth, TX 76116",Subaru,Auto - Subaru Plant (Floorplan-New) - East,3/25/2026,707704,3/25/2026,10/25/2027,2026 Subaru CROSSTREK5 DO,Automobile,CROSSTREK5 DO,4S4GUHD6XT3707704,,"$28,722.00 ",$0.00 ,"$28,722.00 ",3/25/2026,$0.00 ,$0.00 ,"$28,722.00 ","$28,722.00 ",$0.00 ,$0.00 ,$0.00 ,$0.00 ,$0.00 ,$27.74 ,$0.00 ,$0.00 ,$0.00 ,$27.74 ,$27.74 ,"$6,485.61 "
"3535 West Loop 820 South  Fort Worth, TX 76116",Subaru,Auto - Subaru Plant (Floorplan-New) - East,12/5/2025,715844,12/5/2025,7/5/2027,2026 Subaru CROSSTREK5 DO,Automobile,CROSSTREK5 DO,4S4GUHL69T3715844,,"$33,107.00 ","$33,107.00 ",$0.00 ,,"($33,107.00)",$0.00 ,"($33,107.00)",$0.00 ,$0.00 ,$0.00 ,$0.00 ,$0.00 ,$0.00 ,$105.08 ,$0.00 ,$0.00 ,$0.00 ,$105.08 ,$504.25 ,"$24,563.26 "
"3535 West Loop 820 South  Fort Worth, TX 76116",Subaru,Auto - Subaru Plant (Floorplan-New) - East,3/25/2026,715844,3/25/2026,10/25/2027,2026 Subaru CROSSTREK5 DO,Automobile,CROSSTREK5 DO,4S4GUHL69T3715844,,"$30,937.00 ",$0.00 ,"$30,937.00 ",3/25/2026,$0.00 ,$0.00 ,"$30,937.00 ","$30,937.00 ",$0.00 ,$0.00 ,$0.00 ,$0.00 ,$0.00 ,$29.88 ,$0.00 ,$0.00 ,$0.00 ,$29.88 ,$29.88 ,"$6,985.77 "
"3535 West Loop 820 South  Fort Worth, TX 76116",Subaru,Auto - Subaru Plant (Floorplan-New) - East,3/25/2026,717905,3/25/2026,10/25/2027,2026 Subaru CROSSTREK5 DO,Automobile,CROSSTREK5 DO,4S4GUHF68T3717905,,"$29,134.00 ",$0.00 ,"$29,134.00 ",3/25/2026,$0.00 ,$0.00 ,"$29,134.00 ","$29,134.00 ",$0.00 ,$0.00 ,$0.00 ,$0.00 ,$0.00 ,$28.14 ,$0.00 ,$0.00 ,$0.00 ,$28.14 ,$28.14 ,"$6,578.65 "
"3535 West Loop 820 South  Fort Worth, TX 76116",Subaru,Auto - Subaru Plant (Floorplan-New) - East,12/9/2025,717905,12/9/2025,7/9/2027,2026 Subaru CROSSTREK5 DO,Automobile,CROSSTREK5 DO,4S4GUHF68T3717905,,"$31,210.00 ","$31,210.00 ",$0.00 ,,"($31,210.00)",$0.00 ,"($31,210.00)",$0.00 ,$0.00 ,$0.00 ,$0.00 ,$0.00 ,$0.00 ,$99.06 ,$0.00 ,$0.00 ,$0.00 ,$99.06 ,$457.41 ,"$23,155.81 "
"3535 West Loop 820 South  Fort Worth, TX 76116",Subaru,Auto - Subaru Plant (Floorplan-New) - East,1/2/2026,718836,1/2/2026,8/2/2027,2026 Subaru CROSSTREK5 DO,Automobile,CROSSTREK5 DO,4S4GUHF69T3718836,R4774,"$31,210.00 ","$31,210.00 ",$0.00 ,,"($31,210.00)",$0.00 ,"($31,210.00)",$0.00 ,$0.00 ,$0.00 ,$0.00 ,$0.00 ,$0.00 ,$12.92 ,$0.00 ,$0.00 ,$0.00 ,$12.92 ,$263.65 ,"$3,020.32 "
"3535 West Loop 820 South  Fort Worth, TX 76116",Subaru,Auto - Subaru Plant (Floorplan-New) - East,1/26/2026,719099,1/26/2026,8/26/2027,2026 Subaru CROSSTREK5 DO,Automobile,CROSSTREK5 DO,4S4GUHU62T3719099,,"$33,808.00 ","$33,808.00 ",$0.00 ,,$0.00 ,$0.00 ,$0.00 ,"$33,808.00 ",$0.00 ,$0.00 ,$0.00 ,$0.00 ,$0.00 ,$144.63 ,$0.00 ,$0.00 ,$0.00 ,$144.63 ,$303.55 ,"$33,808.00 "
"3535 West Loop 820 South  Fort Worth, TX 76116",Subaru,Auto - Subaru Plant (Floorplan-New) - East,12/22/2025,723124,12/22/2025,7/22/2027,2026 Subaru CROSSTREK5 DO,Automobile,CROSSTREK5 DO,4S4GUHF6XT3723124,,"$31,210.00 ","$31,210.00 ",$0.00 ,,$0.00 ,$0.00 ,$0.00 ,"$31,210.00 ",$0.00 ,$0.00 ,$0.00 ,$0.00 ,$0.00 ,$133.51 ,$0.00 ,$0.00 ,$0.00 ,$133.51 ,$433.56 ,"$31,210.00 "
"3535 West Loop 820 South  Fort Worth, TX 76116",Subaru,Auto - Subaru Plant (Floorplan-New) - East,1/12/2026,728177,1/12/2026,8/12/2027,2026 Subaru CROSSTREK5 DO,Automobile,CROSSTREK5 DO,4S4GUHD68T3728177,R4826,"$27,971.00 ","$27,971.00 ",$0.00 ,,"($27,971.00)",$0.00 ,"($27,971.00)",$0.00 ,$0.00 ,$0.00 ,$0.00 ,$0.00 ,$0.00 ,$69.48 ,$0.00 ,$0.00 ,$0.00 ,$69.48 ,$255.34 ,"$16,241.23 "
"3535 West Loop 820 South  Fort Worth, TX 76116",Subaru,Auto - Subaru Plant (Floorplan-New) - East,1/9/2026,728251,1/9/2026,8/9/2027,2026 Subaru CROSSTREK5 DO,Automobile,CROSSTREK5 DO,4S4GUHD65T3728251,R4817,"$28,669.00 ","$28,669.00 ",$0.00 ,,"($28,669.00)",$0.00 ,"($28,669.00)",$0.00 ,$0.00 ,$0.00 ,$0.00 ,$0.00 ,$0.00 ,$90.99 ,$0.00 ,$0.00 ,$0.00 ,$90.99 ,$293.43 ,"$21,270.55 "
"3535 West Loop 820 South  Fort Worth, TX 76116",Subaru,Auto - Subaru Plant (Floorplan-New) - East,1/26/2026,730606,1/26/2026,8/26/2027,2026 Subaru CROSSTREK5 DO,Automobile,CROSSTREK5 DO,4S4GUHD64T3730606,,"$28,669.00 ","$28,669.00 ",$0.00 ,,$0.00 ,$0.00 ,$0.00 ,"$28,669.00 ",$0.00 ,$0.00 ,$0.00 ,$0.00 ,$0.00 ,$122.64 ,$0.00 ,$0.00 ,$0.00 ,$122.64 ,$257.40 ,"$28,669.00 "
"3535 West Loop 820 South  Fort Worth, TX 76116",Subaru,Auto - Subaru Plant (Floorplan-New) - East,1/26/2026,730793,1/26/2026,8/26/2027,2026 Subaru CROSSTREK5 DO,Automobile,CROSSTREK5 DO,4S4GUHD67T3730793,R4899,"$30,663.00 ","$30,663.00 ",$0.00 ,,"($30,663.00)",$0.00 ,"($30,663.00)",$0.00 ,$0.00 ,$0.00 ,$0.00 ,$0.00 ,$0.00 ,$12.69 ,$0.00 ,$0.00 ,$0.00 ,$12.69 ,$156.83 ,"$2,967.39 "
"3535 West Loop 820 South  Fort Worth, TX 76116",Subaru,Auto - Subaru Plant (Floorplan-New) - East,1/26/2026,731046,1/26/2026,8/26/2027,2026 Subaru CROSSTREK5 DO,Automobile,CROSSTREK5 DO,4S4GUHB64T3731046,R4897,"$27,327.00 ","$27,327.00 ",$0.00 ,,"($27,327.00)",$0.00 ,"($27,327.00)",$0.00 ,$0.00 ,$0.00 ,$0.00 ,$0.00 ,$0.00 ,$37.71 ,$0.00 ,$0.00 ,$0.00 ,$37.71 ,$166.17 ,"$8,815.16 "
"3535 West Loop 820 South  Fort Worth, TX 76116",Subaru,Auto - Subaru Plant (Floorplan-New) - East,2/2/2026,732971,2/2/2026,9/2/2027,2026 Subaru CROSSTREK5 DO,Automobile,CROSSTREK5 DO,4S4GUHU64T3732971,R4906,"$36,192.00 ","$36,192.00 ",$0.00 ,,"($36,192.00)",$0.00 ,"($36,192.00)",$0.00 ,$0.00 ,$0.00 ,$0.00 ,$0.00 ,$0.00 ,$14.99 ,$0.00 ,$0.00 ,$0.00 ,$14.99 ,$149.93 ,"$3,502.45 "
"3535 West Loop 820 South  Fort Worth, TX 76116",Subaru,Auto - Subaru Plant (Floorplan-New) - East,2/20/2026,733016,2/20/2026,9/20/2027,2026 Subaru CROSSTREK5 DO,Automobile,CROSSTREK5 DO,4S4GUHF62T3733016,R4967,"$31,213.00 ","$31,213.00 ",$0.00 ,,"($31,213.00)",$0.00 ,"($31,213.00)",$0.00 ,$0.00 ,$0.00 ,$0.00 ,$0.00 ,$0.00 ,$12.92 ,$0.00 ,$0.00 ,$0.00 ,$12.92 ,$51.71 ,"$3,020.61 "
"3535 West Loop 820 South  Fort Worth, TX 76116",Subaru,Auto - Subaru Plant (Floorplan-New) - East,1/26/2026,733071,1/26/2026,8/26/2027,2026 Subaru CROSSTREK5 DO,Automobile,CROSSTREK5 DO,4S4GUHU66T3733071,,"$36,192.00 ","$36,192.00 ",$0.00 ,,$0.00 ,$0.00 ,$0.00 ,"$36,192.00 ",$0.00 ,$0.00 ,$0.00 ,$0.00 ,$0.00 ,$154.83 ,$0.00 ,$0.00 ,$0.00 ,$154.83 ,$324.96 ,"$36,192.00 "
"3535 West Loop 820 South  Fort Worth, TX 76116",Subaru,Auto - Subaru Plant (Floorplan-New) - East,1/30/2026,735745,1/30/2026,8/30/2027,2026 Subaru CROSSTREK5 DO,Automobile,CROSSTREK5 DO,4S4GUHB66T3735745,,"$27,270.00 ","$27,270.00 ",$0.00 ,,$0.00 ,$0.00 ,$0.00 ,"$27,270.00 ",$0.00 ,$0.00 ,$0.00 ,$0.00 ,$0.00 ,$116.66 ,$0.00 ,$0.00 ,$0.00 ,$116.66 ,$229.70 ,"$27,270.00 "
"3535 West Loop 820 South  Fort Worth, TX 76116",Subaru,Auto - Subaru Plant (Floorplan-New) - East,1/30/2026,735807,1/30/2026,8/30/2027,2026 Subaru CROSSTREK5 DO,Automobile,CROSSTREK5 DO,4S4GUHD66T3735807,,"$28,891.00 ","$28,891.00 ",$0.00 ,,$0.00 ,$0.00 ,$0.00 ,"$28,891.00 ",$0.00 ,$0.00 ,$0.00 ,$0.00 ,$0.00 ,$123.59 ,$0.00 ,$0.00 ,$0.00 ,$123.59 ,$243.34 ,"$28,891.00 "
"3535 West Loop 820 South  Fort Worth, TX 76116",Subaru,Auto - Subaru Plant (Floorplan-New) - East,2/27/2026,737469,2/27/2026,9/27/2027,2026 Subaru CROSSTREK5 DO,Automobile,CROSSTREK5 DO,4S4GUHL69T3737469,R5010,"$32,718.00 ","$32,718.00 ",$0.00 ,,"($32,718.00)",$0.00 ,"($32,718.00)",$0.00 ,$0.00 ,$0.00 ,$0.00 ,$0.00 ,$0.00 ,$13.55 ,$0.00 ,$0.00 ,$0.00 ,$13.55 ,$22.59 ,"$3,166.26 "
"3535 West Loop 820 South  Fort Worth, TX 76116",Subaru,Auto - Subaru Plant (Floorplan-New) - East,2/9/2026,737543,2/9/2026,9/9/2027,2026 Subaru CROSSTREK5 DO,Automobile,CROSSTREK5 DO,4S4GUHL66T3737543,R4927,"$32,718.00 ","$32,718.00 ",$0.00 ,,"($32,718.00)",$0.00 ,"($32,718.00)",$0.00 ,$0.00 ,$0.00 ,$0.00 ,$0.00 ,$0.00 ,$13.55 ,$0.00 ,$0.00 ,$0.00 ,$13.55 ,$103.91 ,"$3,166.26 "
"3535 West Loop 820 South  Fort Worth, TX 76116",Subaru,Auto - Subaru Plant (Floorplan-New) - East,2/27/2026,737625,2/27/2026,9/27/2027,2026 Subaru CROSSTREK5 DO,Automobile,CROSSTREK5 DO,4S4GUHU6XT3737625,,"$35,567.00 ","$35,567.00 ",$0.00 ,,$0.00 ,$0.00 ,$0.00 ,"$35,567.00 ",$0.00 ,$0.00 ,$0.00 ,$0.00 ,$0.00 ,$152.15 ,$0.00 ,$0.00 ,$0.00 ,$152.15 ,$161.97 ,"$35,567.00 "
"3535 West Loop 820 South  Fort Worth, TX 76116",Subaru,Auto - Subaru Plant (Floorplan-New) - East,2/20/2026,737799,2/20/2026,9/20/2027,2026 Subaru CROSSTREK5 DO,Automobile,CROSSTREK5 DO,4S4GUHL68T3737799,,"$33,093.00 ","$33,093.00 ",$0.00 ,,$0.00 ,$0.00 ,$0.00 ,"$33,093.00 ",$0.00 ,$0.00 ,$0.00 ,$0.00 ,$0.00 ,$141.57 ,$0.00 ,$0.00 ,$0.00 ,$141.57 ,$182.70 ,"$33,093.00 "
"3535 West Loop 820 South  Fort Worth, TX 76116",Subaru,Auto - Subaru Plant (Floorplan-New) - East,2/27/2026,740224,2/27/2026,9/27/2027,2026 Subaru CROSSTREK5 DO,Automobile,CROSSTREK5 DO,4S4GUHD67T3740224,R5012,"$30,885.00 ","$30,885.00 ",$0.00 ,,"($30,885.00)",$0.00 ,"($30,885.00)",$0.00 ,$0.00 ,$0.00 ,$0.00 ,$0.00 ,$0.00 ,$12.78 ,$0.00 ,$0.00 ,$0.00 ,$12.78 ,$21.31 ,"$2,988.87 "
"3535 West Loop 820 South  Fort Worth, TX 76116",Subaru,Auto - Subaru Plant (Floorplan-New) - East,2/25/2026,742471,2/25/2026,9/25/2027,2026 Subaru CROSSTREK5 DO,Automobile,CROSSTREK5 DO,4S4GUHB68T3742471,,"$27,270.00 ","$27,270.00 ",$0.00 ,,$0.00 ,$0.00 ,$0.00 ,"$27,270.00 ",$0.00 ,$0.00 ,$0.00 ,$0.00 ,$0.00 ,$116.66 ,$0.00 ,$0.00 ,$0.00 ,$116.66 ,$131.72 ,"$27,270.00 "
"3535 West Loop 820 South  Fort Worth, TX 76116",Subaru,Auto - Subaru Plant (Floorplan-New) - East,3/3/2026,745191,3/3/2026,10/3/2027,2026 Subaru CROSSTREK5 DO,Automobile,CROSSTREK5 DO,4S4GUHD6XT3745191,,"$30,516.00 ",$0.00 ,"$30,516.00 ",3/3/2026,$0.00 ,$0.00 ,"$30,516.00 ","$30,516.00 ",$0.00 ,$0.00 ,$0.00 ,$0.00 ,$0.00 ,$122.12 ,$0.00 ,$0.00 ,$0.00 ,$122.12 ,$122.12 ,"$28,547.23 "
"3535 West Loop 820 South  Fort Worth, TX 76116",Subaru,Auto - Subaru Plant (Floorplan-New) - East,2/27/2026,745196,2/27/2026,9/27/2027,2026 Subaru CROSSTREK5 DO,Automobile,CROSSTREK5 DO,4S4GUHD69T3745196,R5016,"$30,516.00 ","$30,516.00 ",$0.00 ,,"($30,516.00)",$0.00 ,"($30,516.00)",$0.00 ,$0.00 ,$0.00 ,$0.00 ,$0.00 ,$0.00 ,$50.53 ,$0.00 ,$0.00 ,$0.00 ,$50.53 ,$58.96 ,"$11,812.65 "
"3535 West Loop 820 South  Fort Worth, TX 76116",Subaru,Auto - Subaru Plant (Floorplan-New) - East,2/27/2026,745294,2/27/2026,9/27/2027,2026 Subaru CROSSTREK5 DO,Automobile,CROSSTREK5 DO,4S4GUHD69T3745294,R5015,"$30,516.00 ","$30,516.00 ",$0.00 ,,"($30,516.00)",$0.00 ,"($30,516.00)",$0.00 ,$0.00 ,$0.00 ,$0.00 ,$0.00 ,$0.00 ,$12.63 ,$0.00 ,$0.00 ,$0.00 ,$12.63 ,$21.06 ,"$2,953.16 "
"3535 West Loop 820 South  Fort Worth, TX 76116",Subaru,Auto - Subaru Plant (Floorplan-New) - East,2/27/2026,745537,2/27/2026,9/27/2027,2026 Subaru CROSSTREK5 DO,Automobile,CROSSTREK5 DO,4S4GUHL67T3745537,,"$33,108.00 ","$33,108.00 ",$0.00 ,,$0.00 ,$0.00 ,$0.00 ,"$33,108.00 ",$0.00 ,$0.00 ,$0.00 ,$0.00 ,$0.00 ,$141.63 ,$0.00 ,$0.00 ,$0.00 ,$141.63 ,$150.77 ,"$33,108.00 "
"3535 West Loop 820 South  Fort Worth, TX 76116",Subaru,Auto - Subaru Plant (Floorplan-New) - East,3/13/2026,745568,3/13/2026,10/13/2027,2026 Subaru CROSSTREK5 DO,Automobile,CROSSTREK5 DO,4S4GUHD69T3745568,,"$30,516.00 ",$0.00 ,"$30,516.00 ",3/13/2026,$0.00 ,$0.00 ,"$30,516.00 ","$30,516.00 ",$0.00 ,$0.00 ,$0.00 ,$0.00 ,$0.00 ,$80.01 ,$0.00 ,$0.00 ,$0.00 ,$80.01 ,$80.01 ,"$18,703.35 "
"3535 West Loop 820 South  Fort Worth, TX 76116",Subaru,Auto - Subaru Plant (Floorplan-New) - East,3/9/2026,746346,3/9/2026,10/9/2027,2026 Subaru CROSSTREK5 DO,Automobile,CROSSTREK5 DO,4S4GUHU67T3746346,,"$36,355.00 ",$0.00 ,"$36,355.00 ",3/9/2026,$0.00 ,$0.00 ,"$36,355.00 ","$36,355.00 ",$0.00 ,$0.00 ,$0.00 ,$0.00 ,$0.00 ,$115.38 ,$0.00 ,$0.00 ,$0.00 ,$115.38 ,$115.38 ,"$26,973.06 "
"3535 West Loop 820 South  Fort Worth, TX 76116",Subaru,Auto - Subaru Plant (Floorplan-New) - East,3/6/2026,746498,3/6/2026,10/6/2027,2026 Subaru CROSSTREK5 DO,Automobile,CROSSTREK5 DO,4S4GUHD68T3746498,,"$30,516.00 ",$0.00 ,"$30,516.00 ",3/6/2026,$0.00 ,$0.00 ,"$30,516.00 ","$30,516.00 ",$0.00 ,$0.00 ,$0.00 ,$0.00 ,$0.00 ,$109.48 ,$0.00 ,$0.00 ,$0.00 ,$109.48 ,$109.48 ,"$25,594.06 "
"3535 West Loop 820 South  Fort Worth, TX 76116",Subaru,Auto - Subaru Plant (Floorplan-New) - East,3/9/2026,746574,3/9/2026,10/9/2027,2026 Subaru CROSSTREK5 DO,Automobile,CROSSTREK5 DO,4S4GUHL67T3746574,R5056,"$33,108.00 ",$0.00 ,"$33,108.00 ",3/9/2026,"($33,108.00)",$0.00 ,$0.00 ,$0.00 ,$0.00 ,$0.00 ,$0.00 ,$0.00 ,$0.00 ,$45.69 ,$0.00 ,$0.00 ,$0.00 ,$45.69 ,$45.69 ,"$10,680.00 "
"3535 West Loop 820 South  Fort Worth, TX 76116",Subaru,Auto - Subaru Plant (Floorplan-New) - East,3/6/2026,746802,3/6/2026,10/6/2027,2026 Subaru CROSSTREK5 DO,Automobile,CROSSTREK5 DO,4S4GUHU67T3746802,,"$36,355.00 ",$0.00 ,"$36,355.00 ",3/6/2026,$0.00 ,$0.00 ,"$36,355.00 ","$36,355.00 ",$0.00 ,$0.00 ,$0.00 ,$0.00 ,$0.00 ,$130.43 ,$0.00 ,$0.00 ,$0.00 ,$130.43 ,$130.43 ,"$30,491.29 "
"3535 West Loop 820 South  Fort Worth, TX 76116",Subaru,Auto - Subaru Plant (Floorplan-New) - East,3/6/2026,746843,3/6/2026,10/6/2027,2026 Subaru CROSSTREK5 DO,Automobile,CROSSTREK5 DO,4S4GUHD6XT3746843,R5045,"$30,516.00 ",$0.00 ,"$30,516.00 ",3/6/2026,"($30,516.00)",$0.00 ,$0.00 ,$0.00 ,$0.00 ,$0.00 ,$0.00 ,$0.00 ,$0.00 ,$46.32 ,$0.00 ,$0.00 ,$0.00 ,$46.32 ,$46.32 ,"$10,828.26 "
"3535 West Loop 820 South  Fort Worth, TX 76116",Subaru,Auto - Subaru Plant (Floorplan-New) - East,3/19/2026,748074,3/19/2026,10/19/2027,2026 Subaru CROSSTREK5 DO,Automobile,CROSSTREK5 DO,4S4GUHU6XT3748074,,"$36,355.00 ",$0.00 ,"$36,355.00 ",3/19/2026,$0.00 ,$0.00 ,"$36,355.00 ","$36,355.00 ",$0.00 ,$0.00 ,$0.00 ,$0.00 ,$0.00 ,$65.22 ,$0.00 ,$0.00 ,$0.00 ,$65.22 ,$65.22 ,"$15,245.65 "
"3535 West Loop 820 South  Fort Worth, TX 76116",Subaru,Auto - Subaru Plant (Floorplan-New) - East,3/19/2026,748415,3/19/2026,10/19/2027,2026 Subaru CROSSTREK5 DO,Automobile,CROSSTREK5 DO,4S4GUHD6XT3748415,,"$30,516.00 ",$0.00 ,"$30,516.00 ",3/19/2026,$0.00 ,$0.00 ,"$30,516.00 ","$30,516.00 ",$0.00 ,$0.00 ,$0.00 ,$0.00 ,$0.00 ,$54.74 ,$0.00 ,$0.00 ,$0.00 ,$54.74 ,$54.74 ,"$12,797.03 "
"3535 West Loop 820 South  Fort Worth, TX 76116",Subaru,Auto - Subaru Plant (Floorplan-New) - East,3/19/2026,748539,3/19/2026,10/19/2027,2026 Subaru CROSSTREK5 DO,Automobile,CROSSTREK5 DO,4S4GUHF6XT3748539,R5077,"$31,296.00 ",$0.00 ,"$31,296.00 ",3/19/2026,"($31,296.00)",$0.00 ,$0.00 ,$0.00 ,$0.00 ,$0.00 ,$0.00 ,$0.00 ,$0.00 ,$51.82 ,$0.00 ,$0.00 ,$0.00 ,$51.82 ,$51.82 ,"$12,114.58 "
"3535 West Loop 820 South  Fort Worth, TX 76116",Subaru,Auto - Subaru Plant (Floorplan-New) - East,3/5/2026,749247,3/5/2026,10/5/2027,2026 Subaru CROSSTREK5 DO,Automobile,CROSSTREK5 DO,4S4GUHD69T3749247,R5032,"$30,516.00 ",$0.00 ,"$30,516.00 ",3/5/2026,"($30,516.00)",$0.00 ,$0.00 ,$0.00 ,$0.00 ,$0.00 ,$0.00 ,$0.00 ,$0.00 ,$84.22 ,$0.00 ,$0.00 ,$0.00 ,$84.22 ,$84.22 ,"$19,687.74 "
"3535 West Loop 820 South  Fort Worth, TX 76116",Subaru,Auto - Subaru Plant (Floorplan-New) - East,3/5/2026,749739,3/5/2026,10/5/2027,2026 Subaru CROSSTREK5 DO,Automobile,CROSSTREK5 DO,4S4GUHD68T3749739,R5037,"$30,891.00 ",$0.00 ,"$30,891.00 ",3/5/2026,"($30,891.00)",$0.00 ,$0.00 ,$0.00 ,$0.00 ,$0.00 ,$0.00 ,$0.00 ,$0.00 ,$93.78 ,$0.00 ,$0.00 ,$0.00 ,$93.78 ,$93.78 ,"$21,922.65 "
"3535 West Loop 820 South  Fort Worth, TX 76116",Subaru,Auto - Subaru Plant (Floorplan-New) - East,3/13/2026,750048,3/13/2026,10/13/2027,2026 Subaru CROSSTREK5 DO,Automobile,CROSSTREK5 DO,4S4GUHD68T3750048,R5068,"$30,516.00 ",$0.00 ,"$30,516.00 ",3/13/2026,"($30,516.00)",$0.00 ,$0.00 ,$0.00 ,$0.00 ,$0.00 ,$0.00 ,$0.00 ,$0.00 ,$46.32 ,$0.00 ,$0.00 ,$0.00 ,$46.32 ,$46.32 ,"$10,828.26 "
"3535 West Loop 820 South  Fort Worth, TX 76116",Subaru,Auto - Subaru Plant (Floorplan-New) - East,3/10/2026,750141,3/10/2026,10/10/2027,2026 Subaru CROSSTREK5 DO,Automobile,CROSSTREK5 DO,4S4GUHD69T3750141,,"$28,522.00 ",$0.00 ,"$28,522.00 ",3/10/2026,$0.00 ,$0.00 ,"$28,522.00 ","$28,522.00 ",$0.00 ,$0.00 ,$0.00 ,$0.00 ,$0.00 ,$86.59 ,$0.00 ,$0.00 ,$0.00 ,$86.59 ,$86.59 ,"$20,241.42 "
"3535 West Loop 820 South  Fort Worth, TX 76116",Subaru,Auto - Subaru Plant (Floorplan-New) - East,3/9/2026,750309,3/9/2026,10/9/2027,2026 Subaru CROSSTREK5 DO,Automobile,CROSSTREK5 DO,4S4GUHD6XT3750309,,"$28,522.00 ",$0.00 ,"$28,522.00 ",3/9/2026,$0.00 ,$0.00 ,"$28,522.00 ","$28,522.00 ",$0.00 ,$0.00 ,$0.00 ,$0.00 ,$0.00 ,$90.52 ,$0.00 ,$0.00 ,$0.00 ,$90.52 ,$90.52 ,"$21,161.48 "
"3535 West Loop 820 South  Fort Worth, TX 76116",Subaru,Auto - Subaru Plant (Floorplan-New) - East,3/24/2026,750942,3/24/2026,10/24/2027,2026 Subaru CROSSTREK5 DO,Automobile,CROSSTREK5 DO,4S4GUHL68T3750942,,"$33,108.00 ",$0.00 ,"$33,108.00 ",3/24/2026,$0.00 ,$0.00 ,"$33,108.00 ","$33,108.00 ",$0.00 ,$0.00 ,$0.00 ,$0.00 ,$0.00 ,$36.55 ,$0.00 ,$0.00 ,$0.00 ,$36.55 ,$36.55 ,"$8,544.00 "
"3535 West Loop 820 South  Fort Worth, TX 76116",Subaru,Auto - Subaru Plant (Floorplan-New) - East,3/12/2026,751265,3/12/2026,10/12/2027,2026 Subaru CROSSTREK5 DO,Automobile,CROSSTREK5 DO,4S4GUHD6XT3751265,,"$30,516.00 ",$0.00 ,"$30,516.00 ",3/12/2026,$0.00 ,$0.00 ,"$30,516.00 ","$30,516.00 ",$0.00 ,$0.00 ,$0.00 ,$0.00 ,$0.00 ,$84.22 ,$0.00 ,$0.00 ,$0.00 ,$84.22 ,$84.22 ,"$19,687.74 "
"3535 West Loop 820 South  Fort Worth, TX 76116",Subaru,Auto - Subaru Plant (Floorplan-New) - East,3/19/2026,752223,3/19/2026,10/19/2027,2026 Subaru CROSSTREK5 DO,Automobile,CROSSTREK5 DO,4S4GUHD6XT3752223,,"$30,891.00 ",$0.00 ,"$30,891.00 ",3/19/2026,$0.00 ,$0.00 ,"$30,891.00 ","$30,891.00 ",$0.00 ,$0.00 ,$0.00 ,$0.00 ,$0.00 ,$55.42 ,$0.00 ,$0.00 ,$0.00 ,$55.42 ,$55.42 ,"$12,954.29 "
"3535 West Loop 820 South  Fort Worth, TX 76116",Subaru,Auto - Subaru Plant (Floorplan-New) - East,3/25/2026,752271,3/25/2026,10/25/2027,2026 Subaru CROSSTREK5 DO,Automobile,CROSSTREK5 DO,4S4GUHD6XT3752271,,"$30,516.00 ",$0.00 ,"$30,516.00 ",3/25/2026,$0.00 ,$0.00 ,"$30,516.00 ","$30,516.00 ",$0.00 ,$0.00 ,$0.00 ,$0.00 ,$0.00 ,$29.48 ,$0.00 ,$0.00 ,$0.00 ,$29.48 ,$29.48 ,"$6,890.71 "
"3535 West Loop 820 South  Fort Worth, TX 76116",Subaru,Auto - Subaru Plant (Floorplan-New) - East,3/24/2026,752335,3/24/2026,10/24/2027,2026 Subaru CROSSTREK5 DO,Automobile,CROSSTREK5 DO,4S4GUHD6XT3752335,,"$30,516.00 ",$0.00 ,"$30,516.00 ",3/24/2026,$0.00 ,$0.00 ,"$30,516.00 ","$30,516.00 ",$0.00 ,$0.00 ,$0.00 ,$0.00 ,$0.00 ,$33.69 ,$0.00 ,$0.00 ,$0.00 ,$33.69 ,$33.69 ,"$7,875.10 "
"3535 West Loop 820 South  Fort Worth, TX 76116",Subaru,Auto - Subaru Plant (Floorplan-New) - East,9/24/2025,752418,9/24/2025,4/24/2027,2025 Subaru CROSSTREK5 DO,Automobile,CROSSTREK5 DO,4S4GUHF69S3752418,R4064,"$28,927.00 ","$28,927.00 ",$0.00 ,,"($28,927.00)",$0.00 ,"($28,927.00)",$0.00 ,$0.00 ,$0.00 ,$0.00 ,$0.00 ,$0.00 ,$31.93 ,$0.00 ,$0.00 ,$0.00 ,$31.93 ,$691.69 ,"$7,465.03 "
"3535 West Loop 820 South  Fort Worth, TX 76116",Subaru,Auto - Subaru Plant (Floorplan-New) - East,3/25/2026,752434,3/25/2026,10/25/2027,2026 Subaru CROSSTREK5 DO,Automobile,CROSSTREK5 DO,4S4GUHB68T3752434,,"$27,090.00 ",$0.00 ,"$27,090.00 ",3/25/2026,$0.00 ,$0.00 ,"$27,090.00 ","$27,090.00 ",$0.00 ,$0.00 ,$0.00 ,$0.00 ,$0.00 ,$26.17 ,$0.00 ,$0.00 ,$0.00 ,$26.17 ,$26.17 ,"$6,117.10 "
"3535 West Loop 820 South  Fort Worth, TX 76116",Subaru,Auto - Subaru Plant (Floorplan-New) - East,3/26/2026,755661,3/26/2026,10/26/2027,2026 Subaru CROSSTREK5 DO,Automobile,CROSSTREK5 DO,4S4GUHM65T3755661,,"$34,863.00 ",$0.00 ,"$34,863.00 ",3/26/2026,$0.00 ,$0.00 ,"$34,863.00 ","$34,863.00 ",$0.00 ,$0.00 ,$0.00 ,$0.00 ,$0.00 ,$28.86 ,$0.00 ,$0.00 ,$0.00 ,$28.86 ,$28.86 ,"$6,747.68 "
"3535 West Loop 820 South  Fort Worth, TX 76116",Subaru,Auto - Subaru Plant (Floorplan-New) - East,3/26/2026,755689,3/26/2026,10/26/2027,2026 Subaru CROSSTREK5 DO,Automobile,CROSSTREK5 DO,4S4GUHD65T3755689,,"$30,648.00 ",$0.00 ,"$30,648.00 ",3/26/2026,$0.00 ,$0.00 ,"$30,648.00 ","$30,648.00 ",$0.00 ,$0.00 ,$0.00 ,$0.00 ,$0.00 ,$25.38 ,$0.00 ,$0.00 ,$0.00 ,$25.38 ,$25.38 ,"$5,931.87 "
"3535 West Loop 820 South  Fort Worth, TX 76116",Subaru,Auto - Subaru Plant (Floorplan-New) - East,3/26/2026,755742,3/26/2026,10/26/2027,2026 Subaru CROSSTREK5 DO,Automobile,CROSSTREK5 DO,4S4GUHM65T3755742,,"$34,863.00 ",$0.00 ,"$34,863.00 ",3/26/2026,$0.00 ,$0.00 ,"$34,863.00 ","$34,863.00 ",$0.00 ,$0.00 ,$0.00 ,$0.00 ,$0.00 ,$28.86 ,$0.00 ,$0.00 ,$0.00 ,$28.86 ,$28.86 ,"$6,747.68 "
"3535 West Loop 820 South  Fort Worth, TX 76116",Subaru,Auto - Subaru Plant (Floorplan-New) - East,3/26/2026,755756,3/26/2026,10/26/2027,2026 Subaru CROSSTREK5 DO,Automobile,CROSSTREK5 DO,4S4GUHM65T3755756,,"$35,238.00 ",$0.00 ,"$35,238.00 ",3/26/2026,$0.00 ,$0.00 ,"$35,238.00 ","$35,238.00 ",$0.00 ,$0.00 ,$0.00 ,$0.00 ,$0.00 ,$29.18 ,$0.00 ,$0.00 ,$0.00 ,$29.18 ,$29.18 ,"$6,820.26 "
"3535 West Loop 820 South  Fort Worth, TX 76116",Subaru,Auto - Subaru Plant (Floorplan-New) - East,3/26/2026,755772,3/26/2026,10/26/2027,2026 Subaru CROSSTREK5 DO,Automobile,CROSSTREK5 DO,4S4GUHM63T3755772,,"$34,863.00 ",$0.00 ,"$34,863.00 ",3/26/2026,$0.00 ,$0.00 ,"$34,863.00 ","$34,863.00 ",$0.00 ,$0.00 ,$0.00 ,$0.00 ,$0.00 ,$28.86 ,$0.00 ,$0.00 ,$0.00 ,$28.86 ,$28.86 ,"$6,747.68 "
"3535 West Loop 820 South  Fort Worth, TX 76116",Subaru,Auto - Subaru Plant (Floorplan-New) - East,3/27/2026,755782,3/27/2026,10/27/2027,2026 Subaru CROSSTREK5 DO,Automobile,CROSSTREK5 DO,4S4GUHM66T3755782,,"$34,863.00 ",$0.00 ,"$34,863.00 ",3/27/2026,$0.00 ,$0.00 ,"$34,863.00 ","$34,863.00 ",$0.00 ,$0.00 ,$0.00 ,$0.00 ,$0.00 ,$24.05 ,$0.00 ,$0.00 ,$0.00 ,$24.05 ,$24.05 ,"$5,623.06 "
"3535 West Loop 820 South  Fort Worth, TX 76116",Subaru,Auto - Subaru Plant (Floorplan-New) - East,3/26/2026,755814,3/26/2026,10/26/2027,2026 Subaru CROSSTREK5 DO,Automobile,CROSSTREK5 DO,4S4GUHM64T3755814,,"$35,238.00 ",$0.00 ,"$35,238.00 ",3/26/2026,$0.00 ,$0.00 ,"$35,238.00 ","$35,238.00 ",$0.00 ,$0.00 ,$0.00 ,$0.00 ,$0.00 ,$29.18 ,$0.00 ,$0.00 ,$0.00 ,$29.18 ,$29.18 ,"$6,820.26 "
"3535 West Loop 820 South  Fort Worth, TX 76116",Subaru,Auto - Subaru Plant (Floorplan-New) - East,3/26/2026,755913,3/26/2026,10/26/2027,2026 Subaru CROSSTREK5 DO,Automobile,CROSSTREK5 DO,4S4GUHM66T3755913,,"$34,863.00 ",$0.00 ,"$34,863.00 ",3/26/2026,$0.00 ,$0.00 ,"$34,863.00 ","$34,863.00 ",$0.00 ,$0.00 ,$0.00 ,$0.00 ,$0.00 ,$28.86 ,$0.00 ,$0.00 ,$0.00 ,$28.86 ,$28.86 ,"$6,747.68 "
"3535 West Loop 820 South  Fort Worth, TX 76116",Subaru,Auto - Subaru Plant (Floorplan-New) - East,3/19/2026,756010,3/19/2026,10/19/2027,2026 Subaru CROSSTREK5 DO,Automobile,CROSSTREK5 DO,4S4GUHB69T3756010,,"$27,256.00 ",$0.00 ,"$27,256.00 ",3/19/2026,$0.00 ,$0.00 ,"$27,256.00 ","$27,256.00 ",$0.00 ,$0.00 ,$0.00 ,$0.00 ,$0.00 ,$48.89 ,$0.00 ,$0.00 ,$0.00 ,$48.89 ,$48.89 ,"$11,429.94 "
"3535 West Loop 820 South  Fort Worth, TX 76116",Subaru,Auto - Subaru Plant (Floorplan-New) - East,3/19/2026,756020,3/19/2026,10/19/2027,2026 Subaru CROSSTREK5 DO,Automobile,CROSSTREK5 DO,4S4GUHD65T3756020,,"$28,654.00 ",$0.00 ,"$28,654.00 ",3/19/2026,$0.00 ,$0.00 ,"$28,654.00 ","$28,654.00 ",$0.00 ,$0.00 ,$0.00 ,$0.00 ,$0.00 ,$51.40 ,$0.00 ,$0.00 ,$0.00 ,$51.40 ,$51.40 ,"$12,016.19 "
"3535 West Loop 820 South  Fort Worth, TX 76116",Subaru,Auto - Subaru Plant (Floorplan-New) - East,3/19/2026,756070,3/19/2026,10/19/2027,2026 Subaru CROSSTREK5 DO,Automobile,CROSSTREK5 DO,4S4GUHD69T3756070,,"$30,648.00 ",$0.00 ,"$30,648.00 ",3/19/2026,$0.00 ,$0.00 ,"$30,648.00 ","$30,648.00 ",$0.00 ,$0.00 ,$0.00 ,$0.00 ,$0.00 ,$54.98 ,$0.00 ,$0.00 ,$0.00 ,$54.98 ,$54.98 ,"$12,852.39 "
"3535 West Loop 820 South  Fort Worth, TX 76116",Subaru,Auto - Subaru Plant (Floorplan-New) - East,3/31/2026,756073,3/31/2026,10/31/2027,2026 Subaru CROSSTREK5 DO,Automobile,CROSSTREK5 DO,4S4GUHD64T3756073,,"$28,654.00 ",$0.00 ,"$28,654.00 ",3/31/2026,$0.00 ,$0.00 ,"$28,654.00 ","$28,654.00 ",$0.00 ,$0.00 ,$0.00 ,$0.00 ,$0.00 ,$3.95 ,$0.00 ,$0.00 ,$0.00 ,$3.95 ,$3.95 ,$924.32 
"3535 West Loop 820 South  Fort Worth, TX 76116",Subaru,Auto - Subaru Plant (Floorplan-New) - East,3/19/2026,756116,3/19/2026,10/19/2027,2026 Subaru CROSSTREK5 DO,Automobile,CROSSTREK5 DO,4S4GUHD67T3756116,,"$30,648.00 ",$0.00 ,"$30,648.00 ",3/19/2026,$0.00 ,$0.00 ,"$30,648.00 ","$30,648.00 ",$0.00 ,$0.00 ,$0.00 ,$0.00 ,$0.00 ,$54.98 ,$0.00 ,$0.00 ,$0.00 ,$54.98 ,$54.98 ,"$12,852.39 "
"3535 West Loop 820 South  Fort Worth, TX 76116",Subaru,Auto - Subaru Plant (Floorplan-New) - East,3/31/2026,756164,3/31/2026,10/31/2027,2026 Subaru CROSSTREK5 DO,Automobile,CROSSTREK5 DO,4S4GUHD67T3756164,,"$31,023.00 ",$0.00 ,"$31,023.00 ",3/31/2026,$0.00 ,$0.00 ,"$31,023.00 ","$31,023.00 ",$0.00 ,$0.00 ,$0.00 ,$0.00 ,$0.00 ,$4.28 ,$0.00 ,$0.00 ,$0.00 ,$4.28 ,$4.28 ,"$1,000.74 "
"3535 West Loop 820 South  Fort Worth, TX 76116",Subaru,Auto - Subaru Plant (Floorplan-New) - East,3/19/2026,756181,3/19/2026,10/19/2027,2026 Subaru CROSSTREK5 DO,Automobile,CROSSTREK5 DO,4S4GUHD67T3756181,,"$28,654.00 ",$0.00 ,"$28,654.00 ",3/19/2026,$0.00 ,$0.00 ,"$28,654.00 ","$28,654.00 ",$0.00 ,$0.00 ,$0.00 ,$0.00 ,$0.00 ,$51.40 ,$0.00 ,$0.00 ,$0.00 ,$51.40 ,$51.40 ,"$12,016.19 "
"3535 West Loop 820 South  Fort Worth, TX 76116",Subaru,Auto - Subaru Plant (Floorplan-New) - East,3/19/2026,756223,3/19/2026,10/19/2027,2026 Subaru CROSSTREK5 DO,Automobile,CROSSTREK5 DO,4S4GUHD68T3756223,,"$31,023.00 ",$0.00 ,"$31,023.00 ",3/19/2026,$0.00 ,$0.00 ,"$31,023.00 ","$31,023.00 ",$0.00 ,$0.00 ,$0.00 ,$0.00 ,$0.00 ,$55.65 ,$0.00 ,$0.00 ,$0.00 ,$55.65 ,$55.65 ,"$13,009.65 "
"3535 West Loop 820 South  Fort Worth, TX 76116",Subaru,Auto - Subaru Plant (Floorplan-New) - East,3/31/2026,756246,3/31/2026,10/31/2027,2026 Subaru CROSSTREK5 DO,Automobile,CROSSTREK5 DO,4S4GUHD69T3756246,,"$30,648.00 ",$0.00 ,"$30,648.00 ",3/31/2026,$0.00 ,$0.00 ,"$30,648.00 ","$30,648.00 ",$0.00 ,$0.00 ,$0.00 ,$0.00 ,$0.00 ,$4.23 ,$0.00 ,$0.00 ,$0.00 ,$4.23 ,$4.23 ,$988.65 
"3535 West Loop 820 South  Fort Worth, TX 76116",Subaru,Auto - Subaru Plant (Floorplan-New) - East,3/31/2026,756254,3/31/2026,10/31/2027,2026 Subaru CROSSTREK5 DO,Automobile,CROSSTREK5 DO,4S4GUHD68T3756254,,"$28,654.00 ",$0.00 ,"$28,654.00 ",3/31/2026,$0.00 ,$0.00 ,"$28,654.00 ","$28,654.00 ",$0.00 ,$0.00 ,$0.00 ,$0.00 ,$0.00 ,$3.95 ,$0.00 ,$0.00 ,$0.00 ,$3.95 ,$3.95 ,$924.32 
"3535 West Loop 820 South  Fort Worth, TX 76116",Subaru,Auto - Subaru Plant (Floorplan-New) - East,3/24/2026,756358,3/24/2026,10/24/2027,2026 Subaru CROSSTREK5 DO,Automobile,CROSSTREK5 DO,4S4GUHD69T3756358,,"$30,648.00 ",$0.00 ,"$30,648.00 ",3/24/2026,$0.00 ,$0.00 ,"$30,648.00 ","$30,648.00 ",$0.00 ,$0.00 ,$0.00 ,$0.00 ,$0.00 ,$33.83 ,$0.00 ,$0.00 ,$0.00 ,$33.83 ,$33.83 ,"$7,909.16 "
"3535 West Loop 820 South  Fort Worth, TX 76116",Subaru,Auto - Subaru Plant (Floorplan-New) - East,3/19/2026,756365,3/19/2026,10/19/2027,2026 Subaru CROSSTREK5 DO,Automobile,CROSSTREK5 DO,4S4GUHD66T3756365,,"$28,654.00 ",$0.00 ,"$28,654.00 ",3/19/2026,$0.00 ,$0.00 ,"$28,654.00 ","$28,654.00 ",$0.00 ,$0.00 ,$0.00 ,$0.00 ,$0.00 ,$51.40 ,$0.00 ,$0.00 ,$0.00 ,$51.40 ,$51.40 ,"$12,016.19 "
"3535 West Loop 820 South  Fort Worth, TX 76116",Subaru,Auto - Subaru Plant (Floorplan-New) - East,3/26/2026,756455,3/26/2026,10/26/2027,2026 Subaru CROSSTREK5 DO,Automobile,CROSSTREK5 DO,4S4GUHD67T3756455,,"$31,023.00 ",$0.00 ,"$31,023.00 ",3/26/2026,$0.00 ,$0.00 ,"$31,023.00 ","$31,023.00 ",$0.00 ,$0.00 ,$0.00 ,$0.00 ,$0.00 ,$25.69 ,$0.00 ,$0.00 ,$0.00 ,$25.69 ,$25.69 ,"$6,004.45 "
"3535 West Loop 820 South  Fort Worth, TX 76116",Subaru,Auto - Subaru Plant (Floorplan-New) - East,3/19/2026,756495,3/19/2026,10/19/2027,2026 Subaru CROSSTREK5 DO,Automobile,CROSSTREK5 DO,4S4GUHD68T3756495,,"$30,648.00 ",$0.00 ,"$30,648.00 ",3/19/2026,$0.00 ,$0.00 ,"$30,648.00 ","$30,648.00 ",$0.00 ,$0.00 ,$0.00 ,$0.00 ,$0.00 ,$54.98 ,$0.00 ,$0.00 ,$0.00 ,$54.98 ,$54.98 ,"$12,852.39 "
"3535 West Loop 820 South  Fort Worth, TX 76116",Subaru,Auto - Subaru Plant (Floorplan-New) - East,3/31/2026,756688,3/31/2026,10/31/2027,2026 Subaru CROSSTREK5 DO,Automobile,CROSSTREK5 DO,4S4GUHU68T3756688,,"$36,356.00 ",$0.00 ,"$36,356.00 ",3/31/2026,$0.00 ,$0.00 ,"$36,356.00 ","$36,356.00 ",$0.00 ,$0.00 ,$0.00 ,$0.00 ,$0.00 ,$5.02 ,$0.00 ,$0.00 ,$0.00 ,$5.02 ,$5.02 ,"$1,172.77 "
"3535 West Loop 820 South  Fort Worth, TX 76116",Subaru,Auto - Subaru Plant (Floorplan-New) - East,3/31/2026,756747,3/31/2026,10/31/2027,2026 Subaru CROSSTREK5 DO,Automobile,CROSSTREK5 DO,4S4GUHM69T3756747,,"$34,863.00 ",$0.00 ,"$34,863.00 ",3/31/2026,$0.00 ,$0.00 ,"$34,863.00 ","$34,863.00 ",$0.00 ,$0.00 ,$0.00 ,$0.00 ,$0.00 ,$4.81 ,$0.00 ,$0.00 ,$0.00 ,$4.81 ,$4.81 ,"$1,124.61 "
"3535 West Loop 820 South  Fort Worth, TX 76116",Subaru,Auto - Subaru Plant (Floorplan-New) - East,3/31/2026,756964,3/31/2026,10/31/2027,2026 Subaru CROSSTREK5 DO,Automobile,CROSSTREK5 DO,4S4GUHU66T3756964,,"$35,981.00 ",$0.00 ,"$35,981.00 ",3/31/2026,$0.00 ,$0.00 ,"$35,981.00 ","$35,981.00 ",$0.00 ,$0.00 ,$0.00 ,$0.00 ,$0.00 ,$4.97 ,$0.00 ,$0.00 ,$0.00 ,$4.97 ,$4.97 ,"$1,160.68 "
"3535 West Loop 820 South  Fort Worth, TX 76116",Subaru,Auto - Subaru Plant (Floorplan-New) - East,3/30/2026,757038,3/30/2026,10/30/2027,2026 Subaru CROSSTREK5 DO,Automobile,CROSSTREK5 DO,4S4GUHT65T3757038,,"$33,967.00 ",$0.00 ,"$33,967.00 ",3/30/2026,$0.00 ,$0.00 ,"$33,967.00 ","$33,967.00 ",$0.00 ,$0.00 ,$0.00 ,$0.00 ,$0.00 ,$9.37 ,$0.00 ,$0.00 ,$0.00 ,$9.37 ,$9.37 ,"$2,191.42 "
"3535 West Loop 820 South  Fort Worth, TX 76116",Subaru,Auto - Subaru Plant (Floorplan-New) - East,10/22/2025,759210,10/22/2025,5/22/2027,2025 Subaru CROSSTREK5 DO,Automobile,CROSSTREK5 DO,4S4GUHF69S3759210,R4148,"$30,487.00 ","$30,487.00 ",$0.00 ,,"($30,487.00)",$0.00 ,"($30,487.00)",$0.00 ,$0.00 ,$0.00 ,$0.00 ,$0.00 ,$0.00 ,$33.66 ,$0.00 ,$0.00 ,$0.00 ,$33.66 ,$599.27 ,"$7,867.61 "
"3535 West Loop 820 South  Fort Worth, TX 76116",Subaru,Auto - Subaru Plant (Floorplan-New) - East,10/22/2025,759715,10/22/2025,5/22/2027,2025 Subaru CROSSTREK5 DO,Automobile,CROSSTREK5 DO,4S4GUHF66S3759715,R4177,"$28,859.00 ","$28,859.00 ",$0.00 ,,"($28,859.00)",$0.00 ,"($28,859.00)",$0.00 ,$0.00 ,$0.00 ,$0.00 ,$0.00 ,$0.00 ,$31.87 ,$0.00 ,$0.00 ,$0.00 ,$31.87 ,$567.28 ,"$7,447.48 "
"3535 West Loop 820 South  Fort Worth, TX 76116",Subaru,Auto - Subaru Plant (Floorplan-New) - East,10/22/2025,761701,10/22/2025,5/22/2027,2025 Subaru CROSSTREK5 DO,Automobile,CROSSTREK5 DO,4S4GUHN63S3761701,R4213,"$32,947.00 ","$32,947.00 ",$0.00 ,,"($32,947.00)",$0.00 ,"($32,947.00)",$0.00 ,$0.00 ,$0.00 ,$0.00 ,$0.00 ,$0.00 ,$36.37 ,$0.00 ,$0.00 ,$0.00 ,$36.37 ,$647.62 ,"$8,502.45 "
"3535 West Loop 820 South  Fort Worth, TX 76116",Subaru,Auto - Subaru Plant (Floorplan-New) - East,12/22/2025,767170,12/22/2025,7/22/2027,2025 Subaru CROSSTREK5 DO,Automobile,CROSSTREK5 DO,4S4GUHF68S3767170,R4384,"$30,553.00 ","$30,553.00 ",$0.00 ,,$0.00 ,$0.00 ,$0.00 ,"$30,553.00 ",$0.00 ,$0.00 ,$0.00 ,$0.00 ,$0.00 ,$130.70 ,$0.00 ,$0.00 ,$0.00 ,$130.70 ,$424.44 ,"$30,553.00 "
"3535 West Loop 820 South  Fort Worth, TX 76116",Subaru,Auto - Subaru Plant (Floorplan-New) - East,12/22/2025,767712,12/22/2025,7/22/2027,2025 Subaru CROSSTREK5 DO,Automobile,CROSSTREK5 DO,4S4GUHF67S3767712,R4370,"$28,925.00 ","$28,925.00 ",$0.00 ,,$0.00 ,$0.00 ,$0.00 ,"$28,925.00 ",$0.00 ,$0.00 ,$0.00 ,$0.00 ,$0.00 ,$123.73 ,$0.00 ,$0.00 ,$0.00 ,$123.73 ,$401.83 ,"$28,925.00 "
"3535 West Loop 820 South  Fort Worth, TX 76116",Subaru,Auto - Subaru Plant (Floorplan-New) - East,12/22/2025,768423,12/22/2025,7/22/2027,2025 Subaru CROSSTREK5 DO,Automobile,CROSSTREK5 DO,4S4GUHL6XS3768423,,"$30,809.00 ","$30,809.00 ",$0.00 ,,$0.00 ,$0.00 ,$0.00 ,"$30,809.00 ",$0.00 ,$0.00 ,$0.00 ,$0.00 ,$0.00 ,$131.79 ,$0.00 ,$0.00 ,$0.00 ,$131.79 ,$428.00 ,"$30,809.00 "
"3535 West Loop 820 South  Fort Worth, TX 76116",Subaru,Auto - Subaru Plant (Floorplan-New) - East,11/25/2025,768475,11/25/2025,6/25/2027,2025 Subaru CROSSTREK5 DO,Automobile,CROSSTREK5 DO,4S4GUHM69S3768475,,"$32,332.00 ","$32,332.00 ",$0.00 ,,$0.00 ,$0.00 ,$0.00 ,"$32,332.00 ",$0.00 ,$0.00 ,$0.00 ,$0.00 ,$0.00 ,$138.31 ,$0.00 ,$0.00 ,$0.00 ,$138.31 ,$575.19 ,"$32,332.00 "
"3535 West Loop 820 South  Fort Worth, TX 76116",Subaru,Auto - Subaru Plant (Floorplan-New) - East,10/22/2025,768622,10/22/2025,5/22/2027,2025 Subaru CROSSTREK5 DO,Automobile,CROSSTREK5 DO,4S4GUHM67S3768622,,"$32,332.00 ","$32,332.00 ",$0.00 ,,$0.00 ,$0.00 ,$0.00 ,"$32,332.00 ",$0.00 ,$0.00 ,$0.00 ,$0.00 ,$0.00 ,$138.31 ,$0.00 ,$0.00 ,$0.00 ,$138.31 ,$738.17 ,"$32,332.00 "
"3535 West Loop 820 South  Fort Worth, TX 76116",Subaru,Auto - Subaru Plant (Floorplan-New) - East,12/22/2025,776735,12/22/2025,7/22/2027,2025 Subaru CROSSTREK5 DO,Automobile,CROSSTREK5 DO,4S4GUHL63S3776735,R4434,"$30,593.00 ","$30,593.00 ",$0.00 ,,$0.00 ,$0.00 ,$0.00 ,"$30,593.00 ",$0.00 ,$0.00 ,$0.00 ,$0.00 ,$0.00 ,$130.87 ,$0.00 ,$0.00 ,$0.00 ,$130.87 ,$425.01 ,"$30,593.00 "
"3535 West Loop 820 South  Fort Worth, TX 76116",Subaru,Auto - Subaru Plant (Floorplan-New) - East,12/22/2025,776942,12/22/2025,7/22/2027,2025 Subaru CROSSTREK5 DO,Automobile,CROSSTREK5 DO,4S4GUHM6XS3776942,,"$32,116.00 ","$32,116.00 ",$0.00 ,,$0.00 ,$0.00 ,$0.00 ,"$32,116.00 ",$0.00 ,$0.00 ,$0.00 ,$0.00 ,$0.00 ,$137.38 ,$0.00 ,$0.00 ,$0.00 ,$137.38 ,$446.14 ,"$32,116.00 "
"3535 West Loop 820 South  Fort Worth, TX 76116",Subaru,Auto - Subaru Plant (Floorplan-New) - East,9/10/2025,777003,9/10/2025,4/10/2027,2025 Subaru CROSSTREK5 DO,Automobile,CROSSTREK5 DO,4S4GUHN64S3777003,R4441,"$34,905.00 ","$34,905.00 ",$0.00 ,,"($34,905.00)",$0.00 ,"($34,905.00)",$0.00 ,$0.00 ,$0.00 ,$0.00 ,$0.00 ,$0.00 ,$38.54 ,$0.00 ,$0.00 ,$0.00 ,$38.54 ,$910.40 ,"$9,007.74 "
"3535 West Loop 820 South  Fort Worth, TX 76116",Subaru,Auto - Subaru Plant (Floorplan-New) - East,3/6/2026,800882,3/6/2026,10/6/2027,2026 Subaru WRX4 DOORPREM,Automobile,WRX4 DOORPREM,JF1VBAH69T9800882,R5040,"$33,515.00 ",$0.00 ,"$33,515.00 ",3/6/2026,"($33,515.00)",$0.00 ,$0.00 ,$0.00 ,$0.00 ,$0.00 ,$0.00 ,$0.00 ,$0.00 ,$23.12 ,$0.00 ,$0.00 ,$0.00 ,$23.12 ,$23.12 ,"$5,405.65 "
"3535 West Loop 820 South  Fort Worth, TX 76116",Subaru,Auto - Subaru Plant (Floorplan-New) - East,3/20/2026,801311,3/20/2026,10/20/2027,2026 Subaru WRX4 DOORLIMI,Automobile,WRX4 DOORLIMI,JF1VBAN69T9801311,R5095,"$39,125.00 ",$0.00 ,"$39,125.00 ",3/20/2026,"($39,125.00)",$0.00 ,$0.00 ,$0.00 ,$0.00 ,$0.00 ,$0.00 ,$0.00 ,$0.00 ,$26.99 ,$0.00 ,$0.00 ,$0.00 ,$26.99 ,$26.99 ,"$6,310.48 "
"3535 West Loop 820 South  Fort Worth, TX 76116",Subaru,Auto - Subaru Plant (Floorplan-New) - East,3/31/2026,801803,3/31/2026,10/31/2027,2026 Subaru WRX4 DOORPREM,Automobile,WRX4 DOORPREM,JF1VBAH63T9801803,,"$33,515.00 ",$0.00 ,"$33,515.00 ",3/31/2026,$0.00 ,$0.00 ,"$33,515.00 ","$33,515.00 ",$0.00 ,$0.00 ,$0.00 ,$0.00 ,$0.00 ,$4.62 ,$0.00 ,$0.00 ,$0.00 ,$4.62 ,$4.62 ,"$1,081.13 "
"3535 West Loop 820 South  Fort Worth, TX 76116",Subaru,Auto - Subaru Plant (Floorplan-New) - East,3/31/2026,801998,3/31/2026,10/31/2027,2026 Subaru WRX4 DOORTS,Automobile,WRX4 DOORTS,JF1VBAZ62T9801998,,"$44,238.00 ",$0.00 ,"$44,238.00 ",3/31/2026,$0.00 ,$0.00 ,"$44,238.00 ","$44,238.00 ",$0.00 ,$0.00 ,$0.00 ,$0.00 ,$0.00 ,$6.10 ,$0.00 ,$0.00 ,$0.00 ,$6.10 ,$6.10 ,"$1,427.03 "
"3535 West Loop 820 South  Fort Worth, TX 76116",Subaru,Auto - Subaru Plant (Floorplan-New) - East,3/31/2026,802012,3/31/2026,10/31/2027,2026 Subaru WRX4 DOORLIMI,Automobile,WRX4 DOORLIMI,JF1VBAN67T8802012,,"$39,452.00 ",$0.00 ,"$39,452.00 ",3/31/2026,$0.00 ,$0.00 ,"$39,452.00 ","$39,452.00 ",$0.00 ,$0.00 ,$0.00 ,$0.00 ,$0.00 ,$5.44 ,$0.00 ,$0.00 ,$0.00 ,$5.44 ,$5.44 ,"$1,272.65 "
"3535 West Loop 820 South  Fort Worth, TX 76116",Subaru,Auto - Subaru Plant (Floorplan-New) - East,3/20/2026,802300,3/20/2026,10/20/2027,2026 Subaru WRX4 DOORPREM,Automobile,WRX4 DOORPREM,JF1VBAH64T9802300,R5094,"$33,515.00 ",$0.00 ,"$33,515.00 ",3/20/2026,"($33,515.00)",$0.00 ,$0.00 ,$0.00 ,$0.00 ,$0.00 ,$0.00 ,$0.00 ,$0.00 ,$32.37 ,$0.00 ,$0.00 ,$0.00 ,$32.37 ,$32.37 ,"$7,567.90 "
"3535 West Loop 820 South  Fort Worth, TX 76116",Subaru,Auto - Subaru Plant (Floorplan-New) - East,3/20/2026,802442,3/20/2026,10/20/2027,2026 Subaru WRX4 DOORPREM,Automobile,WRX4 DOORPREM,JF1VBAH62T9802442,,"$33,515.00 ",$0.00 ,"$33,515.00 ",3/20/2026,$0.00 ,$0.00 ,"$33,515.00 ","$33,515.00 ",$0.00 ,$0.00 ,$0.00 ,$0.00 ,$0.00 ,$55.50 ,$0.00 ,$0.00 ,$0.00 ,$55.50 ,$55.50 ,"$12,973.55 "
"3535 West Loop 820 South  Fort Worth, TX 76116",GMC Truck,Auto - GMC Truck Plant (Floorplan-New) - East,10/11/2024,100365,10/11/2024,5/11/2026,2025 GMC Truck GMC HMER EV3,Automobile,GMC HMER EV3,1GT40DDA2SU100365,,"$110,883.25 ","$66,529.93 ",$0.00 ,,"($11,088.33)",$0.00 ,"($11,088.33)","$55,441.60 ","$11,088.33 ",$0.00 ,$0.00 ,$0.00 ,"$11,088.33 ",$252.48 ,$0.00 ,$0.00 ,$0.00 ,$252.48 ,"$8,497.31 ","$59,018.48 "
"3535 West Loop 820 South  Fort Worth, TX 76116",GMC Truck,Auto - GMC Truck Plant (Floorplan-New) - East,10/24/2024,105483,10/24/2024,5/24/2026,2024 GMC Truck GMC HMMER EV,Automobile,GMC HMMER EV,1GKB0NDE2RU105483,G33700,"$112,675.00 ","$67,605.00 ",$0.00 ,,"($11,267.50)",$0.00 ,"($11,267.50)","$56,337.50 ","$11,267.50 ",$0.00 ,$0.00 ,$0.00 ,"$11,267.50 ",$256.56 ,$0.00 ,$0.00 ,$0.00 ,$256.56 ,"$8,387.16 ","$59,972.18 "
"3535 West Loop 820 South  Fort Worth, TX 76116",GMC Truck,Auto - GMC Truck Plant (Floorplan-New) - East,8/13/2025,109432,8/13/2025,3/13/2027,2026 GMC Truck GMC SIER 15E,Automobile,GMC SIER 15E,3GTPHCED7TG109432,,"$61,024.80 ","$61,024.80 ",$0.00 ,,$0.00 ,$0.00 ,$0.00 ,"$61,024.80 ",$0.00 ,$0.00 ,$0.00 ,$0.00 ,$0.00 ,$261.06 ,$0.00 ,$0.00 ,$0.00 ,$261.06 ,"$2,052.67 ","$61,024.80 "
"3535 West Loop 820 South  Fort Worth, TX 76116",GMC Truck,Auto - GMC Truck Plant (Floorplan-New) - East,8/13/2025,109496,8/13/2025,3/13/2027,2026 GMC Truck GMC SIER 15E,Automobile,GMC SIER 15E,3GTPHCED0TG109496,G35111,"$61,024.80 ","$61,024.80 ",$0.00 ,,$0.00 ,$0.00 ,$0.00 ,"$61,024.80 ",$0.00 ,$0.00 ,$0.00 ,$0.00 ,$0.00 ,$261.06 ,$0.00 ,$0.00 ,$0.00 ,$261.06 ,"$2,052.67 ","$61,024.80 "
"3535 West Loop 820 South  Fort Worth, TX 76116",GMC Truck,Auto - GMC Truck Plant (Floorplan-New) - East,3/10/2025,115236,3/10/2025,10/10/2026,2025 GMC Truck GMC HMER EV3,Automobile,GMC HMER EV3,1GT40DDBXSU115236,G34234,"$121,885.00 ","$121,885.00 ",$0.00 ,,$0.00 ,$0.00 ,$0.00 ,"$121,885.00 ","$12,188.50 ",$0.00 ,$0.00 ,$0.00 ,"$12,188.50 ",$521.40 ,$0.00 ,$0.00 ,$0.00 ,$521.40 ,"$7,071.84 ","$121,885.00 "
"3535 West Loop 820 South  Fort Worth, TX 76116",GMC Truck,Auto - GMC Truck Plant (Floorplan-New) - East,3/17/2025,115569,3/17/2025,10/17/2026,2025 GMC Truck GMC HMMER EV,Automobile,GMC HMMER EV,1GKT0RDC7SU115569,G34329,"$118,430.00 ","$118,430.00 ",$0.00 ,,"($118,430.00)",$0.00 ,"($118,430.00)",$0.00 ,$0.00 ,$0.00 ,$0.00 ,$0.00 ,$0.00 ,$49.03 ,$0.00 ,$0.00 ,$0.00 ,$49.03 ,"$6,284.30 ","$11,460.97 "
"3535 West Loop 820 South  Fort Worth, TX 76116",GMC Truck,Auto - GMC Truck Plant (Floorplan-New) - East,9/8/2025,120405,9/8/2025,4/8/2027,2026 GMC Truck GMC SIER 15D,Automobile,GMC SIER 15D,3GTUUGEL8TG120405,G35291,"$75,297.20 ","$75,297.20 ",$0.00 ,,$0.00 ,$0.00 ,$0.00 ,"$75,297.20 ",$0.00 ,$0.00 ,$0.00 ,$0.00 ,$0.00 ,$322.11 ,$0.00 ,$0.00 ,$0.00 ,$322.11 ,"$2,226.21 ","$75,297.20 "
"3535 West Loop 820 South  Fort Worth, TX 76116",GMC Truck,Auto - GMC Truck Plant (Floorplan-New) - East,11/28/2025,122039,11/28/2025,6/28/2027,2026 GMC Truck GMC CNYN 4WD,Automobile,GMC CNYN 4WD,1GTP2DEK9T1122039,G35997,"$48,231.33 ","$48,231.33 ",$0.00 ,,"($48,231.33)",$0.00 ,"($48,231.33)",$0.00 ,$0.00 ,$0.00 ,$0.00 ,$0.00 ,$0.00 ,$79.87 ,$0.00 ,$0.00 ,$0.00 ,$79.87 ,$710.35 ,"$18,670.19 "
"3535 West Loop 820 South  Fort Worth, TX 76116",GMC Truck,Auto - GMC Truck Plant (Floorplan-New) - East,9/16/2025,126894,9/16/2025,4/16/2027,2026 GMC Truck GMC SIER 15D,Automobile,GMC SIER 15D,3GTUUGEL2TG126894,G35379,"$75,855.20 ","$75,855.20 ",$0.00 ,,$0.00 ,$0.00 ,$0.00 ,"$75,855.20 ",$0.00 ,$0.00 ,$0.00 ,$0.00 ,$0.00 ,$324.49 ,$0.00 ,$0.00 ,$0.00 ,$324.49 ,"$2,148.64 ","$75,855.20 "
"3535 West Loop 820 South  Fort Worth, TX 76116",GMC Truck,Auto - GMC Truck Plant (Floorplan-New) - East,9/16/2025,126916,9/16/2025,4/16/2027,2026 GMC Truck GMC SIER 15D,Automobile,GMC SIER 15D,3GTUUGEL8TG126916,,"$75,855.20 ","$75,855.20 ",$0.00 ,,$0.00 ,$0.00 ,$0.00 ,"$75,855.20 ",$0.00 ,$0.00 ,$0.00 ,$0.00 ,$0.00 ,$324.49 ,$0.00 ,$0.00 ,$0.00 ,$324.49 ,"$2,148.64 ","$75,855.20 "
"3535 West Loop 820 South  Fort Worth, TX 76116",GMC Truck,Auto - GMC Truck Plant (Floorplan-New) - East,9/17/2025,126923,9/17/2025,4/17/2027,2026 GMC Truck GMC SIER 15D,Automobile,GMC SIER 15D,3GTUUGEL5TG126923,G35470,"$75,855.20 ","$75,855.20 ",$0.00 ,,$0.00 ,$0.00 ,$0.00 ,"$75,855.20 ",$0.00 ,$0.00 ,$0.00 ,$0.00 ,$0.00 ,$324.49 ,$0.00 ,$0.00 ,$0.00 ,$324.49 ,"$2,136.88 ","$75,855.20 "
"3535 West Loop 820 South  Fort Worth, TX 76116",GMC Truck,Auto - GMC Truck Plant (Floorplan-New) - East,9/15/2025,126928,9/15/2025,4/15/2027,2026 GMC Truck GMC SIER 15D,Automobile,GMC SIER 15D,3GTUUGEL4TG126928,G35366,"$75,855.20 ","$75,855.20 ",$0.00 ,,$0.00 ,$0.00 ,$0.00 ,"$75,855.20 ",$0.00 ,$0.00 ,$0.00 ,$0.00 ,$0.00 ,$324.49 ,$0.00 ,$0.00 ,$0.00 ,$324.49 ,"$2,160.40 ","$75,855.20 "
"3535 West Loop 820 South  Fort Worth, TX 76116",GMC Truck,Auto - GMC Truck Plant (Floorplan-New) - East,9/24/2025,127035,9/24/2025,4/24/2027,2026 GMC Truck GMC SIER 15D,Automobile,GMC SIER 15D,3GTUUGEL3TG127035,G35558,"$75,855.20 ","$75,855.20 ",$0.00 ,,"($75,855.20)",$0.00 ,"($75,855.20)",$0.00 ,$0.00 ,$0.00 ,$0.00 ,$0.00 ,$0.00 ,$272.15 ,$0.00 ,$0.00 ,$0.00 ,$272.15 ,"$2,002.24 ","$63,620.49 "
"3535 West Loop 820 South  Fort Worth, TX 76116",GMC Truck,Auto - GMC Truck Plant (Floorplan-New) - East,11/28/2025,130228,11/28/2025,6/28/2027,2026 GMC Truck GMC CNYN AT4,Automobile,GMC CNYN AT4,1GTP2EEK0T1130228,G35995,"$53,153.00 ","$53,153.00 ",$0.00 ,,$0.00 ,$0.00 ,$0.00 ,"$53,153.00 ",$0.00 ,$0.00 ,$0.00 ,$0.00 ,$0.00 ,$227.38 ,$0.00 ,$0.00 ,$0.00 ,$227.38 ,$922.20 ,"$53,153.00 "
"3535 West Loop 820 South  Fort Worth, TX 76116",GMC Truck,Auto - GMC Truck Plant (Floorplan-New) - East,8/18/2025,131491,8/18/2025,3/18/2027,2026 GMC Truck GMC SIER 15E,Automobile,GMC SIER 15E,1GTPHCED1TZ131491,,"$61,024.80 ","$61,024.80 ",$0.00 ,,$0.00 ,$0.00 ,$0.00 ,"$61,024.80 ",$0.00 ,$0.00 ,$0.00 ,$0.00 ,$0.00 ,$261.06 ,$0.00 ,$0.00 ,$0.00 ,$261.06 ,"$2,004.75 ","$61,024.80 "
"3535 West Loop 820 South  Fort Worth, TX 76116",GMC Truck,Auto - GMC Truck Plant (Floorplan-New) - East,9/23/2025,135217,9/23/2025,4/23/2027,2026 GMC Truck GMC CNYN 2WD,Automobile,GMC CNYN 2WD,1GTP1BEK7T1135217,,"$44,445.50 ","$44,445.50 ",$0.00 ,,$0.00 ,$0.00 ,$0.00 ,"$44,445.50 ",$0.00 ,$0.00 ,$0.00 ,$0.00 ,$0.00 ,$190.13 ,$0.00 ,$0.00 ,$0.00 ,$190.13 ,"$1,210.71 ","$44,445.50 "
"3535 West Loop 820 South  Fort Worth, TX 76116",GMC Truck,Auto - GMC Truck Plant (Floorplan-New) - East,9/26/2025,137574,9/26/2025,4/26/2027,2026 GMC Truck GMC CNYN 2WD,Automobile,GMC CNYN 2WD,1GTP1BEK8T1137574,,"$45,417.35 ","$45,417.35 ",$0.00 ,,$0.00 ,$0.00 ,$0.00 ,"$45,417.35 ",$0.00 ,$0.00 ,$0.00 ,$0.00 ,$0.00 ,$194.29 ,$0.00 ,$0.00 ,$0.00 ,$194.29 ,"$1,216.09 ","$45,417.35 "
"3535 West Loop 820 South  Fort Worth, TX 76116",GMC Truck,Auto - GMC Truck Plant (Floorplan-New) - East,11/24/2025,138130,11/24/2025,6/24/2027,2026 GMC Truck GMC SIER 25A,Automobile,GMC SIER 25A,1GT4UPEY1TF138130,G35885,"$86,889.70 ","$86,889.70 ",$0.00 ,,"($86,889.70)",$0.00 ,"($86,889.70)",$0.00 ,$0.00 ,$0.00 ,$0.00 ,$0.00 ,$0.00 ,$35.98 ,$0.00 ,$0.00 ,$0.00 ,$35.98 ,"$1,222.80 ","$8,408.68 "
"3535 West Loop 820 South  Fort Worth, TX 76116",GMC Truck,Auto - GMC Truck Plant (Floorplan-New) - East,8/25/2025,138888,8/25/2025,3/25/2027,2026 GMC Truck GMC SIER 15E,Automobile,GMC SIER 15E,1GTPHCED8TZ138888,,"$61,071.30 ","$61,071.30 ",$0.00 ,,$0.00 ,$0.00 ,$0.00 ,"$61,071.30 ",$0.00 ,$0.00 ,$0.00 ,$0.00 ,$0.00 ,$261.25 ,$0.00 ,$0.00 ,$0.00 ,$261.25 ,"$1,939.16 ","$61,071.30 "
"3535 West Loop 820 South  Fort Worth, TX 76116",GMC Truck,Auto - GMC Truck Plant (Floorplan-New) - East,8/25/2025,139025,8/25/2025,3/25/2027,2026 GMC Truck GMC SIER 15E,Automobile,GMC SIER 15E,1GTPHCED1TZ139025,G35148,"$61,071.30 ","$61,071.30 ",$0.00 ,,$0.00 ,$0.00 ,$0.00 ,"$61,071.30 ",$0.00 ,$0.00 ,$0.00 ,$0.00 ,$0.00 ,$261.25 ,$0.00 ,$0.00 ,$0.00 ,$261.25 ,"$1,939.16 ","$61,071.30 "
"3535 West Loop 820 South  Fort Worth, TX 76116",GMC Truck,Auto - GMC Truck Plant (Floorplan-New) - East,8/25/2025,139067,8/25/2025,3/25/2027,2026 GMC Truck GMC SIER 15E,Automobile,GMC SIER 15E,1GTPHCED6TZ139067,G35149,"$61,071.30 ","$61,071.30 ",$0.00 ,,$0.00 ,$0.00 ,$0.00 ,"$61,071.30 ",$0.00 ,$0.00 ,$0.00 ,$0.00 ,$0.00 ,$261.25 ,$0.00 ,$0.00 ,$0.00 ,$261.25 ,"$1,939.16 ","$61,071.30 "
"3535 West Loop 820 South  Fort Worth, TX 76116",GMC Truck,Auto - GMC Truck Plant (Floorplan-New) - East,11/28/2025,139130,11/28/2025,6/28/2027,2026 GMC Truck GMC ACAD DEN,Automobile,GMC ACAD DEN,1GKENLKS1TJ139130,,"$59,006.23 ","$59,006.23 ",$0.00 ,,$0.00 ,$0.00 ,$0.00 ,"$59,006.23 ",$0.00 ,$0.00 ,$0.00 ,$0.00 ,$0.00 ,$252.42 ,$0.00 ,$0.00 ,$0.00 ,$252.42 ,"$1,023.73 ","$59,006.23 "
"3535 West Loop 820 South  Fort Worth, TX 76116",GMC Truck,Auto - GMC Truck Plant (Floorplan-New) - East,11/28/2025,139283,11/28/2025,6/28/2027,2026 GMC Truck GMC ACAD ELV,Automobile,GMC ACAD ELV,1GKENKKS1TJ139283,G36004,"$48,594.73 ","$48,594.73 ",$0.00 ,,$0.00 ,$0.00 ,$0.00 ,"$48,594.73 ",$0.00 ,$0.00 ,$0.00 ,$0.00 ,$0.00 ,$207.88 ,$0.00 ,$0.00 ,$0.00 ,$207.88 ,$843.10 ,"$48,594.73 "
"3535 West Loop 820 South  Fort Worth, TX 76116",GMC Truck,Auto - GMC Truck Plant (Floorplan-New) - East,11/28/2025,139615,11/28/2025,6/28/2027,2026 GMC Truck GMC ACAD AT4,Automobile,GMC ACAD AT4,1GKENPKS4TJ139615,G36005,"$54,651.15 ","$54,651.15 ",$0.00 ,,$0.00 ,$0.00 ,$0.00 ,"$54,651.15 ",$0.00 ,$0.00 ,$0.00 ,$0.00 ,$0.00 ,$233.79 ,$0.00 ,$0.00 ,$0.00 ,$233.79 ,$948.18 ,"$54,651.15 "
"3535 West Loop 820 South  Fort Worth, TX 76116",GMC Truck,Auto - GMC Truck Plant (Floorplan-New) - East,11/28/2025,139663,11/28/2025,6/28/2027,2026 GMC Truck GMC ACAD AT4,Automobile,GMC ACAD AT4,1GKENPKS4TJ139663,G36006,"$54,651.15 ","$54,651.15 ",$0.00 ,,$0.00 ,$0.00 ,$0.00 ,"$54,651.15 ",$0.00 ,$0.00 ,$0.00 ,$0.00 ,$0.00 ,$233.79 ,$0.00 ,$0.00 ,$0.00 ,$233.79 ,$948.18 ,"$54,651.15 "
"3535 West Loop 820 South  Fort Worth, TX 76116",GMC Truck,Auto - GMC Truck Plant (Floorplan-New) - East,8/25/2025,139849,8/25/2025,3/25/2027,2026 GMC Truck GMC SIER 15E,Automobile,GMC SIER 15E,1GTUUCED5TZ139849,G35158,"$64,847.10 ","$64,847.10 ",$0.00 ,,"($64,847.10)",$0.00 ,"($64,847.10)",$0.00 ,$0.00 ,$0.00 ,$0.00 ,$0.00 ,$0.00 ,$205.81 ,$0.00 ,$0.00 ,$0.00 ,$205.81 ,"$1,987.45 ","$48,112.36 "
"3535 West Loop 820 South  Fort Worth, TX 76116",GMC Truck,Auto - GMC Truck Plant (Floorplan-New) - East,8/25/2025,139864,8/25/2025,3/25/2027,2026 GMC Truck GMC SIER 15E,Automobile,GMC SIER 15E,1GTUUCED1TZ139864,,"$64,847.10 ","$64,847.10 ",$0.00 ,,$0.00 ,$0.00 ,$0.00 ,"$64,847.10 ",$0.00 ,$0.00 ,$0.00 ,$0.00 ,$0.00 ,$277.40 ,$0.00 ,$0.00 ,$0.00 ,$277.40 ,"$2,059.04 ","$64,847.10 "
"3535 West Loop 820 South  Fort Worth, TX 76116",GMC Truck,Auto - GMC Truck Plant (Floorplan-New) - East,8/25/2025,139873,8/25/2025,3/25/2027,2026 GMC Truck GMC SIER 15E,Automobile,GMC SIER 15E,1GTUUCED2TZ139873,G35172,"$64,847.10 ","$64,847.10 ",$0.00 ,,"($64,847.10)",$0.00 ,"($64,847.10)",$0.00 ,$0.00 ,$0.00 ,$0.00 ,$0.00 ,$0.00 ,$143.18 ,$0.00 ,$0.00 ,$0.00 ,$143.18 ,"$1,924.82 ","$33,469.47 "
"3535 West Loop 820 South  Fort Worth, TX 76116",GMC Truck,Auto - GMC Truck Plant (Floorplan-New) - East,10/7/2025,141767,10/7/2025,5/7/2027,2026 GMC Truck GMC CNYN 2WD,Automobile,GMC CNYN 2WD,1GTP1BEK6T1141767,,"$45,417.35 ","$45,417.35 ",$0.00 ,,$0.00 ,$0.00 ,$0.00 ,"$45,417.35 ",$0.00 ,$0.00 ,$0.00 ,$0.00 ,$0.00 ,$194.29 ,$0.00 ,$0.00 ,$0.00 ,$194.29 ,"$1,139.76 ","$45,417.35 "
"3535 West Loop 820 South  Fort Worth, TX 76116",GMC Truck,Auto - GMC Truck Plant (Floorplan-New) - East,8/26/2025,141917,8/26/2025,3/26/2027,2026 GMC Truck GMC SIER 15E,Automobile,GMC SIER 15E,1GTPHCED4TZ141917,G35177,"$61,071.30 ","$61,071.30 ",$0.00 ,,$0.00 ,$0.00 ,$0.00 ,"$61,071.30 ",$0.00 ,$0.00 ,$0.00 ,$0.00 ,$0.00 ,$261.25 ,$0.00 ,$0.00 ,$0.00 ,$261.25 ,"$1,929.57 ","$61,071.30 "
"3535 West Loop 820 South  Fort Worth, TX 76116",GMC Truck,Auto - GMC Truck Plant (Floorplan-New) - East,8/26/2025,141942,8/26/2025,3/26/2027,2026 GMC Truck GMC SIER 15E,Automobile,GMC SIER 15E,1GTPHCED3TZ141942,,"$60,610.95 ","$60,610.95 ",$0.00 ,,$0.00 ,$0.00 ,$0.00 ,"$60,610.95 ",$0.00 ,$0.00 ,$0.00 ,$0.00 ,$0.00 ,$259.28 ,$0.00 ,$0.00 ,$0.00 ,$259.28 ,"$1,915.02 ","$60,610.95 "
"3535 West Loop 820 South  Fort Worth, TX 76116",GMC Truck,Auto - GMC Truck Plant (Floorplan-New) - East,8/27/2025,141949,8/27/2025,3/27/2027,2026 GMC Truck GMC SIER 15E,Automobile,GMC SIER 15E,1GTPHCED6TZ141949,,"$61,071.30 ","$61,071.30 ",$0.00 ,,$0.00 ,$0.00 ,$0.00 ,"$61,071.30 ",$0.00 ,$0.00 ,$0.00 ,$0.00 ,$0.00 ,$261.25 ,$0.00 ,$0.00 ,$0.00 ,$261.25 ,"$1,919.97 ","$61,071.30 "
"3535 West Loop 820 South  Fort Worth, TX 76116",GMC Truck,Auto - GMC Truck Plant (Floorplan-New) - East,8/27/2025,141966,8/27/2025,3/27/2027,2026 GMC Truck GMC SIER 15E,Automobile,GMC SIER 15E,1GTPHCED6TZ141966,G35180,"$60,610.95 ","$60,610.95 ",$0.00 ,,$0.00 ,$0.00 ,$0.00 ,"$60,610.95 ",$0.00 ,$0.00 ,$0.00 ,$0.00 ,$0.00 ,$259.28 ,$0.00 ,$0.00 ,$0.00 ,$259.28 ,"$1,905.50 ","$60,610.95 "
"3535 West Loop 820 South  Fort Worth, TX 76116",GMC Truck,Auto - GMC Truck Plant (Floorplan-New) - East,8/26/2025,141989,8/26/2025,3/26/2027,2026 GMC Truck GMC SIER 15E,Automobile,GMC SIER 15E,1GTPHCED7TZ141989,,"$61,071.30 ","$61,071.30 ",$0.00 ,,$0.00 ,$0.00 ,$0.00 ,"$61,071.30 ",$0.00 ,$0.00 ,$0.00 ,$0.00 ,$0.00 ,$261.25 ,$0.00 ,$0.00 ,$0.00 ,$261.25 ,"$1,929.57 ","$61,071.30 "
"3535 West Loop 820 South  Fort Worth, TX 76116",GMC Truck,Auto - GMC Truck Plant (Floorplan-New) - East,8/27/2025,142036,8/27/2025,3/27/2027,2026 GMC Truck GMC SIER 15E,Automobile,GMC SIER 15E,1GTPHCEDXTZ142036,G35269,"$61,071.30 ","$61,071.30 ",$0.00 ,,"($61,071.30)",$0.00 ,"($61,071.30)",$0.00 ,$0.00 ,$0.00 ,$0.00 ,$0.00 ,$0.00 ,$185.40 ,$0.00 ,$0.00 ,$0.00 ,$185.40 ,"$1,844.12 ","$43,340.92 "
"3535 West Loop 820 South  Fort Worth, TX 76116",GMC Truck,Auto - GMC Truck Plant (Floorplan-New) - East,9/30/2025,142125,9/30/2025,4/30/2027,2026 GMC Truck GMC SIER 15D,Automobile,GMC SIER 15D,3GTUUGEL2TG142125,G35609,"$75,855.20 ","$75,855.20 ",$0.00 ,,$0.00 ,$0.00 ,$0.00 ,"$75,855.20 ",$0.00 ,$0.00 ,$0.00 ,$0.00 ,$0.00 ,$324.49 ,$0.00 ,$0.00 ,$0.00 ,$324.49 ,"$1,984.03 ","$75,855.20 "
"3535 West Loop 820 South  Fort Worth, TX 76116",GMC Truck,Auto - GMC Truck Plant (Floorplan-New) - East,8/27/2025,142376,8/27/2025,3/27/2027,2026 GMC Truck GMC SIER 15E,Automobile,GMC SIER 15E,1GTPHCED1TZ142376,,"$60,610.95 ","$60,610.95 ",$0.00 ,,$0.00 ,$0.00 ,$0.00 ,"$60,610.95 ",$0.00 ,$0.00 ,$0.00 ,$0.00 ,$0.00 ,$259.28 ,$0.00 ,$0.00 ,$0.00 ,$259.28 ,"$1,905.50 ","$60,610.95 "
"3535 West Loop 820 South  Fort Worth, TX 76116",GMC Truck,Auto - GMC Truck Plant (Floorplan-New) - East,8/27/2025,142377,8/27/2025,3/27/2027,2026 GMC Truck GMC SIER 15E,Automobile,GMC SIER 15E,1GTPHCED3TZ142377,,"$60,610.95 ","$60,610.95 ",$0.00 ,,$0.00 ,$0.00 ,$0.00 ,"$60,610.95 ",$0.00 ,$0.00 ,$0.00 ,$0.00 ,$0.00 ,$259.28 ,$0.00 ,$0.00 ,$0.00 ,$259.28 ,"$1,905.50 ","$60,610.95 "
"3535 West Loop 820 South  Fort Worth, TX 76116",GMC Truck,Auto - GMC Truck Plant (Floorplan-New) - East,8/27/2025,142411,8/27/2025,3/27/2027,2026 GMC Truck GMC SIER 15E,Automobile,GMC SIER 15E,1GTPHCEDXTZ142411,,"$60,610.95 ","$60,610.95 ",$0.00 ,,$0.00 ,$0.00 ,$0.00 ,"$60,610.95 ",$0.00 ,$0.00 ,$0.00 ,$0.00 ,$0.00 ,$259.28 ,$0.00 ,$0.00 ,$0.00 ,$259.28 ,"$1,905.50 ","$60,610.95 "
"3535 West Loop 820 South  Fort Worth, TX 76116",GMC Truck,Auto - GMC Truck Plant (Floorplan-New) - East,8/27/2025,142501,8/27/2025,3/27/2027,2026 GMC Truck GMC SIER 15E,Automobile,GMC SIER 15E,1GTPHCED0TZ142501,G35247,"$60,610.95 ","$60,610.95 ",$0.00 ,,$0.00 ,$0.00 ,$0.00 ,"$60,610.95 ",$0.00 ,$0.00 ,$0.00 ,$0.00 ,$0.00 ,$259.28 ,$0.00 ,$0.00 ,$0.00 ,$259.28 ,"$1,905.50 ","$60,610.95 "
"3535 West Loop 820 South  Fort Worth, TX 76116",GMC Truck,Auto - GMC Truck Plant (Floorplan-New) - East,10/10/2025,142543,10/10/2025,5/10/2027,2026 GMC Truck GMC CNYN 2WD,Automobile,GMC CNYN 2WD,1GTP1BEK0T1142543,,"$45,417.35 ","$45,417.35 ",$0.00 ,,$0.00 ,$0.00 ,$0.00 ,"$45,417.35 ",$0.00 ,$0.00 ,$0.00 ,$0.00 ,$0.00 ,$194.29 ,$0.00 ,$0.00 ,$0.00 ,$194.29 ,"$1,119.19 ","$45,417.35 "
"3535 West Loop 820 South  Fort Worth, TX 76116",GMC Truck,Auto - GMC Truck Plant (Floorplan-New) - East,9/30/2025,142658,9/30/2025,4/30/2027,2026 GMC Truck GMC CNYN 2WD,Automobile,GMC CNYN 2WD,1GTP1BEK6T1142658,G35583,"$44,957.00 ","$44,957.00 ",$0.00 ,,"($44,957.00)",$0.00 ,"($44,957.00)",$0.00 ,$0.00 ,$0.00 ,$0.00 ,$0.00 ,$0.00 ,$18.62 ,$0.00 ,$0.00 ,$0.00 ,$18.62 ,"$1,002.17 ","$4,350.68 "
"3535 West Loop 820 South  Fort Worth, TX 76116",GMC Truck,Auto - GMC Truck Plant (Floorplan-New) - East,8/28/2025,143414,8/28/2025,3/28/2027,2026 GMC Truck GMC SIER 15E,Automobile,GMC SIER 15E,1GTUUCED1TZ143414,,"$64,386.75 ","$64,386.75 ",$0.00 ,,$0.00 ,$0.00 ,$0.00 ,"$64,386.75 ",$0.00 ,$0.00 ,$0.00 ,$0.00 ,$0.00 ,$275.44 ,$0.00 ,$0.00 ,$0.00 ,$275.44 ,"$2,014.09 ","$64,386.75 "
"3535 West Loop 820 South  Fort Worth, TX 76116",GMC Truck,Auto - GMC Truck Plant (Floorplan-New) - East,8/28/2025,143421,8/28/2025,3/28/2027,2026 GMC Truck GMC SIER 15E,Automobile,GMC SIER 15E,1GTUUCED9TZ143421,G35248,"$64,386.75 ","$64,386.75 ",$0.00 ,,$0.00 ,$0.00 ,$0.00 ,"$64,386.75 ",$0.00 ,$0.00 ,$0.00 ,$0.00 ,$0.00 ,$275.44 ,$0.00 ,$0.00 ,$0.00 ,$275.44 ,"$2,014.09 ","$64,386.75 "
"3535 West Loop 820 South  Fort Worth, TX 76116",GMC Truck,Auto - GMC Truck Plant (Floorplan-New) - East,8/28/2025,143450,8/28/2025,3/28/2027,2026 GMC Truck GMC SIER 15E,Automobile,GMC SIER 15E,1GTUUCED5TZ143450,G35249,"$64,386.75 ","$64,386.75 ",$0.00 ,,$0.00 ,$0.00 ,$0.00 ,"$64,386.75 ",$0.00 ,$0.00 ,$0.00 ,$0.00 ,$0.00 ,$275.44 ,$0.00 ,$0.00 ,$0.00 ,$275.44 ,"$2,014.09 ","$64,386.75 "
"3535 West Loop 820 South  Fort Worth, TX 76116",GMC Truck,Auto - GMC Truck Plant (Floorplan-New) - East,8/28/2025,143483,8/28/2025,3/28/2027,2026 GMC Truck GMC SIER 15E,Automobile,GMC SIER 15E,1GTUUCED9TZ143483,G35240,"$64,847.10 ","$64,847.10 ",$0.00 ,,"($64,847.10)",$0.00 ,"($64,847.10)",$0.00 ,$0.00 ,$0.00 ,$0.00 ,$0.00 ,$0.00 ,$71.59 ,$0.00 ,$0.00 ,$0.00 ,$71.59 ,"$1,822.68 ","$16,734.74 "
"3535 West Loop 820 South  Fort Worth, TX 76116",GMC Truck,Auto - GMC Truck Plant (Floorplan-New) - East,8/28/2025,143553,8/28/2025,3/28/2027,2026 GMC Truck GMC SIER 15E,Automobile,GMC SIER 15E,1GTUUCED4TZ143553,,"$64,386.75 ","$64,386.75 ",$0.00 ,,$0.00 ,$0.00 ,$0.00 ,"$64,386.75 ",$0.00 ,$0.00 ,$0.00 ,$0.00 ,$0.00 ,$275.44 ,$0.00 ,$0.00 ,$0.00 ,$275.44 ,"$2,014.09 ","$64,386.75 "
"3535 West Loop 820 South  Fort Worth, TX 76116",GMC Truck,Auto - GMC Truck Plant (Floorplan-New) - East,8/28/2025,143565,8/28/2025,3/28/2027,2026 GMC Truck GMC SIER 15E,Automobile,GMC SIER 15E,1GTUUCED0TZ143565,,"$64,386.75 ","$64,386.75 ",$0.00 ,,$0.00 ,$0.00 ,$0.00 ,"$64,386.75 ",$0.00 ,$0.00 ,$0.00 ,$0.00 ,$0.00 ,$275.44 ,$0.00 ,$0.00 ,$0.00 ,$275.44 ,"$2,014.09 ","$64,386.75 "
"3535 West Loop 820 South  Fort Worth, TX 76116",GMC Truck,Auto - GMC Truck Plant (Floorplan-New) - East,10/10/2025,143574,10/10/2025,5/10/2027,2026 GMC Truck GMC CNYN 2WD,Automobile,GMC CNYN 2WD,1GTP1BEK5T1143574,,"$45,417.35 ","$45,417.35 ",$0.00 ,,$0.00 ,$0.00 ,$0.00 ,"$45,417.35 ",$0.00 ,$0.00 ,$0.00 ,$0.00 ,$0.00 ,$194.29 ,$0.00 ,$0.00 ,$0.00 ,$194.29 ,"$1,119.19 ","$45,417.35 "
"3535 West Loop 820 South  Fort Worth, TX 76116",GMC Truck,Auto - GMC Truck Plant (Floorplan-New) - East,8/28/2025,143849,8/28/2025,3/28/2027,2026 GMC Truck GMC SIER 15E,Automobile,GMC SIER 15E,1GTUUCED3TZ143849,G35280,"$64,386.75 ","$64,386.75 ",$0.00 ,,$0.00 ,$0.00 ,$0.00 ,"$64,386.75 ",$0.00 ,$0.00 ,$0.00 ,$0.00 ,$0.00 ,$275.44 ,$0.00 ,$0.00 ,$0.00 ,$275.44 ,"$2,014.09 ","$64,386.75 "
"3535 West Loop 820 South  Fort Worth, TX 76116",GMC Truck,Auto - GMC Truck Plant (Floorplan-New) - East,10/23/2025,146018,10/23/2025,5/23/2027,2026 GMC Truck GMC CNYN 2WD,Automobile,GMC CNYN 2WD,1GTP1BEK1T1146018,,"$44,975.60 ","$44,975.60 ",$0.00 ,,$0.00 ,$0.00 ,$0.00 ,"$44,975.60 ",$0.00 ,$0.00 ,$0.00 ,$0.00 ,$0.00 ,$192.40 ,$0.00 ,$0.00 ,$0.00 ,$192.40 ,"$1,020.03 ","$44,975.60 "
"3535 West Loop 820 South  Fort Worth, TX 76116",GMC Truck,Auto - GMC Truck Plant (Floorplan-New) - East,10/23/2025,146094,10/23/2025,5/23/2027,2026 GMC Truck GMC CNYN 2WD,Automobile,GMC CNYN 2WD,1GTP1BEK6T1146094,,"$44,975.60 ","$44,975.60 ",$0.00 ,,$0.00 ,$0.00 ,$0.00 ,"$44,975.60 ",$0.00 ,$0.00 ,$0.00 ,$0.00 ,$0.00 ,$192.40 ,$0.00 ,$0.00 ,$0.00 ,$192.40 ,"$1,020.03 ","$44,975.60 "
"3535 West Loop 820 South  Fort Worth, TX 76116",GMC Truck,Auto - GMC Truck Plant (Floorplan-New) - East,9/2/2025,146270,9/2/2025,4/2/2027,2026 GMC Truck GMC SIER 15E,Automobile,GMC SIER 15E,1GTUUCED7TZ146270,G35276,"$64,847.10 ","$64,847.10 ",$0.00 ,,$0.00 ,$0.00 ,$0.00 ,"$64,847.10 ",$0.00 ,$0.00 ,$0.00 ,$0.00 ,$0.00 ,$277.40 ,$0.00 ,$0.00 ,$0.00 ,$277.40 ,"$1,977.57 ","$64,847.10 "
"3535 West Loop 820 South  Fort Worth, TX 76116",GMC Truck,Auto - GMC Truck Plant (Floorplan-New) - East,9/29/2025,146779,9/29/2025,4/29/2027,2026 GMC Truck GMC SIER 15D,Automobile,GMC SIER 15D,3GTUUGEL3TG146779,,"$78,268.55 ","$78,268.55 ",$0.00 ,,$0.00 ,$0.00 ,$0.00 ,"$78,268.55 ",$0.00 ,$0.00 ,$0.00 ,$0.00 ,$0.00 ,$334.82 ,$0.00 ,$0.00 ,$0.00 ,$334.82 ,"$2,059.30 ","$78,268.55 "
"3535 West Loop 820 South  Fort Worth, TX 76116",GMC Truck,Auto - GMC Truck Plant (Floorplan-New) - East,11/28/2025,148574,11/28/2025,6/28/2027,2026 GMC Truck GMC YUK 4XEL,Automobile,GMC YUK 4XEL,1GKS2GKD8TR148574,G36008,"$75,123.35 ","$75,123.35 ",$0.00 ,,"($75,123.35)",$0.00 ,"($75,123.35)",$0.00 ,$0.00 ,$0.00 ,$0.00 ,$0.00 ,$0.00 ,$82.93 ,$0.00 ,$0.00 ,$0.00 ,$82.93 ,"$1,064.93 ","$19,386.67 "
"3535 West Loop 820 South  Fort Worth, TX 76116",GMC Truck,Auto - GMC Truck Plant (Floorplan-New) - East,10/14/2025,149057,10/14/2025,5/14/2027,2026 GMC Truck GMC YUK 4ELE,Automobile,GMC YUK 4ELE,1GKS2BKD0TR149057,G35647,"$76,272.00 ","$76,272.00 ",$0.00 ,,"($76,272.00)",$0.00 ,"($76,272.00)",$0.00 ,$0.00 ,$0.00 ,$0.00 ,$0.00 ,$0.00 ,$315.75 ,$0.00 ,$0.00 ,$0.00 ,$315.75 ,"$1,822.92 ","$73,811.61 "
"3535 West Loop 820 South  Fort Worth, TX 76116",GMC Truck,Auto - GMC Truck Plant (Floorplan-New) - East,6/4/2025,150099,6/4/2025,1/4/2027,2025 GMC Truck GMC TERRN AT,Automobile,GMC TERRN AT,3GKALYEG9TL150099,G34772,"$38,991.40 ","$38,991.40 ",$0.00 ,,$0.00 ,$0.00 ,$0.00 ,"$38,991.40 ",$0.00 ,$0.00 ,$0.00 ,$0.00 ,$0.00 ,$166.79 ,$0.00 ,$0.00 ,$0.00 ,$166.79 ,"$1,738.47 ","$38,991.40 "
"3535 West Loop 820 South  Fort Worth, TX 76116",GMC Truck,Auto - GMC Truck Plant (Floorplan-New) - East,9/8/2025,152042,9/8/2025,4/8/2027,2026 GMC Truck GMC SIER 15E,Automobile,GMC SIER 15E,1GTUUCED2TZ152042,,"$64,386.75 ","$64,386.75 ",$0.00 ,,$0.00 ,$0.00 ,$0.00 ,"$64,386.75 ",$0.00 ,$0.00 ,$0.00 ,$0.00 ,$0.00 ,$275.44 ,$0.00 ,$0.00 ,$0.00 ,$275.44 ,"$1,903.65 ","$64,386.75 "
"3535 West Loop 820 South  Fort Worth, TX 76116",GMC Truck,Auto - GMC Truck Plant (Floorplan-New) - East,3/26/2026,154559,3/26/2026,10/26/2027,2026 GMC Truck GMC YUK 4XDE,Automobile,GMC YUK 4XDE,1GKS2JKL3TR154559,,"$90,923.13 ",$0.00 ,"$90,923.13 ",3/26/2026,$0.00 ,$0.00 ,"$90,923.13 ","$90,923.13 ",$0.00 ,$0.00 ,$0.00 ,$0.00 ,$0.00 ,$75.28 ,$0.00 ,$0.00 ,$0.00 ,$75.28 ,$75.28 ,"$17,598.03 "
"3535 West Loop 820 South  Fort Worth, TX 76116",GMC Truck,Auto - GMC Truck Plant (Floorplan-New) - East,3/26/2026,154570,3/26/2026,10/26/2027,2026 GMC Truck GMC YUK 4XAT,Automobile,GMC YUK 4XAT,1GKS2HKL1TR154570,,"$87,965.50 ",$0.00 ,"$87,965.50 ",3/26/2026,$0.00 ,$0.00 ,"$87,965.50 ","$87,965.50 ",$0.00 ,$0.00 ,$0.00 ,$0.00 ,$0.00 ,$72.83 ,$0.00 ,$0.00 ,$0.00 ,$72.83 ,$72.83 ,"$17,025.58 "
"3535 West Loop 820 South  Fort Worth, TX 76116",GMC Truck,Auto - GMC Truck Plant (Floorplan-New) - East,10/24/2025,154577,10/24/2025,5/24/2027,2026 GMC Truck GMC YUK 4XDE,Automobile,GMC YUK 4XDE,1GKS2JKL5TR154577,,"$91,132.65 ","$91,132.65 ",$0.00 ,,$0.00 ,$0.00 ,$0.00 ,"$91,132.65 ",$0.00 ,$0.00 ,$0.00 ,$0.00 ,$0.00 ,$389.85 ,$0.00 ,$0.00 ,$0.00 ,$389.85 ,"$2,053.09 ","$91,132.65 "
"3535 West Loop 820 South  Fort Worth, TX 76116",GMC Truck,Auto - GMC Truck Plant (Floorplan-New) - East,10/24/2025,154581,10/24/2025,5/24/2027,2026 GMC Truck GMC YUK 4XDE,Automobile,GMC YUK 4XDE,1GKS2JKL7TR154581,,"$89,165.70 ","$89,165.70 ",$0.00 ,,$0.00 ,$0.00 ,$0.00 ,"$89,165.70 ",$0.00 ,$0.00 ,$0.00 ,$0.00 ,$0.00 ,$381.43 ,$0.00 ,$0.00 ,$0.00 ,$381.43 ,"$2,008.78 ","$89,165.70 "
"3535 West Loop 820 South  Fort Worth, TX 76116",GMC Truck,Auto - GMC Truck Plant (Floorplan-New) - East,10/8/2025,155537,10/8/2025,5/8/2027,2026 GMC Truck GMC SIER 15D,Automobile,GMC SIER 15D,3GTUUGEL2TG155537,,"$78,175.55 ","$78,175.55 ",$0.00 ,,$0.00 ,$0.00 ,$0.00 ,"$78,175.55 ",$0.00 ,$0.00 ,$0.00 ,$0.00 ,$0.00 ,$334.43 ,$0.00 ,$0.00 ,$0.00 ,$334.43 ,"$1,950.01 ","$78,175.55 "
"3535 West Loop 820 South  Fort Worth, TX 76116",GMC Truck,Auto - GMC Truck Plant (Floorplan-New) - East,11/17/2025,155548,11/17/2025,6/17/2027,2026 GMC Truck GMC CNYN 2WD,Automobile,GMC CNYN 2WD,1GTP1BEK9T1155548,,"$45,193.73 ","$45,193.73 ",$0.00 ,,$0.00 ,$0.00 ,$0.00 ,"$45,193.73 ",$0.00 ,$0.00 ,$0.00 ,$0.00 ,$0.00 ,$193.33 ,$0.00 ,$0.00 ,$0.00 ,$193.33 ,$857.07 ,"$45,193.73 "
"3535 West Loop 820 South  Fort Worth, TX 76116",GMC Truck,Auto - GMC Truck Plant (Floorplan-New) - East,10/8/2025,156112,10/8/2025,5/8/2027,2026 GMC Truck GMC SIER 15D,Automobile,GMC SIER 15D,3GTUUGEL8TG156112,,"$77,710.55 ","$77,710.55 ",$0.00 ,,$0.00 ,$0.00 ,$0.00 ,"$77,710.55 ",$0.00 ,$0.00 ,$0.00 ,$0.00 ,$0.00 ,$332.43 ,$0.00 ,$0.00 ,$0.00 ,$332.43 ,"$1,938.39 ","$77,710.55 "
"3535 West Loop 820 South  Fort Worth, TX 76116",GMC Truck,Auto - GMC Truck Plant (Floorplan-New) - East,10/7/2025,156170,10/7/2025,5/7/2027,2026 GMC Truck GMC SIER 15D,Automobile,GMC SIER 15D,3GTUUGEL0TG156170,G35615,"$78,268.55 ","$78,268.55 ",$0.00 ,,"($78,268.55)",$0.00 ,"($78,268.55)",$0.00 ,$0.00 ,$0.00 ,$0.00 ,$0.00 ,$0.00 ,$172.82 ,$0.00 ,$0.00 ,$0.00 ,$172.82 ,"$1,802.15 ","$40,396.67 "
"3535 West Loop 820 South  Fort Worth, TX 76116",GMC Truck,Auto - GMC Truck Plant (Floorplan-New) - East,11/17/2025,157342,11/17/2025,6/17/2027,2026 GMC Truck GMC CNYN 2WD,Automobile,GMC CNYN 2WD,1GTP1BEKXT1157342,,"$44,735.85 ","$44,735.85 ",$0.00 ,,$0.00 ,$0.00 ,$0.00 ,"$44,735.85 ",$0.00 ,$0.00 ,$0.00 ,$0.00 ,$0.00 ,$191.38 ,$0.00 ,$0.00 ,$0.00 ,$191.38 ,$848.40 ,"$44,735.85 "
"3535 West Loop 820 South  Fort Worth, TX 76116",GMC Truck,Auto - GMC Truck Plant (Floorplan-New) - East,11/19/2025,159072,11/19/2025,6/19/2027,2026 GMC Truck GMC CNYN 2WD,Automobile,GMC CNYN 2WD,1GTP1BEK6T1159072,,"$42,538.98 ","$42,538.98 ",$0.00 ,,$0.00 ,$0.00 ,$0.00 ,"$42,538.98 ",$0.00 ,$0.00 ,$0.00 ,$0.00 ,$0.00 ,$181.97 ,$0.00 ,$0.00 ,$0.00 ,$181.97 ,$794.24 ,"$42,538.98 "
"3535 West Loop 820 South  Fort Worth, TX 76116",GMC Truck,Auto - GMC Truck Plant (Floorplan-New) - East,9/16/2025,159417,9/16/2025,4/16/2027,2026 GMC Truck GMC SIER 15E,Automobile,GMC SIER 15E,1GTPHCED8TZ159417,,"$60,573.75 ","$60,573.75 ",$0.00 ,,$0.00 ,$0.00 ,$0.00 ,"$60,573.75 ",$0.00 ,$0.00 ,$0.00 ,$0.00 ,$0.00 ,$259.12 ,$0.00 ,$0.00 ,$0.00 ,$259.12 ,"$1,715.79 ","$60,573.75 "
"3535 West Loop 820 South  Fort Worth, TX 76116",GMC Truck,Auto - GMC Truck Plant (Floorplan-New) - East,11/21/2025,159924,11/21/2025,6/21/2027,2026 GMC Truck GMC CNYN 2WD,Automobile,GMC CNYN 2WD,1GTP1BEK9T1159924,,"$44,735.85 ","$44,735.85 ",$0.00 ,,$0.00 ,$0.00 ,$0.00 ,"$44,735.85 ",$0.00 ,$0.00 ,$0.00 ,$0.00 ,$0.00 ,$191.38 ,$0.00 ,$0.00 ,$0.00 ,$191.38 ,$822.13 ,"$44,735.85 "
"3535 West Loop 820 South  Fort Worth, TX 76116",GMC Truck,Auto - GMC Truck Plant (Floorplan-New) - East,9/16/2025,159980,9/16/2025,4/16/2027,2026 GMC Truck GMC SIER 15E,Automobile,GMC SIER 15E,1GTUUCED4TZ159980,G35534,"$64,349.55 ","$64,349.55 ",$0.00 ,,"($64,349.55)",$0.00 ,"($64,349.55)",$0.00 ,$0.00 ,$0.00 ,$0.00 ,$0.00 ,$0.00 ,$26.65 ,$0.00 ,$0.00 ,$0.00 ,$26.65 ,"$1,574.14 ","$6,227.38 "
"3535 West Loop 820 South  Fort Worth, TX 76116",GMC Truck,Auto - GMC Truck Plant (Floorplan-New) - East,11/24/2025,160527,11/24/2025,6/24/2027,2026 GMC Truck GMC CNYN 2WD,Automobile,GMC CNYN 2WD,1GTP1BEK4T1160527,,"$44,735.85 ","$44,735.85 ",$0.00 ,,$0.00 ,$0.00 ,$0.00 ,"$44,735.85 ",$0.00 ,$0.00 ,$0.00 ,$0.00 ,$0.00 ,$191.38 ,$0.00 ,$0.00 ,$0.00 ,$191.38 ,$802.43 ,"$44,735.85 "
"3535 West Loop 820 South  Fort Worth, TX 76116",GMC Truck,Auto - GMC Truck Plant (Floorplan-New) - East,11/24/2025,160661,11/24/2025,6/24/2027,2026 GMC Truck GMC CNYN 2WD,Automobile,GMC CNYN 2WD,1GTP1BEK8T1160661,,"$45,193.73 ","$45,193.73 ",$0.00 ,,$0.00 ,$0.00 ,$0.00 ,"$45,193.73 ",$0.00 ,$0.00 ,$0.00 ,$0.00 ,$0.00 ,$193.33 ,$0.00 ,$0.00 ,$0.00 ,$193.33 ,$810.63 ,"$45,193.73 "
"3535 West Loop 820 South  Fort Worth, TX 76116",GMC Truck,Auto - GMC Truck Plant (Floorplan-New) - East,11/28/2025,160680,11/28/2025,6/28/2027,2026 GMC Truck GMC CNYN 2WD,Automobile,GMC CNYN 2WD,1GTP1BEK1T1160680,,"$45,193.73 ","$45,193.73 ",$0.00 ,,$0.00 ,$0.00 ,$0.00 ,"$45,193.73 ",$0.00 ,$0.00 ,$0.00 ,$0.00 ,$0.00 ,$193.33 ,$0.00 ,$0.00 ,$0.00 ,$193.33 ,$784.10 ,"$45,193.73 "
"3535 West Loop 820 South  Fort Worth, TX 76116",GMC Truck,Auto - GMC Truck Plant (Floorplan-New) - East,11/24/2025,161446,11/24/2025,6/24/2027,2026 GMC Truck GMC CNYN 2WD,Automobile,GMC CNYN 2WD,1GTP1BEK9T1161446,,"$45,193.73 ","$45,193.73 ",$0.00 ,,$0.00 ,$0.00 ,$0.00 ,"$45,193.73 ",$0.00 ,$0.00 ,$0.00 ,$0.00 ,$0.00 ,$193.33 ,$0.00 ,$0.00 ,$0.00 ,$193.33 ,$810.63 ,"$45,193.73 "
"3535 West Loop 820 South  Fort Worth, TX 76116",GMC Truck,Auto - GMC Truck Plant (Floorplan-New) - East,11/24/2025,161459,11/24/2025,6/24/2027,2026 GMC Truck GMC CNYN 2WD,Automobile,GMC CNYN 2WD,1GTP1BEK7T1161459,,"$45,193.73 ","$45,193.73 ",$0.00 ,,$0.00 ,$0.00 ,$0.00 ,"$45,193.73 ",$0.00 ,$0.00 ,$0.00 ,$0.00 ,$0.00 ,$193.33 ,$0.00 ,$0.00 ,$0.00 ,$193.33 ,$810.63 ,"$45,193.73 "
"3535 West Loop 820 South  Fort Worth, TX 76116",GMC Truck,Auto - GMC Truck Plant (Floorplan-New) - East,9/16/2025,162127,9/16/2025,4/16/2027,2026 GMC Truck GMC SIER 15E,Automobile,GMC SIER 15E,1GTPHCED3TZ162127,,"$60,113.40 ","$60,113.40 ",$0.00 ,,$0.00 ,$0.00 ,$0.00 ,"$60,113.40 ",$0.00 ,$0.00 ,$0.00 ,$0.00 ,$0.00 ,$257.15 ,$0.00 ,$0.00 ,$0.00 ,$257.15 ,"$1,702.75 ","$60,113.40 "
"3535 West Loop 820 South  Fort Worth, TX 76116",GMC Truck,Auto - GMC Truck Plant (Floorplan-New) - East,9/17/2025,162155,9/17/2025,4/17/2027,2026 GMC Truck GMC SIER 15E,Automobile,GMC SIER 15E,1GTPHCED8TZ162155,G35385,"$60,113.40 ","$60,113.40 ",$0.00 ,,"($60,113.40)",$0.00 ,"($60,113.40)",$0.00 ,$0.00 ,$0.00 ,$0.00 ,$0.00 ,$0.00 ,$91.25 ,$0.00 ,$0.00 ,$0.00 ,$91.25 ,"$1,527.53 ","$21,330.56 "
"3535 West Loop 820 South  Fort Worth, TX 76116",GMC Truck,Auto - GMC Truck Plant (Floorplan-New) - East,9/17/2025,162190,9/17/2025,4/17/2027,2026 GMC Truck GMC SIER 15E,Automobile,GMC SIER 15E,1GTPHCEDXTZ162190,,"$60,113.40 ","$60,113.40 ",$0.00 ,,$0.00 ,$0.00 ,$0.00 ,"$60,113.40 ",$0.00 ,$0.00 ,$0.00 ,$0.00 ,$0.00 ,$257.15 ,$0.00 ,$0.00 ,$0.00 ,$257.15 ,"$1,693.43 ","$60,113.40 "
"3535 West Loop 820 South  Fort Worth, TX 76116",GMC Truck,Auto - GMC Truck Plant (Floorplan-New) - East,9/17/2025,162242,9/17/2025,4/17/2027,2026 GMC Truck GMC SIER 15E,Automobile,GMC SIER 15E,1GTUUCED5TZ162242,,"$63,889.20 ","$63,889.20 ",$0.00 ,,$0.00 ,$0.00 ,$0.00 ,"$63,889.20 ",$0.00 ,$0.00 ,$0.00 ,$0.00 ,$0.00 ,$273.31 ,$0.00 ,$0.00 ,$0.00 ,$273.31 ,"$1,799.80 ","$63,889.20 "
"3535 West Loop 820 South  Fort Worth, TX 76116",GMC Truck,Auto - GMC Truck Plant (Floorplan-New) - East,9/17/2025,162347,9/17/2025,4/17/2027,2026 GMC Truck GMC SIER 15E,Automobile,GMC SIER 15E,1GTUUCED8TZ162347,,"$63,889.20 ","$63,889.20 ",$0.00 ,,$0.00 ,$0.00 ,$0.00 ,"$63,889.20 ",$0.00 ,$0.00 ,$0.00 ,$0.00 ,$0.00 ,$273.31 ,$0.00 ,$0.00 ,$0.00 ,$273.31 ,"$1,799.80 ","$63,889.20 "
"3535 West Loop 820 South  Fort Worth, TX 76116",GMC Truck,Auto - GMC Truck Plant (Floorplan-New) - East,11/25/2025,162498,11/25/2025,6/25/2027,2026 GMC Truck GMC CNYN 2WD,Automobile,GMC CNYN 2WD,1GTP1BEK0T1162498,G35946,"$45,193.73 ","$45,193.73 ",$0.00 ,,"($45,193.73)",$0.00 ,"($45,193.73)",$0.00 ,$0.00 ,$0.00 ,$0.00 ,$0.00 ,$0.00 ,$118.49 ,$0.00 ,$0.00 ,$0.00 ,$118.49 ,$729.16 ,"$27,699.38 "
"3535 West Loop 820 South  Fort Worth, TX 76116",GMC Truck,Auto - GMC Truck Plant (Floorplan-New) - East,11/25/2025,162506,11/25/2025,6/25/2027,2026 GMC Truck GMC CNYN 2WD,Automobile,GMC CNYN 2WD,1GTP1BEK6T1162506,,"$45,193.73 ","$45,193.73 ",$0.00 ,,$0.00 ,$0.00 ,$0.00 ,"$45,193.73 ",$0.00 ,$0.00 ,$0.00 ,$0.00 ,$0.00 ,$193.33 ,$0.00 ,$0.00 ,$0.00 ,$193.33 ,$804.00 ,"$45,193.73 "
"3535 West Loop 820 South  Fort Worth, TX 76116",GMC Truck,Auto - GMC Truck Plant (Floorplan-New) - East,11/25/2025,162526,11/25/2025,6/25/2027,2026 GMC Truck GMC CNYN 2WD,Automobile,GMC CNYN 2WD,1GTP1BEK1T1162526,,"$45,193.73 ","$45,193.73 ",$0.00 ,,$0.00 ,$0.00 ,$0.00 ,"$45,193.73 ",$0.00 ,$0.00 ,$0.00 ,$0.00 ,$0.00 ,$193.33 ,$0.00 ,$0.00 ,$0.00 ,$193.33 ,$804.00 ,"$45,193.73 "
"3535 West Loop 820 South  Fort Worth, TX 76116",GMC Truck,Auto - GMC Truck Plant (Floorplan-New) - East,9/17/2025,162535,9/17/2025,4/17/2027,2026 GMC Truck GMC SIER 15E,Automobile,GMC SIER 15E,1GTUUCED9TZ162535,,"$63,889.20 ","$63,889.20 ",$0.00 ,,$0.00 ,$0.00 ,$0.00 ,"$63,889.20 ",$0.00 ,$0.00 ,$0.00 ,$0.00 ,$0.00 ,$273.31 ,$0.00 ,$0.00 ,$0.00 ,$273.31 ,"$1,799.80 ","$63,889.20 "
"3535 West Loop 820 South  Fort Worth, TX 76116",GMC Truck,Auto - GMC Truck Plant (Floorplan-New) - East,12/24/2025,163798,12/24/2025,7/24/2027,2026 GMC Truck GMC SIER 15A,Automobile,GMC SIER 15A,3GTUUFEL1TG163798,G36098,"$81,834.03 ","$81,834.03 ",$0.00 ,,"($81,834.03)",$0.00 ,"($81,834.03)",$0.00 ,$0.00 ,$0.00 ,$0.00 ,$0.00 ,$0.00 ,$112.93 ,$0.00 ,$0.00 ,$0.00 ,$112.93 ,$876.18 ,"$26,398.07 "
"3535 West Loop 820 South  Fort Worth, TX 76116",GMC Truck,Auto - GMC Truck Plant (Floorplan-New) - East,9/18/2025,164306,9/18/2025,4/18/2027,2026 GMC Truck GMC SIER 15E,Automobile,GMC SIER 15E,1GTPHCED2TZ164306,,"$61,071.30 ","$61,071.30 ",$0.00 ,,$0.00 ,$0.00 ,$0.00 ,"$61,071.30 ",$0.00 ,$0.00 ,$0.00 ,$0.00 ,$0.00 ,$261.25 ,$0.00 ,$0.00 ,$0.00 ,$261.25 ,"$1,710.96 ","$61,071.30 "
"3535 West Loop 820 South  Fort Worth, TX 76116",GMC Truck,Auto - GMC Truck Plant (Floorplan-New) - East,10/28/2025,164514,10/28/2025,5/28/2027,2026 GMC Truck GMC YUK 4XDE,Automobile,GMC YUK 4XDE,1GKS2JKL9TR164514,G35785,"$96,889.35 ","$96,889.35 ",$0.00 ,,"($96,889.35)",$0.00 ,"($96,889.35)",$0.00 ,$0.00 ,$0.00 ,$0.00 ,$0.00 ,$0.00 ,$106.97 ,$0.00 ,$0.00 ,$0.00 ,$106.97 ,"$1,816.78 ","$25,003.70 "
"3535 West Loop 820 South  Fort Worth, TX 76116",GMC Truck,Auto - GMC Truck Plant (Floorplan-New) - East,9/18/2025,164545,9/18/2025,4/18/2027,2026 GMC Truck GMC SIER 15E,Automobile,GMC SIER 15E,1GTPHCED9TZ164545,G35442,"$61,071.30 ","$61,071.30 ",$0.00 ,,$0.00 ,$0.00 ,$0.00 ,"$61,071.30 ",$0.00 ,$0.00 ,$0.00 ,$0.00 ,$0.00 ,$261.25 ,$0.00 ,$0.00 ,$0.00 ,$261.25 ,"$1,710.96 ","$61,071.30 "
"3535 West Loop 820 South  Fort Worth, TX 76116",GMC Truck,Auto - GMC Truck Plant (Floorplan-New) - East,10/27/2025,164624,10/27/2025,5/27/2027,2026 GMC Truck GMC YUK 4XDE,Automobile,GMC YUK 4XDE,1GKS2JKL5TR164624,,"$96,889.35 ","$96,889.35 ",$0.00 ,,$0.00 ,$0.00 ,$0.00 ,"$96,889.35 ",$0.00 ,$0.00 ,$0.00 ,$0.00 ,$0.00 ,$414.48 ,$0.00 ,$0.00 ,$0.00 ,$414.48 ,"$2,138.92 ","$96,889.35 "
"3535 West Loop 820 South  Fort Worth, TX 76116",GMC Truck,Auto - GMC Truck Plant (Floorplan-New) - East,9/19/2025,164900,9/19/2025,4/19/2027,2026 GMC Truck GMC SIER 15E,Automobile,GMC SIER 15E,1GTUUCED5TZ164900,G35409,"$64,847.10 ","$64,847.10 ",$0.00 ,,$0.00 ,$0.00 ,$0.00 ,"$64,847.10 ",$0.00 ,$0.00 ,$0.00 ,$0.00 ,$0.00 ,$277.40 ,$0.00 ,$0.00 ,$0.00 ,$277.40 ,"$1,806.69 ","$64,847.10 "
"3535 West Loop 820 South  Fort Worth, TX 76116",GMC Truck,Auto - GMC Truck Plant (Floorplan-New) - East,10/28/2025,165017,10/28/2025,5/28/2027,2026 GMC Truck GMC YUK 4ELE,Automobile,GMC YUK 4ELE,1GKS2BKD2TR165017,G35779,"$76,272.00 ","$76,272.00 ",$0.00 ,,"($76,272.00)",$0.00 ,"($76,272.00)",$0.00 ,$0.00 ,$0.00 ,$0.00 ,$0.00 ,$0.00 ,$168.40 ,$0.00 ,$0.00 ,$0.00 ,$168.40 ,"$1,514.38 ","$39,366.19 "
"3535 West Loop 820 South  Fort Worth, TX 76116",GMC Truck,Auto - GMC Truck Plant (Floorplan-New) - East,9/19/2025,165450,9/19/2025,4/19/2027,2026 GMC Truck GMC SIER 15E,Automobile,GMC SIER 15E,1GTPHCED3TZ165450,,"$61,071.30 ","$61,071.30 ",$0.00 ,,$0.00 ,$0.00 ,$0.00 ,"$61,071.30 ",$0.00 ,$0.00 ,$0.00 ,$0.00 ,$0.00 ,$261.25 ,$0.00 ,$0.00 ,$0.00 ,$261.25 ,"$1,701.50 ","$61,071.30 "
"3535 West Loop 820 South  Fort Worth, TX 76116",GMC Truck,Auto - GMC Truck Plant (Floorplan-New) - East,9/22/2025,166212,9/22/2025,4/22/2027,2026 GMC Truck GMC SIER 15E,Automobile,GMC SIER 15E,1GTPHCED3TZ166212,,"$61,071.30 ","$61,071.30 ",$0.00 ,,$0.00 ,$0.00 ,$0.00 ,"$61,071.30 ",$0.00 ,$0.00 ,$0.00 ,$0.00 ,$0.00 ,$261.25 ,$0.00 ,$0.00 ,$0.00 ,$261.25 ,"$1,673.10 ","$61,071.30 "
"3535 West Loop 820 South  Fort Worth, TX 76116",GMC Truck,Auto - GMC Truck Plant (Floorplan-New) - East,9/22/2025,166845,9/22/2025,4/22/2027,2026 GMC Truck GMC SIER 15D,Automobile,GMC SIER 15D,1GTUUGEL2TZ166845,,"$78,682.40 ","$78,682.40 ",$0.00 ,,$0.00 ,$0.00 ,$0.00 ,"$78,682.40 ",$0.00 ,$0.00 ,$0.00 ,$0.00 ,$0.00 ,$336.60 ,$0.00 ,$0.00 ,$0.00 ,$336.60 ,"$2,155.58 ","$78,682.40 "
"3535 West Loop 820 South  Fort Worth, TX 76116",GMC Truck,Auto - GMC Truck Plant (Floorplan-New) - East,9/22/2025,166892,9/22/2025,4/22/2027,2026 GMC Truck GMC SIER 15E,Automobile,GMC SIER 15E,1GTUUCED9TZ166892,G35410,"$64,386.75 ","$64,386.75 ",$0.00 ,,$0.00 ,$0.00 ,$0.00 ,"$64,386.75 ",$0.00 ,$0.00 ,$0.00 ,$0.00 ,$0.00 ,$275.44 ,$0.00 ,$0.00 ,$0.00 ,$275.44 ,"$1,763.92 ","$64,386.75 "
"3535 West Loop 820 South  Fort Worth, TX 76116",GMC Truck,Auto - GMC Truck Plant (Floorplan-New) - East,12/15/2025,167123,12/15/2025,7/15/2027,2026 GMC Truck GMC CNYN 2WD,Automobile,GMC CNYN 2WD,1GTP1BEK4T1167123,,"$44,735.85 ","$44,735.85 ",$0.00 ,,$0.00 ,$0.00 ,$0.00 ,"$44,735.85 ",$0.00 ,$0.00 ,$0.00 ,$0.00 ,$0.00 ,$191.38 ,$0.00 ,$0.00 ,$0.00 ,$191.38 ,$666.47 ,"$44,735.85 "
"3535 West Loop 820 South  Fort Worth, TX 76116",GMC Truck,Auto - GMC Truck Plant (Floorplan-New) - East,12/11/2025,167738,12/11/2025,7/11/2027,2026 GMC Truck GMC CNYN 2WD,Automobile,GMC CNYN 2WD,1GTP1BEK8T1167738,,"$45,193.73 ","$45,193.73 ",$0.00 ,,$0.00 ,$0.00 ,$0.00 ,"$45,193.73 ",$0.00 ,$0.00 ,$0.00 ,$0.00 ,$0.00 ,$193.33 ,$0.00 ,$0.00 ,$0.00 ,$193.33 ,$699.26 ,"$45,193.73 "
"3535 West Loop 820 South  Fort Worth, TX 76116",GMC Truck,Auto - GMC Truck Plant (Floorplan-New) - East,12/12/2025,168387,12/12/2025,7/12/2027,2026 GMC Truck GMC CNYN 2WD,Automobile,GMC CNYN 2WD,1GTP1BEKXT1168387,,"$45,193.73 ","$45,193.73 ",$0.00 ,,$0.00 ,$0.00 ,$0.00 ,"$45,193.73 ",$0.00 ,$0.00 ,$0.00 ,$0.00 ,$0.00 ,$193.33 ,$0.00 ,$0.00 ,$0.00 ,$193.33 ,$692.76 ,"$45,193.73 "
"3535 West Loop 820 South  Fort Worth, TX 76116",GMC Truck,Auto - GMC Truck Plant (Floorplan-New) - East,12/12/2025,168532,12/12/2025,7/12/2027,2026 GMC Truck GMC CNYN 2WD,Automobile,GMC CNYN 2WD,1GTP1BEK4T1168532,,"$45,193.73 ","$45,193.73 ",$0.00 ,,$0.00 ,$0.00 ,$0.00 ,"$45,193.73 ",$0.00 ,$0.00 ,$0.00 ,$0.00 ,$0.00 ,$193.33 ,$0.00 ,$0.00 ,$0.00 ,$193.33 ,$692.76 ,"$45,193.73 "
"3535 West Loop 820 South  Fort Worth, TX 76116",GMC Truck,Auto - GMC Truck Plant (Floorplan-New) - East,9/24/2025,168947,9/24/2025,4/24/2027,2026 GMC Truck GMC SIER 15E,Automobile,GMC SIER 15E,1GTPHCED5TZ168947,,"$61,071.30 ","$61,071.30 ",$0.00 ,,$0.00 ,$0.00 ,$0.00 ,"$61,071.30 ",$0.00 ,$0.00 ,$0.00 ,$0.00 ,$0.00 ,$261.25 ,$0.00 ,$0.00 ,$0.00 ,$261.25 ,"$1,654.16 ","$61,071.30 "
"3535 West Loop 820 South  Fort Worth, TX 76116",GMC Truck,Auto - GMC Truck Plant (Floorplan-New) - East,9/24/2025,169038,9/24/2025,4/24/2027,2026 GMC Truck GMC SIER 15E,Automobile,GMC SIER 15E,1GTPHCED6TZ169038,,"$61,071.30 ","$61,071.30 ",$0.00 ,,$0.00 ,$0.00 ,$0.00 ,"$61,071.30 ",$0.00 ,$0.00 ,$0.00 ,$0.00 ,$0.00 ,$261.25 ,$0.00 ,$0.00 ,$0.00 ,$261.25 ,"$1,654.16 ","$61,071.30 "
"3535 West Loop 820 South  Fort Worth, TX 76116",GMC Truck,Auto - GMC Truck Plant (Floorplan-New) - East,9/24/2025,169060,9/24/2025,4/24/2027,2026 GMC Truck GMC SIER 15E,Automobile,GMC SIER 15E,1GTPHCEDXTZ169060,G35434,"$60,610.95 ","$60,610.95 ",$0.00 ,,$0.00 ,$0.00 ,$0.00 ,"$60,610.95 ",$0.00 ,$0.00 ,$0.00 ,$0.00 ,$0.00 ,$259.28 ,$0.00 ,$0.00 ,$0.00 ,$259.28 ,"$1,641.70 ","$60,610.95 "
"3535 West Loop 820 South  Fort Worth, TX 76116",GMC Truck,Auto - GMC Truck Plant (Floorplan-New) - East,9/23/2025,169230,9/23/2025,4/23/2027,2026 GMC Truck GMC SIER 15E,Automobile,GMC SIER 15E,1GTPHCED9TZ169230,,"$60,610.95 ","$60,610.95 ",$0.00 ,,$0.00 ,$0.00 ,$0.00 ,"$60,610.95 ",$0.00 ,$0.00 ,$0.00 ,$0.00 ,$0.00 ,$259.28 ,$0.00 ,$0.00 ,$0.00 ,$259.28 ,"$1,651.09 ","$60,610.95 "
"3535 West Loop 820 South  Fort Worth, TX 76116",GMC Truck,Auto - GMC Truck Plant (Floorplan-New) - East,11/21/2025,170510,11/21/2025,6/21/2027,2026 GMC Truck GMC SIER 25D,Automobile,GMC SIER 25D,1GT4UREY1TF170510,G35918,"$90,837.60 ","$90,837.60 ",$0.00 ,,"($90,837.60)",$0.00 ,"($90,837.60)",$0.00 ,$0.00 ,$0.00 ,$0.00 ,$0.00 ,$0.00 ,$125.35 ,$0.00 ,$0.00 ,$0.00 ,$125.35 ,"$1,406.11 ","$29,302.45 "
"3535 West Loop 820 South  Fort Worth, TX 76116",GMC Truck,Auto - GMC Truck Plant (Floorplan-New) - East,10/27/2025,170702,10/27/2025,5/27/2027,2026 GMC Truck GMC SIER 15D,Automobile,GMC SIER 15D,3GTUUGEL0TG170702,G35710,"$77,710.55 ","$77,710.55 ",$0.00 ,,"($77,710.55)",$0.00 ,"($77,710.55)",$0.00 ,$0.00 ,$0.00 ,$0.00 ,$0.00 ,$0.00 ,$107.24 ,$0.00 ,$0.00 ,$0.00 ,$107.24 ,"$1,490.32 ","$25,067.92 "
"3535 West Loop 820 South  Fort Worth, TX 76116",GMC Truck,Auto - GMC Truck Plant (Floorplan-New) - East,9/24/2025,170751,9/24/2025,4/24/2027,2026 GMC Truck GMC SIER 15E,Automobile,GMC SIER 15E,1GTPHCED9TZ170751,,"$60,610.95 ","$60,610.95 ",$0.00 ,,$0.00 ,$0.00 ,$0.00 ,"$60,610.95 ",$0.00 ,$0.00 ,$0.00 ,$0.00 ,$0.00 ,$259.28 ,$0.00 ,$0.00 ,$0.00 ,$259.28 ,"$1,641.70 ","$60,610.95 "
"3535 West Loop 820 South  Fort Worth, TX 76116",GMC Truck,Auto - GMC Truck Plant (Floorplan-New) - East,10/21/2025,170758,10/21/2025,5/21/2027,2026 GMC Truck GMC SIER 15D,Automobile,GMC SIER 15D,3GTUUGEL5TG170758,,"$77,710.55 ","$77,710.55 ",$0.00 ,,$0.00 ,$0.00 ,$0.00 ,"$77,710.55 ",$0.00 ,$0.00 ,$0.00 ,$0.00 ,$0.00 ,$332.43 ,$0.00 ,$0.00 ,$0.00 ,$332.43 ,"$1,785.90 ","$77,710.55 "
"3535 West Loop 820 South  Fort Worth, TX 76116",GMC Truck,Auto - GMC Truck Plant (Floorplan-New) - East,9/26/2025,170837,9/26/2025,4/26/2027,2026 GMC Truck GMC SIER 15E,Automobile,GMC SIER 15E,1GTPHCED8TZ170837,G35436,"$60,610.95 ","$60,610.95 ",$0.00 ,,$0.00 ,$0.00 ,$0.00 ,"$60,610.95 ",$0.00 ,$0.00 ,$0.00 ,$0.00 ,$0.00 ,$259.28 ,$0.00 ,$0.00 ,$0.00 ,$259.28 ,"$1,622.91 ","$60,610.95 "
"3535 West Loop 820 South  Fort Worth, TX 76116",GMC Truck,Auto - GMC Truck Plant (Floorplan-New) - East,9/26/2025,172402,9/26/2025,4/26/2027,2026 GMC Truck GMC SIER 15E,Automobile,GMC SIER 15E,1GTPHCED5TZ172402,G35662,"$61,071.30 ","$61,071.30 ",$0.00 ,,"($61,071.30)",$0.00 ,"($61,071.30)",$0.00 ,$0.00 ,$0.00 ,$0.00 ,$0.00 ,$0.00 ,$134.84 ,$0.00 ,$0.00 ,$0.00 ,$134.84 ,"$1,508.82 ","$31,520.67 "
"3535 West Loop 820 South  Fort Worth, TX 76116",GMC Truck,Auto - GMC Truck Plant (Floorplan-New) - East,9/26/2025,172872,9/26/2025,4/26/2027,2026 GMC Truck GMC SIER 15E,Automobile,GMC SIER 15E,1GTPHCED9TZ172872,,"$61,071.30 ","$61,071.30 ",$0.00 ,,$0.00 ,$0.00 ,$0.00 ,"$61,071.30 ",$0.00 ,$0.00 ,$0.00 ,$0.00 ,$0.00 ,$261.25 ,$0.00 ,$0.00 ,$0.00 ,$261.25 ,"$1,635.23 ","$61,071.30 "
"3535 West Loop 820 South  Fort Worth, TX 76116",GMC Truck,Auto - GMC Truck Plant (Floorplan-New) - East,9/29/2025,173135,9/29/2025,4/29/2027,2026 GMC Truck GMC SIER 15E,Automobile,GMC SIER 15E,1GTPHCED2TZ173135,,"$61,071.30 ","$61,071.30 ",$0.00 ,,$0.00 ,$0.00 ,$0.00 ,"$61,071.30 ",$0.00 ,$0.00 ,$0.00 ,$0.00 ,$0.00 ,$261.25 ,$0.00 ,$0.00 ,$0.00 ,$261.25 ,"$1,606.83 ","$61,071.30 "
"3535 West Loop 820 South  Fort Worth, TX 76116",GMC Truck,Auto - GMC Truck Plant (Floorplan-New) - East,9/29/2025,173366,9/29/2025,4/29/2027,2026 GMC Truck GMC SIER 15E,Automobile,GMC SIER 15E,1GTUUCED1TZ173366,G35460,"$64,847.10 ","$64,847.10 ",$0.00 ,,"($64,847.10)",$0.00 ,"($64,847.10)",$0.00 ,$0.00 ,$0.00 ,$0.00 ,$0.00 ,$0.00 ,$89.49 ,$0.00 ,$0.00 ,$0.00 ,$89.49 ,"$1,518.26 ","$20,918.42 "
"3535 West Loop 820 South  Fort Worth, TX 76116",GMC Truck,Auto - GMC Truck Plant (Floorplan-New) - East,9/29/2025,173585,9/29/2025,4/29/2027,2026 GMC Truck GMC SIER 15E,Automobile,GMC SIER 15E,1GTPHCED0TZ173585,,"$61,071.30 ","$61,071.30 ",$0.00 ,,$0.00 ,$0.00 ,$0.00 ,"$61,071.30 ",$0.00 ,$0.00 ,$0.00 ,$0.00 ,$0.00 ,$261.25 ,$0.00 ,$0.00 ,$0.00 ,$261.25 ,"$1,606.83 ","$61,071.30 "
"3535 West Loop 820 South  Fort Worth, TX 76116",GMC Truck,Auto - GMC Truck Plant (Floorplan-New) - East,9/29/2025,173698,9/29/2025,4/29/2027,2026 GMC Truck GMC SIER 15E,Automobile,GMC SIER 15E,1GTUUCED4TZ173698,G35463,"$64,847.10 ","$64,847.10 ",$0.00 ,,"($64,847.10)",$0.00 ,"($64,847.10)",$0.00 ,$0.00 ,$0.00 ,$0.00 ,$0.00 ,$0.00 ,$268.45 ,$0.00 ,$0.00 ,$0.00 ,$268.45 ,"$1,697.22 ","$62,755.26 "
"3535 West Loop 820 South  Fort Worth, TX 76116",GMC Truck,Auto - GMC Truck Plant (Floorplan-New) - East,9/26/2025,173834,9/26/2025,4/26/2027,2026 GMC Truck GMC SIER 15E,Automobile,GMC SIER 15E,1GTPHCED6TZ173834,G35453,"$61,071.30 ","$61,071.30 ",$0.00 ,,"($61,071.30)",$0.00 ,"($61,071.30)",$0.00 ,$0.00 ,$0.00 ,$0.00 ,$0.00 ,$0.00 ,$210.69 ,$0.00 ,$0.00 ,$0.00 ,$210.69 ,"$1,584.67 ","$49,251.05 "
"3535 West Loop 820 South  Fort Worth, TX 76116",GMC Truck,Auto - GMC Truck Plant (Floorplan-New) - East,10/1/2025,173941,10/1/2025,5/1/2027,2026 GMC Truck GMC SIER 15E,Automobile,GMC SIER 15E,1GTPHCED7TZ173941,,"$61,071.30 ","$61,071.30 ",$0.00 ,,$0.00 ,$0.00 ,$0.00 ,"$61,071.30 ",$0.00 ,$0.00 ,$0.00 ,$0.00 ,$0.00 ,$261.25 ,$0.00 ,$0.00 ,$0.00 ,$261.25 ,"$1,587.90 ","$61,071.30 "
"3535 West Loop 820 South  Fort Worth, TX 76116",GMC Truck,Auto - GMC Truck Plant (Floorplan-New) - East,9/29/2025,173969,9/29/2025,4/29/2027,2026 GMC Truck GMC SIER 15E,Automobile,GMC SIER 15E,1GTPHCED7TZ173969,G35478,"$61,071.30 ","$61,071.30 ",$0.00 ,,$0.00 ,$0.00 ,$0.00 ,"$61,071.30 ",$0.00 ,$0.00 ,$0.00 ,$0.00 ,$0.00 ,$261.25 ,$0.00 ,$0.00 ,$0.00 ,$261.25 ,"$1,606.83 ","$61,071.30 "
"3535 West Loop 820 South  Fort Worth, TX 76116",GMC Truck,Auto - GMC Truck Plant (Floorplan-New) - East,10/1/2025,174159,10/1/2025,5/1/2027,2026 GMC Truck GMC SIER 15E,Automobile,GMC SIER 15E,1GTPHCEDXTZ174159,G35767,"$61,071.30 ","$61,071.30 ",$0.00 ,,"($61,071.30)",$0.00 ,"($61,071.30)",$0.00 ,$0.00 ,$0.00 ,$0.00 ,$0.00 ,$0.00 ,$143.27 ,$0.00 ,$0.00 ,$0.00 ,$143.27 ,"$1,469.92 ","$33,490.71 "
"3535 West Loop 820 South  Fort Worth, TX 76116",GMC Truck,Auto - GMC Truck Plant (Floorplan-New) - East,9/29/2025,176096,9/29/2025,4/29/2027,2026 GMC Truck GMC SIER 15E,Automobile,GMC SIER 15E,1GTPHCED0TZ176096,,"$61,071.30 ","$61,071.30 ",$0.00 ,,$0.00 ,$0.00 ,$0.00 ,"$61,071.30 ",$0.00 ,$0.00 ,$0.00 ,$0.00 ,$0.00 ,$261.25 ,$0.00 ,$0.00 ,$0.00 ,$261.25 ,"$1,606.83 ","$61,071.30 "
"3535 West Loop 820 South  Fort Worth, TX 76116",GMC Truck,Auto - GMC Truck Plant (Floorplan-New) - East,9/29/2025,176280,9/29/2025,4/29/2027,2026 GMC Truck GMC SIER 15E,Automobile,GMC SIER 15E,1GTPHCED4TZ176280,,"$60,610.95 ","$60,610.95 ",$0.00 ,,$0.00 ,$0.00 ,$0.00 ,"$60,610.95 ",$0.00 ,$0.00 ,$0.00 ,$0.00 ,$0.00 ,$259.28 ,$0.00 ,$0.00 ,$0.00 ,$259.28 ,"$1,594.72 ","$60,610.95 "
"3535 West Loop 820 South  Fort Worth, TX 76116",GMC Truck,Auto - GMC Truck Plant (Floorplan-New) - East,9/29/2025,176318,9/29/2025,4/29/2027,2026 GMC Truck GMC SIER 15E,Automobile,GMC SIER 15E,1GTPHCED3TZ176318,,"$60,610.95 ","$60,610.95 ",$0.00 ,,$0.00 ,$0.00 ,$0.00 ,"$60,610.95 ",$0.00 ,$0.00 ,$0.00 ,$0.00 ,$0.00 ,$259.28 ,$0.00 ,$0.00 ,$0.00 ,$259.28 ,"$1,594.72 ","$60,610.95 "
"3535 West Loop 820 South  Fort Worth, TX 76116",GMC Truck,Auto - GMC Truck Plant (Floorplan-New) - East,9/29/2025,176331,9/29/2025,4/29/2027,2026 GMC Truck GMC SIER 15E,Automobile,GMC SIER 15E,1GTPHCED6TZ176331,G35481,"$61,071.30 ","$61,071.30 ",$0.00 ,,"($61,071.30)",$0.00 ,"($61,071.30)",$0.00 ,$0.00 ,$0.00 ,$0.00 ,$0.00 ,$0.00 ,$134.84 ,$0.00 ,$0.00 ,$0.00 ,$134.84 ,"$1,480.42 ","$31,520.67 "
"3535 West Loop 820 South  Fort Worth, TX 76116",GMC Truck,Auto - GMC Truck Plant (Floorplan-New) - East,9/29/2025,176344,9/29/2025,4/29/2027,2026 GMC Truck GMC SIER 15E,Automobile,GMC SIER 15E,1GTPHCED4TZ176344,,"$60,610.95 ","$60,610.95 ",$0.00 ,,$0.00 ,$0.00 ,$0.00 ,"$60,610.95 ",$0.00 ,$0.00 ,$0.00 ,$0.00 ,$0.00 ,$259.28 ,$0.00 ,$0.00 ,$0.00 ,$259.28 ,"$1,594.72 ","$60,610.95 "
"3535 West Loop 820 South  Fort Worth, TX 76116",GMC Truck,Auto - GMC Truck Plant (Floorplan-New) - East,9/30/2025,176405,9/30/2025,4/30/2027,2026 GMC Truck GMC SIER 15E,Automobile,GMC SIER 15E,1GTPHCED9TZ176405,,"$60,610.95 ","$60,610.95 ",$0.00 ,,$0.00 ,$0.00 ,$0.00 ,"$60,610.95 ",$0.00 ,$0.00 ,$0.00 ,$0.00 ,$0.00 ,$259.28 ,$0.00 ,$0.00 ,$0.00 ,$259.28 ,"$1,585.33 ","$60,610.95 "
"3535 West Loop 820 South  Fort Worth, TX 76116",GMC Truck,Auto - GMC Truck Plant (Floorplan-New) - East,9/29/2025,176409,9/29/2025,4/29/2027,2026 GMC Truck GMC SIER 15E,Automobile,GMC SIER 15E,1GTPHCED6TZ176409,,"$60,610.95 ","$60,610.95 ",$0.00 ,,$0.00 ,$0.00 ,$0.00 ,"$60,610.95 ",$0.00 ,$0.00 ,$0.00 ,$0.00 ,$0.00 ,$259.28 ,$0.00 ,$0.00 ,$0.00 ,$259.28 ,"$1,594.72 ","$60,610.95 "
"3535 West Loop 820 South  Fort Worth, TX 76116",GMC Truck,Auto - GMC Truck Plant (Floorplan-New) - East,9/29/2025,176425,9/29/2025,4/29/2027,2026 GMC Truck GMC SIER 15E,Automobile,GMC SIER 15E,1GTPHCED4TZ176425,,"$61,071.30 ","$61,071.30 ",$0.00 ,,$0.00 ,$0.00 ,$0.00 ,"$61,071.30 ",$0.00 ,$0.00 ,$0.00 ,$0.00 ,$0.00 ,$261.25 ,$0.00 ,$0.00 ,$0.00 ,$261.25 ,"$1,606.83 ","$61,071.30 "
"3535 West Loop 820 South  Fort Worth, TX 76116",GMC Truck,Auto - GMC Truck Plant (Floorplan-New) - East,9/29/2025,176494,9/29/2025,4/29/2027,2026 GMC Truck GMC SIER 15E,Automobile,GMC SIER 15E,1GTPHCED1TZ176494,G35488,"$60,610.95 ","$60,610.95 ",$0.00 ,,$0.00 ,$0.00 ,$0.00 ,"$60,610.95 ",$0.00 ,$0.00 ,$0.00 ,$0.00 ,$0.00 ,$259.28 ,$0.00 ,$0.00 ,$0.00 ,$259.28 ,"$1,594.72 ","$60,610.95 "
"3535 West Loop 820 South  Fort Worth, TX 76116",GMC Truck,Auto - GMC Truck Plant (Floorplan-New) - East,9/29/2025,176584,9/29/2025,4/29/2027,2026 GMC Truck GMC SIER 15E,Automobile,GMC SIER 15E,1GTPHCED2TZ176584,G35482,"$61,071.30 ","$61,071.30 ",$0.00 ,,"($61,071.30)",$0.00 ,"($61,071.30)",$0.00 ,$0.00 ,$0.00 ,$0.00 ,$0.00 ,$0.00 ,$193.83 ,$0.00 ,$0.00 ,$0.00 ,$193.83 ,"$1,539.41 ","$45,310.96 "
"3535 West Loop 820 South  Fort Worth, TX 76116",GMC Truck,Auto - GMC Truck Plant (Floorplan-New) - East,9/29/2025,176653,9/29/2025,4/29/2027,2026 GMC Truck GMC SIER 15E,Automobile,GMC SIER 15E,1GTUUCED8TZ176653,,"$64,386.75 ","$64,386.75 ",$0.00 ,,$0.00 ,$0.00 ,$0.00 ,"$64,386.75 ",$0.00 ,$0.00 ,$0.00 ,$0.00 ,$0.00 ,$275.44 ,$0.00 ,$0.00 ,$0.00 ,$275.44 ,"$1,694.06 ","$64,386.75 "
"3535 West Loop 820 South  Fort Worth, TX 76116",GMC Truck,Auto - GMC Truck Plant (Floorplan-New) - East,9/29/2025,176708,9/29/2025,4/29/2027,2026 GMC Truck GMC SIER 15E,Automobile,GMC SIER 15E,1GTUUCED7TZ176708,,"$64,386.75 ","$64,386.75 ",$0.00 ,,$0.00 ,$0.00 ,$0.00 ,"$64,386.75 ",$0.00 ,$0.00 ,$0.00 ,$0.00 ,$0.00 ,$275.44 ,$0.00 ,$0.00 ,$0.00 ,$275.44 ,"$1,694.06 ","$64,386.75 "
"3535 West Loop 820 South  Fort Worth, TX 76116",GMC Truck,Auto - GMC Truck Plant (Floorplan-New) - East,9/29/2025,176748,9/29/2025,4/29/2027,2026 GMC Truck GMC SIER 15E,Automobile,GMC SIER 15E,1GTUUCED8TZ176748,,"$64,386.75 ","$64,386.75 ",$0.00 ,,$0.00 ,$0.00 ,$0.00 ,"$64,386.75 ",$0.00 ,$0.00 ,$0.00 ,$0.00 ,$0.00 ,$275.44 ,$0.00 ,$0.00 ,$0.00 ,$275.44 ,"$1,694.06 ","$64,386.75 "
"3535 West Loop 820 South  Fort Worth, TX 76116",GMC Truck,Auto - GMC Truck Plant (Floorplan-New) - East,9/30/2025,176775,9/30/2025,4/30/2027,2026 GMC Truck GMC SIER 15E,Automobile,GMC SIER 15E,1GTUUCED0TZ176775,G35573,"$64,847.10 ","$64,847.10 ",$0.00 ,,"($64,847.10)",$0.00 ,"($64,847.10)",$0.00 ,$0.00 ,$0.00 ,$0.00 ,$0.00 ,$0.00 ,$152.12 ,$0.00 ,$0.00 ,$0.00 ,$152.12 ,"$1,570.84 ","$35,561.31 "
"3535 West Loop 820 South  Fort Worth, TX 76116",GMC Truck,Auto - GMC Truck Plant (Floorplan-New) - East,9/30/2025,176835,9/30/2025,4/30/2027,2026 GMC Truck GMC SIER 15E,Automobile,GMC SIER 15E,1GTPHCED1TZ176835,,"$60,610.95 ","$60,610.95 ",$0.00 ,,$0.00 ,$0.00 ,$0.00 ,"$60,610.95 ",$0.00 ,$0.00 ,$0.00 ,$0.00 ,$0.00 ,$259.28 ,$0.00 ,$0.00 ,$0.00 ,$259.28 ,"$1,585.33 ","$60,610.95 "
"3535 West Loop 820 South  Fort Worth, TX 76116",GMC Truck,Auto - GMC Truck Plant (Floorplan-New) - East,12/2/2025,177459,12/2/2025,7/2/2027,2026 GMC Truck GMC SIER 25D,Automobile,GMC SIER 25D,1GT4UREY7TF177459,G35935,"$87,779.13 ","$87,779.13 ",$0.00 ,,"($87,779.13)",$0.00 ,"($87,779.13)",$0.00 ,$0.00 ,$0.00 ,$0.00 ,$0.00 ,$0.00 ,$363.39 ,$0.00 ,$0.00 ,$0.00 ,$363.39 ,"$1,459.56 ","$84,947.55 "
"3535 West Loop 820 South  Fort Worth, TX 76116",GMC Truck,Auto - GMC Truck Plant (Floorplan-New) - East,12/2/2025,178008,12/2/2025,7/2/2027,2026 GMC Truck GMC SIER 25D,Automobile,GMC SIER 25D,1GT4UREY1TF178008,G35964,"$87,224.13 ","$87,224.13 ",$0.00 ,,"($87,224.13)",$0.00 ,"($87,224.13)",$0.00 ,$0.00 ,$0.00 ,$0.00 ,$0.00 ,$0.00 ,$361.09 ,$0.00 ,$0.00 ,$0.00 ,$361.09 ,"$1,450.33 ","$84,410.45 "
"3535 West Loop 820 South  Fort Worth, TX 76116",GMC Truck,Auto - GMC Truck Plant (Floorplan-New) - East,12/2/2025,178028,12/2/2025,7/2/2027,2026 GMC Truck GMC SIER 25D,Automobile,GMC SIER 25D,1GT4UREY7TF178028,G35936,"$87,275.00 ","$87,275.00 ",$0.00 ,,"($87,275.00)",$0.00 ,"($87,275.00)",$0.00 ,$0.00 ,$0.00 ,$0.00 ,$0.00 ,$0.00 ,$277.00 ,$0.00 ,$0.00 ,$0.00 ,$277.00 ,"$1,366.88 ","$64,752.42 "
"3535 West Loop 820 South  Fort Worth, TX 76116",GMC Truck,Auto - GMC Truck Plant (Floorplan-New) - East,6/30/2025,179430,6/30/2025,1/30/2027,2025 GMC Truck GMC TERRN AT,Automobile,GMC TERRN AT,3GKALYEG2TL179430,,"$39,777.25 ","$39,777.25 ",$0.00 ,,$0.00 ,$0.00 ,$0.00 ,"$39,777.25 ",$0.00 ,$0.00 ,$0.00 ,$0.00 ,$0.00 ,$170.16 ,$0.00 ,$0.00 ,$0.00 ,$170.16 ,"$1,611.96 ","$39,777.25 "
"3535 West Loop 820 South  Fort Worth, TX 76116",GMC Truck,Auto - GMC Truck Plant (Floorplan-New) - East,10/6/2025,180386,10/6/2025,5/6/2027,2026 GMC Truck GMC SIER 15E,Automobile,GMC SIER 15E,1GTRHCED6TZ180386,,"$57,317.20 ","$57,317.20 ",$0.00 ,,$0.00 ,$0.00 ,$0.00 ,"$57,317.20 ",$0.00 ,$0.00 ,$0.00 ,$0.00 ,$0.00 ,$245.20 ,$0.00 ,$0.00 ,$0.00 ,$245.20 ,"$1,447.04 ","$57,317.20 "
"3535 West Loop 820 South  Fort Worth, TX 76116",GMC Truck,Auto - GMC Truck Plant (Floorplan-New) - East,10/16/2025,180449,10/16/2025,5/16/2027,2026 GMC Truck GMC ACAD AT4,Automobile,GMC ACAD AT4,1GKENPKS9TJ180449,G35627,"$54,707.05 ","$54,707.05 ",$0.00 ,,$0.00 ,$0.00 ,$0.00 ,"$54,707.05 ",$0.00 ,$0.00 ,$0.00 ,$0.00 ,$0.00 ,$234.02 ,$0.00 ,$0.00 ,$0.00 ,$234.02 ,"$1,298.53 ","$54,707.05 "
"3535 West Loop 820 South  Fort Worth, TX 76116",GMC Truck,Auto - GMC Truck Plant (Floorplan-New) - East,10/16/2025,181203,10/16/2025,5/16/2027,2026 GMC Truck GMC ACAD ELV,Automobile,GMC ACAD ELV,1GKENKKS0TJ181203,,"$46,832.85 ","$46,832.85 ",$0.00 ,,$0.00 ,$0.00 ,$0.00 ,"$46,832.85 ",$0.00 ,$0.00 ,$0.00 ,$0.00 ,$0.00 ,$200.35 ,$0.00 ,$0.00 ,$0.00 ,$200.35 ,"$1,111.65 ","$46,832.85 "
"3535 West Loop 820 South  Fort Worth, TX 76116",GMC Truck,Auto - GMC Truck Plant (Floorplan-New) - East,10/16/2025,181507,10/16/2025,5/16/2027,2026 GMC Truck GMC ACAD ELV,Automobile,GMC ACAD ELV,1GKENKKS9TJ181507,,"$47,293.20 ","$47,293.20 ",$0.00 ,,$0.00 ,$0.00 ,$0.00 ,"$47,293.20 ",$0.00 ,$0.00 ,$0.00 ,$0.00 ,$0.00 ,$202.31 ,$0.00 ,$0.00 ,$0.00 ,$202.31 ,"$1,122.57 ","$47,293.20 "
"3535 West Loop 820 South  Fort Worth, TX 76116",GMC Truck,Auto - GMC Truck Plant (Floorplan-New) - East,10/6/2025,182778,10/6/2025,5/6/2027,2026 GMC Truck GMC SIER 15E,Automobile,GMC SIER 15E,1GTRHCED0TZ182778,G35578,"$57,317.20 ","$57,317.20 ",$0.00 ,,$0.00 ,$0.00 ,$0.00 ,"$57,317.20 ",$0.00 ,$0.00 ,$0.00 ,$0.00 ,$0.00 ,$245.20 ,$0.00 ,$0.00 ,$0.00 ,$245.20 ,"$1,447.04 ","$57,317.20 "
"3535 West Loop 820 South  Fort Worth, TX 76116",GMC Truck,Auto - GMC Truck Plant (Floorplan-New) - East,10/6/2025,182789,10/6/2025,5/6/2027,2026 GMC Truck GMC SIER 15E,Automobile,GMC SIER 15E,1GTUUCED8TZ182789,G35549,"$64,800.60 ","$64,800.60 ",$0.00 ,,"($64,800.60)",$0.00 ,"($64,800.60)",$0.00 ,$0.00 ,$0.00 ,$0.00 ,$0.00 ,$0.00 ,$169.90 ,$0.00 ,$0.00 ,$0.00 ,$169.90 ,"$1,528.65 ","$39,716.50 "
"3535 West Loop 820 South  Fort Worth, TX 76116",GMC Truck,Auto - GMC Truck Plant (Floorplan-New) - East,10/7/2025,182915,10/7/2025,5/7/2027,2026 GMC Truck GMC SIER 15E,Automobile,GMC SIER 15E,1GTRHCED6TZ182915,,"$56,856.85 ","$56,856.85 ",$0.00 ,,$0.00 ,$0.00 ,$0.00 ,"$56,856.85 ",$0.00 ,$0.00 ,$0.00 ,$0.00 ,$0.00 ,$243.22 ,$0.00 ,$0.00 ,$0.00 ,$243.22 ,"$1,426.83 ","$56,856.85 "
"3535 West Loop 820 South  Fort Worth, TX 76116",GMC Truck,Auto - GMC Truck Plant (Floorplan-New) - East,12/8/2025,183414,12/8/2025,7/8/2027,2026 GMC Truck GMC SIER 25D,Automobile,GMC SIER 25D,1GT4UREY4TF183414,,"$87,224.13 ","$87,224.13 ",$0.00 ,,$0.00 ,$0.00 ,$0.00 ,"$87,224.13 ",$0.00 ,$0.00 ,$0.00 ,$0.00 ,$0.00 ,$373.13 ,$0.00 ,$0.00 ,$0.00 ,$373.13 ,"$1,387.17 ","$87,224.13 "
"3535 West Loop 820 South  Fort Worth, TX 76116",GMC Truck,Auto - GMC Truck Plant (Floorplan-New) - East,12/8/2025,183460,12/8/2025,7/8/2027,2026 GMC Truck GMC SIER 25D,Automobile,GMC SIER 25D,1GT4UREY0TF183460,G35954,"$87,224.13 ","$87,224.13 ",$0.00 ,,"($87,224.13)",$0.00 ,"($87,224.13)",$0.00 ,$0.00 ,$0.00 ,$0.00 ,$0.00 ,$0.00 ,$264.80 ,$0.00 ,$0.00 ,$0.00 ,$264.80 ,"$1,278.84 ","$61,901.00 "
"3535 West Loop 820 South  Fort Worth, TX 76116",GMC Truck,Auto - GMC Truck Plant (Floorplan-New) - East,12/5/2025,183496,12/5/2025,7/5/2027,2026 GMC Truck GMC SIER 25D,Automobile,GMC SIER 25D,1GT4UREYXTF183496,,"$87,779.13 ","$87,779.13 ",$0.00 ,,$0.00 ,$0.00 ,$0.00 ,"$87,779.13 ",$0.00 ,$0.00 ,$0.00 ,$0.00 ,$0.00 ,$375.50 ,$0.00 ,$0.00 ,$0.00 ,$375.50 ,"$1,433.83 ","$87,779.13 "
"3535 West Loop 820 South  Fort Worth, TX 76116",GMC Truck,Auto - GMC Truck Plant (Floorplan-New) - East,12/16/2025,183504,12/16/2025,7/16/2027,2026 GMC Truck GMC SIER 25D,Automobile,GMC SIER 25D,1GT4UREY5TF183504,,"$87,779.13 ","$87,779.13 ",$0.00 ,,$0.00 ,$0.00 ,$0.00 ,"$87,779.13 ",$0.00 ,$0.00 ,$0.00 ,$0.00 ,$0.00 ,$375.50 ,$0.00 ,$0.00 ,$0.00 ,$375.50 ,"$1,295.09 ","$87,779.13 "
"3535 West Loop 820 South  Fort Worth, TX 76116",GMC Truck,Auto - GMC Truck Plant (Floorplan-New) - East,12/9/2025,183528,12/9/2025,7/9/2027,2026 GMC Truck GMC SIER 25D,Automobile,GMC SIER 25D,1GT4UREY8TF183528,G35967,"$87,224.13 ","$87,224.13 ",$0.00 ,,"($87,224.13)",$0.00 ,"($87,224.13)",$0.00 ,$0.00 ,$0.00 ,$0.00 ,$0.00 ,$0.00 ,$228.69 ,$0.00 ,$0.00 ,$0.00 ,$228.69 ,"$1,230.20 ","$53,459.95 "
"3535 West Loop 820 South  Fort Worth, TX 76116",GMC Truck,Auto - GMC Truck Plant (Floorplan-New) - East,12/9/2025,183566,12/9/2025,7/9/2027,2026 GMC Truck GMC SIER 25D,Automobile,GMC SIER 25D,1GT4UREY5TF183566,G36025,"$87,224.13 ","$87,224.13 ",$0.00 ,,"($87,224.13)",$0.00 ,"($87,224.13)",$0.00 ,$0.00 ,$0.00 ,$0.00 ,$0.00 ,$0.00 ,$36.11 ,$0.00 ,$0.00 ,$0.00 ,$36.11 ,"$1,037.62 ","$8,441.04 "
"3535 West Loop 820 South  Fort Worth, TX 76116",GMC Truck,Auto - GMC Truck Plant (Floorplan-New) - East,12/8/2025,183578,12/8/2025,7/8/2027,2026 GMC Truck GMC SIER 25D,Automobile,GMC SIER 25D,1GT4UREY1TF183578,,"$87,224.13 ","$87,224.13 ",$0.00 ,,$0.00 ,$0.00 ,$0.00 ,"$87,224.13 ",$0.00 ,$0.00 ,$0.00 ,$0.00 ,$0.00 ,$373.13 ,$0.00 ,$0.00 ,$0.00 ,$373.13 ,"$1,387.17 ","$87,224.13 "
"3535 West Loop 820 South  Fort Worth, TX 76116",GMC Truck,Auto - GMC Truck Plant (Floorplan-New) - East,10/7/2025,183830,10/7/2025,5/7/2027,2026 GMC Truck GMC SIER 15E,Automobile,GMC SIER 15E,1GTRHCED3TZ183830,G35552,"$56,856.85 ","$56,856.85 ",$0.00 ,,$0.00 ,$0.00 ,$0.00 ,"$56,856.85 ",$0.00 ,$0.00 ,$0.00 ,$0.00 ,$0.00 ,$243.22 ,$0.00 ,$0.00 ,$0.00 ,$243.22 ,"$1,426.83 ","$56,856.85 "
"3535 West Loop 820 South  Fort Worth, TX 76116",GMC Truck,Auto - GMC Truck Plant (Floorplan-New) - East,11/14/2025,184450,11/14/2025,6/14/2027,2026 GMC Truck GMC YUK 4ELE,Automobile,GMC YUK 4ELE,1GKS2BKD1TR184450,,"$75,889.95 ","$75,889.95 ",$0.00 ,,$0.00 ,$0.00 ,$0.00 ,"$75,889.95 ",$0.00 ,$0.00 ,$0.00 ,$0.00 ,$0.00 ,$324.65 ,$0.00 ,$0.00 ,$0.00 ,$324.65 ,"$1,472.61 ","$75,889.95 "
"3535 West Loop 820 South  Fort Worth, TX 76116",GMC Truck,Auto - GMC Truck Plant (Floorplan-New) - East,10/21/2025,184453,10/21/2025,5/21/2027,2026 GMC Truck GMC ACAD ELV,Automobile,GMC ACAD ELV,1GKENKKS5TJ184453,,"$47,851.20 ","$47,851.20 ",$0.00 ,,$0.00 ,$0.00 ,$0.00 ,"$47,851.20 ",$0.00 ,$0.00 ,$0.00 ,$0.00 ,$0.00 ,$204.70 ,$0.00 ,$0.00 ,$0.00 ,$204.70 ,"$1,099.71 ","$47,851.20 "
"3535 West Loop 820 South  Fort Worth, TX 76116",GMC Truck,Auto - GMC Truck Plant (Floorplan-New) - East,11/17/2025,185539,11/17/2025,6/17/2027,2026 GMC Truck GMC YUK 4XEL,Automobile,GMC YUK 4XEL,1GKS2GKD4TR185539,,"$83,462.70 ","$83,462.70 ",$0.00 ,,$0.00 ,$0.00 ,$0.00 ,"$83,462.70 ",$0.00 ,$0.00 ,$0.00 ,$0.00 ,$0.00 ,$357.04 ,$0.00 ,$0.00 ,$0.00 ,$357.04 ,"$1,582.82 ","$83,462.70 "
"3535 West Loop 820 South  Fort Worth, TX 76116",GMC Truck,Auto - GMC Truck Plant (Floorplan-New) - East,12/10/2025,185702,12/10/2025,7/10/2027,2026 GMC Truck GMC SIER 25D,Automobile,GMC SIER 25D,1GT4UREY8TF185702,,"$86,720.00 ","$86,720.00 ",$0.00 ,,$0.00 ,$0.00 ,$0.00 ,"$86,720.00 ",$0.00 ,$0.00 ,$0.00 ,$0.00 ,$0.00 ,$370.98 ,$0.00 ,$0.00 ,$0.00 ,$370.98 ,"$1,354.24 ","$86,720.00 "
"3535 West Loop 820 South  Fort Worth, TX 76116",GMC Truck,Auto - GMC Truck Plant (Floorplan-New) - East,12/15/2025,185753,12/15/2025,7/15/2027,2026 GMC Truck GMC SIER 25D,Automobile,GMC SIER 25D,1GT4UREY3TF185753,,"$87,275.00 ","$87,275.00 ",$0.00 ,,$0.00 ,$0.00 ,$0.00 ,"$87,275.00 ",$0.00 ,$0.00 ,$0.00 ,$0.00 ,$0.00 ,$373.35 ,$0.00 ,$0.00 ,$0.00 ,$373.35 ,"$1,300.20 ","$87,275.00 "
"3535 West Loop 820 South  Fort Worth, TX 76116",GMC Truck,Auto - GMC Truck Plant (Floorplan-New) - East,12/15/2025,185881,12/15/2025,7/15/2027,2026 GMC Truck GMC SIER 25D,Automobile,GMC SIER 25D,1GT4UREY1TF185881,,"$87,275.00 ","$87,275.00 ",$0.00 ,,$0.00 ,$0.00 ,$0.00 ,"$87,275.00 ",$0.00 ,$0.00 ,$0.00 ,$0.00 ,$0.00 ,$373.35 ,$0.00 ,$0.00 ,$0.00 ,$373.35 ,"$1,300.20 ","$87,275.00 "
"3535 West Loop 820 South  Fort Worth, TX 76116",GMC Truck,Auto - GMC Truck Plant (Floorplan-New) - East,12/29/2025,185931,12/29/2025,7/29/2027,2026 GMC Truck GMC SIER 25D,Automobile,GMC SIER 25D,1GT4UREY1TF185931,G36131,"$86,720.00 ","$86,720.00 ",$0.00 ,,"($86,720.00)",$0.00 ,"($86,720.00)",$0.00 ,$0.00 ,$0.00 ,$0.00 ,$0.00 ,$0.00 ,$227.38 ,$0.00 ,$0.00 ,$0.00 ,$227.38 ,$973.89 ,"$53,150.97 "
"3535 West Loop 820 South  Fort Worth, TX 76116",GMC Truck,Auto - GMC Truck Plant (Floorplan-New) - East,12/22/2025,186077,12/22/2025,7/22/2027,2026 GMC Truck GMC SIER 25D,Automobile,GMC SIER 25D,1GT4UREY5TF186077,G36092,"$86,720.00 ","$86,720.00 ",$0.00 ,,"($86,720.00)",$0.00 ,"($86,720.00)",$0.00 ,$0.00 ,$0.00 ,$0.00 ,$0.00 ,$0.00 ,$263.28 ,$0.00 ,$0.00 ,$0.00 ,$263.28 ,"$1,097.01 ","$61,543.23 "
"3535 West Loop 820 South  Fort Worth, TX 76116",GMC Truck,Auto - GMC Truck Plant (Floorplan-New) - East,12/24/2025,186095,12/24/2025,7/24/2027,2026 GMC Truck GMC SIER 25D,Automobile,GMC SIER 25D,1GT4UREY7TF186095,,"$86,720.00 ","$86,720.00 ",$0.00 ,,$0.00 ,$0.00 ,$0.00 ,"$86,720.00 ",$0.00 ,$0.00 ,$0.00 ,$0.00 ,$0.00 ,$370.98 ,$0.00 ,$0.00 ,$0.00 ,$370.98 ,"$1,179.79 ","$86,720.00 "
"3535 West Loop 820 South  Fort Worth, TX 76116",GMC Truck,Auto - GMC Truck Plant (Floorplan-New) - East,12/22/2025,186372,12/22/2025,7/22/2027,2026 GMC Truck GMC SIER 25D,Automobile,GMC SIER 25D,1GT4UREY7TF186372,,"$87,275.00 ","$87,275.00 ",$0.00 ,,$0.00 ,$0.00 ,$0.00 ,"$87,275.00 ",$0.00 ,$0.00 ,$0.00 ,$0.00 ,$0.00 ,$373.35 ,$0.00 ,$0.00 ,$0.00 ,$373.35 ,"$1,212.42 ","$87,275.00 "
"3535 West Loop 820 South  Fort Worth, TX 76116",GMC Truck,Auto - GMC Truck Plant (Floorplan-New) - East,10/23/2025,186436,10/23/2025,5/23/2027,2026 GMC Truck GMC ACAD ELV,Automobile,GMC ACAD ELV,1GKENKKS4TJ186436,,"$47,293.20 ","$47,293.20 ",$0.00 ,,$0.00 ,$0.00 ,$0.00 ,"$47,293.20 ",$0.00 ,$0.00 ,$0.00 ,$0.00 ,$0.00 ,$202.31 ,$0.00 ,$0.00 ,$0.00 ,$202.31 ,"$1,072.60 ","$47,293.20 "
"3535 West Loop 820 South  Fort Worth, TX 76116",GMC Truck,Auto - GMC Truck Plant (Floorplan-New) - East,12/15/2025,186469,12/15/2025,7/15/2027,2026 GMC Truck GMC SIER 25D,Automobile,GMC SIER 25D,1GT4UREY0TF186469,,"$86,720.00 ","$86,720.00 ",$0.00 ,,$0.00 ,$0.00 ,$0.00 ,"$86,720.00 ",$0.00 ,$0.00 ,$0.00 ,$0.00 ,$0.00 ,$370.98 ,$0.00 ,$0.00 ,$0.00 ,$370.98 ,"$1,291.94 ","$86,720.00 "
"3535 West Loop 820 South  Fort Worth, TX 76116",GMC Truck,Auto - GMC Truck Plant (Floorplan-New) - East,12/15/2025,186501,12/15/2025,7/15/2027,2026 GMC Truck GMC SIER 25D,Automobile,GMC SIER 25D,1GT4UREY3TF186501,,"$86,720.00 ","$86,720.00 ",$0.00 ,,$0.00 ,$0.00 ,$0.00 ,"$86,720.00 ",$0.00 ,$0.00 ,$0.00 ,$0.00 ,$0.00 ,$370.98 ,$0.00 ,$0.00 ,$0.00 ,$370.98 ,"$1,291.94 ","$86,720.00 "
"3535 West Loop 820 South  Fort Worth, TX 76116",GMC Truck,Auto - GMC Truck Plant (Floorplan-New) - East,12/15/2025,186582,12/15/2025,7/15/2027,2026 GMC Truck GMC SIER 25D,Automobile,GMC SIER 25D,1GT4UREY7TF186582,,"$86,720.00 ","$86,720.00 ",$0.00 ,,$0.00 ,$0.00 ,$0.00 ,"$86,720.00 ",$0.00 ,$0.00 ,$0.00 ,$0.00 ,$0.00 ,$370.98 ,$0.00 ,$0.00 ,$0.00 ,$370.98 ,"$1,291.94 ","$86,720.00 "
"3535 West Loop 820 South  Fort Worth, TX 76116",GMC Truck,Auto - GMC Truck Plant (Floorplan-New) - East,12/16/2025,186652,12/16/2025,7/16/2027,2026 GMC Truck GMC SIER 25D,Automobile,GMC SIER 25D,1GT4UREY2TF186652,,"$86,720.00 ","$86,720.00 ",$0.00 ,,$0.00 ,$0.00 ,$0.00 ,"$86,720.00 ",$0.00 ,$0.00 ,$0.00 ,$0.00 ,$0.00 ,$370.98 ,$0.00 ,$0.00 ,$0.00 ,$370.98 ,"$1,279.48 ","$86,720.00 "
"3535 West Loop 820 South  Fort Worth, TX 76116",GMC Truck,Auto - GMC Truck Plant (Floorplan-New) - East,12/17/2025,186924,12/17/2025,7/17/2027,2026 GMC Truck GMC SIER 25D,Automobile,GMC SIER 25D,1GT4UREY9TF186924,G36063,"$86,720.00 ","$86,720.00 ",$0.00 ,,"($86,720.00)",$0.00 ,"($86,720.00)",$0.00 ,$0.00 ,$0.00 ,$0.00 ,$0.00 ,$0.00 ,$287.21 ,$0.00 ,$0.00 ,$0.00 ,$287.21 ,"$1,183.25 ","$67,138.06 "
"3535 West Loop 820 South  Fort Worth, TX 76116",GMC Truck,Auto - GMC Truck Plant (Floorplan-New) - East,12/16/2025,186933,12/16/2025,7/16/2027,2026 GMC Truck GMC SIER 25D,Automobile,GMC SIER 25D,1GT4UREYXTF186933,,"$86,720.00 ","$86,720.00 ",$0.00 ,,$0.00 ,$0.00 ,$0.00 ,"$86,720.00 ",$0.00 ,$0.00 ,$0.00 ,$0.00 ,$0.00 ,$370.98 ,$0.00 ,$0.00 ,$0.00 ,$370.98 ,"$1,279.48 ","$86,720.00 "
"3535 West Loop 820 South  Fort Worth, TX 76116",GMC Truck,Auto - GMC Truck Plant (Floorplan-New) - East,10/14/2025,188304,10/14/2025,5/14/2027,2026 GMC Truck GMC SIER 15D,Automobile,GMC SIER 15D,1GTUUGEL1TZ188304,G35611,"$78,682.40 ","$78,682.40 ",$0.00 ,,"($78,682.40)",$0.00 ,"($78,682.40)",$0.00 ,$0.00 ,$0.00 ,$0.00 ,$0.00 ,$0.00 ,$325.74 ,$0.00 ,$0.00 ,$0.00 ,$325.74 ,"$1,880.54 ","$76,144.26 "
"3535 West Loop 820 South  Fort Worth, TX 76116",GMC Truck,Auto - GMC Truck Plant (Floorplan-New) - East,10/14/2025,188421,10/14/2025,5/14/2027,2026 GMC Truck GMC SIER 15D,Automobile,GMC SIER 15D,1GTUUGEL5TZ188421,,"$78,682.40 ","$78,682.40 ",$0.00 ,,$0.00 ,$0.00 ,$0.00 ,"$78,682.40 ",$0.00 ,$0.00 ,$0.00 ,$0.00 ,$0.00 ,$336.60 ,$0.00 ,$0.00 ,$0.00 ,$336.60 ,"$1,891.40 ","$78,682.40 "
"3535 West Loop 820 South  Fort Worth, TX 76116",GMC Truck,Auto - GMC Truck Plant (Floorplan-New) - East,10/14/2025,188463,10/14/2025,5/14/2027,2026 GMC Truck GMC SIER 15D,Automobile,GMC SIER 15D,1GTUUGELXTZ188463,,"$78,682.40 ","$78,682.40 ",$0.00 ,,$0.00 ,$0.00 ,$0.00 ,"$78,682.40 ",$0.00 ,$0.00 ,$0.00 ,$0.00 ,$0.00 ,$336.60 ,$0.00 ,$0.00 ,$0.00 ,$336.60 ,"$1,891.40 ","$78,682.40 "
"3535 West Loop 820 South  Fort Worth, TX 76116",GMC Truck,Auto - GMC Truck Plant (Floorplan-New) - East,10/14/2025,190362,10/14/2025,5/14/2027,2026 GMC Truck GMC SIER 15D,Automobile,GMC SIER 15D,1GTUUGEL3TZ190362,,"$78,733.55 ","$78,733.55 ",$0.00 ,,$0.00 ,$0.00 ,$0.00 ,"$78,733.55 ",$0.00 ,$0.00 ,$0.00 ,$0.00 ,$0.00 ,$336.81 ,$0.00 ,$0.00 ,$0.00 ,$336.81 ,"$1,892.61 ","$78,733.55 "
"3535 West Loop 820 South  Fort Worth, TX 76116",GMC Truck,Auto - GMC Truck Plant (Floorplan-New) - East,12/22/2025,190991,12/22/2025,7/22/2027,2026 GMC Truck GMC SIER 25D,Automobile,GMC SIER 25D,1GT4UREY0TF190991,,"$87,224.13 ","$87,224.13 ",$0.00 ,,$0.00 ,$0.00 ,$0.00 ,"$87,224.13 ",$0.00 ,$0.00 ,$0.00 ,$0.00 ,$0.00 ,$373.13 ,$0.00 ,$0.00 ,$0.00 ,$373.13 ,"$1,211.71 ","$87,224.13 "
"3535 West Loop 820 South  Fort Worth, TX 76116",GMC Truck,Auto - GMC Truck Plant (Floorplan-New) - East,12/22/2025,191044,12/22/2025,7/22/2027,2026 GMC Truck GMC SIER 25D,Automobile,GMC SIER 25D,1GT4UREY4TF191044,,"$87,224.13 ","$87,224.13 ",$0.00 ,,$0.00 ,$0.00 ,$0.00 ,"$87,224.13 ",$0.00 ,$0.00 ,$0.00 ,$0.00 ,$0.00 ,$373.13 ,$0.00 ,$0.00 ,$0.00 ,$373.13 ,"$1,211.71 ","$87,224.13 "
"3535 West Loop 820 South  Fort Worth, TX 76116",GMC Truck,Auto - GMC Truck Plant (Floorplan-New) - East,12/19/2025,191092,12/19/2025,7/19/2027,2026 GMC Truck GMC SIER 25D,Automobile,GMC SIER 25D,1GT4UREY4TF191092,G36047,"$87,224.13 ","$87,224.13 ",$0.00 ,,"($87,224.13)",$0.00 ,"($87,224.13)",$0.00 ,$0.00 ,$0.00 ,$0.00 ,$0.00 ,$0.00 ,$276.84 ,$0.00 ,$0.00 ,$0.00 ,$276.84 ,"$1,153.02 ","$64,714.68 "
"3535 West Loop 820 South  Fort Worth, TX 76116",GMC Truck,Auto - GMC Truck Plant (Floorplan-New) - East,1/2/2026,191226,1/2/2026,8/2/2027,2026 GMC Truck GMC SIER 25D,Automobile,GMC SIER 25D,1GT4UREYXTF191226,G36139,"$87,779.13 ","$87,779.13 ",$0.00 ,,"($87,779.13)",$0.00 ,"($87,779.13)",$0.00 ,$0.00 ,$0.00 ,$0.00 ,$0.00 ,$0.00 ,$363.39 ,$0.00 ,$0.00 ,$0.00 ,$363.39 ,"$1,068.57 ","$84,947.55 "
"3535 West Loop 820 South  Fort Worth, TX 76116",GMC Truck,Auto - GMC Truck Plant (Floorplan-New) - East,12/22/2025,191266,12/22/2025,7/22/2027,2026 GMC Truck GMC SIER 25D,Automobile,GMC SIER 25D,1GT4UREY0TF191266,,"$87,779.13 ","$87,779.13 ",$0.00 ,,$0.00 ,$0.00 ,$0.00 ,"$87,779.13 ",$0.00 ,$0.00 ,$0.00 ,$0.00 ,$0.00 ,$375.50 ,$0.00 ,$0.00 ,$0.00 ,$375.50 ,"$1,219.42 ","$87,779.13 "
"3535 West Loop 820 South  Fort Worth, TX 76116",GMC Truck,Auto - GMC Truck Plant (Floorplan-New) - East,12/22/2025,191306,12/22/2025,7/22/2027,2026 GMC Truck GMC SIER 25D,Automobile,GMC SIER 25D,1GT4UREY8TF191306,,"$87,779.13 ","$87,779.13 ",$0.00 ,,$0.00 ,$0.00 ,$0.00 ,"$87,779.13 ",$0.00 ,$0.00 ,$0.00 ,$0.00 ,$0.00 ,$375.50 ,$0.00 ,$0.00 ,$0.00 ,$375.50 ,"$1,219.42 ","$87,779.13 "
"3535 West Loop 820 South  Fort Worth, TX 76116",GMC Truck,Auto - GMC Truck Plant (Floorplan-New) - East,12/19/2025,191356,12/19/2025,7/19/2027,2026 GMC Truck GMC SIER 25D,Automobile,GMC SIER 25D,1GT4UREY1TF191356,,"$87,224.13 ","$87,224.13 ",$0.00 ,,$0.00 ,$0.00 ,$0.00 ,"$87,224.13 ",$0.00 ,$0.00 ,$0.00 ,$0.00 ,$0.00 ,$373.13 ,$0.00 ,$0.00 ,$0.00 ,$373.13 ,"$1,249.31 ","$87,224.13 "
"3535 West Loop 820 South  Fort Worth, TX 76116",GMC Truck,Auto - GMC Truck Plant (Floorplan-New) - East,12/19/2025,191471,12/19/2025,7/19/2027,2026 GMC Truck GMC SIER 25D,Automobile,GMC SIER 25D,1GT4UREY1TF191471,,"$87,224.13 ","$87,224.13 ",$0.00 ,,$0.00 ,$0.00 ,$0.00 ,"$87,224.13 ",$0.00 ,$0.00 ,$0.00 ,$0.00 ,$0.00 ,$373.13 ,$0.00 ,$0.00 ,$0.00 ,$373.13 ,"$1,249.31 ","$87,224.13 "
"3535 West Loop 820 South  Fort Worth, TX 76116",GMC Truck,Auto - GMC Truck Plant (Floorplan-New) - East,12/19/2025,191526,12/19/2025,7/19/2027,2026 GMC Truck GMC SIER 25D,Automobile,GMC SIER 25D,1GT4UREY0TF191526,,"$87,224.13 ","$87,224.13 ",$0.00 ,,$0.00 ,$0.00 ,$0.00 ,"$87,224.13 ",$0.00 ,$0.00 ,$0.00 ,$0.00 ,$0.00 ,$373.13 ,$0.00 ,$0.00 ,$0.00 ,$373.13 ,"$1,249.31 ","$87,224.13 "
"3535 West Loop 820 South  Fort Worth, TX 76116",GMC Truck,Auto - GMC Truck Plant (Floorplan-New) - East,12/19/2025,191579,12/19/2025,7/19/2027,2026 GMC Truck GMC SIER 25D,Automobile,GMC SIER 25D,1GT4UREYXTF191579,,"$87,224.13 ","$87,224.13 ",$0.00 ,,$0.00 ,$0.00 ,$0.00 ,"$87,224.13 ",$0.00 ,$0.00 ,$0.00 ,$0.00 ,$0.00 ,$373.13 ,$0.00 ,$0.00 ,$0.00 ,$373.13 ,"$1,249.31 ","$87,224.13 "
"3535 West Loop 820 South  Fort Worth, TX 76116",GMC Truck,Auto - GMC Truck Plant (Floorplan-New) - East,12/19/2025,191592,12/19/2025,7/19/2027,2026 GMC Truck GMC SIER 25D,Automobile,GMC SIER 25D,1GT4UREY2TF191592,G36046,"$87,224.13 ","$87,224.13 ",$0.00 ,,"($87,224.13)",$0.00 ,"($87,224.13)",$0.00 ,$0.00 ,$0.00 ,$0.00 ,$0.00 ,$0.00 ,$312.95 ,$0.00 ,$0.00 ,$0.00 ,$312.95 ,"$1,189.13 ","$73,155.72 "
"3535 West Loop 820 South  Fort Worth, TX 76116",GMC Truck,Auto - GMC Truck Plant (Floorplan-New) - East,12/19/2025,191612,12/19/2025,7/19/2027,2026 GMC Truck GMC SIER 25D,Automobile,GMC SIER 25D,1GT4UREY4TF191612,,"$87,779.13 ","$87,779.13 ",$0.00 ,,$0.00 ,$0.00 ,$0.00 ,"$87,779.13 ",$0.00 ,$0.00 ,$0.00 ,$0.00 ,$0.00 ,$375.50 ,$0.00 ,$0.00 ,$0.00 ,$375.50 ,"$1,257.25 ","$87,779.13 "
"3535 West Loop 820 South  Fort Worth, TX 76116",GMC Truck,Auto - GMC Truck Plant (Floorplan-New) - East,12/19/2025,191633,12/19/2025,7/19/2027,2026 GMC Truck GMC SIER 25D,Automobile,GMC SIER 25D,1GT4UREY1TF191633,G36076,"$87,779.13 ","$87,779.13 ",$0.00 ,,"($87,779.13)",$0.00 ,"($87,779.13)",$0.00 ,$0.00 ,$0.00 ,$0.00 ,$0.00 ,$0.00 ,$278.60 ,$0.00 ,$0.00 ,$0.00 ,$278.60 ,"$1,160.35 ","$65,126.45 "
"3535 West Loop 820 South  Fort Worth, TX 76116",GMC Truck,Auto - GMC Truck Plant (Floorplan-New) - East,12/19/2025,191647,12/19/2025,7/19/2027,2026 GMC Truck GMC SIER 25D,Automobile,GMC SIER 25D,1GT4UREY1TF191647,G36044,"$87,224.13 ","$87,224.13 ",$0.00 ,,"($87,224.13)",$0.00 ,"($87,224.13)",$0.00 ,$0.00 ,$0.00 ,$0.00 ,$0.00 ,$0.00 ,$361.09 ,$0.00 ,$0.00 ,$0.00 ,$361.09 ,"$1,237.27 ","$84,410.45 "
"3535 West Loop 820 South  Fort Worth, TX 76116",GMC Truck,Auto - GMC Truck Plant (Floorplan-New) - East,12/19/2025,191681,12/19/2025,7/19/2027,2026 GMC Truck GMC SIER 25D,Automobile,GMC SIER 25D,1GT4UREY1TF191681,G36093,"$87,224.13 ","$87,224.13 ",$0.00 ,,"($87,224.13)",$0.00 ,"($87,224.13)",$0.00 ,$0.00 ,$0.00 ,$0.00 ,$0.00 ,$0.00 ,$276.84 ,$0.00 ,$0.00 ,$0.00 ,$276.84 ,"$1,153.02 ","$64,714.68 "
"3535 West Loop 820 South  Fort Worth, TX 76116",GMC Truck,Auto - GMC Truck Plant (Floorplan-New) - East,12/19/2025,191786,12/19/2025,7/19/2027,2026 GMC Truck GMC SIER 25D,Automobile,GMC SIER 25D,1GT4UREY4TF191786,,"$87,224.13 ","$87,224.13 ",$0.00 ,,$0.00 ,$0.00 ,$0.00 ,"$87,224.13 ",$0.00 ,$0.00 ,$0.00 ,$0.00 ,$0.00 ,$373.13 ,$0.00 ,$0.00 ,$0.00 ,$373.13 ,"$1,249.31 ","$87,224.13 "
"3535 West Loop 820 South  Fort Worth, TX 76116",GMC Truck,Auto - GMC Truck Plant (Floorplan-New) - East,10/17/2025,195323,10/17/2025,5/17/2027,2026 GMC Truck GMC SIER 15E,Automobile,GMC SIER 15E,1GTUUCED5TZ195323,G35655,"$64,010.10 ","$64,010.10 ",$0.00 ,,"($64,010.10)",$0.00 ,"($64,010.10)",$0.00 ,$0.00 ,$0.00 ,$0.00 ,$0.00 ,$0.00 ,$70.67 ,$0.00 ,$0.00 ,$0.00 ,$70.67 ,"$1,306.56 ","$16,518.74 "
"3535 West Loop 820 South  Fort Worth, TX 76116",GMC Truck,Auto - GMC Truck Plant (Floorplan-New) - East,10/21/2025,198490,10/21/2025,5/21/2027,2026 GMC Truck GMC SIER 15E,Automobile,GMC SIER 15E,1GTUUCED6TZ198490,,"$64,191.45 ","$64,191.45 ",$0.00 ,,$0.00 ,$0.00 ,$0.00 ,"$64,191.45 ",$0.00 ,$0.00 ,$0.00 ,$0.00 ,$0.00 ,$274.60 ,$0.00 ,$0.00 ,$0.00 ,$274.60 ,"$1,475.22 ","$64,191.45 "
"3535 West Loop 820 South  Fort Worth, TX 76116",GMC Truck,Auto - GMC Truck Plant (Floorplan-New) - East,10/21/2025,198605,10/21/2025,5/21/2027,2026 GMC Truck GMC SIER 15E,Automobile,GMC SIER 15E,1GTUUCED8TZ198605,,"$64,191.45 ","$64,191.45 ",$0.00 ,,$0.00 ,$0.00 ,$0.00 ,"$64,191.45 ",$0.00 ,$0.00 ,$0.00 ,$0.00 ,$0.00 ,$274.60 ,$0.00 ,$0.00 ,$0.00 ,$274.60 ,"$1,475.22 ","$64,191.45 "
"3535 West Loop 820 South  Fort Worth, TX 76116",GMC Truck,Auto - GMC Truck Plant (Floorplan-New) - East,10/27/2025,204022,10/27/2025,5/27/2027,2026 GMC Truck GMC SIER 15E,Automobile,GMC SIER 15E,1GTPHCED3TZ204022,,"$60,187.80 ","$60,187.80 ",$0.00 ,,$0.00 ,$0.00 ,$0.00 ,"$60,187.80 ",$0.00 ,$0.00 ,$0.00 ,$0.00 ,$0.00 ,$257.47 ,$0.00 ,$0.00 ,$0.00 ,$257.47 ,"$1,328.70 ","$60,187.80 "
"3535 West Loop 820 South  Fort Worth, TX 76116",GMC Truck,Auto - GMC Truck Plant (Floorplan-New) - East,10/27/2025,204043,10/27/2025,5/27/2027,2026 GMC Truck GMC SIER 15E,Automobile,GMC SIER 15E,1GTPHCED0TZ204043,,"$60,187.80 ","$60,187.80 ",$0.00 ,,$0.00 ,$0.00 ,$0.00 ,"$60,187.80 ",$0.00 ,$0.00 ,$0.00 ,$0.00 ,$0.00 ,$257.47 ,$0.00 ,$0.00 ,$0.00 ,$257.47 ,"$1,328.70 ","$60,187.80 "
"3535 West Loop 820 South  Fort Worth, TX 76116",GMC Truck,Auto - GMC Truck Plant (Floorplan-New) - East,10/27/2025,204186,10/27/2025,5/27/2027,2026 GMC Truck GMC SIER 15E,Automobile,GMC SIER 15E,1GTUUCED2TZ204186,,"$64,000.80 ","$64,000.80 ",$0.00 ,,$0.00 ,$0.00 ,$0.00 ,"$64,000.80 ",$0.00 ,$0.00 ,$0.00 ,$0.00 ,$0.00 ,$273.79 ,$0.00 ,$0.00 ,$0.00 ,$273.79 ,"$1,412.89 ","$64,000.80 "
"3535 West Loop 820 South  Fort Worth, TX 76116",GMC Truck,Auto - GMC Truck Plant (Floorplan-New) - East,1/6/2025,207291,1/6/2025,8/6/2026,2025 GMC Truck GMC SIER 25D,Automobile,GMC SIER 25D,1GT4UREY6SF207291,G33868,"$89,599.85 ","$80,639.86 ",$0.00 ,,"($80,639.86)",$0.00 ,"($80,639.86)",$0.00 ,$0.00 ,$0.00 ,$0.00 ,$0.00 ,$0.00 ,$111.29 ,$0.00 ,$0.00 ,$0.00 ,$111.29 ,"$5,786.03 ","$26,012.86 "
"3535 West Loop 820 South  Fort Worth, TX 76116",GMC Truck,Auto - GMC Truck Plant (Floorplan-New) - East,12/11/2025,209778,12/11/2025,7/11/2027,2026 GMC Truck GMC YUK 4XEL,Automobile,GMC YUK 4XEL,1GKS2GKD1TR209778,,"$83,462.70 ","$83,462.70 ",$0.00 ,,$0.00 ,$0.00 ,$0.00 ,"$83,462.70 ",$0.00 ,$0.00 ,$0.00 ,$0.00 ,$0.00 ,$357.04 ,$0.00 ,$0.00 ,$0.00 ,$357.04 ,"$1,291.38 ","$83,462.70 "
"3535 West Loop 820 South  Fort Worth, TX 76116",GMC Truck,Auto - GMC Truck Plant (Floorplan-New) - East,12/11/2025,209832,12/11/2025,7/11/2027,2026 GMC Truck GMC YUK 4XEL,Automobile,GMC YUK 4XEL,1GKS2GKD3TR209832,,"$83,462.70 ","$83,462.70 ",$0.00 ,,$0.00 ,$0.00 ,$0.00 ,"$83,462.70 ",$0.00 ,$0.00 ,$0.00 ,$0.00 ,$0.00 ,$357.04 ,$0.00 ,$0.00 ,$0.00 ,$357.04 ,"$1,291.38 ","$83,462.70 "
"3535 West Loop 820 South  Fort Worth, TX 76116",GMC Truck,Auto - GMC Truck Plant (Floorplan-New) - East,2/17/2026,213860,2/17/2026,9/17/2027,2026 GMC Truck GMC SIER 25D,Automobile,GMC SIER 25D,1GT4UXEY8TF213860,G36288,"$93,408.58 ","$93,408.58 ",$0.00 ,,"($93,408.58)",$0.00 ,"($93,408.58)",$0.00 ,$0.00 ,$0.00 ,$0.00 ,$0.00 ,$0.00 ,$103.13 ,$0.00 ,$0.00 ,$0.00 ,$103.13 ,$257.92 ,"$24,105.44 "
"3535 West Loop 820 South  Fort Worth, TX 76116",GMC Truck,Auto - GMC Truck Plant (Floorplan-New) - East,2/17/2026,214352,2/17/2026,9/17/2027,2026 GMC Truck GMC SIER 25D,Automobile,GMC SIER 25D,1GT4UXEY5TF214352,G36287,"$92,853.58 ","$92,853.58 ",$0.00 ,,"($92,853.58)",$0.00 ,"($92,853.58)",$0.00 ,$0.00 ,$0.00 ,$0.00 ,$0.00 ,$0.00 ,$128.14 ,$0.00 ,$0.00 ,$0.00 ,$128.14 ,$282.01 ,"$29,952.77 "
"3535 West Loop 820 South  Fort Worth, TX 76116",GMC Truck,Auto - GMC Truck Plant (Floorplan-New) - East,2/18/2026,214359,2/18/2026,9/18/2027,2026 GMC Truck GMC SIER 25D,Automobile,GMC SIER 25D,1GT4UREY3TF214359,G36325,"$86,226.83 ","$86,226.83 ",$0.00 ,,"($86,226.83)",$0.00 ,"($86,226.83)",$0.00 ,$0.00 ,$0.00 ,$0.00 ,$0.00 ,$0.00 ,$214.19 ,$0.00 ,$0.00 ,$0.00 ,$214.19 ,$345.17 ,"$50,067.19 "
"3535 West Loop 820 South  Fort Worth, TX 76116",GMC Truck,Auto - GMC Truck Plant (Floorplan-New) - East,2/18/2026,214456,2/18/2026,9/18/2027,2026 GMC Truck GMC SIER 25D,Automobile,GMC SIER 25D,1GT4UREY1TF214456,,"$86,781.83 ","$86,781.83 ",$0.00 ,,$0.00 ,$0.00 ,$0.00 ,"$86,781.83 ",$0.00 ,$0.00 ,$0.00 ,$0.00 ,$0.00 ,$371.24 ,$0.00 ,$0.00 ,$0.00 ,$371.24 ,$503.06 ,"$86,781.83 "
"3535 West Loop 820 South  Fort Worth, TX 76116",GMC Truck,Auto - GMC Truck Plant (Floorplan-New) - East,2/18/2026,214472,2/18/2026,9/18/2027,2026 GMC Truck GMC SIER 25D,Automobile,GMC SIER 25D,1GT4UREYXTF214472,,"$86,226.83 ","$86,226.83 ",$0.00 ,,$0.00 ,$0.00 ,$0.00 ,"$86,226.83 ",$0.00 ,$0.00 ,$0.00 ,$0.00 ,$0.00 ,$368.87 ,$0.00 ,$0.00 ,$0.00 ,$368.87 ,$499.85 ,"$86,226.83 "
"3535 West Loop 820 South  Fort Worth, TX 76116",GMC Truck,Auto - GMC Truck Plant (Floorplan-New) - East,2/17/2026,214507,2/17/2026,9/17/2027,2026 GMC Truck GMC SIER 25D,Automobile,GMC SIER 25D,1GT4UREY3TF214507,G36302,"$86,226.83 ","$86,226.83 ",$0.00 ,,"($86,226.83)",$0.00 ,"($86,226.83)",$0.00 ,$0.00 ,$0.00 ,$0.00 ,$0.00 ,$0.00 ,$119.00 ,$0.00 ,$0.00 ,$0.00 ,$119.00 ,$261.89 ,"$27,815.11 "
"3535 West Loop 820 South  Fort Worth, TX 76116",GMC Truck,Auto - GMC Truck Plant (Floorplan-New) - East,2/17/2026,214585,2/17/2026,9/17/2027,2026 GMC Truck GMC SIER 25D,Automobile,GMC SIER 25D,1GT4UREY1TF214585,,"$86,226.83 ","$86,226.83 ",$0.00 ,,$0.00 ,$0.00 ,$0.00 ,"$86,226.83 ",$0.00 ,$0.00 ,$0.00 ,$0.00 ,$0.00 ,$368.87 ,$0.00 ,$0.00 ,$0.00 ,$368.87 ,$511.76 ,"$86,226.83 "
"3535 West Loop 820 South  Fort Worth, TX 76116",GMC Truck,Auto - GMC Truck Plant (Floorplan-New) - East,2/17/2026,214626,2/17/2026,9/17/2027,2026 GMC Truck GMC SIER 25D,Automobile,GMC SIER 25D,1GT4UREY0TF214626,,"$86,781.83 ","$86,781.83 ",$0.00 ,,$0.00 ,$0.00 ,$0.00 ,"$86,781.83 ",$0.00 ,$0.00 ,$0.00 ,$0.00 ,$0.00 ,$371.24 ,$0.00 ,$0.00 ,$0.00 ,$371.24 ,$515.05 ,"$86,781.83 "
"3535 West Loop 820 South  Fort Worth, TX 76116",GMC Truck,Auto - GMC Truck Plant (Floorplan-New) - East,2/18/2026,214650,2/18/2026,9/18/2027,2026 GMC Truck GMC SIER 25D,Automobile,GMC SIER 25D,1GT4UREY8TF214650,G36322,"$86,226.83 ","$86,226.83 ",$0.00 ,,"($86,226.83)",$0.00 ,"($86,226.83)",$0.00 ,$0.00 ,$0.00 ,$0.00 ,$0.00 ,$0.00 ,$273.68 ,$0.00 ,$0.00 ,$0.00 ,$273.68 ,$404.66 ,"$63,974.74 "
"3535 West Loop 820 South  Fort Worth, TX 76116",GMC Truck,Auto - GMC Truck Plant (Floorplan-New) - East,2/17/2026,214728,2/17/2026,9/17/2027,2026 GMC Truck GMC SIER 25D,Automobile,GMC SIER 25D,1GT4UREY8TF214728,,"$86,226.83 ","$86,226.83 ",$0.00 ,,$0.00 ,$0.00 ,$0.00 ,"$86,226.83 ",$0.00 ,$0.00 ,$0.00 ,$0.00 ,$0.00 ,$368.87 ,$0.00 ,$0.00 ,$0.00 ,$368.87 ,$511.76 ,"$86,226.83 "
"3535 West Loop 820 South  Fort Worth, TX 76116",GMC Truck,Auto - GMC Truck Plant (Floorplan-New) - East,2/18/2026,214781,2/18/2026,9/18/2027,2026 GMC Truck GMC SIER 25D,Automobile,GMC SIER 25D,1GT4UREY1TF214781,,"$86,781.83 ","$86,781.83 ",$0.00 ,,$0.00 ,$0.00 ,$0.00 ,"$86,781.83 ",$0.00 ,$0.00 ,$0.00 ,$0.00 ,$0.00 ,$371.24 ,$0.00 ,$0.00 ,$0.00 ,$371.24 ,$503.06 ,"$86,781.83 "
"3535 West Loop 820 South  Fort Worth, TX 76116",GMC Truck,Auto - GMC Truck Plant (Floorplan-New) - East,2/17/2026,214828,2/17/2026,9/17/2027,2026 GMC Truck GMC SIER 25D,Automobile,GMC SIER 25D,1GT4UREY1TF214828,G36312,"$86,226.83 ","$86,226.83 ",$0.00 ,,"($86,226.83)",$0.00 ,"($86,226.83)",$0.00 ,$0.00 ,$0.00 ,$0.00 ,$0.00 ,$0.00 ,$119.00 ,$0.00 ,$0.00 ,$0.00 ,$119.00 ,$261.89 ,"$27,815.11 "
"3535 West Loop 820 South  Fort Worth, TX 76116",GMC Truck,Auto - GMC Truck Plant (Floorplan-New) - East,2/18/2026,214844,2/18/2026,9/18/2027,2026 GMC Truck GMC SIER 25D,Automobile,GMC SIER 25D,1GT4UREYXTF214844,,"$86,226.83 ","$86,226.83 ",$0.00 ,,$0.00 ,$0.00 ,$0.00 ,"$86,226.83 ",$0.00 ,$0.00 ,$0.00 ,$0.00 ,$0.00 ,$368.87 ,$0.00 ,$0.00 ,$0.00 ,$368.87 ,$499.85 ,"$86,226.83 "
"3535 West Loop 820 South  Fort Worth, TX 76116",GMC Truck,Auto - GMC Truck Plant (Floorplan-New) - East,2/18/2026,214914,2/18/2026,9/18/2027,2026 GMC Truck GMC SIER 25D,Automobile,GMC SIER 25D,1GT4UREY5TF214914,G36331,"$86,226.83 ","$86,226.83 ",$0.00 ,,"($86,226.83)",$0.00 ,"($86,226.83)",$0.00 ,$0.00 ,$0.00 ,$0.00 ,$0.00 ,$0.00 ,$202.29 ,$0.00 ,$0.00 ,$0.00 ,$202.29 ,$333.27 ,"$47,285.68 "
"3535 West Loop 820 South  Fort Worth, TX 76116",GMC Truck,Auto - GMC Truck Plant (Floorplan-New) - East,12/17/2025,215994,12/17/2025,7/17/2027,2026 GMC Truck GMC YUK 2LEL,Automobile,GMC YUK 2LEL,1GKS1GKD0TR215994,G36133,"$75,889.95 ","$75,889.95 ",$0.00 ,,"($75,889.95)",$0.00 ,"($75,889.95)",$0.00 ,$0.00 ,$0.00 ,$0.00 ,$0.00 ,$0.00 ,$157.09 ,$0.00 ,$0.00 ,$0.00 ,$157.09 ,$941.22 ,"$36,720.94 "
"3535 West Loop 820 South  Fort Worth, TX 76116",GMC Truck,Auto - GMC Truck Plant (Floorplan-New) - East,2/19/2026,217010,2/19/2026,9/19/2027,2026 GMC Truck GMC SIER 25A,Automobile,GMC SIER 25A,1GT4UPEY3TF217010,G36330,"$85,413.45 ","$85,413.45 ",$0.00 ,,"($85,413.45)",$0.00 ,"($85,413.45)",$0.00 ,$0.00 ,$0.00 ,$0.00 ,$0.00 ,$0.00 ,$35.36 ,$0.00 ,$0.00 ,$0.00 ,$35.36 ,$153.31 ,"$8,265.82 "
"3535 West Loop 820 South  Fort Worth, TX 76116",GMC Truck,Auto - GMC Truck Plant (Floorplan-New) - East,8/7/2025,221075,8/7/2025,3/7/2027,2025 GMC Truck GMC TERRN AT,Automobile,GMC TERRN AT,3GKALYEG0TL221075,,"$41,167.60 ","$41,167.60 ",$0.00 ,,$0.00 ,$0.00 ,$0.00 ,"$41,167.60 ",$0.00 ,$0.00 ,$0.00 ,$0.00 ,$0.00 ,$176.10 ,$0.00 ,$0.00 ,$0.00 ,$176.10 ,"$1,423.53 ","$41,167.60 "
"3535 West Loop 820 South  Fort Worth, TX 76116",GMC Truck,Auto - GMC Truck Plant (Floorplan-New) - East,8/7/2025,221270,8/7/2025,3/7/2027,2025 GMC Truck GMC TERRN AT,Automobile,GMC TERRN AT,3GKALYEG9TL221270,G35089,"$41,167.60 ","$41,167.60 ",$0.00 ,,"($41,167.60)",$0.00 ,"($41,167.60)",$0.00 ,$0.00 ,$0.00 ,$0.00 ,$0.00 ,$0.00 ,$45.45 ,$0.00 ,$0.00 ,$0.00 ,$45.45 ,"$1,292.88 ","$10,623.90 "
"3535 West Loop 820 South  Fort Worth, TX 76116",GMC Truck,Auto - GMC Truck Plant (Floorplan-New) - East,8/11/2025,221470,8/11/2025,3/11/2027,2025 GMC Truck GMC TERRN AT,Automobile,GMC TERRN AT,3GKALYEG6TL221470,,"$41,167.60 ","$41,167.60 ",$0.00 ,,$0.00 ,$0.00 ,$0.00 ,"$41,167.60 ",$0.00 ,$0.00 ,$0.00 ,$0.00 ,$0.00 ,$176.10 ,$0.00 ,$0.00 ,$0.00 ,$176.10 ,"$1,397.67 ","$41,167.60 "
"3535 West Loop 820 South  Fort Worth, TX 76116",GMC Truck,Auto - GMC Truck Plant (Floorplan-New) - East,8/8/2025,222915,8/8/2025,3/8/2027,2025 GMC Truck GMC TERRN AT,Automobile,GMC TERRN AT,3GKALYEG1TL222915,,"$41,627.95 ","$41,627.95 ",$0.00 ,,$0.00 ,$0.00 ,$0.00 ,"$41,627.95 ",$0.00 ,$0.00 ,$0.00 ,$0.00 ,$0.00 ,$178.08 ,$0.00 ,$0.00 ,$0.00 ,$178.08 ,"$1,432.91 ","$41,627.95 "
"3535 West Loop 820 South  Fort Worth, TX 76116",GMC Truck,Auto - GMC Truck Plant (Floorplan-New) - East,8/8/2025,222972,8/8/2025,3/8/2027,2025 GMC Truck GMC TERRN AT,Automobile,GMC TERRN AT,3GKALYEG2TL222972,G35086,"$41,627.95 ","$41,627.95 ",$0.00 ,,$0.00 ,$0.00 ,$0.00 ,"$41,627.95 ",$0.00 ,$0.00 ,$0.00 ,$0.00 ,$0.00 ,$178.08 ,$0.00 ,$0.00 ,$0.00 ,$178.08 ,"$1,432.91 ","$41,627.95 "
"3535 West Loop 820 South  Fort Worth, TX 76116",GMC Truck,Auto - GMC Truck Plant (Floorplan-New) - East,2/26/2026,223429,2/26/2026,9/26/2027,2026 GMC Truck GMC SIER 25D,Automobile,GMC SIER 25D,1GT4UREYXTF223429,,"$88,534.70 ","$88,534.70 ",$0.00 ,,$0.00 ,$0.00 ,$0.00 ,"$88,534.70 ",$0.00 ,$0.00 ,$0.00 ,$0.00 ,$0.00 ,$378.74 ,$0.00 ,$0.00 ,$0.00 ,$378.74 ,$415.42 ,"$88,534.70 "
"3535 West Loop 820 South  Fort Worth, TX 76116",GMC Truck,Auto - GMC Truck Plant (Floorplan-New) - East,2/27/2026,223466,2/27/2026,9/27/2027,2026 GMC Truck GMC SIER 25D,Automobile,GMC SIER 25D,1GT4UREY5TF223466,,"$88,534.70 ","$88,534.70 ",$0.00 ,,$0.00 ,$0.00 ,$0.00 ,"$88,534.70 ",$0.00 ,$0.00 ,$0.00 ,$0.00 ,$0.00 ,$378.74 ,$0.00 ,$0.00 ,$0.00 ,$378.74 ,$403.19 ,"$88,534.70 "
"3535 West Loop 820 South  Fort Worth, TX 76116",GMC Truck,Auto - GMC Truck Plant (Floorplan-New) - East,3/2/2026,223559,3/2/2026,10/2/2027,2026 GMC Truck GMC SIER 25D,Automobile,GMC SIER 25D,1GT4UREY1TF223559,G36611,"$89,089.70 ",$0.00 ,"$89,089.70 ",3/2/2026,"($89,089.70)",$0.00 ,$0.00 ,$0.00 ,$0.00 ,$0.00 ,$0.00 ,$0.00 ,$0.00 ,$356.52 ,$0.00 ,$0.00 ,$0.00 ,$356.52 ,$356.52 ,"$83,341.98 "
"3535 West Loop 820 South  Fort Worth, TX 76116",GMC Truck,Auto - GMC Truck Plant (Floorplan-New) - East,2/27/2026,223604,2/27/2026,9/27/2027,2026 GMC Truck GMC SIER 25D,Automobile,GMC SIER 25D,1GT4UREY2TF223604,,"$89,089.70 ","$89,089.70 ",$0.00 ,,$0.00 ,$0.00 ,$0.00 ,"$89,089.70 ",$0.00 ,$0.00 ,$0.00 ,$0.00 ,$0.00 ,$381.11 ,$0.00 ,$0.00 ,$0.00 ,$381.11 ,$405.72 ,"$89,089.70 "
"3535 West Loop 820 South  Fort Worth, TX 76116",GMC Truck,Auto - GMC Truck Plant (Floorplan-New) - East,2/27/2026,223887,2/27/2026,9/27/2027,2026 GMC Truck GMC SIER 25D,Automobile,GMC SIER 25D,1GT4UREY7TF223887,G36537,"$88,534.70 ","$88,534.70 ",$0.00 ,,"($88,534.70)",$0.00 ,"($88,534.70)",$0.00 ,$0.00 ,$0.00 ,$0.00 ,$0.00 ,$0.00 ,$366.52 ,$0.00 ,$0.00 ,$0.00 ,$366.52 ,$390.97 ,"$85,678.74 "
"3535 West Loop 820 South  Fort Worth, TX 76116",GMC Truck,Auto - GMC Truck Plant (Floorplan-New) - East,2/27/2026,224018,2/27/2026,9/27/2027,2026 GMC Truck GMC SIER 25D,Automobile,GMC SIER 25D,1GT4UREY5TF224018,,"$88,534.70 ","$88,534.70 ",$0.00 ,,$0.00 ,$0.00 ,$0.00 ,"$88,534.70 ",$0.00 ,$0.00 ,$0.00 ,$0.00 ,$0.00 ,$378.74 ,$0.00 ,$0.00 ,$0.00 ,$378.74 ,$403.19 ,"$88,534.70 "
"3535 West Loop 820 South  Fort Worth, TX 76116",GMC Truck,Auto - GMC Truck Plant (Floorplan-New) - East,2/26/2026,224073,2/26/2026,9/26/2027,2026 GMC Truck GMC SIER 25D,Automobile,GMC SIER 25D,1GT4UREY2TF224073,,"$89,089.70 ","$89,089.70 ",$0.00 ,,$0.00 ,$0.00 ,$0.00 ,"$89,089.70 ",$0.00 ,$0.00 ,$0.00 ,$0.00 ,$0.00 ,$381.11 ,$0.00 ,$0.00 ,$0.00 ,$381.11 ,$418.02 ,"$89,089.70 "
"3535 West Loop 820 South  Fort Worth, TX 76116",GMC Truck,Auto - GMC Truck Plant (Floorplan-New) - East,3/2/2026,224136,3/2/2026,10/2/2027,2026 GMC Truck GMC SIER 25A,Automobile,GMC SIER 25A,1GT4UPEY5TF224136,G36546,"$86,791.70 ",$0.00 ,"$86,791.70 ",3/2/2026,"($86,791.70)",$0.00 ,$0.00 ,$0.00 ,$0.00 ,$0.00 ,$0.00 ,$0.00 ,$0.00 ,$347.32 ,$0.00 ,$0.00 ,$0.00 ,$347.32 ,$347.32 ,"$81,192.24 "
"3535 West Loop 820 South  Fort Worth, TX 76116",GMC Truck,Auto - GMC Truck Plant (Floorplan-New) - East,2/27/2026,224149,2/27/2026,9/27/2027,2026 GMC Truck GMC SIER 25D,Automobile,GMC SIER 25D,1GT4UREY9TF224149,,"$89,089.70 ","$89,089.70 ",$0.00 ,,$0.00 ,$0.00 ,$0.00 ,"$89,089.70 ",$0.00 ,$0.00 ,$0.00 ,$0.00 ,$0.00 ,$381.11 ,$0.00 ,$0.00 ,$0.00 ,$381.11 ,$405.72 ,"$89,089.70 "
"3535 West Loop 820 South  Fort Worth, TX 76116",GMC Truck,Auto - GMC Truck Plant (Floorplan-New) - East,3/2/2026,224155,3/2/2026,10/2/2027,2026 GMC Truck GMC SIER 25A,Automobile,GMC SIER 25A,1GT4UPEY9TF224155,,"$86,930.45 ",$0.00 ,"$86,930.45 ",3/2/2026,$0.00 ,$0.00 ,"$86,930.45 ","$86,930.45 ",$0.00 ,$0.00 ,$0.00 ,$0.00 ,$0.00 ,$359.87 ,$0.00 ,$0.00 ,$0.00 ,$359.87 ,$359.87 ,"$84,126.24 "
"3535 West Loop 820 South  Fort Worth, TX 76116",GMC Truck,Auto - GMC Truck Plant (Floorplan-New) - East,3/2/2026,224247,3/2/2026,10/2/2027,2026 GMC Truck GMC SIER 25D,Automobile,GMC SIER 25D,1GT4UREY9TF224247,,"$88,534.70 ",$0.00 ,"$88,534.70 ",3/2/2026,$0.00 ,$0.00 ,"$88,534.70 ","$88,534.70 ",$0.00 ,$0.00 ,$0.00 ,$0.00 ,$0.00 ,$366.51 ,$0.00 ,$0.00 ,$0.00 ,$366.51 ,$366.51 ,"$85,678.74 "
"3535 West Loop 820 South  Fort Worth, TX 76116",GMC Truck,Auto - GMC Truck Plant (Floorplan-New) - East,3/9/2026,224390,3/9/2026,10/9/2027,2026 GMC Truck GMC SIER 25A,Automobile,GMC SIER 25A,1GT4UZEY3TF224390,G36424,"$93,581.58 ",$0.00 ,"$93,581.58 ",3/9/2026,"($93,581.58)",$0.00 ,$0.00 ,$0.00 ,$0.00 ,$0.00 ,$0.00 ,$0.00 ,$0.00 ,$103.31 ,$0.00 ,$0.00 ,$0.00 ,$103.31 ,$103.31 ,"$24,150.09 "
"3535 West Loop 820 South  Fort Worth, TX 76116",GMC Truck,Auto - GMC Truck Plant (Floorplan-New) - East,3/5/2026,224408,3/5/2026,10/5/2027,2026 GMC Truck GMC SIER 25A,Automobile,GMC SIER 25A,1GT4UZEY7TF224408,G36478,"$94,039.45 ",$0.00 ,"$94,039.45 ",3/5/2026,"($94,039.45)",$0.00 ,$0.00 ,$0.00 ,$0.00 ,$0.00 ,$0.00 ,$0.00 ,$0.00 ,$337.39 ,$0.00 ,$0.00 ,$0.00 ,$337.39 ,$337.39 ,"$78,871.80 "
"3535 West Loop 820 South  Fort Worth, TX 76116",GMC Truck,Auto - GMC Truck Plant (Floorplan-New) - East,3/5/2026,224471,3/5/2026,10/5/2027,2026 GMC Truck GMC SIER 25D,Automobile,GMC SIER 25D,1GT4UREY3TF224471,G36510,"$88,534.70 ",$0.00 ,"$88,534.70 ",3/5/2026,"($88,534.70)",$0.00 ,$0.00 ,$0.00 ,$0.00 ,$0.00 ,$0.00 ,$0.00 ,$0.00 ,$305.43 ,$0.00 ,$0.00 ,$0.00 ,$305.43 ,$305.43 ,"$71,398.95 "
"3535 West Loop 820 South  Fort Worth, TX 76116",GMC Truck,Auto - GMC Truck Plant (Floorplan-New) - East,3/2/2026,224506,3/2/2026,10/2/2027,2026 GMC Truck GMC SIER 25D,Automobile,GMC SIER 25D,1GT4UREY7TF224506,,"$88,534.70 ",$0.00 ,"$88,534.70 ",3/2/2026,$0.00 ,$0.00 ,"$88,534.70 ","$88,534.70 ",$0.00 ,$0.00 ,$0.00 ,$0.00 ,$0.00 ,$366.51 ,$0.00 ,$0.00 ,$0.00 ,$366.51 ,$366.51 ,"$85,678.74 "
"3535 West Loop 820 South  Fort Worth, TX 76116",GMC Truck,Auto - GMC Truck Plant (Floorplan-New) - East,3/2/2026,224575,3/2/2026,10/2/2027,2026 GMC Truck GMC SIER 25D,Automobile,GMC SIER 25D,1GT4UREY4TF224575,,"$88,534.70 ",$0.00 ,"$88,534.70 ",3/2/2026,$0.00 ,$0.00 ,"$88,534.70 ","$88,534.70 ",$0.00 ,$0.00 ,$0.00 ,$0.00 ,$0.00 ,$366.51 ,$0.00 ,$0.00 ,$0.00 ,$366.51 ,$366.51 ,"$85,678.74 "
"3535 West Loop 820 South  Fort Worth, TX 76116",GMC Truck,Auto - GMC Truck Plant (Floorplan-New) - East,8/12/2025,225551,8/12/2025,3/12/2027,2025 GMC Truck GMC TERRN AT,Automobile,GMC TERRN AT,3GKALYEG4TL225551,,"$42,709.75 ","$42,709.75 ",$0.00 ,,$0.00 ,$0.00 ,$0.00 ,"$42,709.75 ",$0.00 ,$0.00 ,$0.00 ,$0.00 ,$0.00 ,$182.71 ,$0.00 ,$0.00 ,$0.00 ,$182.71 ,"$1,443.33 ","$42,709.75 "
"3535 West Loop 820 South  Fort Worth, TX 76116",GMC Truck,Auto - GMC Truck Plant (Floorplan-New) - East,8/11/2025,225601,8/11/2025,3/11/2027,2025 GMC Truck GMC TERRN AT,Automobile,GMC TERRN AT,3GKALYEG4TL225601,G35108,"$41,627.95 ","$41,627.95 ",$0.00 ,,"($41,627.95)",$0.00 ,"($41,627.95)",$0.00 ,$0.00 ,$0.00 ,$0.00 ,$0.00 ,$0.00 ,$172.33 ,$0.00 ,$0.00 ,$0.00 ,$172.33 ,"$1,407.55 ","$40,285.11 "
"3535 West Loop 820 South  Fort Worth, TX 76116",GMC Truck,Auto - GMC Truck Plant (Floorplan-New) - East,11/17/2025,228737,11/17/2025,6/17/2027,2026 GMC Truck GMC SIER 15E,Automobile,GMC SIER 15E,1GTRHCED9TZ228737,G35856,"$56,066.35 ","$56,066.35 ",$0.00 ,,"($56,066.35)",$0.00 ,"($56,066.35)",$0.00 ,$0.00 ,$0.00 ,$0.00 ,$0.00 ,$0.00 ,$201.16 ,$0.00 ,$0.00 ,$0.00 ,$201.16 ,"$1,024.58 ","$47,023.39 "
"3535 West Loop 820 South  Fort Worth, TX 76116",GMC Truck,Auto - GMC Truck Plant (Floorplan-New) - East,1/9/2026,229140,1/9/2026,8/9/2027,2026 GMC Truck GMC YUK 4DEN,Automobile,GMC YUK 4DEN,1GKS2EKL3TR229140,G36142,"$105,152.28 ","$105,152.28 ",$0.00 ,,"($105,152.28)",$0.00 ,"($105,152.28)",$0.00 ,$0.00 ,$0.00 ,$0.00 ,$0.00 ,$0.00 ,$232.17 ,$0.00 ,$0.00 ,$0.00 ,$232.17 ,$974.70 ,"$54,272.14 "
"3535 West Loop 820 South  Fort Worth, TX 76116",GMC Truck,Auto - GMC Truck Plant (Floorplan-New) - East,1/12/2026,231307,1/12/2026,8/12/2027,2026 GMC Truck GMC YUK 4XEL,Automobile,GMC YUK 4XEL,1GKS2GKD6TR231307,G36155,"$84,504.98 ","$84,504.98 ",$0.00 ,,"($84,504.98)",$0.00 ,"($84,504.98)",$0.00 ,$0.00 ,$0.00 ,$0.00 ,$0.00 ,$0.00 ,$174.92 ,$0.00 ,$0.00 ,$0.00 ,$174.92 ,$736.44 ,"$40,889.51 "
"3535 West Loop 820 South  Fort Worth, TX 76116",GMC Truck,Auto - GMC Truck Plant (Floorplan-New) - East,12/16/2025,232120,12/16/2025,7/16/2027,2026 GMC Truck GMC ACAD ELV,Automobile,GMC ACAD ELV,1GKENKKS0TJ232120,,"$47,614.55 ","$47,614.55 ",$0.00 ,,$0.00 ,$0.00 ,$0.00 ,"$47,614.55 ",$0.00 ,$0.00 ,$0.00 ,$0.00 ,$0.00 ,$203.69 ,$0.00 ,$0.00 ,$0.00 ,$203.69 ,$702.50 ,"$47,614.55 "
"3535 West Loop 820 South  Fort Worth, TX 76116",GMC Truck,Auto - GMC Truck Plant (Floorplan-New) - East,12/16/2025,232191,12/16/2025,7/16/2027,2026 GMC Truck GMC ACAD ELV,Automobile,GMC ACAD ELV,1GKENKKS1TJ232191,G36035,"$47,059.55 ","$47,059.55 ",$0.00 ,,"($47,059.55)",$0.00 ,"($47,059.55)",$0.00 ,$0.00 ,$0.00 ,$0.00 ,$0.00 ,$0.00 ,$64.94 ,$0.00 ,$0.00 ,$0.00 ,$64.94 ,$557.95 ,"$15,180.50 "
"3535 West Loop 820 South  Fort Worth, TX 76116",GMC Truck,Auto - GMC Truck Plant (Floorplan-New) - East,12/16/2025,232194,12/16/2025,7/16/2027,2026 GMC Truck GMC ACAD ELV,Automobile,GMC ACAD ELV,1GKENKKS7TJ232194,G36074,"$47,614.55 ","$47,614.55 ",$0.00 ,,$0.00 ,$0.00 ,$0.00 ,"$47,614.55 ",$0.00 ,$0.00 ,$0.00 ,$0.00 ,$0.00 ,$203.69 ,$0.00 ,$0.00 ,$0.00 ,$203.69 ,$702.50 ,"$47,614.55 "
"3535 West Loop 820 South  Fort Worth, TX 76116",GMC Truck,Auto - GMC Truck Plant (Floorplan-New) - East,12/16/2025,232589,12/16/2025,7/16/2027,2026 GMC Truck GMC ACAD ELV,Automobile,GMC ACAD ELV,1GKENKKS8TJ232589,,"$47,059.55 ","$47,059.55 ",$0.00 ,,$0.00 ,$0.00 ,$0.00 ,"$47,059.55 ",$0.00 ,$0.00 ,$0.00 ,$0.00 ,$0.00 ,$201.31 ,$0.00 ,$0.00 ,$0.00 ,$201.31 ,$694.32 ,"$47,059.55 "
"3535 West Loop 820 South  Fort Worth, TX 76116",GMC Truck,Auto - GMC Truck Plant (Floorplan-New) - East,12/16/2025,232645,12/16/2025,7/16/2027,2026 GMC Truck GMC ACAD ELV,Automobile,GMC ACAD ELV,1GKENKKS3TJ232645,G36055,"$47,059.55 ","$47,059.55 ",$0.00 ,,$0.00 ,$0.00 ,$0.00 ,"$47,059.55 ",$0.00 ,$0.00 ,$0.00 ,$0.00 ,$0.00 ,$201.31 ,$0.00 ,$0.00 ,$0.00 ,$201.31 ,$694.32 ,"$47,059.55 "
"3535 West Loop 820 South  Fort Worth, TX 76116",GMC Truck,Auto - GMC Truck Plant (Floorplan-New) - East,11/24/2025,233456,11/24/2025,6/24/2027,2026 GMC Truck GMC SIER 15E,Automobile,GMC SIER 15E,1GTRHCED4TZ233456,,"$55,329.50 ","$55,329.50 ",$0.00 ,,$0.00 ,$0.00 ,$0.00 ,"$55,329.50 ",$0.00 ,$0.00 ,$0.00 ,$0.00 ,$0.00 ,$236.69 ,$0.00 ,$0.00 ,$0.00 ,$236.69 ,$992.43 ,"$55,329.50 "
"3535 West Loop 820 South  Fort Worth, TX 76116",GMC Truck,Auto - GMC Truck Plant (Floorplan-New) - East,8/20/2025,234897,8/20/2025,3/20/2027,2025 GMC Truck GMC TERRN AT,Automobile,GMC TERRN AT,3GKALYEG8TL234897,,"$41,742.55 ","$41,742.55 ",$0.00 ,,$0.00 ,$0.00 ,$0.00 ,"$41,742.55 ",$0.00 ,$0.00 ,$0.00 ,$0.00 ,$0.00 ,$178.56 ,$0.00 ,$0.00 ,$0.00 ,$178.56 ,"$1,358.20 ","$41,742.55 "
"3535 West Loop 820 South  Fort Worth, TX 76116",GMC Truck,Auto - GMC Truck Plant (Floorplan-New) - East,8/21/2025,235755,8/21/2025,3/21/2027,2025 GMC Truck GMC TERRN AT,Automobile,GMC TERRN AT,3GKALYEG4TL235755,G35256,"$42,202.90 ","$42,202.90 ",$0.00 ,,$0.00 ,$0.00 ,$0.00 ,"$42,202.90 ",$0.00 ,$0.00 ,$0.00 ,$0.00 ,$0.00 ,$180.54 ,$0.00 ,$0.00 ,$0.00 ,$180.54 ,"$1,366.54 ","$42,202.90 "
"3535 West Loop 820 South  Fort Worth, TX 76116",GMC Truck,Auto - GMC Truck Plant (Floorplan-New) - East,12/22/2025,236565,12/22/2025,7/22/2027,2026 GMC Truck GMC ACAD ELV,Automobile,GMC ACAD ELV,1GKENKKS3TJ236565,,"$48,447.05 ","$48,447.05 ",$0.00 ,,$0.00 ,$0.00 ,$0.00 ,"$48,447.05 ",$0.00 ,$0.00 ,$0.00 ,$0.00 ,$0.00 ,$207.25 ,$0.00 ,$0.00 ,$0.00 ,$207.25 ,$673.02 ,"$48,447.05 "
"3535 West Loop 820 South  Fort Worth, TX 76116",GMC Truck,Auto - GMC Truck Plant (Floorplan-New) - East,3/16/2026,237639,3/16/2026,10/16/2027,2026 GMC Truck GMC SIER 25A,Automobile,GMC SIER 25A,1GT4UPEY8TF237639,G36441,"$84,442.20 ",$0.00 ,"$84,442.20 ",3/16/2026,"($84,442.20)",$0.00 ,$0.00 ,$0.00 ,$0.00 ,$0.00 ,$0.00 ,$0.00 ,$0.00 ,$93.22 ,$0.00 ,$0.00 ,$0.00 ,$93.22 ,$93.22 ,"$21,791.54 "
"3535 West Loop 820 South  Fort Worth, TX 76116",GMC Truck,Auto - GMC Truck Plant (Floorplan-New) - East,3/16/2026,237672,3/16/2026,10/16/2027,2026 GMC Truck GMC SIER 25A,Automobile,GMC SIER 25A,1GT4UPEY6TF237672,G36454,"$84,442.20 ",$0.00 ,"$84,442.20 ",3/16/2026,"($84,442.20)",$0.00 ,$0.00 ,$0.00 ,$0.00 ,$0.00 ,$0.00 ,$0.00 ,$0.00 ,$23.30 ,$0.00 ,$0.00 ,$0.00 ,$23.30 ,$23.30 ,"$5,447.88 "
"3535 West Loop 820 South  Fort Worth, TX 76116",GMC Truck,Auto - GMC Truck Plant (Floorplan-New) - East,8/25/2025,239797,8/25/2025,3/25/2027,2025 GMC Truck GMC TERRN AT,Automobile,GMC TERRN AT,3GKALYEG7TL239797,,"$42,202.90 ","$42,202.90 ",$0.00 ,,$0.00 ,$0.00 ,$0.00 ,"$42,202.90 ",$0.00 ,$0.00 ,$0.00 ,$0.00 ,$0.00 ,$180.54 ,$0.00 ,$0.00 ,$0.00 ,$180.54 ,"$1,340.02 ","$42,202.90 "
"3535 West Loop 820 South  Fort Worth, TX 76116",GMC Truck,Auto - GMC Truck Plant (Floorplan-New) - East,1/23/2026,241899,1/23/2026,8/23/2027,2026 GMC Truck GMC YUK 4XEL,Automobile,GMC YUK 4XEL,1GKS2GKD8TR241899,,"$81,734.60 ","$81,734.60 ",$0.00 ,,$0.00 ,$0.00 ,$0.00 ,"$81,734.60 ",$0.00 ,$0.00 ,$0.00 ,$0.00 ,$0.00 ,$349.65 ,$0.00 ,$0.00 ,$0.00 ,$349.65 ,$767.91 ,"$81,734.60 "
"3535 West Loop 820 South  Fort Worth, TX 76116",GMC Truck,Auto - GMC Truck Plant (Floorplan-New) - East,11/28/2025,242299,11/28/2025,6/28/2027,2025 GMC Truck GMC TERRN AT,Automobile,GMC TERRN AT,3GKALYEG6TL242299,G36000,"$40,020.48 ","$40,020.48 ",$0.00 ,,"($40,020.48)",$0.00 ,"($40,020.48)",$0.00 ,$0.00 ,$0.00 ,$0.00 ,$0.00 ,$0.00 ,$55.23 ,$0.00 ,$0.00 ,$0.00 ,$55.23 ,$578.38 ,"$12,909.83 "
"3535 West Loop 820 South  Fort Worth, TX 76116",GMC Truck,Auto - GMC Truck Plant (Floorplan-New) - East,11/28/2025,243080,11/28/2025,6/28/2027,2025 GMC Truck GMC TERRN DE,Automobile,GMC TERRN DE,3GKALZEG7TL243080,G36001,"$41,086.45 ","$41,086.45 ",$0.00 ,,$0.00 ,$0.00 ,$0.00 ,"$41,086.45 ",$0.00 ,$0.00 ,$0.00 ,$0.00 ,$0.00 ,$175.76 ,$0.00 ,$0.00 ,$0.00 ,$175.76 ,$712.84 ,"$41,086.45 "
"3535 West Loop 820 South  Fort Worth, TX 76116",GMC Truck,Auto - GMC Truck Plant (Floorplan-New) - East,3/23/2026,243706,3/23/2026,10/23/2027,2026 GMC Truck GMC SIER 25A,Automobile,GMC SIER 25A,1GT4UPE76TF243706,,"$74,424.45 ",$0.00 ,"$74,424.45 ",3/23/2026,$0.00 ,$0.00 ,"$74,424.45 ","$74,424.45 ",$0.00 ,$0.00 ,$0.00 ,$0.00 ,$0.00 ,$92.43 ,$0.00 ,$0.00 ,$0.00 ,$92.43 ,$92.43 ,"$21,607.10 "
"3535 West Loop 820 South  Fort Worth, TX 76116",GMC Truck,Auto - GMC Truck Plant (Floorplan-New) - East,12/29/2025,243708,12/29/2025,7/29/2027,2026 GMC Truck GMC ACAD ELV,Automobile,GMC ACAD ELV,1GKENKKS1TJ243708,G36100,"$50,951.83 ","$50,951.83 ",$0.00 ,,"($50,951.83)",$0.00 ,"($50,951.83)",$0.00 ,$0.00 ,$0.00 ,$0.00 ,$0.00 ,$0.00 ,$21.10 ,$0.00 ,$0.00 ,$0.00 ,$21.10 ,$459.71 ,"$4,930.82 "
"3535 West Loop 820 South  Fort Worth, TX 76116",GMC Truck,Auto - GMC Truck Plant (Floorplan-New) - East,12/4/2025,243739,12/4/2025,7/4/2027,2026 GMC Truck GMC SIER 15D,Automobile,GMC SIER 15D,1GTUUGE80TZ243739,,"$75,241.70 ","$75,241.70 ",$0.00 ,,$0.00 ,$0.00 ,$0.00 ,"$75,241.70 ",$0.00 ,$0.00 ,$0.00 ,$0.00 ,$0.00 ,$321.87 ,$0.00 ,$0.00 ,$0.00 ,$321.87 ,"$1,239.86 ","$75,241.70 "
"3535 West Loop 820 South  Fort Worth, TX 76116",GMC Truck,Auto - GMC Truck Plant (Floorplan-New) - East,12/29/2025,244496,12/29/2025,7/29/2027,2026 GMC Truck GMC ACAD ELV,Automobile,GMC ACAD ELV,1GKENKKS6TJ244496,,"$50,493.95 ","$50,493.95 ",$0.00 ,,$0.00 ,$0.00 ,$0.00 ,"$50,493.95 ",$0.00 ,$0.00 ,$0.00 ,$0.00 ,$0.00 ,$216.00 ,$0.00 ,$0.00 ,$0.00 ,$216.00 ,$650.68 ,"$50,493.95 "
"3535 West Loop 820 South  Fort Worth, TX 76116",GMC Truck,Auto - GMC Truck Plant (Floorplan-New) - East,12/29/2025,244547,12/29/2025,7/29/2027,2026 GMC Truck GMC ACAD ELV,Automobile,GMC ACAD ELV,1GKENKKS8TJ244547,,"$51,090.58 ","$51,090.58 ",$0.00 ,,$0.00 ,$0.00 ,$0.00 ,"$51,090.58 ",$0.00 ,$0.00 ,$0.00 ,$0.00 ,$0.00 ,$218.56 ,$0.00 ,$0.00 ,$0.00 ,$218.56 ,$658.37 ,"$51,090.58 "
"3535 West Loop 820 South  Fort Worth, TX 76116",GMC Truck,Auto - GMC Truck Plant (Floorplan-New) - East,11/28/2025,244816,11/28/2025,6/28/2027,2025 GMC Truck GMC TERRN AT,Automobile,GMC TERRN AT,3GKALYEGXTL244816,,"$39,577.45 ","$39,577.45 ",$0.00 ,,$0.00 ,$0.00 ,$0.00 ,"$39,577.45 ",$0.00 ,$0.00 ,$0.00 ,$0.00 ,$0.00 ,$169.31 ,$0.00 ,$0.00 ,$0.00 ,$169.31 ,$686.67 ,"$39,577.45 "
"3535 West Loop 820 South  Fort Worth, TX 76116",GMC Truck,Auto - GMC Truck Plant (Floorplan-New) - East,11/28/2025,245212,11/28/2025,6/28/2027,2025 GMC Truck GMC TERRN AT,Automobile,GMC TERRN AT,3GKALYEG5TL245212,G35998,"$40,020.48 ","$40,020.48 ",$0.00 ,,"($40,020.48)",$0.00 ,"($40,020.48)",$0.00 ,$0.00 ,$0.00 ,$0.00 ,$0.00 ,$0.00 ,$165.68 ,$0.00 ,$0.00 ,$0.00 ,$165.68 ,$688.83 ,"$38,729.50 "
"3535 West Loop 820 South  Fort Worth, TX 76116",GMC Truck,Auto - GMC Truck Plant (Floorplan-New) - East,1/27/2026,245871,1/27/2026,8/27/2027,2026 GMC Truck GMC YUK 4XDE,Automobile,GMC YUK 4XDE,1GKS2JKL0TR245871,,"$97,816.03 ","$97,816.03 ",$0.00 ,,$0.00 ,$0.00 ,$0.00 ,"$97,816.03 ",$0.00 ,$0.00 ,$0.00 ,$0.00 ,$0.00 ,$418.44 ,$0.00 ,$0.00 ,$0.00 ,$418.44 ,$864.64 ,"$97,816.03 "
"3535 West Loop 820 South  Fort Worth, TX 76116",GMC Truck,Auto - GMC Truck Plant (Floorplan-New) - East,12/30/2025,245941,12/30/2025,7/30/2027,2026 GMC Truck GMC ACAD ELV,Automobile,GMC ACAD ELV,1GKENKKS6TJ245941,,"$50,493.95 ","$50,493.95 ",$0.00 ,,$0.00 ,$0.00 ,$0.00 ,"$50,493.95 ",$0.00 ,$0.00 ,$0.00 ,$0.00 ,$0.00 ,$216.00 ,$0.00 ,$0.00 ,$0.00 ,$216.00 ,$643.42 ,"$50,493.95 "
"3535 West Loop 820 South  Fort Worth, TX 76116",GMC Truck,Auto - GMC Truck Plant (Floorplan-New) - East,2/2/2026,246778,2/2/2026,9/2/2027,2026 GMC Truck GMC YUK 4XDE,Automobile,GMC YUK 4XDE,1GKS2JKL4TR246778,,"$97,816.03 ","$97,816.03 ",$0.00 ,,$0.00 ,$0.00 ,$0.00 ,"$97,816.03 ",$0.00 ,$0.00 ,$0.00 ,$0.00 ,$0.00 ,$418.44 ,$0.00 ,$0.00 ,$0.00 ,$418.44 ,$783.14 ,"$97,816.03 "
"3535 West Loop 820 South  Fort Worth, TX 76116",GMC Truck,Auto - GMC Truck Plant (Floorplan-New) - East,1/16/2026,248122,1/16/2026,8/16/2027,2026 GMC Truck GMC ACAD ELV,Automobile,GMC ACAD ELV,1GKENKKS7TJ248122,G36160,"$48,643.95 ","$48,643.95 ",$0.00 ,,"($48,643.95)",$0.00 ,"($48,643.95)",$0.00 ,$0.00 ,$0.00 ,$0.00 ,$0.00 ,$0.00 ,$147.68 ,$0.00 ,$0.00 ,$0.00 ,$147.68 ,$443.90 ,"$34,521.51 "
"3535 West Loop 820 South  Fort Worth, TX 76116",GMC Truck,Auto - GMC Truck Plant (Floorplan-New) - East,1/20/2026,251288,1/20/2026,8/20/2027,2026 GMC Truck GMC ACAD ELV,Automobile,GMC ACAD ELV,1GKENKKS1TJ251288,,"$48,088.95 ","$48,088.95 ",$0.00 ,,$0.00 ,$0.00 ,$0.00 ,"$48,088.95 ",$0.00 ,$0.00 ,$0.00 ,$0.00 ,$0.00 ,$205.72 ,$0.00 ,$0.00 ,$0.00 ,$205.72 ,$471.84 ,"$48,088.95 "
"3535 West Loop 820 South  Fort Worth, TX 76116",GMC Truck,Auto - GMC Truck Plant (Floorplan-New) - East,11/28/2025,251384,11/28/2025,6/28/2027,2025 GMC Truck GMC TERRN DE,Automobile,GMC TERRN DE,3GKALZEG1TL251384,G36003,"$41,086.45 ","$41,086.45 ",$0.00 ,,$0.00 ,$0.00 ,$0.00 ,"$41,086.45 ",$0.00 ,$0.00 ,$0.00 ,$0.00 ,$0.00 ,$175.76 ,$0.00 ,$0.00 ,$0.00 ,$175.76 ,$712.84 ,"$41,086.45 "
"3535 West Loop 820 South  Fort Worth, TX 76116",GMC Truck,Auto - GMC Truck Plant (Floorplan-New) - East,1/20/2026,251389,1/20/2026,8/20/2027,2026 GMC Truck GMC ACAD ELV,Automobile,GMC ACAD ELV,1GKENKKS7TJ251389,,"$48,227.70 ","$48,227.70 ",$0.00 ,,$0.00 ,$0.00 ,$0.00 ,"$48,227.70 ",$0.00 ,$0.00 ,$0.00 ,$0.00 ,$0.00 ,$206.31 ,$0.00 ,$0.00 ,$0.00 ,$206.31 ,$473.20 ,"$48,227.70 "
"3535 West Loop 820 South  Fort Worth, TX 76116",GMC Truck,Auto - GMC Truck Plant (Floorplan-New) - East,1/20/2026,251563,1/20/2026,8/20/2027,2026 GMC Truck GMC ACAD ELV,Automobile,GMC ACAD ELV,1GKENKKS8TJ251563,,"$48,088.95 ","$48,088.95 ",$0.00 ,,$0.00 ,$0.00 ,$0.00 ,"$48,088.95 ",$0.00 ,$0.00 ,$0.00 ,$0.00 ,$0.00 ,$205.72 ,$0.00 ,$0.00 ,$0.00 ,$205.72 ,$471.84 ,"$48,088.95 "
"3535 West Loop 820 South  Fort Worth, TX 76116",GMC Truck,Auto - GMC Truck Plant (Floorplan-New) - East,2/6/2026,252621,2/6/2026,9/6/2027,2026 GMC Truck GMC YUK 4XAT,Automobile,GMC YUK 4XAT,1GKS2HKL0TR252621,G36211,"$86,596.10 ","$86,596.10 ",$0.00 ,,"($86,596.10)",$0.00 ,"($86,596.10)",$0.00 ,$0.00 ,$0.00 ,$0.00 ,$0.00 ,$0.00 ,$262.90 ,$0.00 ,$0.00 ,$0.00 ,$262.90 ,$537.94 ,"$61,455.30 "
"3535 West Loop 820 South  Fort Worth, TX 76116",GMC Truck,Auto - GMC Truck Plant (Floorplan-New) - East,1/23/2026,254659,1/23/2026,8/23/2027,2026 GMC Truck GMC ACAD ELV,Automobile,GMC ACAD ELV,1GKENKKS3TJ254659,,"$47,811.45 ","$47,811.45 ",$0.00 ,,$0.00 ,$0.00 ,$0.00 ,"$47,811.45 ",$0.00 ,$0.00 ,$0.00 ,$0.00 ,$0.00 ,$204.53 ,$0.00 ,$0.00 ,$0.00 ,$204.53 ,$449.19 ,"$47,811.45 "
"3535 West Loop 820 South  Fort Worth, TX 76116",GMC Truck,Auto - GMC Truck Plant (Floorplan-New) - East,2/11/2026,254809,2/11/2026,9/11/2027,2026 GMC Truck GMC YUK 4XAT,Automobile,GMC YUK 4XAT,1GKS2HKL6TR254809,G36261,"$86,596.10 ","$86,596.10 ",$0.00 ,,"($86,596.10)",$0.00 ,"($86,596.10)",$0.00 ,$0.00 ,$0.00 ,$0.00 ,$0.00 ,$0.00 ,$191.20 ,$0.00 ,$0.00 ,$0.00 ,$191.20 ,$406.45 ,"$44,694.76 "
"3535 West Loop 820 South  Fort Worth, TX 76116",GMC Truck,Auto - GMC Truck Plant (Floorplan-New) - East,1/26/2026,256404,1/26/2026,8/26/2027,2026 GMC Truck GMC ACAD ELV,Automobile,GMC ACAD ELV,1GKENKKS2TJ256404,,"$47,256.45 ","$47,256.45 ",$0.00 ,,$0.00 ,$0.00 ,$0.00 ,"$47,256.45 ",$0.00 ,$0.00 ,$0.00 ,$0.00 ,$0.00 ,$202.16 ,$0.00 ,$0.00 ,$0.00 ,$202.16 ,$424.29 ,"$47,256.45 "
"3535 West Loop 820 South  Fort Worth, TX 76116",GMC Truck,Auto - GMC Truck Plant (Floorplan-New) - East,1/26/2026,256509,1/26/2026,8/26/2027,2026 GMC Truck GMC ACAD ELV,Automobile,GMC ACAD ELV,1GKENKKS5TJ256509,,"$47,256.45 ","$47,256.45 ",$0.00 ,,$0.00 ,$0.00 ,$0.00 ,"$47,256.45 ",$0.00 ,$0.00 ,$0.00 ,$0.00 ,$0.00 ,$202.16 ,$0.00 ,$0.00 ,$0.00 ,$202.16 ,$424.29 ,"$47,256.45 "
"3535 West Loop 820 South  Fort Worth, TX 76116",GMC Truck,Auto - GMC Truck Plant (Floorplan-New) - East,2/10/2026,256754,2/10/2026,9/10/2027,2026 GMC Truck GMC YUK 4XAT,Automobile,GMC YUK 4XAT,1GKS2WKL0TR256754,G36248,"$99,776.40 ","$99,776.40 ",$0.00 ,,"($99,776.40)",$0.00 ,"($99,776.40)",$0.00 ,$0.00 ,$0.00 ,$0.00 ,$0.00 ,$0.00 ,$206.54 ,$0.00 ,$0.00 ,$0.00 ,$206.54 ,$468.33 ,"$48,278.90 "
"3535 West Loop 820 South  Fort Worth, TX 76116",GMC Truck,Auto - GMC Truck Plant (Floorplan-New) - East,2/13/2026,259694,2/13/2026,9/13/2027,2026 GMC Truck GMC YUK 4XAT,Automobile,GMC YUK 4XAT,1GKS2WKL1TR259694,G36329,"$100,234.28 ","$100,234.28 ",$0.00 ,,"($100,234.28)",$0.00 ,"($100,234.28)",$0.00 ,$0.00 ,$0.00 ,$0.00 ,$0.00 ,$0.00 ,$138.32 ,$0.00 ,$0.00 ,$0.00 ,$138.32 ,$359.78 ,"$32,333.64 "
"3535 West Loop 820 South  Fort Worth, TX 76116",GMC Truck,Auto - GMC Truck Plant (Floorplan-New) - East,2/13/2026,260445,2/13/2026,9/13/2027,2026 GMC Truck GMC YUK 4XAT,Automobile,GMC YUK 4XAT,1GKS2WKL7TR260445,,"$100,234.28 ","$100,234.28 ",$0.00 ,,$0.00 ,$0.00 ,$0.00 ,"$100,234.28 ",$0.00 ,$0.00 ,$0.00 ,$0.00 ,$0.00 ,$428.78 ,$0.00 ,$0.00 ,$0.00 ,$428.78 ,$650.24 ,"$100,234.28 "
"3535 West Loop 820 South  Fort Worth, TX 76116",GMC Truck,Auto - GMC Truck Plant (Floorplan-New) - East,2/17/2026,262748,2/17/2026,9/17/2027,2026 GMC Truck GMC YUK 2XDE,Automobile,GMC YUK 2XDE,1GKS1JKL5TR262748,,"$92,440.15 ","$92,440.15 ",$0.00 ,,$0.00 ,$0.00 ,$0.00 ,"$92,440.15 ",$0.00 ,$0.00 ,$0.00 ,$0.00 ,$0.00 ,$395.45 ,$0.00 ,$0.00 ,$0.00 ,$395.45 ,$548.63 ,"$92,440.15 "
"3535 West Loop 820 South  Fort Worth, TX 76116",GMC Truck,Auto - GMC Truck Plant (Floorplan-New) - East,2/18/2026,265434,2/18/2026,9/18/2027,2026 GMC Truck GMC YUK 2XDE,Automobile,GMC YUK 2XDE,1GKS1JKL8TR265434,,"$92,995.15 ","$92,995.15 ",$0.00 ,,$0.00 ,$0.00 ,$0.00 ,"$92,995.15 ",$0.00 ,$0.00 ,$0.00 ,$0.00 ,$0.00 ,$397.82 ,$0.00 ,$0.00 ,$0.00 ,$397.82 ,$539.08 ,"$92,995.15 "
"3535 West Loop 820 South  Fort Worth, TX 76116",GMC Truck,Auto - GMC Truck Plant (Floorplan-New) - East,2/20/2026,267347,2/20/2026,9/20/2027,2026 GMC Truck GMC YUK 2XDE,Automobile,GMC YUK 2XDE,1GKS1JKL1TR267347,,"$92,440.15 ","$92,440.15 ",$0.00 ,,$0.00 ,$0.00 ,$0.00 ,"$92,440.15 ",$0.00 ,$0.00 ,$0.00 ,$0.00 ,$0.00 ,$395.45 ,$0.00 ,$0.00 ,$0.00 ,$395.45 ,$510.34 ,"$92,440.15 "
"3535 West Loop 820 South  Fort Worth, TX 76116",GMC Truck,Auto - GMC Truck Plant (Floorplan-New) - East,1/2/2026,267995,1/2/2026,8/2/2027,2026 GMC Truck GMC SIER 15E,Automobile,GMC SIER 15E,1GTUUCE85TZ267995,G36138,"$65,565.23 ","$65,565.23 ",$0.00 ,,"($65,565.23)",$0.00 ,"($65,565.23)",$0.00 ,$0.00 ,$0.00 ,$0.00 ,$0.00 ,$0.00 ,$135.71 ,$0.00 ,$0.00 ,$0.00 ,$135.71 ,$662.44 ,"$31,725.11 "
"3535 West Loop 820 South  Fort Worth, TX 76116",GMC Truck,Auto - GMC Truck Plant (Floorplan-New) - East,1/30/2026,268860,1/30/2026,8/30/2027,2026 GMC Truck GMC SIER 15E,Automobile,GMC SIER 15E,1GTUUCE89TZ268860,G36189,"$65,107.35 ","$65,107.35 ",$0.00 ,,"($65,107.35)",$0.00 ,"($65,107.35)",$0.00 ,$0.00 ,$0.00 ,$0.00 ,$0.00 ,$0.00 ,$107.82 ,$0.00 ,$0.00 ,$0.00 ,$107.82 ,$377.69 ,"$25,202.85 "
"3535 West Loop 820 South  Fort Worth, TX 76116",GMC Truck,Auto - GMC Truck Plant (Floorplan-New) - East,1/30/2026,268918,1/30/2026,8/30/2027,2026 GMC Truck GMC SIER 15E,Automobile,GMC SIER 15E,1GTUUCE83TZ268918,G36190,"$65,107.35 ","$65,107.35 ",$0.00 ,,"($65,107.35)",$0.00 ,"($65,107.35)",$0.00 ,$0.00 ,$0.00 ,$0.00 ,$0.00 ,$0.00 ,$26.96 ,$0.00 ,$0.00 ,$0.00 ,$26.96 ,$296.83 ,"$6,300.71 "
"3535 West Loop 820 South  Fort Worth, TX 76116",GMC Truck,Auto - GMC Truck Plant (Floorplan-New) - East,2/2/2026,268932,2/2/2026,9/2/2027,2026 GMC Truck GMC SIER 15E,Automobile,GMC SIER 15E,1GTUUCE88TZ268932,G36309,"$65,565.23 ","$65,565.23 ",$0.00 ,,"($65,565.23)",$0.00 ,"($65,565.23)",$0.00 ,$0.00 ,$0.00 ,$0.00 ,$0.00 ,$0.00 ,$27.14 ,$0.00 ,$0.00 ,$0.00 ,$27.14 ,$271.60 ,"$6,345.02 "
"3535 West Loop 820 South  Fort Worth, TX 76116",GMC Truck,Auto - GMC Truck Plant (Floorplan-New) - East,1/30/2026,269601,1/30/2026,8/30/2027,2026 GMC Truck GMC SIER 15D,Automobile,GMC SIER 15D,1GTUUGEL7TZ269601,G36291,"$79,231.15 ","$79,231.15 ",$0.00 ,,"($79,231.15)",$0.00 ,"($79,231.15)",$0.00 ,$0.00 ,$0.00 ,$0.00 ,$0.00 ,$0.00 ,$32.81 ,$0.00 ,$0.00 ,$0.00 ,$32.81 ,$361.23 ,"$7,667.53 "
"3535 West Loop 820 South  Fort Worth, TX 76116",GMC Truck,Auto - GMC Truck Plant (Floorplan-New) - East,2/17/2026,269647,2/17/2026,9/17/2027,2026 GMC Truck GMC SIER 15D,Automobile,GMC SIER 15D,1GTUUGEL9TZ269647,,"$79,231.15 ","$79,231.15 ",$0.00 ,,$0.00 ,$0.00 ,$0.00 ,"$79,231.15 ",$0.00 ,$0.00 ,$0.00 ,$0.00 ,$0.00 ,$338.94 ,$0.00 ,$0.00 ,$0.00 ,$338.94 ,$470.23 ,"$79,231.15 "
"3535 West Loop 820 South  Fort Worth, TX 76116",GMC Truck,Auto - GMC Truck Plant (Floorplan-New) - East,2/11/2026,269885,2/11/2026,9/11/2027,2026 GMC Truck GMC ACAD ELV,Automobile,GMC ACAD ELV,1GKENKKSXTJ269885,,"$44,911.58 ","$44,911.58 ",$0.00 ,,$0.00 ,$0.00 ,$0.00 ,"$44,911.58 ",$0.00 ,$0.00 ,$0.00 ,$0.00 ,$0.00 ,$192.12 ,$0.00 ,$0.00 ,$0.00 ,$192.12 ,$303.75 ,"$44,911.58 "
"3535 West Loop 820 South  Fort Worth, TX 76116",GMC Truck,Auto - GMC Truck Plant (Floorplan-New) - East,2/12/2026,270300,2/12/2026,9/12/2027,2026 GMC Truck GMC ACAD ELV,Automobile,GMC ACAD ELV,1GKENKKS5TJ270300,,"$45,050.33 ","$45,050.33 ",$0.00 ,,$0.00 ,$0.00 ,$0.00 ,"$45,050.33 ",$0.00 ,$0.00 ,$0.00 ,$0.00 ,$0.00 ,$192.72 ,$0.00 ,$0.00 ,$0.00 ,$192.72 ,$298.48 ,"$45,050.33 "
"3535 West Loop 820 South  Fort Worth, TX 76116",GMC Truck,Auto - GMC Truck Plant (Floorplan-New) - East,2/13/2026,271536,2/13/2026,9/13/2027,2026 GMC Truck GMC ACAD ELV,Automobile,GMC ACAD ELV,1GKENKKS6TJ271536,,"$45,466.58 ","$45,466.58 ",$0.00 ,,$0.00 ,$0.00 ,$0.00 ,"$45,466.58 ",$0.00 ,$0.00 ,$0.00 ,$0.00 ,$0.00 ,$194.50 ,$0.00 ,$0.00 ,$0.00 ,$194.50 ,$294.96 ,"$45,466.58 "
"3535 West Loop 820 South  Fort Worth, TX 76116",GMC Truck,Auto - GMC Truck Plant (Floorplan-New) - East,2/3/2026,272682,2/3/2026,9/3/2027,2026 GMC Truck GMC SIER 15E,Automobile,GMC SIER 15E,1GTUUCE89TZ272682,G36209,"$65,107.35 ","$65,107.35 ",$0.00 ,,"($65,107.35)",$0.00 ,"($65,107.35)",$0.00 ,$0.00 ,$0.00 ,$0.00 ,$0.00 ,$0.00 ,$206.64 ,$0.00 ,$0.00 ,$0.00 ,$206.64 ,$440.40 ,"$48,305.45 "
"3535 West Loop 820 South  Fort Worth, TX 76116",GMC Truck,Auto - GMC Truck Plant (Floorplan-New) - East,2/26/2026,273665,2/26/2026,9/26/2027,2026 GMC Truck GMC YUK 4XDE,Automobile,GMC YUK 4XDE,1GKS2KKL8TR273665,G36382,"$108,405.28 ","$108,405.28 ",$0.00 ,,"($108,405.28)",$0.00 ,"($108,405.28)",$0.00 ,$0.00 ,$0.00 ,$0.00 ,$0.00 ,$0.00 ,$149.60 ,$0.00 ,$0.00 ,$0.00 ,$149.60 ,$194.51 ,"$34,969.45 "
"3535 West Loop 820 South  Fort Worth, TX 76116",GMC Truck,Auto - GMC Truck Plant (Floorplan-New) - East,2/26/2026,273809,2/26/2026,9/26/2027,2026 GMC Truck GMC YUK 4XDE,Automobile,GMC YUK 4XDE,1GKS2KKL6TR273809,,"$107,850.28 ","$107,850.28 ",$0.00 ,,$0.00 ,$0.00 ,$0.00 ,"$107,850.28 ",$0.00 ,$0.00 ,$0.00 ,$0.00 ,$0.00 ,$461.36 ,$0.00 ,$0.00 ,$0.00 ,$461.36 ,$506.04 ,"$107,850.28 "
"3535 West Loop 820 South  Fort Worth, TX 76116",GMC Truck,Auto - GMC Truck Plant (Floorplan-New) - East,2/26/2026,274555,2/26/2026,9/26/2027,2026 GMC Truck GMC YUK 4XDE,Automobile,GMC YUK 4XDE,1GKS2KKL6TR274555,G36347,"$107,850.28 ","$107,850.28 ",$0.00 ,,"($107,850.28)",$0.00 ,"($107,850.28)",$0.00 ,$0.00 ,$0.00 ,$0.00 ,$0.00 ,$0.00 ,$148.83 ,$0.00 ,$0.00 ,$0.00 ,$148.83 ,$193.51 ,"$34,790.41 "
"3535 West Loop 820 South  Fort Worth, TX 76116",GMC Truck,Auto - GMC Truck Plant (Floorplan-New) - East,2/19/2026,274611,2/19/2026,9/19/2027,2026 GMC Truck GMC SIER 15E,Automobile,GMC SIER 15E,1GTUUCED0TZ274611,G36310,"$65,324.73 ","$65,324.73 ",$0.00 ,,"($65,324.73)",$0.00 ,"($65,324.73)",$0.00 ,$0.00 ,$0.00 ,$0.00 ,$0.00 ,$0.00 ,$270.43 ,$0.00 ,$0.00 ,$0.00 ,$270.43 ,$360.64 ,"$63,217.48 "
"3535 West Loop 820 South  Fort Worth, TX 76116",GMC Truck,Auto - GMC Truck Plant (Floorplan-New) - East,2/10/2026,274709,2/10/2026,9/10/2027,2026 GMC Truck GMC SIER 15E,Automobile,GMC SIER 15E,1GTUUCED6TZ274709,G36235,"$65,324.73 ","$65,324.73 ",$0.00 ,,"($65,324.73)",$0.00 ,"($65,324.73)",$0.00 ,$0.00 ,$0.00 ,$0.00 ,$0.00 ,$0.00 ,$90.15 ,$0.00 ,$0.00 ,$0.00 ,$90.15 ,$261.55 ,"$21,072.49 "
"3535 West Loop 820 South  Fort Worth, TX 76116",GMC Truck,Auto - GMC Truck Plant (Floorplan-New) - East,2/10/2026,274721,2/10/2026,9/10/2027,2026 GMC Truck GMC SIER 15E,Automobile,GMC SIER 15E,1GTPHCED5TZ274721,,"$61,568.68 ","$61,568.68 ",$0.00 ,,$0.00 ,$0.00 ,$0.00 ,"$61,568.68 ",$0.00 ,$0.00 ,$0.00 ,$0.00 ,$0.00 ,$263.38 ,$0.00 ,$0.00 ,$0.00 ,$263.38 ,$424.92 ,"$61,568.68 "
"3535 West Loop 820 South  Fort Worth, TX 76116",GMC Truck,Auto - GMC Truck Plant (Floorplan-New) - East,2/17/2026,274761,2/17/2026,9/17/2027,2026 GMC Truck GMC SIER 15E,Automobile,GMC SIER 15E,1GTUUCED8TZ274761,G36423,"$65,324.73 ","$65,324.73 ",$0.00 ,,"($65,324.73)",$0.00 ,"($65,324.73)",$0.00 ,$0.00 ,$0.00 ,$0.00 ,$0.00 ,$0.00 ,$270.43 ,$0.00 ,$0.00 ,$0.00 ,$270.43 ,$378.68 ,"$63,217.48 "
"3535 West Loop 820 South  Fort Worth, TX 76116",GMC Truck,Auto - GMC Truck Plant (Floorplan-New) - East,2/9/2026,274806,2/9/2026,9/9/2027,2026 GMC Truck GMC SIER 15E,Automobile,GMC SIER 15E,1GTPHCED2TZ274806,G36223,"$61,568.68 ","$61,568.68 ",$0.00 ,,"($61,568.68)",$0.00 ,"($61,568.68)",$0.00 ,$0.00 ,$0.00 ,$0.00 ,$0.00 ,$0.00 ,$161.43 ,$0.00 ,$0.00 ,$0.00 ,$161.43 ,$331.47 ,"$37,735.64 "
"3535 West Loop 820 South  Fort Worth, TX 76116",GMC Truck,Auto - GMC Truck Plant (Floorplan-New) - East,2/10/2026,274982,2/10/2026,9/10/2027,2026 GMC Truck GMC SIER 15E,Automobile,GMC SIER 15E,1GTPHCED0TZ274982,G36341,"$61,568.68 ","$61,568.68 ",$0.00 ,,"($61,568.68)",$0.00 ,"($61,568.68)",$0.00 ,$0.00 ,$0.00 ,$0.00 ,$0.00 ,$0.00 ,$246.39 ,$0.00 ,$0.00 ,$0.00 ,$246.39 ,$407.93 ,"$57,596.51 "
"3535 West Loop 820 South  Fort Worth, TX 76116",GMC Truck,Auto - GMC Truck Plant (Floorplan-New) - East,2/27/2026,275092,2/27/2026,9/27/2027,2026 GMC Truck GMC YUK 2ELE,Automobile,GMC YUK 2ELE,1GKS1BKD3TR275092,G36346,"$70,820.98 ","$70,820.98 ",$0.00 ,,"($70,820.98)",$0.00 ,"($70,820.98)",$0.00 ,$0.00 ,$0.00 ,$0.00 ,$0.00 ,$0.00 ,$29.33 ,$0.00 ,$0.00 ,$0.00 ,$29.33 ,$48.89 ,"$6,853.64 "
"3535 West Loop 820 South  Fort Worth, TX 76116",GMC Truck,Auto - GMC Truck Plant (Floorplan-New) - East,2/27/2026,275639,2/27/2026,9/27/2027,2026 GMC Truck GMC YUK 4XEL,Automobile,GMC YUK 4XEL,1GKS2GKD9TR275639,,"$84,047.10 ","$84,047.10 ",$0.00 ,,$0.00 ,$0.00 ,$0.00 ,"$84,047.10 ",$0.00 ,$0.00 ,$0.00 ,$0.00 ,$0.00 ,$359.54 ,$0.00 ,$0.00 ,$0.00 ,$359.54 ,$382.75 ,"$84,047.10 "
"3535 West Loop 820 South  Fort Worth, TX 76116",GMC Truck,Auto - GMC Truck Plant (Floorplan-New) - East,2/27/2026,275891,2/27/2026,9/27/2027,2026 GMC Truck GMC YUK 2LEL,Automobile,GMC YUK 2LEL,1GKS1GKD4TR275891,,"$77,769.35 ","$77,769.35 ",$0.00 ,,$0.00 ,$0.00 ,$0.00 ,"$77,769.35 ",$0.00 ,$0.00 ,$0.00 ,$0.00 ,$0.00 ,$332.69 ,$0.00 ,$0.00 ,$0.00 ,$332.69 ,$354.17 ,"$77,769.35 "
"3535 West Loop 820 South  Fort Worth, TX 76116",GMC Truck,Auto - GMC Truck Plant (Floorplan-New) - East,2/27/2026,277149,2/27/2026,9/27/2027,2026 GMC Truck GMC YUK 2ELE,Automobile,GMC YUK 2ELE,1GKS1BKD5TR277149,,"$70,820.98 ","$70,820.98 ",$0.00 ,,$0.00 ,$0.00 ,$0.00 ,"$70,820.98 ",$0.00 ,$0.00 ,$0.00 ,$0.00 ,$0.00 ,$302.96 ,$0.00 ,$0.00 ,$0.00 ,$302.96 ,$322.52 ,"$70,820.98 "
"3535 West Loop 820 South  Fort Worth, TX 76116",GMC Truck,Auto - GMC Truck Plant (Floorplan-New) - East,2/9/2026,278147,2/9/2026,9/9/2027,2026 GMC Truck GMC SIER 15E,Automobile,GMC SIER 15E,1GTPHCED8TZ278147,,"$61,110.80 ","$61,110.80 ",$0.00 ,,$0.00 ,$0.00 ,$0.00 ,"$61,110.80 ",$0.00 ,$0.00 ,$0.00 ,$0.00 ,$0.00 ,$261.42 ,$0.00 ,$0.00 ,$0.00 ,$261.42 ,$430.20 ,"$61,110.80 "
"3535 West Loop 820 South  Fort Worth, TX 76116",GMC Truck,Auto - GMC Truck Plant (Floorplan-New) - East,2/9/2026,278162,2/9/2026,9/9/2027,2026 GMC Truck GMC SIER 15E,Automobile,GMC SIER 15E,1GTPHCED4TZ278162,,"$61,568.68 ","$61,568.68 ",$0.00 ,,$0.00 ,$0.00 ,$0.00 ,"$61,568.68 ",$0.00 ,$0.00 ,$0.00 ,$0.00 ,$0.00 ,$263.38 ,$0.00 ,$0.00 ,$0.00 ,$263.38 ,$433.42 ,"$61,568.68 "
"3535 West Loop 820 South  Fort Worth, TX 76116",GMC Truck,Auto - GMC Truck Plant (Floorplan-New) - East,2/10/2026,278493,2/10/2026,9/10/2027,2026 GMC Truck GMC SIER 15E,Automobile,GMC SIER 15E,1GTPHCED5TZ278493,,"$61,110.80 ","$61,110.80 ",$0.00 ,,$0.00 ,$0.00 ,$0.00 ,"$61,110.80 ",$0.00 ,$0.00 ,$0.00 ,$0.00 ,$0.00 ,$261.42 ,$0.00 ,$0.00 ,$0.00 ,$261.42 ,$421.76 ,"$61,110.80 "
"3535 West Loop 820 South  Fort Worth, TX 76116",GMC Truck,Auto - GMC Truck Plant (Floorplan-New) - East,2/9/2026,278613,2/9/2026,9/9/2027,2026 GMC Truck GMC SIER 15E,Automobile,GMC SIER 15E,1GTUUCED2TZ278613,G36255,"$65,324.73 ","$65,324.73 ",$0.00 ,,"($65,324.73)",$0.00 ,"($65,324.73)",$0.00 ,$0.00 ,$0.00 ,$0.00 ,$0.00 ,$0.00 ,$27.05 ,$0.00 ,$0.00 ,$0.00 ,$27.05 ,$207.47 ,"$6,321.75 "
"3535 West Loop 820 South  Fort Worth, TX 76116",GMC Truck,Auto - GMC Truck Plant (Floorplan-New) - East,2/9/2026,278633,2/9/2026,9/9/2027,2026 GMC Truck GMC SIER 15E,Automobile,GMC SIER 15E,1GTUUCED8TZ278633,G36238,"$64,866.85 ","$64,866.85 ",$0.00 ,,"($64,866.85)",$0.00 ,"($64,866.85)",$0.00 ,$0.00 ,$0.00 ,$0.00 ,$0.00 ,$0.00 ,$268.54 ,$0.00 ,$0.00 ,$0.00 ,$268.54 ,$447.69 ,"$62,774.37 "
"3535 West Loop 820 South  Fort Worth, TX 76116",GMC Truck,Auto - GMC Truck Plant (Floorplan-New) - East,2/9/2026,278726,2/9/2026,9/9/2027,2026 GMC Truck GMC SIER 15E,Automobile,GMC SIER 15E,1GTPHCED2TZ278726,G36320,"$61,568.68 ","$61,568.68 ",$0.00 ,,"($61,568.68)",$0.00 ,"($61,568.68)",$0.00 ,$0.00 ,$0.00 ,$0.00 ,$0.00 ,$0.00 ,$254.88 ,$0.00 ,$0.00 ,$0.00 ,$254.88 ,$424.92 ,"$59,582.59 "
"3535 West Loop 820 South  Fort Worth, TX 76116",GMC Truck,Auto - GMC Truck Plant (Floorplan-New) - East,2/9/2026,278892,2/9/2026,9/9/2027,2026 GMC Truck GMC SIER 15E,Automobile,GMC SIER 15E,1GTPHCED8TZ278892,G36251,"$61,568.68 ","$61,568.68 ",$0.00 ,,"($61,568.68)",$0.00 ,"($61,568.68)",$0.00 ,$0.00 ,$0.00 ,$0.00 ,$0.00 ,$0.00 ,$67.97 ,$0.00 ,$0.00 ,$0.00 ,$67.97 ,$238.01 ,"$15,888.69 "
"3535 West Loop 820 South  Fort Worth, TX 76116",GMC Truck,Auto - GMC Truck Plant (Floorplan-New) - East,2/9/2026,278936,2/9/2026,9/9/2027,2026 GMC Truck GMC SIER 15E,Automobile,GMC SIER 15E,1GTPHCED2TZ278936,G36237,"$61,568.68 ","$61,568.68 ",$0.00 ,,"($61,568.68)",$0.00 ,"($61,568.68)",$0.00 ,$0.00 ,$0.00 ,$0.00 ,$0.00 ,$0.00 ,$84.96 ,$0.00 ,$0.00 ,$0.00 ,$84.96 ,$255.00 ,"$19,860.86 "
"3535 West Loop 820 South  Fort Worth, TX 76116",GMC Truck,Auto - GMC Truck Plant (Floorplan-New) - East,2/9/2026,278996,2/9/2026,9/9/2027,2026 GMC Truck GMC SIER 15E,Automobile,GMC SIER 15E,1GTUUCED0TZ278996,G36321,"$65,324.73 ","$65,324.73 ",$0.00 ,,"($65,324.73)",$0.00 ,"($65,324.73)",$0.00 ,$0.00 ,$0.00 ,$0.00 ,$0.00 ,$0.00 ,$72.12 ,$0.00 ,$0.00 ,$0.00 ,$72.12 ,$252.54 ,"$16,857.99 "
"3535 West Loop 820 South  Fort Worth, TX 76116",GMC Truck,Auto - GMC Truck Plant (Floorplan-New) - East,3/3/2026,280944,3/3/2026,10/3/2027,2026 GMC Truck GMC YUK 4DEN,Automobile,GMC YUK 4DEN,1GKS2DKL9TR280944,G36362,"$91,172.90 ",$0.00 ,"$91,172.90 ",3/3/2026,"($91,172.90)",$0.00 ,$0.00 ,$0.00 ,$0.00 ,$0.00 ,$0.00 ,$0.00 ,$0.00 ,$176.14 ,$0.00 ,$0.00 ,$0.00 ,$176.14 ,$176.14 ,"$41,174.86 "
"3535 West Loop 820 South  Fort Worth, TX 76116",GMC Truck,Auto - GMC Truck Plant (Floorplan-New) - East,3/4/2026,280960,3/4/2026,10/4/2027,2026 GMC Truck GMC YUK 4DEN,Automobile,GMC YUK 4DEN,1GKS2DKL7TR280960,G36383,"$89,762.28 ",$0.00 ,"$89,762.28 ",3/4/2026,"($89,762.28)",$0.00 ,$0.00 ,$0.00 ,$0.00 ,$0.00 ,$0.00 ,$0.00 ,$0.00 ,$111.48 ,$0.00 ,$0.00 ,$0.00 ,$111.48 ,$111.48 ,"$26,060.02 "
"3535 West Loop 820 South  Fort Worth, TX 76116",GMC Truck,Auto - GMC Truck Plant (Floorplan-New) - East,3/5/2026,282344,3/5/2026,10/5/2027,2026 GMC Truck GMC YUK 4DEN,Automobile,GMC YUK 4DEN,1GKS2DKL6TR282344,,"$92,190.40 ",$0.00 ,"$92,190.40 ",3/5/2026,$0.00 ,$0.00 ,"$92,190.40 ","$92,190.40 ",$0.00 ,$0.00 ,$0.00 ,$0.00 ,$0.00 ,$343.48 ,$0.00 ,$0.00 ,$0.00 ,$343.48 ,$343.48 ,"$80,294.86 "
"3535 West Loop 820 South  Fort Worth, TX 76116",GMC Truck,Auto - GMC Truck Plant (Floorplan-New) - East,3/5/2026,282420,3/5/2026,10/5/2027,2026 GMC Truck GMC YUK 4DEN,Automobile,GMC YUK 4DEN,1GKS2DKL7TR282420,G36385,"$92,810.15 ",$0.00 ,"$92,810.15 ",3/5/2026,"($92,810.15)",$0.00 ,$0.00 ,$0.00 ,$0.00 ,$0.00 ,$0.00 ,$0.00 ,$0.00 ,$332.98 ,$0.00 ,$0.00 ,$0.00 ,$332.98 ,$332.98 ,"$77,840.77 "
"3535 West Loop 820 South  Fort Worth, TX 76116",GMC Truck,Auto - GMC Truck Plant (Floorplan-New) - East,2/26/2026,283589,2/26/2026,9/26/2027,2026 GMC Truck GMC SIER 15P,Automobile,GMC SIER 15P,3GTNHAEK7TG283589,G36361,"$39,998.05 ","$39,998.05 ",$0.00 ,,"($39,998.05)",$0.00 ,"($39,998.05)",$0.00 ,$0.00 ,$0.00 ,$0.00 ,$0.00 ,$0.00 ,$66.23 ,$0.00 ,$0.00 ,$0.00 ,$66.23 ,$82.80 ,"$15,483.12 "
"3535 West Loop 820 South  Fort Worth, TX 76116",GMC Truck,Auto - GMC Truck Plant (Floorplan-New) - East,2/24/2026,283595,2/24/2026,9/24/2027,2026 GMC Truck GMC SIER 15P,Automobile,GMC SIER 15P,3GTNHAEK2TG283595,G36352,"$39,998.05 ","$39,998.05 ",$0.00 ,,"($39,998.05)",$0.00 ,"($39,998.05)",$0.00 ,$0.00 ,$0.00 ,$0.00 ,$0.00 ,$0.00 ,$88.31 ,$0.00 ,$0.00 ,$0.00 ,$88.31 ,$115.93 ,"$20,644.15 "
"3535 West Loop 820 South  Fort Worth, TX 76116",GMC Truck,Auto - GMC Truck Plant (Floorplan-New) - East,3/6/2026,283984,3/6/2026,10/6/2027,2026 GMC Truck GMC YUK 4XDE,Automobile,GMC YUK 4XDE,1GKS2JKL5TR283984,,"$89,301.40 ",$0.00 ,"$89,301.40 ",3/6/2026,$0.00 ,$0.00 ,"$89,301.40 ","$89,301.40 ",$0.00 ,$0.00 ,$0.00 ,$0.00 ,$0.00 ,$320.39 ,$0.00 ,$0.00 ,$0.00 ,$320.39 ,$320.39 ,"$74,897.95 "
"3535 West Loop 820 South  Fort Worth, TX 76116",GMC Truck,Auto - GMC Truck Plant (Floorplan-New) - East,3/6/2026,284369,3/6/2026,10/6/2027,2026 GMC Truck GMC YUK 4DEN,Automobile,GMC YUK 4DEN,1GKS2DKLXTR284369,,"$92,255.15 ",$0.00 ,"$92,255.15 ",3/6/2026,$0.00 ,$0.00 ,"$92,255.15 ","$92,255.15 ",$0.00 ,$0.00 ,$0.00 ,$0.00 ,$0.00 ,$330.99 ,$0.00 ,$0.00 ,$0.00 ,$330.99 ,$330.99 ,"$77,375.29 "
"3535 West Loop 820 South  Fort Worth, TX 76116",GMC Truck,Auto - GMC Truck Plant (Floorplan-New) - East,2/25/2026,284434,2/25/2026,9/25/2027,2026 GMC Truck GMC SIER 15P,Automobile,GMC SIER 15P,3GTNHAEK5TG284434,G36353,"$39,998.05 ","$39,998.05 ",$0.00 ,,"($39,998.05)",$0.00 ,"($39,998.05)",$0.00 ,$0.00 ,$0.00 ,$0.00 ,$0.00 ,$0.00 ,$44.16 ,$0.00 ,$0.00 ,$0.00 ,$44.16 ,$66.25 ,"$10,322.08 "
"3535 West Loop 820 South  Fort Worth, TX 76116",GMC Truck,Auto - GMC Truck Plant (Floorplan-New) - East,2/24/2026,284445,2/24/2026,9/24/2027,2026 GMC Truck GMC SIER 15P,Automobile,GMC SIER 15P,3GTNHAEKXTG284445,,"$39,540.18 ","$39,540.18 ",$0.00 ,,$0.00 ,$0.00 ,$0.00 ,"$39,540.18 ",$0.00 ,$0.00 ,$0.00 ,$0.00 ,$0.00 ,$169.15 ,$0.00 ,$0.00 ,$0.00 ,$169.15 ,$196.45 ,"$39,540.18 "
"3535 West Loop 820 South  Fort Worth, TX 76116",GMC Truck,Auto - GMC Truck Plant (Floorplan-New) - East,2/20/2026,284450,2/20/2026,9/20/2027,2026 GMC Truck GMC SIER 15E,Automobile,GMC SIER 15E,1GTUUCE84TZ284450,,"$65,565.23 ","$65,565.23 ",$0.00 ,,$0.00 ,$0.00 ,$0.00 ,"$65,565.23 ",$0.00 ,$0.00 ,$0.00 ,$0.00 ,$0.00 ,$280.47 ,$0.00 ,$0.00 ,$0.00 ,$280.47 ,$361.96 ,"$65,565.23 "
"3535 West Loop 820 South  Fort Worth, TX 76116",GMC Truck,Auto - GMC Truck Plant (Floorplan-New) - East,3/9/2026,284590,3/9/2026,10/9/2027,2026 GMC Truck GMC YUK 4XDE,Automobile,GMC YUK 4XDE,1GKS2JKL0TR284590,,"$91,794.28 ",$0.00 ,"$91,794.28 ",3/9/2026,$0.00 ,$0.00 ,"$91,794.28 ","$91,794.28 ",$0.00 ,$0.00 ,$0.00 ,$0.00 ,$0.00 ,$291.34 ,$0.00 ,$0.00 ,$0.00 ,$291.34 ,$291.34 ,"$68,105.43 "
"3535 West Loop 820 South  Fort Worth, TX 76116",GMC Truck,Auto - GMC Truck Plant (Floorplan-New) - East,3/6/2026,284956,3/6/2026,10/6/2027,2026 GMC Truck GMC YUK 4XDE,Automobile,GMC YUK 4XDE,1GKS2JKL5TR284956,,"$91,794.28 ",$0.00 ,"$91,794.28 ",3/6/2026,$0.00 ,$0.00 ,"$91,794.28 ","$91,794.28 ",$0.00 ,$0.00 ,$0.00 ,$0.00 ,$0.00 ,$329.34 ,$0.00 ,$0.00 ,$0.00 ,$329.34 ,$329.34 ,"$76,988.75 "
"3535 West Loop 820 South  Fort Worth, TX 76116",GMC Truck,Auto - GMC Truck Plant (Floorplan-New) - East,3/9/2026,285150,3/9/2026,10/9/2027,2026 GMC Truck GMC YUK 4XDE,Automobile,GMC YUK 4XDE,1GKS2JKLXTR285150,,"$91,794.28 ",$0.00 ,"$91,794.28 ",3/9/2026,$0.00 ,$0.00 ,"$91,794.28 ","$91,794.28 ",$0.00 ,$0.00 ,$0.00 ,$0.00 ,$0.00 ,$291.34 ,$0.00 ,$0.00 ,$0.00 ,$291.34 ,$291.34 ,"$68,105.43 "
"3535 West Loop 820 South  Fort Worth, TX 76116",GMC Truck,Auto - GMC Truck Plant (Floorplan-New) - East,3/10/2026,286602,3/10/2026,10/10/2027,2026 GMC Truck GMC YUK 4XEL,Automobile,GMC YUK 4XEL,1GKS2GKD8TR286602,,"$81,734.60 ",$0.00 ,"$81,734.60 ",3/10/2026,$0.00 ,$0.00 ,"$81,734.60 ","$81,734.60 ",$0.00 ,$0.00 ,$0.00 ,$0.00 ,$0.00 ,$248.13 ,$0.00 ,$0.00 ,$0.00 ,$248.13 ,$248.13 ,"$58,005.20 "
"3535 West Loop 820 South  Fort Worth, TX 76116",GMC Truck,Auto - GMC Truck Plant (Floorplan-New) - East,5/23/2025,287373,5/23/2025,12/23/2026,2025 GMC Truck GMC SIER 15E,Automobile,GMC SIER 15E,1GTRHCED8SZ287373,,"$54,820.05 ","$54,820.05 ",$0.00 ,,$0.00 ,$0.00 ,$0.00 ,"$54,820.05 ",$0.00 ,$0.00 ,$0.00 ,$0.00 ,$0.00 ,$234.51 ,$0.00 ,$0.00 ,$0.00 ,$234.51 ,"$2,546.98 ","$54,820.05 "
"3535 West Loop 820 South  Fort Worth, TX 76116",GMC Truck,Auto - GMC Truck Plant (Floorplan-New) - East,3/10/2026,287405,3/10/2026,10/10/2027,2026 GMC Truck GMC YUK 4XEL,Automobile,GMC YUK 4XEL,1GKS2GKD0TR287405,G36485,"$81,734.60 ",$0.00 ,"$81,734.60 ",3/10/2026,"($81,734.60)",$0.00 ,$0.00 ,$0.00 ,$0.00 ,$0.00 ,$0.00 ,$0.00 ,$0.00 ,$157.90 ,$0.00 ,$0.00 ,$0.00 ,$157.90 ,$157.90 ,"$36,912.40 "
"3535 West Loop 820 South  Fort Worth, TX 76116",GMC Truck,Auto - GMC Truck Plant (Floorplan-New) - East,3/10/2026,287503,3/10/2026,10/10/2027,2026 GMC Truck GMC YUK 4XEL,Automobile,GMC YUK 4XEL,1GKS2GKD0TR287503,,"$81,734.60 ",$0.00 ,"$81,734.60 ",3/10/2026,$0.00 ,$0.00 ,"$81,734.60 ","$81,734.60 ",$0.00 ,$0.00 ,$0.00 ,$0.00 ,$0.00 ,$248.13 ,$0.00 ,$0.00 ,$0.00 ,$248.13 ,$248.13 ,"$58,005.20 "
"3535 West Loop 820 South  Fort Worth, TX 76116",GMC Truck,Auto - GMC Truck Plant (Floorplan-New) - East,3/11/2026,287784,3/11/2026,10/11/2027,2026 GMC Truck GMC YUK 4XEL,Automobile,GMC YUK 4XEL,1GKS2GKD1TR287784,,"$81,276.73 ",$0.00 ,"$81,276.73 ",3/11/2026,$0.00 ,$0.00 ,"$81,276.73 ","$81,276.73 ",$0.00 ,$0.00 ,$0.00 ,$0.00 ,$0.00 ,$235.53 ,$0.00 ,$0.00 ,$0.00 ,$235.53 ,$235.53 ,"$55,058.43 "
"3535 West Loop 820 South  Fort Worth, TX 76116",GMC Truck,Auto - GMC Truck Plant (Floorplan-New) - East,3/11/2026,288090,3/11/2026,10/11/2027,2026 GMC Truck GMC YUK 4DEN,Automobile,GMC YUK 4DEN,1GKS2EKL1TR288090,G36461,"$103,672.28 ",$0.00 ,"$103,672.28 ",3/11/2026,"($103,672.28)",$0.00 ,$0.00 ,$0.00 ,$0.00 ,$0.00 ,$0.00 ,$0.00 ,$0.00 ,$200.28 ,$0.00 ,$0.00 ,$0.00 ,$200.28 ,$200.28 ,"$46,819.74 "
"3535 West Loop 820 South  Fort Worth, TX 76116",GMC Truck,Auto - GMC Truck Plant (Floorplan-New) - East,3/12/2026,290366,3/12/2026,10/12/2027,2026 GMC Truck GMC YUK 4AT4,Automobile,GMC YUK 4AT4,1GKS2CKL9TR290366,G36455,"$83,713.10 ",$0.00 ,"$83,713.10 ",3/12/2026,"($83,713.10)",$0.00 ,$0.00 ,$0.00 ,$0.00 ,$0.00 ,$0.00 ,$0.00 ,$0.00 ,$150.17 ,$0.00 ,$0.00 ,$0.00 ,$150.17 ,$150.17 ,"$35,105.49 "
"3535 West Loop 820 South  Fort Worth, TX 76116",GMC Truck,Auto - GMC Truck Plant (Floorplan-New) - East,3/13/2026,292875,3/13/2026,10/13/2027,2026 GMC Truck GMC YUK 4XDE,Automobile,GMC YUK 4XDE,1GKS2JKL1TR292875,,"$91,174.53 ",$0.00 ,"$91,174.53 ",3/13/2026,$0.00 ,$0.00 ,"$91,174.53 ","$91,174.53 ",$0.00 ,$0.00 ,$0.00 ,$0.00 ,$0.00 ,$239.05 ,$0.00 ,$0.00 ,$0.00 ,$239.05 ,$239.05 ,"$55,881.16 "
"3535 West Loop 820 South  Fort Worth, TX 76116",GMC Truck,Auto - GMC Truck Plant (Floorplan-New) - East,3/6/2026,294315,3/6/2026,10/6/2027,2026 GMC Truck GMC SIER 15E,Automobile,GMC SIER 15E,3GTUUCED8TG294315,,"$63,960.35 ",$0.00 ,"$63,960.35 ",3/6/2026,$0.00 ,$0.00 ,"$63,960.35 ","$63,960.35 ",$0.00 ,$0.00 ,$0.00 ,$0.00 ,$0.00 ,$229.48 ,$0.00 ,$0.00 ,$0.00 ,$229.48 ,$229.48 ,"$53,644.16 "
"3535 West Loop 820 South  Fort Worth, TX 76116",GMC Truck,Auto - GMC Truck Plant (Floorplan-New) - East,3/16/2026,294410,3/16/2026,10/16/2027,2026 GMC Truck GMC SIER 15E,Automobile,GMC SIER 15E,3GTUUCED2TG294410,,"$63,960.35 ",$0.00 ,"$63,960.35 ",3/16/2026,$0.00 ,$0.00 ,"$63,960.35 ","$63,960.35 ",$0.00 ,$0.00 ,$0.00 ,$0.00 ,$0.00 ,$141.22 ,$0.00 ,$0.00 ,$0.00 ,$141.22 ,$141.22 ,"$33,011.79 "
"3535 West Loop 820 South  Fort Worth, TX 76116",GMC Truck,Auto - GMC Truck Plant (Floorplan-New) - East,3/17/2026,294438,3/17/2026,10/17/2027,2026 GMC Truck GMC YUK 4DEN,Automobile,GMC YUK 4DEN,1GKS2DKL9TR294438,G36467,"$88,911.28 ",$0.00 ,"$88,911.28 ",3/17/2026,"($88,911.28)",$0.00 ,$0.00 ,$0.00 ,$0.00 ,$0.00 ,$0.00 ,$0.00 ,$0.00 ,$171.77 ,$0.00 ,$0.00 ,$0.00 ,$171.77 ,$171.77 ,"$40,153.48 "
"3535 West Loop 820 South  Fort Worth, TX 76116",GMC Truck,Auto - GMC Truck Plant (Floorplan-New) - East,3/17/2026,294590,3/17/2026,10/17/2027,2026 GMC Truck GMC YUK 4DEN,Automobile,GMC YUK 4DEN,1GKS2DKL4TR294590,,"$88,911.28 ",$0.00 ,"$88,911.28 ",3/17/2026,$0.00 ,$0.00 ,"$88,911.28 ","$88,911.28 ",$0.00 ,$0.00 ,$0.00 ,$0.00 ,$0.00 ,$184.04 ,$0.00 ,$0.00 ,$0.00 ,$184.04 ,$184.04 ,"$43,021.59 "
"3535 West Loop 820 South  Fort Worth, TX 76116",GMC Truck,Auto - GMC Truck Plant (Floorplan-New) - East,3/24/2026,294802,3/24/2026,10/24/2027,2026 GMC Truck GMC SIER 15E,Automobile,GMC SIER 15E,3GTUUCED8TG294802,,"$63,960.35 ",$0.00 ,"$63,960.35 ",3/24/2026,$0.00 ,$0.00 ,"$63,960.35 ","$63,960.35 ",$0.00 ,$0.00 ,$0.00 ,$0.00 ,$0.00 ,$70.61 ,$0.00 ,$0.00 ,$0.00 ,$70.61 ,$70.61 ,"$16,505.90 "
"3535 West Loop 820 South  Fort Worth, TX 76116",GMC Truck,Auto - GMC Truck Plant (Floorplan-New) - East,3/17/2026,294803,3/17/2026,10/17/2027,2026 GMC Truck GMC YUK 4DEN,Automobile,GMC YUK 4DEN,1GKS2DKL6TR294803,,"$88,911.28 ",$0.00 ,"$88,911.28 ",3/17/2026,$0.00 ,$0.00 ,"$88,911.28 ","$88,911.28 ",$0.00 ,$0.00 ,$0.00 ,$0.00 ,$0.00 ,$184.04 ,$0.00 ,$0.00 ,$0.00 ,$184.04 ,$184.04 ,"$43,021.59 "
"3535 West Loop 820 South  Fort Worth, TX 76116",GMC Truck,Auto - GMC Truck Plant (Floorplan-New) - East,3/12/2026,294804,3/12/2026,10/12/2027,2026 GMC Truck GMC SIER 15D,Automobile,GMC SIER 15D,3GTPHGED0TG294804,,"$67,381.35 ",$0.00 ,"$67,381.35 ",3/12/2026,$0.00 ,$0.00 ,"$67,381.35 ","$67,381.35 ",$0.00 ,$0.00 ,$0.00 ,$0.00 ,$0.00 ,$185.96 ,$0.00 ,$0.00 ,$0.00 ,$185.96 ,$185.96 ,"$43,471.84 "
"3535 West Loop 820 South  Fort Worth, TX 76116",GMC Truck,Auto - GMC Truck Plant (Floorplan-New) - East,3/13/2026,294811,3/13/2026,10/13/2027,2026 GMC Truck GMC SIER 15D,Automobile,GMC SIER 15D,3GTPHGED8TG294811,,"$67,381.35 ",$0.00 ,"$67,381.35 ",3/13/2026,$0.00 ,$0.00 ,"$67,381.35 ","$67,381.35 ",$0.00 ,$0.00 ,$0.00 ,$0.00 ,$0.00 ,$176.66 ,$0.00 ,$0.00 ,$0.00 ,$176.66 ,$176.66 ,"$41,298.25 "
"3535 West Loop 820 South  Fort Worth, TX 76116",GMC Truck,Auto - GMC Truck Plant (Floorplan-New) - East,3/13/2026,294821,3/13/2026,10/13/2027,2026 GMC Truck GMC SIER 15E,Automobile,GMC SIER 15E,3GTPHCEDXTG294821,,"$60,204.30 ",$0.00 ,"$60,204.30 ",3/13/2026,$0.00 ,$0.00 ,"$60,204.30 ","$60,204.30 ",$0.00 ,$0.00 ,$0.00 ,$0.00 ,$0.00 ,$157.85 ,$0.00 ,$0.00 ,$0.00 ,$157.85 ,$157.85 ,"$36,899.41 "
"3535 West Loop 820 South  Fort Worth, TX 76116",GMC Truck,Auto - GMC Truck Plant (Floorplan-New) - East,3/13/2026,294827,3/13/2026,10/13/2027,2026 GMC Truck GMC SIER 15E,Automobile,GMC SIER 15E,3GTPHCED0TG294827,,"$60,662.18 ",$0.00 ,"$60,662.18 ",3/13/2026,$0.00 ,$0.00 ,"$60,662.18 ","$60,662.18 ",$0.00 ,$0.00 ,$0.00 ,$0.00 ,$0.00 ,$159.05 ,$0.00 ,$0.00 ,$0.00 ,$159.05 ,$159.05 ,"$37,180.05 "
"3535 West Loop 820 South  Fort Worth, TX 76116",GMC Truck,Auto - GMC Truck Plant (Floorplan-New) - East,3/17/2026,294868,3/17/2026,10/17/2027,2026 GMC Truck GMC YUK 4XDE,Automobile,GMC YUK 4XDE,1GKS2JKL3TR294868,,"$91,267.03 ",$0.00 ,"$91,267.03 ",3/17/2026,$0.00 ,$0.00 ,"$91,267.03 ","$91,267.03 ",$0.00 ,$0.00 ,$0.00 ,$0.00 ,$0.00 ,$188.91 ,$0.00 ,$0.00 ,$0.00 ,$188.91 ,$188.91 ,"$44,161.47 "
"3535 West Loop 820 South  Fort Worth, TX 76116",GMC Truck,Auto - GMC Truck Plant (Floorplan-New) - East,3/16/2026,294882,3/16/2026,10/16/2027,2026 GMC Truck GMC SIER 15E,Automobile,GMC SIER 15E,3GTPHCED8TG294882,,"$60,204.30 ",$0.00 ,"$60,204.30 ",3/16/2026,$0.00 ,$0.00 ,"$60,204.30 ","$60,204.30 ",$0.00 ,$0.00 ,$0.00 ,$0.00 ,$0.00 ,$132.92 ,$0.00 ,$0.00 ,$0.00 ,$132.92 ,$132.92 ,"$31,073.19 "
"3535 West Loop 820 South  Fort Worth, TX 76116",GMC Truck,Auto - GMC Truck Plant (Floorplan-New) - East,3/12/2026,294886,3/12/2026,10/12/2027,2026 GMC Truck GMC SIER 15E,Automobile,GMC SIER 15E,3GTUUCED7TG294886,,"$63,960.35 ",$0.00 ,"$63,960.35 ",3/12/2026,$0.00 ,$0.00 ,"$63,960.35 ","$63,960.35 ",$0.00 ,$0.00 ,$0.00 ,$0.00 ,$0.00 ,$176.52 ,$0.00 ,$0.00 ,$0.00 ,$176.52 ,$176.52 ,"$41,264.74 "
"3535 West Loop 820 South  Fort Worth, TX 76116",GMC Truck,Auto - GMC Truck Plant (Floorplan-New) - East,3/12/2026,294937,3/12/2026,10/12/2027,2026 GMC Truck GMC SIER 15D,Automobile,GMC SIER 15D,3GTPHGED8TG294937,,"$67,381.35 ",$0.00 ,"$67,381.35 ",3/12/2026,$0.00 ,$0.00 ,"$67,381.35 ","$67,381.35 ",$0.00 ,$0.00 ,$0.00 ,$0.00 ,$0.00 ,$185.96 ,$0.00 ,$0.00 ,$0.00 ,$185.96 ,$185.96 ,"$43,471.84 "
"3535 West Loop 820 South  Fort Worth, TX 76116",GMC Truck,Auto - GMC Truck Plant (Floorplan-New) - East,3/13/2026,294942,3/13/2026,10/13/2027,2026 GMC Truck GMC SIER 15E,Automobile,GMC SIER 15E,3GTUUCED2TG294942,G36615,"$64,418.23 ",$0.00 ,"$64,418.23 ",3/13/2026,"($64,418.23)",$0.00 ,$0.00 ,$0.00 ,$0.00 ,$0.00 ,$0.00 ,$0.00 ,$0.00 ,$160.01 ,$0.00 ,$0.00 ,$0.00 ,$160.01 ,$160.01 ,"$37,404.13 "
"3535 West Loop 820 South  Fort Worth, TX 76116",GMC Truck,Auto - GMC Truck Plant (Floorplan-New) - East,3/6/2026,294944,3/6/2026,10/6/2027,2026 GMC Truck GMC SIER 15E,Automobile,GMC SIER 15E,3GTPHCED4TG294944,,"$60,662.18 ",$0.00 ,"$60,662.18 ",3/6/2026,$0.00 ,$0.00 ,"$60,662.18 ","$60,662.18 ",$0.00 ,$0.00 ,$0.00 ,$0.00 ,$0.00 ,$217.64 ,$0.00 ,$0.00 ,$0.00 ,$217.64 ,$217.64 ,"$50,877.96 "
"3535 West Loop 820 South  Fort Worth, TX 76116",GMC Truck,Auto - GMC Truck Plant (Floorplan-New) - East,3/12/2026,294947,3/12/2026,10/12/2027,2026 GMC Truck GMC SIER 15E,Automobile,GMC SIER 15E,3GTUUCED1TG294947,,"$63,960.35 ",$0.00 ,"$63,960.35 ",3/12/2026,$0.00 ,$0.00 ,"$63,960.35 ","$63,960.35 ",$0.00 ,$0.00 ,$0.00 ,$0.00 ,$0.00 ,$176.52 ,$0.00 ,$0.00 ,$0.00 ,$176.52 ,$176.52 ,"$41,264.74 "
"3535 West Loop 820 South  Fort Worth, TX 76116",GMC Truck,Auto - GMC Truck Plant (Floorplan-New) - East,3/16/2026,294953,3/16/2026,10/16/2027,2026 GMC Truck GMC SIER 15E,Automobile,GMC SIER 15E,3GTPHCED5TG294953,,"$60,662.18 ",$0.00 ,"$60,662.18 ",3/16/2026,$0.00 ,$0.00 ,"$60,662.18 ","$60,662.18 ",$0.00 ,$0.00 ,$0.00 ,$0.00 ,$0.00 ,$133.93 ,$0.00 ,$0.00 ,$0.00 ,$133.93 ,$133.93 ,"$31,309.51 "
"3535 West Loop 820 South  Fort Worth, TX 76116",GMC Truck,Auto - GMC Truck Plant (Floorplan-New) - East,3/17/2026,294955,3/17/2026,10/17/2027,2026 GMC Truck GMC SIER 15E,Automobile,GMC SIER 15E,3GTUUCED0TG294955,,"$64,418.23 ",$0.00 ,"$64,418.23 ",3/17/2026,$0.00 ,$0.00 ,"$64,418.23 ","$64,418.23 ",$0.00 ,$0.00 ,$0.00 ,$0.00 ,$0.00 ,$133.34 ,$0.00 ,$0.00 ,$0.00 ,$133.34 ,$133.34 ,"$31,170.11 "
"3535 West Loop 820 South  Fort Worth, TX 76116",GMC Truck,Auto - GMC Truck Plant (Floorplan-New) - East,3/17/2026,294959,3/17/2026,10/17/2027,2026 GMC Truck GMC SIER 15E,Automobile,GMC SIER 15E,3GTUUCED8TG294959,,"$64,418.23 ",$0.00 ,"$64,418.23 ",3/17/2026,$0.00 ,$0.00 ,"$64,418.23 ","$64,418.23 ",$0.00 ,$0.00 ,$0.00 ,$0.00 ,$0.00 ,$133.34 ,$0.00 ,$0.00 ,$0.00 ,$133.34 ,$133.34 ,"$31,170.11 "
"3535 West Loop 820 South  Fort Worth, TX 76116",GMC Truck,Auto - GMC Truck Plant (Floorplan-New) - East,3/17/2026,295010,3/17/2026,10/17/2027,2026 GMC Truck GMC YUK 4DEN,Automobile,GMC YUK 4DEN,1GKS2DKL9TR295010,G36473,"$88,911.28 ",$0.00 ,"$88,911.28 ",3/17/2026,"($88,911.28)",$0.00 ,$0.00 ,$0.00 ,$0.00 ,$0.00 ,$0.00 ,$0.00 ,$0.00 ,$110.42 ,$0.00 ,$0.00 ,$0.00 ,$110.42 ,$110.42 ,"$25,812.95 "
"3535 West Loop 820 South  Fort Worth, TX 76116",GMC Truck,Auto - GMC Truck Plant (Floorplan-New) - East,3/12/2026,295013,3/12/2026,10/12/2027,2026 GMC Truck GMC SIER 15E,Automobile,GMC SIER 15E,3GTPHCED6TG295013,,"$60,662.18 ",$0.00 ,"$60,662.18 ",3/12/2026,$0.00 ,$0.00 ,"$60,662.18 ","$60,662.18 ",$0.00 ,$0.00 ,$0.00 ,$0.00 ,$0.00 ,$167.42 ,$0.00 ,$0.00 ,$0.00 ,$167.42 ,$167.42 ,"$39,136.89 "
"3535 West Loop 820 South  Fort Worth, TX 76116",GMC Truck,Auto - GMC Truck Plant (Floorplan-New) - East,3/12/2026,295018,3/12/2026,10/12/2027,2026 GMC Truck GMC SIER 15E,Automobile,GMC SIER 15E,3GTPHCED5TG295018,,"$60,662.18 ",$0.00 ,"$60,662.18 ",3/12/2026,$0.00 ,$0.00 ,"$60,662.18 ","$60,662.18 ",$0.00 ,$0.00 ,$0.00 ,$0.00 ,$0.00 ,$167.42 ,$0.00 ,$0.00 ,$0.00 ,$167.42 ,$167.42 ,"$39,136.89 "
"3535 West Loop 820 South  Fort Worth, TX 76116",GMC Truck,Auto - GMC Truck Plant (Floorplan-New) - East,3/12/2026,295021,3/12/2026,10/12/2027,2026 GMC Truck GMC SIER 15E,Automobile,GMC SIER 15E,3GTPHCED5TG295021,,"$60,662.18 ",$0.00 ,"$60,662.18 ",3/12/2026,$0.00 ,$0.00 ,"$60,662.18 ","$60,662.18 ",$0.00 ,$0.00 ,$0.00 ,$0.00 ,$0.00 ,$167.42 ,$0.00 ,$0.00 ,$0.00 ,$167.42 ,$167.42 ,"$39,136.89 "
"3535 West Loop 820 South  Fort Worth, TX 76116",GMC Truck,Auto - GMC Truck Plant (Floorplan-New) - East,3/12/2026,295132,3/12/2026,10/12/2027,2026 GMC Truck GMC SIER 15E,Automobile,GMC SIER 15E,3GTPHCED3TG295132,,"$60,662.18 ",$0.00 ,"$60,662.18 ",3/12/2026,$0.00 ,$0.00 ,"$60,662.18 ","$60,662.18 ",$0.00 ,$0.00 ,$0.00 ,$0.00 ,$0.00 ,$167.42 ,$0.00 ,$0.00 ,$0.00 ,$167.42 ,$167.42 ,"$39,136.89 "
"3535 West Loop 820 South  Fort Worth, TX 76116",GMC Truck,Auto - GMC Truck Plant (Floorplan-New) - East,3/17/2026,295136,3/17/2026,10/17/2027,2026 GMC Truck GMC SIER 15E,Automobile,GMC SIER 15E,3GTPHCED0TG295136,,"$60,204.30 ",$0.00 ,"$60,204.30 ",3/17/2026,$0.00 ,$0.00 ,"$60,204.30 ","$60,204.30 ",$0.00 ,$0.00 ,$0.00 ,$0.00 ,$0.00 ,$124.62 ,$0.00 ,$0.00 ,$0.00 ,$124.62 ,$124.62 ,"$29,131.11 "
"3535 West Loop 820 South  Fort Worth, TX 76116",GMC Truck,Auto - GMC Truck Plant (Floorplan-New) - East,3/12/2026,295139,3/12/2026,10/12/2027,2026 GMC Truck GMC SIER 15E,Automobile,GMC SIER 15E,3GTUUCED8TG295139,,"$64,418.23 ",$0.00 ,"$64,418.23 ",3/12/2026,$0.00 ,$0.00 ,"$64,418.23 ","$64,418.23 ",$0.00 ,$0.00 ,$0.00 ,$0.00 ,$0.00 ,$177.78 ,$0.00 ,$0.00 ,$0.00 ,$177.78 ,$177.78 ,"$41,560.15 "
"3535 West Loop 820 South  Fort Worth, TX 76116",GMC Truck,Auto - GMC Truck Plant (Floorplan-New) - East,3/11/2026,295143,3/11/2026,10/11/2027,2026 GMC Truck GMC SIER 15E,Automobile,GMC SIER 15E,3GTUUCEDXTG295143,,"$64,418.23 ",$0.00 ,"$64,418.23 ",3/11/2026,$0.00 ,$0.00 ,"$64,418.23 ","$64,418.23 ",$0.00 ,$0.00 ,$0.00 ,$0.00 ,$0.00 ,$186.67 ,$0.00 ,$0.00 ,$0.00 ,$186.67 ,$186.67 ,"$43,638.16 "
"3535 West Loop 820 South  Fort Worth, TX 76116",GMC Truck,Auto - GMC Truck Plant (Floorplan-New) - East,3/12/2026,295147,3/12/2026,10/12/2027,2026 GMC Truck GMC SIER 15E,Automobile,GMC SIER 15E,3GTUUCED7TG295147,,"$64,418.23 ",$0.00 ,"$64,418.23 ",3/12/2026,$0.00 ,$0.00 ,"$64,418.23 ","$64,418.23 ",$0.00 ,$0.00 ,$0.00 ,$0.00 ,$0.00 ,$177.78 ,$0.00 ,$0.00 ,$0.00 ,$177.78 ,$177.78 ,"$41,560.15 "
"3535 West Loop 820 South  Fort Worth, TX 76116",GMC Truck,Auto - GMC Truck Plant (Floorplan-New) - East,3/6/2026,295213,3/6/2026,10/6/2027,2026 GMC Truck GMC SIER 15D,Automobile,GMC SIER 15D,3GTPHGED4TG295213,,"$67,936.35 ",$0.00 ,"$67,936.35 ",3/6/2026,$0.00 ,$0.00 ,"$67,936.35 ","$67,936.35 ",$0.00 ,$0.00 ,$0.00 ,$0.00 ,$0.00 ,$243.74 ,$0.00 ,$0.00 ,$0.00 ,$243.74 ,$243.74 ,"$56,978.87 "
"3535 West Loop 820 South  Fort Worth, TX 76116",GMC Truck,Auto - GMC Truck Plant (Floorplan-New) - East,3/5/2026,295216,3/5/2026,10/5/2027,2026 GMC Truck GMC SIER 15E,Automobile,GMC SIER 15E,3GTUUCED0TG295216,G36457,"$64,418.23 ",$0.00 ,"$64,418.23 ",3/5/2026,"($64,418.23)",$0.00 ,$0.00 ,$0.00 ,$0.00 ,$0.00 ,$0.00 ,$0.00 ,$0.00 ,$115.56 ,$0.00 ,$0.00 ,$0.00 ,$115.56 ,$115.56 ,"$27,014.10 "
"3535 West Loop 820 South  Fort Worth, TX 76116",GMC Truck,Auto - GMC Truck Plant (Floorplan-New) - East,3/5/2026,295223,3/5/2026,10/5/2027,2026 GMC Truck GMC SIER 15E,Automobile,GMC SIER 15E,3GTUUCED8TG295223,G36442,"$64,418.23 ",$0.00 ,"$64,418.23 ",3/5/2026,"($64,418.23)",$0.00 ,$0.00 ,$0.00 ,$0.00 ,$0.00 ,$0.00 ,$0.00 ,$0.00 ,$106.67 ,$0.00 ,$0.00 ,$0.00 ,$106.67 ,$106.67 ,"$24,936.09 "
"3535 West Loop 820 South  Fort Worth, TX 76116",GMC Truck,Auto - GMC Truck Plant (Floorplan-New) - East,3/5/2026,295231,3/5/2026,10/5/2027,2026 GMC Truck GMC SIER 15D,Automobile,GMC SIER 15D,3GTPHGED6TG295231,G36458,"$67,936.35 ",$0.00 ,"$67,936.35 ",3/5/2026,"($67,936.35)",$0.00 ,$0.00 ,$0.00 ,$0.00 ,$0.00 ,$0.00 ,$0.00 ,$0.00 ,$243.74 ,$0.00 ,$0.00 ,$0.00 ,$243.74 ,$243.74 ,"$56,978.87 "
"3535 West Loop 820 South  Fort Worth, TX 76116",GMC Truck,Auto - GMC Truck Plant (Floorplan-New) - East,3/6/2026,295238,3/6/2026,10/6/2027,2026 GMC Truck GMC SIER 15D,Automobile,GMC SIER 15D,3GTPHGED9TG295238,G36465,"$67,936.35 ",$0.00 ,"$67,936.35 ",3/6/2026,"($67,936.35)",$0.00 ,$0.00 ,$0.00 ,$0.00 ,$0.00 ,$0.00 ,$0.00 ,$0.00 ,$159.37 ,$0.00 ,$0.00 ,$0.00 ,$159.37 ,$159.37 ,"$37,255.42 "
"3535 West Loop 820 South  Fort Worth, TX 76116",GMC Truck,Auto - GMC Truck Plant (Floorplan-New) - East,3/6/2026,295280,3/6/2026,10/6/2027,2026 GMC Truck GMC SIER 15D,Automobile,GMC SIER 15D,3GTPHGED8TG295280,,"$67,381.35 ",$0.00 ,"$67,381.35 ",3/6/2026,$0.00 ,$0.00 ,"$67,381.35 ","$67,381.35 ",$0.00 ,$0.00 ,$0.00 ,$0.00 ,$0.00 ,$241.75 ,$0.00 ,$0.00 ,$0.00 ,$241.75 ,$241.75 ,"$56,513.39 "
"3535 West Loop 820 South  Fort Worth, TX 76116",GMC Truck,Auto - GMC Truck Plant (Floorplan-New) - East,3/16/2026,295308,3/16/2026,10/16/2027,2026 GMC Truck GMC SIER 15D,Automobile,GMC SIER 15D,3GTPHGED4TG295308,,"$67,381.35 ",$0.00 ,"$67,381.35 ",3/16/2026,$0.00 ,$0.00 ,"$67,381.35 ","$67,381.35 ",$0.00 ,$0.00 ,$0.00 ,$0.00 ,$0.00 ,$148.77 ,$0.00 ,$0.00 ,$0.00 ,$148.77 ,$148.77 ,"$34,777.47 "
"3535 West Loop 820 South  Fort Worth, TX 76116",GMC Truck,Auto - GMC Truck Plant (Floorplan-New) - East,3/17/2026,295428,3/17/2026,10/17/2027,2026 GMC Truck GMC YUK 4DEN,Automobile,GMC YUK 4DEN,1GKS2DKL0TR295428,,"$89,466.28 ",$0.00 ,"$89,466.28 ",3/17/2026,$0.00 ,$0.00 ,"$89,466.28 ","$89,466.28 ",$0.00 ,$0.00 ,$0.00 ,$0.00 ,$0.00 ,$185.18 ,$0.00 ,$0.00 ,$0.00 ,$185.18 ,$185.18 ,"$43,290.14 "
"3535 West Loop 820 South  Fort Worth, TX 76116",GMC Truck,Auto - GMC Truck Plant (Floorplan-New) - East,3/17/2026,295448,3/17/2026,10/17/2027,2026 GMC Truck GMC YUK 4DEN,Automobile,GMC YUK 4DEN,1GKS2DKL6TR295448,,"$89,466.28 ",$0.00 ,"$89,466.28 ",3/17/2026,$0.00 ,$0.00 ,"$89,466.28 ","$89,466.28 ",$0.00 ,$0.00 ,$0.00 ,$0.00 ,$0.00 ,$185.18 ,$0.00 ,$0.00 ,$0.00 ,$185.18 ,$185.18 ,"$43,290.14 "
"3535 West Loop 820 South  Fort Worth, TX 76116",GMC Truck,Auto - GMC Truck Plant (Floorplan-New) - East,3/10/2026,295545,3/10/2026,10/10/2027,2026 GMC Truck GMC SIER 15D,Automobile,GMC SIER 15D,3GTPHGED7TG295545,,"$67,381.35 ",$0.00 ,"$67,381.35 ",3/10/2026,$0.00 ,$0.00 ,"$67,381.35 ","$67,381.35 ",$0.00 ,$0.00 ,$0.00 ,$0.00 ,$0.00 ,$204.56 ,$0.00 ,$0.00 ,$0.00 ,$204.56 ,$204.56 ,"$47,819.02 "
"3535 West Loop 820 South  Fort Worth, TX 76116",GMC Truck,Auto - GMC Truck Plant (Floorplan-New) - East,3/10/2026,295550,3/10/2026,10/10/2027,2026 GMC Truck GMC SIER 15D,Automobile,GMC SIER 15D,3GTPHGED0TG295550,G36488,"$67,381.35 ",$0.00 ,"$67,381.35 ",3/10/2026,"($67,381.35)",$0.00 ,$0.00 ,$0.00 ,$0.00 ,$0.00 ,$0.00 ,$0.00 ,$0.00 ,$130.17 ,$0.00 ,$0.00 ,$0.00 ,$130.17 ,$130.17 ,"$30,430.29 "
"3535 West Loop 820 South  Fort Worth, TX 76116",GMC Truck,Auto - GMC Truck Plant (Floorplan-New) - East,3/24/2026,296696,3/24/2026,10/24/2027,2026 GMC Truck GMC SIER 15A,Automobile,GMC SIER 15A,3GTUUEEL8TG296696,,"$71,914.00 ",$0.00 ,"$71,914.00 ",3/24/2026,$0.00 ,$0.00 ,"$71,914.00 ","$71,914.00 ",$0.00 ,$0.00 ,$0.00 ,$0.00 ,$0.00 ,$79.39 ,$0.00 ,$0.00 ,$0.00 ,$79.39 ,$79.39 ,"$18,558.45 "
"3535 West Loop 820 South  Fort Worth, TX 76116",GMC Truck,Auto - GMC Truck Plant (Floorplan-New) - East,3/12/2026,296760,3/12/2026,10/12/2027,2026 GMC Truck GMC SIER 15A,Automobile,GMC SIER 15A,3GTUUEEL2TG296760,,"$71,914.00 ",$0.00 ,"$71,914.00 ",3/12/2026,$0.00 ,$0.00 ,"$71,914.00 ","$71,914.00 ",$0.00 ,$0.00 ,$0.00 ,$0.00 ,$0.00 ,$198.47 ,$0.00 ,$0.00 ,$0.00 ,$198.47 ,$198.47 ,"$46,396.13 "
"3535 West Loop 820 South  Fort Worth, TX 76116",GMC Truck,Auto - GMC Truck Plant (Floorplan-New) - East,3/20/2026,297408,3/20/2026,10/20/2027,2026 GMC Truck GMC SIER 15A,Automobile,GMC SIER 15A,3GTUUEEL4TG297408,,"$72,371.88 ",$0.00 ,"$72,371.88 ",3/20/2026,$0.00 ,$0.00 ,"$72,371.88 ","$72,371.88 ",$0.00 ,$0.00 ,$0.00 ,$0.00 ,$0.00 ,$119.84 ,$0.00 ,$0.00 ,$0.00 ,$119.84 ,$119.84 ,"$28,014.92 "
"3535 West Loop 820 South  Fort Worth, TX 76116",GMC Truck,Auto - GMC Truck Plant (Floorplan-New) - East,3/27/2026,297424,3/27/2026,10/27/2027,2026 GMC Truck GMC SIER 15A,Automobile,GMC SIER 15A,3GTUUEEL2TG297424,,"$72,371.88 ",$0.00 ,"$72,371.88 ",3/27/2026,$0.00 ,$0.00 ,"$72,371.88 ","$72,371.88 ",$0.00 ,$0.00 ,$0.00 ,$0.00 ,$0.00 ,$49.93 ,$0.00 ,$0.00 ,$0.00 ,$49.93 ,$49.93 ,"$11,672.88 "
"3535 West Loop 820 South  Fort Worth, TX 76116",GMC Truck,Auto - GMC Truck Plant (Floorplan-New) - East,3/23/2026,297663,3/23/2026,10/23/2027,2026 GMC Truck GMC SIER 15A,Automobile,GMC SIER 15A,3GTUUEEL9TG297663,,"$72,371.88 ",$0.00 ,"$72,371.88 ",3/23/2026,$0.00 ,$0.00 ,"$72,371.88 ","$72,371.88 ",$0.00 ,$0.00 ,$0.00 ,$0.00 ,$0.00 ,$89.88 ,$0.00 ,$0.00 ,$0.00 ,$89.88 ,$89.88 ,"$21,011.19 "
"3535 West Loop 820 South  Fort Worth, TX 76116",GMC Truck,Auto - GMC Truck Plant (Floorplan-New) - East,3/19/2026,297675,3/19/2026,10/19/2027,2026 GMC Truck GMC SIER 15A,Automobile,GMC SIER 15A,3GTUUEEL5TG297675,,"$72,371.88 ",$0.00 ,"$72,371.88 ",3/19/2026,$0.00 ,$0.00 ,"$72,371.88 ","$72,371.88 ",$0.00 ,$0.00 ,$0.00 ,$0.00 ,$0.00 ,$129.83 ,$0.00 ,$0.00 ,$0.00 ,$129.83 ,$129.83 ,"$30,349.50 "
"3535 West Loop 820 South  Fort Worth, TX 76116",GMC Truck,Auto - GMC Truck Plant (Floorplan-New) - East,3/18/2026,297714,3/18/2026,10/18/2027,2026 GMC Truck GMC SIER 15A,Automobile,GMC SIER 15A,3GTUUEEL0TG297714,,"$72,371.88 ",$0.00 ,"$72,371.88 ",3/18/2026,$0.00 ,$0.00 ,"$72,371.88 ","$72,371.88 ",$0.00 ,$0.00 ,$0.00 ,$0.00 ,$0.00 ,$139.81 ,$0.00 ,$0.00 ,$0.00 ,$139.81 ,$139.81 ,"$32,684.07 "
"3535 West Loop 820 South  Fort Worth, TX 76116",GMC Truck,Auto - GMC Truck Plant (Floorplan-New) - East,3/10/2026,297786,3/10/2026,10/10/2027,2026 GMC Truck GMC SIER 15A,Automobile,GMC SIER 15A,3GTUUEEL3TG297786,G36466,"$72,371.88 ",$0.00 ,"$72,371.88 ",3/10/2026,"($72,371.88)",$0.00 ,$0.00 ,$0.00 ,$0.00 ,$0.00 ,$0.00 ,$0.00 ,$0.00 ,$209.72 ,$0.00 ,$0.00 ,$0.00 ,$209.72 ,$209.72 ,"$49,026.11 "
"3535 West Loop 820 South  Fort Worth, TX 76116",GMC Truck,Auto - GMC Truck Plant (Floorplan-New) - East,3/9/2026,297921,3/9/2026,10/9/2027,2026 GMC Truck GMC SIER 15A,Automobile,GMC SIER 15A,3GTUUEEL5TG297921,,"$72,510.63 ",$0.00 ,"$72,510.63 ",3/9/2026,$0.00 ,$0.00 ,"$72,510.63 ","$72,510.63 ",$0.00 ,$0.00 ,$0.00 ,$0.00 ,$0.00 ,$230.13 ,$0.00 ,$0.00 ,$0.00 ,$230.13 ,$230.13 ,"$53,798.21 "
"3535 West Loop 820 South  Fort Worth, TX 76116",GMC Truck,Auto - GMC Truck Plant (Floorplan-New) - East,3/9/2026,297961,3/9/2026,10/9/2027,2026 GMC Truck GMC SIER 15A,Automobile,GMC SIER 15A,3GTUUEEL6TG297961,,"$72,510.63 ",$0.00 ,"$72,510.63 ",3/9/2026,$0.00 ,$0.00 ,"$72,510.63 ","$72,510.63 ",$0.00 ,$0.00 ,$0.00 ,$0.00 ,$0.00 ,$230.13 ,$0.00 ,$0.00 ,$0.00 ,$230.13 ,$230.13 ,"$53,798.21 "
"3535 West Loop 820 South  Fort Worth, TX 76116",GMC Truck,Auto - GMC Truck Plant (Floorplan-New) - East,3/9/2026,297964,3/9/2026,10/9/2027,2026 GMC Truck GMC SIER 15A,Automobile,GMC SIER 15A,3GTUUEEL1TG297964,G36498,"$72,510.63 ",$0.00 ,"$72,510.63 ",3/9/2026,"($72,510.63)",$0.00 ,$0.00 ,$0.00 ,$0.00 ,$0.00 ,$0.00 ,$0.00 ,$0.00 ,$210.12 ,$0.00 ,$0.00 ,$0.00 ,$210.12 ,$210.12 ,"$49,120.10 "
"3535 West Loop 820 South  Fort Worth, TX 76116",GMC Truck,Auto - GMC Truck Plant (Floorplan-New) - East,3/9/2026,297966,3/9/2026,10/9/2027,2026 GMC Truck GMC SIER 15A,Automobile,GMC SIER 15A,3GTUUEEL5TG297966,G36493,"$72,371.88 ",$0.00 ,"$72,371.88 ",3/9/2026,"($72,371.88)",$0.00 ,$0.00 ,$0.00 ,$0.00 ,$0.00 ,$0.00 ,$0.00 ,$0.00 ,$159.79 ,$0.00 ,$0.00 ,$0.00 ,$159.79 ,$159.79 ,"$37,353.23 "
"3535 West Loop 820 South  Fort Worth, TX 76116",GMC Truck,Auto - GMC Truck Plant (Floorplan-New) - East,3/12/2026,297969,3/12/2026,10/12/2027,2026 GMC Truck GMC SIER 15A,Automobile,GMC SIER 15A,3GTUUEEL0TG297969,G36623,"$72,371.88 ",$0.00 ,"$72,371.88 ",3/12/2026,"($72,371.88)",$0.00 ,$0.00 ,$0.00 ,$0.00 ,$0.00 ,$0.00 ,$0.00 ,$0.00 ,$189.75 ,$0.00 ,$0.00 ,$0.00 ,$189.75 ,$189.75 ,"$44,356.96 "
"3535 West Loop 820 South  Fort Worth, TX 76116",GMC Truck,Auto - GMC Truck Plant (Floorplan-New) - East,3/18/2026,298056,3/18/2026,10/18/2027,2026 GMC Truck GMC SIER 15D,Automobile,GMC SIER 15D,3GTUUGELXTG298056,,"$74,203.78 ",$0.00 ,"$74,203.78 ",3/18/2026,$0.00 ,$0.00 ,"$74,203.78 ","$74,203.78 ",$0.00 ,$0.00 ,$0.00 ,$0.00 ,$0.00 ,$143.35 ,$0.00 ,$0.00 ,$0.00 ,$143.35 ,$143.35 ,"$33,511.38 "
"3535 West Loop 820 South  Fort Worth, TX 76116",GMC Truck,Auto - GMC Truck Plant (Floorplan-New) - East,3/13/2026,298057,3/13/2026,10/13/2027,2026 GMC Truck GMC SIER 15D,Automobile,GMC SIER 15D,3GTUUGEL1TG298057,,"$74,203.78 ",$0.00 ,"$74,203.78 ",3/13/2026,$0.00 ,$0.00 ,"$74,203.78 ","$74,203.78 ",$0.00 ,$0.00 ,$0.00 ,$0.00 ,$0.00 ,$194.55 ,$0.00 ,$0.00 ,$0.00 ,$194.55 ,$194.55 ,"$45,479.74 "
"3535 West Loop 820 South  Fort Worth, TX 76116",GMC Truck,Auto - GMC Truck Plant (Floorplan-New) - East,3/9/2026,298058,3/9/2026,10/9/2027,2026 GMC Truck GMC SIER 15D,Automobile,GMC SIER 15D,3GTUUGEL3TG298058,,"$74,203.78 ",$0.00 ,"$74,203.78 ",3/9/2026,$0.00 ,$0.00 ,"$74,203.78 ","$74,203.78 ",$0.00 ,$0.00 ,$0.00 ,$0.00 ,$0.00 ,$235.51 ,$0.00 ,$0.00 ,$0.00 ,$235.51 ,$235.51 ,"$55,054.42 "
"3535 West Loop 820 South  Fort Worth, TX 76116",GMC Truck,Auto - GMC Truck Plant (Floorplan-New) - East,3/10/2026,298061,3/10/2026,10/10/2027,2026 GMC Truck GMC SIER 15D,Automobile,GMC SIER 15D,3GTUUGEL3TG298061,,"$74,758.78 ",$0.00 ,"$74,758.78 ",3/10/2026,$0.00 ,$0.00 ,"$74,758.78 ","$74,758.78 ",$0.00 ,$0.00 ,$0.00 ,$0.00 ,$0.00 ,$226.95 ,$0.00 ,$0.00 ,$0.00 ,$226.95 ,$226.95 ,"$53,054.62 "
"3535 West Loop 820 South  Fort Worth, TX 76116",GMC Truck,Auto - GMC Truck Plant (Floorplan-New) - East,3/4/2026,298404,3/4/2026,10/4/2027,2026 GMC Truck GMC SIER 15P,Automobile,GMC SIER 15P,3GTNHAEK0TG298404,G35435,"$38,989.80 ",$0.00 ,"$38,989.80 ",3/4/2026,"($38,989.80)",$0.00 ,$0.00 ,$0.00 ,$0.00 ,$0.00 ,$0.00 ,$0.00 ,$0.00 ,$145.27 ,$0.00 ,$0.00 ,$0.00 ,$145.27 ,$145.27 ,"$33,958.86 "
"3535 West Loop 820 South  Fort Worth, TX 76116",GMC Truck,Auto - GMC Truck Plant (Floorplan-New) - East,3/6/2026,298812,3/6/2026,10/6/2027,2026 GMC Truck GMC SIER 15P,Automobile,GMC SIER 15P,3GTNHAEK4TG298812,G36560,"$39,447.68 ",$0.00 ,"$39,447.68 ",3/6/2026,"($39,447.68)",$0.00 ,$0.00 ,$0.00 ,$0.00 ,$0.00 ,$0.00 ,$0.00 ,$0.00 ,$136.09 ,$0.00 ,$0.00 ,$0.00 ,$136.09 ,$136.09 ,"$31,812.65 "
"3535 West Loop 820 South  Fort Worth, TX 76116",GMC Truck,Auto - GMC Truck Plant (Floorplan-New) - East,3/9/2026,298862,3/9/2026,10/9/2027,2026 GMC Truck GMC SIER 15D,Automobile,GMC SIER 15D,3GTUUGEL4TG298862,G36439,"$74,758.78 ",$0.00 ,"$74,758.78 ",3/9/2026,"($74,758.78)",$0.00 ,$0.00 ,$0.00 ,$0.00 ,$0.00 ,$0.00 ,$0.00 ,$0.00 ,$92.84 ,$0.00 ,$0.00 ,$0.00 ,$92.84 ,$92.84 ,"$21,704.16 "
"3535 West Loop 820 South  Fort Worth, TX 76116",GMC Truck,Auto - GMC Truck Plant (Floorplan-New) - East,3/9/2026,298863,3/9/2026,10/9/2027,2026 GMC Truck GMC SIER 15D,Automobile,GMC SIER 15D,3GTUUGEL6TG298863,,"$74,758.78 ",$0.00 ,"$74,758.78 ",3/9/2026,$0.00 ,$0.00 ,"$74,758.78 ","$74,758.78 ",$0.00 ,$0.00 ,$0.00 ,$0.00 ,$0.00 ,$237.27 ,$0.00 ,$0.00 ,$0.00 ,$237.27 ,$237.27 ,"$55,466.19 "
"3535 West Loop 820 South  Fort Worth, TX 76116",GMC Truck,Auto - GMC Truck Plant (Floorplan-New) - East,3/10/2026,298864,3/10/2026,10/10/2027,2026 GMC Truck GMC SIER 15D,Automobile,GMC SIER 15D,3GTUUGEL8TG298864,,"$74,203.78 ",$0.00 ,"$74,203.78 ",3/10/2026,$0.00 ,$0.00 ,"$74,203.78 ","$74,203.78 ",$0.00 ,$0.00 ,$0.00 ,$0.00 ,$0.00 ,$225.27 ,$0.00 ,$0.00 ,$0.00 ,$225.27 ,$225.27 ,"$52,660.75 "
"3535 West Loop 820 South  Fort Worth, TX 76116",GMC Truck,Auto - GMC Truck Plant (Floorplan-New) - East,3/11/2026,298865,3/11/2026,10/11/2027,2026 GMC Truck GMC SIER 15D,Automobile,GMC SIER 15D,3GTUUGELXTG298865,,"$74,203.78 ",$0.00 ,"$74,203.78 ",3/11/2026,$0.00 ,$0.00 ,"$74,203.78 ","$74,203.78 ",$0.00 ,$0.00 ,$0.00 ,$0.00 ,$0.00 ,$215.03 ,$0.00 ,$0.00 ,$0.00 ,$215.03 ,$215.03 ,"$50,267.08 "
"3535 West Loop 820 South  Fort Worth, TX 76116",GMC Truck,Auto - GMC Truck Plant (Floorplan-New) - East,3/11/2026,298867,3/11/2026,10/11/2027,2026 GMC Truck GMC SIER 15D,Automobile,GMC SIER 15D,3GTUUGEL3TG298867,,"$74,203.78 ",$0.00 ,"$74,203.78 ",3/11/2026,$0.00 ,$0.00 ,"$74,203.78 ","$74,203.78 ",$0.00 ,$0.00 ,$0.00 ,$0.00 ,$0.00 ,$215.03 ,$0.00 ,$0.00 ,$0.00 ,$215.03 ,$215.03 ,"$50,267.08 "
"3535 West Loop 820 South  Fort Worth, TX 76116",GMC Truck,Auto - GMC Truck Plant (Floorplan-New) - East,3/20/2026,300427,3/20/2026,10/20/2027,2026 GMC Truck GMC YUK 4ELE,Automobile,GMC YUK 4ELE,1GKS2BKD7TR300427,,"$76,890.60 ",$0.00 ,"$76,890.60 ",3/20/2026,$0.00 ,$0.00 ,"$76,890.60 ","$76,890.60 ",$0.00 ,$0.00 ,$0.00 ,$0.00 ,$0.00 ,$127.32 ,$0.00 ,$0.00 ,$0.00 ,$127.32 ,$127.32 ,"$29,764.10 "
"3535 West Loop 820 South  Fort Worth, TX 76116",GMC Truck,Auto - GMC Truck Plant (Floorplan-New) - East,3/9/2026,300794,3/9/2026,10/9/2027,2026 GMC Truck GMC SIER 15L,Automobile,GMC SIER 15L,3GTUUDED4TG300794,G36532,"$65,092.20 ",$0.00 ,"$65,092.20 ",3/9/2026,"($65,092.20)",$0.00 ,$0.00 ,$0.00 ,$0.00 ,$0.00 ,$0.00 ,$0.00 ,$0.00 ,$161.68 ,$0.00 ,$0.00 ,$0.00 ,$161.68 ,$161.68 ,"$37,795.47 "
"3535 West Loop 820 South  Fort Worth, TX 76116",GMC Truck,Auto - GMC Truck Plant (Floorplan-New) - East,3/9/2026,300796,3/9/2026,10/9/2027,2026 GMC Truck GMC SIER 15L,Automobile,GMC SIER 15L,3GTUUDED8TG300796,G36464,"$65,092.20 ",$0.00 ,"$65,092.20 ",3/9/2026,"($65,092.20)",$0.00 ,$0.00 ,$0.00 ,$0.00 ,$0.00 ,$0.00 ,$0.00 ,$0.00 ,$143.71 ,$0.00 ,$0.00 ,$0.00 ,$143.71 ,$143.71 ,"$33,595.97 "
"3535 West Loop 820 South  Fort Worth, TX 76116",GMC Truck,Auto - GMC Truck Plant (Floorplan-New) - East,3/9/2026,300799,3/9/2026,10/9/2027,2026 GMC Truck GMC SIER 15L,Automobile,GMC SIER 15L,3GTUUDED3TG300799,G36438,"$64,537.20 ",$0.00 ,"$64,537.20 ",3/9/2026,"($64,537.20)",$0.00 ,$0.00 ,$0.00 ,$0.00 ,$0.00 ,$0.00 ,$0.00 ,$0.00 ,$151.40 ,$0.00 ,$0.00 ,$0.00 ,$151.40 ,$151.40 ,"$35,391.37 "
"3535 West Loop 820 South  Fort Worth, TX 76116",GMC Truck,Auto - GMC Truck Plant (Floorplan-New) - East,3/11/2026,300974,3/11/2026,10/11/2027,2026 GMC Truck GMC SIER 15L,Automobile,GMC SIER 15L,3GTUUDED6TG300974,G36567,"$64,537.20 ",$0.00 ,"$64,537.20 ",3/11/2026,"($64,537.20)",$0.00 ,$0.00 ,$0.00 ,$0.00 ,$0.00 ,$0.00 ,$0.00 ,$0.00 ,$178.11 ,$0.00 ,$0.00 ,$0.00 ,$178.11 ,$178.11 ,"$41,636.90 "
"3535 West Loop 820 South  Fort Worth, TX 76116",GMC Truck,Auto - GMC Truck Plant (Floorplan-New) - East,3/25/2026,300976,3/25/2026,10/25/2027,2026 GMC Truck GMC SIER 15L,Automobile,GMC SIER 15L,3GTUUDEDXTG300976,,"$64,537.20 ",$0.00 ,"$64,537.20 ",3/25/2026,$0.00 ,$0.00 ,"$64,537.20 ","$64,537.20 ",$0.00 ,$0.00 ,$0.00 ,$0.00 ,$0.00 ,$62.34 ,$0.00 ,$0.00 ,$0.00 ,$62.34 ,$62.34 ,"$14,572.92 "
"3535 West Loop 820 South  Fort Worth, TX 76116",GMC Truck,Auto - GMC Truck Plant (Floorplan-New) - East,3/9/2026,300978,3/9/2026,10/9/2027,2026 GMC Truck GMC SIER 15L,Automobile,GMC SIER 15L,3GTUUDED3TG300978,G36522,"$64,537.20 ",$0.00 ,"$64,537.20 ",3/9/2026,"($64,537.20)",$0.00 ,$0.00 ,$0.00 ,$0.00 ,$0.00 ,$0.00 ,$0.00 ,$0.00 ,$142.49 ,$0.00 ,$0.00 ,$0.00 ,$142.49 ,$142.49 ,"$33,309.52 "
"3535 West Loop 820 South  Fort Worth, TX 76116",GMC Truck,Auto - GMC Truck Plant (Floorplan-New) - East,3/23/2026,301063,3/23/2026,10/23/2027,2026 GMC Truck GMC YUK 4ELE,Automobile,GMC YUK 4ELE,1GKS2BKD0TR301063,,"$76,890.60 ",$0.00 ,"$76,890.60 ",3/23/2026,$0.00 ,$0.00 ,"$76,890.60 ","$76,890.60 ",$0.00 ,$0.00 ,$0.00 ,$0.00 ,$0.00 ,$95.49 ,$0.00 ,$0.00 ,$0.00 ,$95.49 ,$95.49 ,"$22,323.08 "
"3535 West Loop 820 South  Fort Worth, TX 76116",GMC Truck,Auto - GMC Truck Plant (Floorplan-New) - East,3/2/2026,301444,3/2/2026,10/2/2027,2026 GMC Truck GMC SIER 15E,Automobile,GMC SIER 15E,1GTPHCEDXTZ301444,,"$57,776.18 ",$0.00 ,"$57,776.18 ",3/2/2026,$0.00 ,$0.00 ,"$57,776.18 ","$57,776.18 ",$0.00 ,$0.00 ,$0.00 ,$0.00 ,$0.00 ,$239.18 ,$0.00 ,$0.00 ,$0.00 ,$239.18 ,$239.18 ,"$55,912.43 "
"3535 West Loop 820 South  Fort Worth, TX 76116",GMC Truck,Auto - GMC Truck Plant (Floorplan-New) - East,3/9/2026,301807,3/9/2026,10/9/2027,2026 GMC Truck GMC SIER 15E,Automobile,GMC SIER 15E,3GTPHCED9TG301807,,"$60,204.30 ",$0.00 ,"$60,204.30 ",3/9/2026,$0.00 ,$0.00 ,"$60,204.30 ","$60,204.30 ",$0.00 ,$0.00 ,$0.00 ,$0.00 ,$0.00 ,$191.08 ,$0.00 ,$0.00 ,$0.00 ,$191.08 ,$191.08 ,"$44,667.71 "
"3535 West Loop 820 South  Fort Worth, TX 76116",GMC Truck,Auto - GMC Truck Plant (Floorplan-New) - East,3/4/2026,302050,3/4/2026,10/4/2027,2026 GMC Truck GMC SIER 15E,Automobile,GMC SIER 15E,1GTRHCED4TZ302050,,"$57,966.88 ",$0.00 ,"$57,966.88 ",3/4/2026,$0.00 ,$0.00 ,"$57,966.88 ","$57,966.88 ",$0.00 ,$0.00 ,$0.00 ,$0.00 ,$0.00 ,$223.97 ,$0.00 ,$0.00 ,$0.00 ,$223.97 ,$223.97 ,"$52,357.18 "
"3535 West Loop 820 South  Fort Worth, TX 76116",GMC Truck,Auto - GMC Truck Plant (Floorplan-New) - East,3/24/2026,302091,3/24/2026,10/24/2027,2026 GMC Truck GMC YUK 2ELE,Automobile,GMC YUK 2ELE,1GKS1BKD6TR302091,,"$70,363.10 ",$0.00 ,"$70,363.10 ",3/24/2026,$0.00 ,$0.00 ,"$70,363.10 ","$70,363.10 ",$0.00 ,$0.00 ,$0.00 ,$0.00 ,$0.00 ,$77.68 ,$0.00 ,$0.00 ,$0.00 ,$77.68 ,$77.68 ,"$18,158.22 "
"3535 West Loop 820 South  Fort Worth, TX 76116",GMC Truck,Auto - GMC Truck Plant (Floorplan-New) - East,3/10/2026,302117,3/10/2026,10/10/2027,2026 GMC Truck GMC SIER 15E,Automobile,GMC SIER 15E,3GTPHCED0TG302117,,"$60,662.18 ",$0.00 ,"$60,662.18 ",3/10/2026,$0.00 ,$0.00 ,"$60,662.18 ","$60,662.18 ",$0.00 ,$0.00 ,$0.00 ,$0.00 ,$0.00 ,$184.16 ,$0.00 ,$0.00 ,$0.00 ,$184.16 ,$184.16 ,"$43,050.58 "
"3535 West Loop 820 South  Fort Worth, TX 76116",GMC Truck,Auto - GMC Truck Plant (Floorplan-New) - East,3/24/2026,302179,3/24/2026,10/24/2027,2026 GMC Truck GMC YUK 4ELE,Automobile,GMC YUK 4ELE,1GKS2BKD2TR302179,G36572,"$73,246.10 ",$0.00 ,"$73,246.10 ",3/24/2026,"($73,246.10)",$0.00 ,$0.00 ,$0.00 ,$0.00 ,$0.00 ,$0.00 ,$0.00 ,$0.00 ,$70.75 ,$0.00 ,$0.00 ,$0.00 ,$70.75 ,$70.75 ,"$16,539.44 "
"3535 West Loop 820 South  Fort Worth, TX 76116",GMC Truck,Auto - GMC Truck Plant (Floorplan-New) - East,3/11/2026,302749,3/11/2026,10/11/2027,2026 GMC Truck GMC SIER 15E,Automobile,GMC SIER 15E,3GTPHCED4TG302749,,"$60,662.18 ",$0.00 ,"$60,662.18 ",3/11/2026,$0.00 ,$0.00 ,"$60,662.18 ","$60,662.18 ",$0.00 ,$0.00 ,$0.00 ,$0.00 ,$0.00 ,$175.79 ,$0.00 ,$0.00 ,$0.00 ,$175.79 ,$175.79 ,"$41,093.73 "
"3535 West Loop 820 South  Fort Worth, TX 76116",GMC Truck,Auto - GMC Truck Plant (Floorplan-New) - East,3/13/2026,302757,3/13/2026,10/13/2027,2026 GMC Truck GMC SIER 15E,Automobile,GMC SIER 15E,3GTPHCED3TG302757,,"$60,204.30 ",$0.00 ,"$60,204.30 ",3/13/2026,$0.00 ,$0.00 ,"$60,204.30 ","$60,204.30 ",$0.00 ,$0.00 ,$0.00 ,$0.00 ,$0.00 ,$157.85 ,$0.00 ,$0.00 ,$0.00 ,$157.85 ,$157.85 ,"$36,899.41 "
"3535 West Loop 820 South  Fort Worth, TX 76116",GMC Truck,Auto - GMC Truck Plant (Floorplan-New) - East,3/17/2026,302803,3/17/2026,10/17/2027,2026 GMC Truck GMC SIER 15E,Automobile,GMC SIER 15E,3GTPHCE82TG302803,,"$61,397.55 ",$0.00 ,"$61,397.55 ",3/17/2026,$0.00 ,$0.00 ,"$61,397.55 ","$61,397.55 ",$0.00 ,$0.00 ,$0.00 ,$0.00 ,$0.00 ,$127.09 ,$0.00 ,$0.00 ,$0.00 ,$127.09 ,$127.09 ,"$29,708.49 "
"3535 West Loop 820 South  Fort Worth, TX 76116",GMC Truck,Auto - GMC Truck Plant (Floorplan-New) - East,3/11/2026,302814,3/11/2026,10/11/2027,2026 GMC Truck GMC SIER 15E,Automobile,GMC SIER 15E,3GTPHCED0TG302814,,"$60,204.30 ",$0.00 ,"$60,204.30 ",3/11/2026,$0.00 ,$0.00 ,"$60,204.30 ","$60,204.30 ",$0.00 ,$0.00 ,$0.00 ,$0.00 ,$0.00 ,$174.46 ,$0.00 ,$0.00 ,$0.00 ,$174.46 ,$174.46 ,"$40,783.56 "
"3535 West Loop 820 South  Fort Worth, TX 76116",GMC Truck,Auto - GMC Truck Plant (Floorplan-New) - East,3/11/2026,302875,3/11/2026,10/11/2027,2026 GMC Truck GMC SIER 15E,Automobile,GMC SIER 15E,3GTPHCE85TG302875,,"$60,939.68 ",$0.00 ,"$60,939.68 ",3/11/2026,$0.00 ,$0.00 ,"$60,939.68 ","$60,939.68 ",$0.00 ,$0.00 ,$0.00 ,$0.00 ,$0.00 ,$176.59 ,$0.00 ,$0.00 ,$0.00 ,$176.59 ,$176.59 ,"$41,281.72 "
"3535 West Loop 820 South  Fort Worth, TX 76116",GMC Truck,Auto - GMC Truck Plant (Floorplan-New) - East,3/10/2026,302888,3/10/2026,10/10/2027,2026 GMC Truck GMC SIER 15E,Automobile,GMC SIER 15E,3GTPHCED7TG302888,,"$60,662.18 ",$0.00 ,"$60,662.18 ",3/10/2026,$0.00 ,$0.00 ,"$60,662.18 ","$60,662.18 ",$0.00 ,$0.00 ,$0.00 ,$0.00 ,$0.00 ,$184.16 ,$0.00 ,$0.00 ,$0.00 ,$184.16 ,$184.16 ,"$43,050.58 "
"3535 West Loop 820 South  Fort Worth, TX 76116",GMC Truck,Auto - GMC Truck Plant (Floorplan-New) - East,3/11/2026,302895,3/11/2026,10/11/2027,2026 GMC Truck GMC SIER 15E,Automobile,GMC SIER 15E,3GTPHCE80TG302895,,"$61,397.55 ",$0.00 ,"$61,397.55 ",3/11/2026,$0.00 ,$0.00 ,"$61,397.55 ","$61,397.55 ",$0.00 ,$0.00 ,$0.00 ,$0.00 ,$0.00 ,$177.92 ,$0.00 ,$0.00 ,$0.00 ,$177.92 ,$177.92 ,"$41,591.89 "
"3535 West Loop 820 South  Fort Worth, TX 76116",GMC Truck,Auto - GMC Truck Plant (Floorplan-New) - East,3/11/2026,302968,3/11/2026,10/11/2027,2026 GMC Truck GMC SIER 15E,Automobile,GMC SIER 15E,3GTPHCE81TG302968,,"$60,939.68 ",$0.00 ,"$60,939.68 ",3/11/2026,$0.00 ,$0.00 ,"$60,939.68 ","$60,939.68 ",$0.00 ,$0.00 ,$0.00 ,$0.00 ,$0.00 ,$176.59 ,$0.00 ,$0.00 ,$0.00 ,$176.59 ,$176.59 ,"$41,281.72 "
"3535 West Loop 820 South  Fort Worth, TX 76116",GMC Truck,Auto - GMC Truck Plant (Floorplan-New) - East,3/25/2026,303043,3/25/2026,10/25/2027,2026 GMC Truck GMC SIER 15E,Automobile,GMC SIER 15E,3GTPHCED2TG303043,,"$60,662.18 ",$0.00 ,"$60,662.18 ",3/25/2026,$0.00 ,$0.00 ,"$60,662.18 ","$60,662.18 ",$0.00 ,$0.00 ,$0.00 ,$0.00 ,$0.00 ,$58.60 ,$0.00 ,$0.00 ,$0.00 ,$58.60 ,$58.60 ,"$13,697.91 "
"3535 West Loop 820 South  Fort Worth, TX 76116",GMC Truck,Auto - GMC Truck Plant (Floorplan-New) - East,3/19/2026,303144,3/19/2026,10/19/2027,2026 GMC Truck GMC SIER 15E,Automobile,GMC SIER 15E,3GTPHCED8TG303144,,"$60,204.30 ",$0.00 ,"$60,204.30 ",3/19/2026,$0.00 ,$0.00 ,"$60,204.30 ","$60,204.30 ",$0.00 ,$0.00 ,$0.00 ,$0.00 ,$0.00 ,$108.00 ,$0.00 ,$0.00 ,$0.00 ,$108.00 ,$108.00 ,"$25,246.96 "
"3535 West Loop 820 South  Fort Worth, TX 76116",GMC Truck,Auto - GMC Truck Plant (Floorplan-New) - East,3/18/2026,303208,3/18/2026,10/18/2027,2026 GMC Truck GMC SIER 15E,Automobile,GMC SIER 15E,3GTPHCED8TG303208,,"$60,204.30 ",$0.00 ,"$60,204.30 ",3/18/2026,$0.00 ,$0.00 ,"$60,204.30 ","$60,204.30 ",$0.00 ,$0.00 ,$0.00 ,$0.00 ,$0.00 ,$116.31 ,$0.00 ,$0.00 ,$0.00 ,$116.31 ,$116.31 ,"$27,189.04 "
"3535 West Loop 820 South  Fort Worth, TX 76116",GMC Truck,Auto - GMC Truck Plant (Floorplan-New) - East,3/11/2026,303225,3/11/2026,10/11/2027,2026 GMC Truck GMC SIER 15E,Automobile,GMC SIER 15E,3GTPHCE84TG303225,,"$60,939.68 ",$0.00 ,"$60,939.68 ",3/11/2026,$0.00 ,$0.00 ,"$60,939.68 ","$60,939.68 ",$0.00 ,$0.00 ,$0.00 ,$0.00 ,$0.00 ,$176.59 ,$0.00 ,$0.00 ,$0.00 ,$176.59 ,$176.59 ,"$41,281.72 "
"3535 West Loop 820 South  Fort Worth, TX 76116",GMC Truck,Auto - GMC Truck Plant (Floorplan-New) - East,3/11/2026,303357,3/11/2026,10/11/2027,2026 GMC Truck GMC SIER 15E,Automobile,GMC SIER 15E,3GTPHCE8XTG303357,,"$60,939.68 ",$0.00 ,"$60,939.68 ",3/11/2026,$0.00 ,$0.00 ,"$60,939.68 ","$60,939.68 ",$0.00 ,$0.00 ,$0.00 ,$0.00 ,$0.00 ,$176.59 ,$0.00 ,$0.00 ,$0.00 ,$176.59 ,$176.59 ,"$41,281.72 "
"3535 West Loop 820 South  Fort Worth, TX 76116",GMC Truck,Auto - GMC Truck Plant (Floorplan-New) - East,3/11/2026,303362,3/11/2026,10/11/2027,2026 GMC Truck GMC SIER 15E,Automobile,GMC SIER 15E,3GTPHCED7TG303362,,"$60,662.18 ",$0.00 ,"$60,662.18 ",3/11/2026,$0.00 ,$0.00 ,"$60,662.18 ","$60,662.18 ",$0.00 ,$0.00 ,$0.00 ,$0.00 ,$0.00 ,$175.79 ,$0.00 ,$0.00 ,$0.00 ,$175.79 ,$175.79 ,"$41,093.73 "
"3535 West Loop 820 South  Fort Worth, TX 76116",GMC Truck,Auto - GMC Truck Plant (Floorplan-New) - East,3/12/2026,303375,3/12/2026,10/12/2027,2026 GMC Truck GMC SIER 15E,Automobile,GMC SIER 15E,3GTPHCED5TG303375,,"$60,662.18 ",$0.00 ,"$60,662.18 ",3/12/2026,$0.00 ,$0.00 ,"$60,662.18 ","$60,662.18 ",$0.00 ,$0.00 ,$0.00 ,$0.00 ,$0.00 ,$167.42 ,$0.00 ,$0.00 ,$0.00 ,$167.42 ,$167.42 ,"$39,136.89 "
"3535 West Loop 820 South  Fort Worth, TX 76116",GMC Truck,Auto - GMC Truck Plant (Floorplan-New) - East,3/25/2026,303436,3/25/2026,10/25/2027,2026 GMC Truck GMC YUK 2ELE,Automobile,GMC YUK 2ELE,1GKS1BKD8TR303436,,"$70,820.98 ",$0.00 ,"$70,820.98 ",3/25/2026,$0.00 ,$0.00 ,"$70,820.98 ","$70,820.98 ",$0.00 ,$0.00 ,$0.00 ,$0.00 ,$0.00 ,$68.41 ,$0.00 ,$0.00 ,$0.00 ,$68.41 ,$68.41 ,"$15,991.83 "
"3535 West Loop 820 South  Fort Worth, TX 76116",GMC Truck,Auto - GMC Truck Plant (Floorplan-New) - East,3/12/2026,303462,3/12/2026,10/12/2027,2026 GMC Truck GMC SIER 15E,Automobile,GMC SIER 15E,3GTPHCE87TG303462,,"$60,939.68 ",$0.00 ,"$60,939.68 ",3/12/2026,$0.00 ,$0.00 ,"$60,939.68 ","$60,939.68 ",$0.00 ,$0.00 ,$0.00 ,$0.00 ,$0.00 ,$168.18 ,$0.00 ,$0.00 ,$0.00 ,$168.18 ,$168.18 ,"$39,315.92 "
"3535 West Loop 820 South  Fort Worth, TX 76116",GMC Truck,Auto - GMC Truck Plant (Floorplan-New) - East,3/18/2026,303508,3/18/2026,10/18/2027,2026 GMC Truck GMC SIER 15E,Automobile,GMC SIER 15E,3GTPHCE85TG303508,,"$61,397.55 ",$0.00 ,"$61,397.55 ",3/18/2026,$0.00 ,$0.00 ,"$61,397.55 ","$61,397.55 ",$0.00 ,$0.00 ,$0.00 ,$0.00 ,$0.00 ,$118.61 ,$0.00 ,$0.00 ,$0.00 ,$118.61 ,$118.61 ,"$27,727.93 "
"3535 West Loop 820 South  Fort Worth, TX 76116",GMC Truck,Auto - GMC Truck Plant (Floorplan-New) - East,3/12/2026,303528,3/12/2026,10/12/2027,2026 GMC Truck GMC SIER 15E,Automobile,GMC SIER 15E,3GTPHCE80TG303528,,"$61,397.55 ",$0.00 ,"$61,397.55 ",3/12/2026,$0.00 ,$0.00 ,"$61,397.55 ","$61,397.55 ",$0.00 ,$0.00 ,$0.00 ,$0.00 ,$0.00 ,$169.45 ,$0.00 ,$0.00 ,$0.00 ,$169.45 ,$169.45 ,"$39,611.32 "
"3535 West Loop 820 South  Fort Worth, TX 76116",GMC Truck,Auto - GMC Truck Plant (Floorplan-New) - East,3/23/2026,303607,3/23/2026,10/23/2027,2026 GMC Truck GMC SIER 15E,Automobile,GMC SIER 15E,3GTPHCE87TG303607,,"$61,397.55 ",$0.00 ,"$61,397.55 ",3/23/2026,$0.00 ,$0.00 ,"$61,397.55 ","$61,397.55 ",$0.00 ,$0.00 ,$0.00 ,$0.00 ,$0.00 ,$76.25 ,$0.00 ,$0.00 ,$0.00 ,$76.25 ,$76.25 ,"$17,825.10 "
"3535 West Loop 820 South  Fort Worth, TX 76116",GMC Truck,Auto - GMC Truck Plant (Floorplan-New) - East,3/11/2026,303614,3/11/2026,10/11/2027,2026 GMC Truck GMC SIER 15E,Automobile,GMC SIER 15E,3GTPHCE84TG303614,,"$61,397.55 ",$0.00 ,"$61,397.55 ",3/11/2026,$0.00 ,$0.00 ,"$61,397.55 ","$61,397.55 ",$0.00 ,$0.00 ,$0.00 ,$0.00 ,$0.00 ,$177.92 ,$0.00 ,$0.00 ,$0.00 ,$177.92 ,$177.92 ,"$41,591.89 "
"3535 West Loop 820 South  Fort Worth, TX 76116",GMC Truck,Auto - GMC Truck Plant (Floorplan-New) - East,3/12/2026,303639,3/12/2026,10/12/2027,2026 GMC Truck GMC SIER 15E,Automobile,GMC SIER 15E,3GTPHCED2TG303639,,"$60,662.18 ",$0.00 ,"$60,662.18 ",3/12/2026,$0.00 ,$0.00 ,"$60,662.18 ","$60,662.18 ",$0.00 ,$0.00 ,$0.00 ,$0.00 ,$0.00 ,$167.42 ,$0.00 ,$0.00 ,$0.00 ,$167.42 ,$167.42 ,"$39,136.89 "
"3535 West Loop 820 South  Fort Worth, TX 76116",GMC Truck,Auto - GMC Truck Plant (Floorplan-New) - East,3/11/2026,303646,3/11/2026,10/11/2027,2026 GMC Truck GMC SIER 15E,Automobile,GMC SIER 15E,3GTPHCE86TG303646,,"$61,397.55 ",$0.00 ,"$61,397.55 ",3/11/2026,$0.00 ,$0.00 ,"$61,397.55 ","$61,397.55 ",$0.00 ,$0.00 ,$0.00 ,$0.00 ,$0.00 ,$177.92 ,$0.00 ,$0.00 ,$0.00 ,$177.92 ,$177.92 ,"$41,591.89 "
"3535 West Loop 820 South  Fort Worth, TX 76116",GMC Truck,Auto - GMC Truck Plant (Floorplan-New) - East,3/11/2026,303653,3/11/2026,10/11/2027,2026 GMC Truck GMC SIER 15E,Automobile,GMC SIER 15E,3GTPHCE83TG303653,,"$61,397.55 ",$0.00 ,"$61,397.55 ",3/11/2026,$0.00 ,$0.00 ,"$61,397.55 ","$61,397.55 ",$0.00 ,$0.00 ,$0.00 ,$0.00 ,$0.00 ,$177.92 ,$0.00 ,$0.00 ,$0.00 ,$177.92 ,$177.92 ,"$41,591.89 "
"3535 West Loop 820 South  Fort Worth, TX 76116",GMC Truck,Auto - GMC Truck Plant (Floorplan-New) - East,3/10/2026,303714,3/10/2026,10/10/2027,2026 GMC Truck GMC SIER 15E,Automobile,GMC SIER 15E,3GTPHCED1TG303714,,"$60,662.18 ",$0.00 ,"$60,662.18 ",3/10/2026,$0.00 ,$0.00 ,"$60,662.18 ","$60,662.18 ",$0.00 ,$0.00 ,$0.00 ,$0.00 ,$0.00 ,$184.16 ,$0.00 ,$0.00 ,$0.00 ,$184.16 ,$184.16 ,"$43,050.58 "
"3535 West Loop 820 South  Fort Worth, TX 76116",GMC Truck,Auto - GMC Truck Plant (Floorplan-New) - East,3/6/2026,303724,3/6/2026,10/6/2027,2026 GMC Truck GMC SIER 15E,Automobile,GMC SIER 15E,1GTPHCED4TZ303724,G36407,"$61,568.68 ",$0.00 ,"$61,568.68 ",3/6/2026,"($61,568.68)",$0.00 ,$0.00 ,$0.00 ,$0.00 ,$0.00 ,$0.00 ,$0.00 ,$0.00 ,$178.42 ,$0.00 ,$0.00 ,$0.00 ,$178.42 ,$178.42 ,"$41,707.82 "
"3535 West Loop 820 South  Fort Worth, TX 76116",GMC Truck,Auto - GMC Truck Plant (Floorplan-New) - East,3/12/2026,303805,3/12/2026,10/12/2027,2026 GMC Truck GMC SIER 15E,Automobile,GMC SIER 15E,3GTPHCE80TG303805,,"$61,397.55 ",$0.00 ,"$61,397.55 ",3/12/2026,$0.00 ,$0.00 ,"$61,397.55 ","$61,397.55 ",$0.00 ,$0.00 ,$0.00 ,$0.00 ,$0.00 ,$169.45 ,$0.00 ,$0.00 ,$0.00 ,$169.45 ,$169.45 ,"$39,611.32 "
"3535 West Loop 820 South  Fort Worth, TX 76116",GMC Truck,Auto - GMC Truck Plant (Floorplan-New) - East,3/11/2026,303815,3/11/2026,10/11/2027,2026 GMC Truck GMC SIER 15E,Automobile,GMC SIER 15E,3GTPHCED7TG303815,,"$60,662.18 ",$0.00 ,"$60,662.18 ",3/11/2026,$0.00 ,$0.00 ,"$60,662.18 ","$60,662.18 ",$0.00 ,$0.00 ,$0.00 ,$0.00 ,$0.00 ,$175.79 ,$0.00 ,$0.00 ,$0.00 ,$175.79 ,$175.79 ,"$41,093.73 "
"3535 West Loop 820 South  Fort Worth, TX 76116",GMC Truck,Auto - GMC Truck Plant (Floorplan-New) - East,3/11/2026,303817,3/11/2026,10/11/2027,2026 GMC Truck GMC SIER 15E,Automobile,GMC SIER 15E,3GTPHCED0TG303817,,"$60,662.18 ",$0.00 ,"$60,662.18 ",3/11/2026,$0.00 ,$0.00 ,"$60,662.18 ","$60,662.18 ",$0.00 ,$0.00 ,$0.00 ,$0.00 ,$0.00 ,$175.79 ,$0.00 ,$0.00 ,$0.00 ,$175.79 ,$175.79 ,"$41,093.73 "
"3535 West Loop 820 South  Fort Worth, TX 76116",GMC Truck,Auto - GMC Truck Plant (Floorplan-New) - East,3/25/2026,304062,3/25/2026,10/25/2027,2026 GMC Truck GMC YUK 2ELE,Automobile,GMC YUK 2ELE,1GKS1BKD9TR304062,,"$70,820.98 ",$0.00 ,"$70,820.98 ",3/25/2026,$0.00 ,$0.00 ,"$70,820.98 ","$70,820.98 ",$0.00 ,$0.00 ,$0.00 ,$0.00 ,$0.00 ,$68.41 ,$0.00 ,$0.00 ,$0.00 ,$68.41 ,$68.41 ,"$15,991.83 "
"3535 West Loop 820 South  Fort Worth, TX 76116",GMC Truck,Auto - GMC Truck Plant (Floorplan-New) - East,3/25/2026,304235,3/25/2026,10/25/2027,2026 GMC Truck GMC YUK 2ELE,Automobile,GMC YUK 2ELE,1GKS1BKD3TR304235,G36640,"$70,820.98 ",$0.00 ,"$70,820.98 ",3/25/2026,"($70,820.98)",$0.00 ,$0.00 ,$0.00 ,$0.00 ,$0.00 ,$0.00 ,$0.00 ,$0.00 ,$58.64 ,$0.00 ,$0.00 ,$0.00 ,$58.64 ,$58.64 ,"$13,707.29 "
"3535 West Loop 820 South  Fort Worth, TX 76116",GMC Truck,Auto - GMC Truck Plant (Floorplan-New) - East,3/27/2026,307179,3/27/2026,10/27/2027,2026 GMC Truck GMC YUK 4ELE,Automobile,GMC YUK 4ELE,1GKS2BKD5TR307179,,"$78,851.60 ",$0.00 ,"$78,851.60 ",3/27/2026,$0.00 ,$0.00 ,"$78,851.60 ","$78,851.60 ",$0.00 ,$0.00 ,$0.00 ,$0.00 ,$0.00 ,$54.40 ,$0.00 ,$0.00 ,$0.00 ,$54.40 ,$54.40 ,"$12,718.00 "
"3535 West Loop 820 South  Fort Worth, TX 76116",GMC Truck,Auto - GMC Truck Plant (Floorplan-New) - East,3/27/2026,307186,3/27/2026,10/27/2027,2026 GMC Truck GMC YUK 4ELE,Automobile,GMC YUK 4ELE,1GKS2BKD2TR307186,,"$78,851.60 ",$0.00 ,"$78,851.60 ",3/27/2026,$0.00 ,$0.00 ,"$78,851.60 ","$78,851.60 ",$0.00 ,$0.00 ,$0.00 ,$0.00 ,$0.00 ,$54.40 ,$0.00 ,$0.00 ,$0.00 ,$54.40 ,$54.40 ,"$12,718.00 "
"3535 West Loop 820 South  Fort Worth, TX 76116",GMC Truck,Auto - GMC Truck Plant (Floorplan-New) - East,3/27/2026,307918,3/27/2026,10/27/2027,2026 GMC Truck GMC YUK 4ELE,Automobile,GMC YUK 4ELE,1GKS2BKD6TR307918,,"$78,393.73 ",$0.00 ,"$78,393.73 ",3/27/2026,$0.00 ,$0.00 ,"$78,393.73 ","$78,393.73 ",$0.00 ,$0.00 ,$0.00 ,$0.00 ,$0.00 ,$54.09 ,$0.00 ,$0.00 ,$0.00 ,$54.09 ,$54.09 ,"$12,644.15 "
"3535 West Loop 820 South  Fort Worth, TX 76116",GMC Truck,Auto - GMC Truck Plant (Floorplan-New) - East,3/12/2026,309127,3/12/2026,10/12/2027,2026 GMC Truck GMC SIER 15E,Automobile,GMC SIER 15E,1GTUUCED7TZ309127,,"$64,866.85 ",$0.00 ,"$64,866.85 ",3/12/2026,$0.00 ,$0.00 ,"$64,866.85 ","$64,866.85 ",$0.00 ,$0.00 ,$0.00 ,$0.00 ,$0.00 ,$179.02 ,$0.00 ,$0.00 ,$0.00 ,$179.02 ,$179.02 ,"$41,849.58 "
"3535 West Loop 820 South  Fort Worth, TX 76116",GMC Truck,Auto - GMC Truck Plant (Floorplan-New) - East,3/9/2026,309446,3/9/2026,10/9/2027,2026 GMC Truck GMC SIER 15E,Automobile,GMC SIER 15E,1GTUUCED1TZ309446,G36406,"$64,866.85 ",$0.00 ,"$64,866.85 ",3/9/2026,"($64,866.85)",$0.00 ,$0.00 ,$0.00 ,$0.00 ,$0.00 ,$0.00 ,$0.00 ,$0.00 ,$134.27 ,$0.00 ,$0.00 ,$0.00 ,$134.27 ,$134.27 ,"$31,387.19 "
"3535 West Loop 820 South  Fort Worth, TX 76116",GMC Truck,Auto - GMC Truck Plant (Floorplan-New) - East,3/30/2026,309790,3/30/2026,10/30/2027,2026 GMC Truck GMC YUK 4ELE,Automobile,GMC YUK 4ELE,1GKS2BKD5TR309790,,"$78,851.60 ",$0.00 ,"$78,851.60 ",3/30/2026,$0.00 ,$0.00 ,"$78,851.60 ","$78,851.60 ",$0.00 ,$0.00 ,$0.00 ,$0.00 ,$0.00 ,$21.76 ,$0.00 ,$0.00 ,$0.00 ,$21.76 ,$21.76 ,"$5,087.20 "
"3535 West Loop 820 South  Fort Worth, TX 76116",GMC Truck,Auto - GMC Truck Plant (Floorplan-New) - East,3/13/2026,309799,3/13/2026,10/13/2027,2026 GMC Truck GMC SIER 15E,Automobile,GMC SIER 15E,1GTUUCED1TZ309799,G35453,"$64,866.85 ",$0.00 ,"$64,866.85 ",3/13/2026,"($64,866.85)",$0.00 ,$0.00 ,$0.00 ,$0.00 ,$0.00 ,$0.00 ,$0.00 ,$0.00 ,$161.12 ,$0.00 ,$0.00 ,$0.00 ,$161.12 ,$161.12 ,"$37,664.62 "
"3535 West Loop 820 South  Fort Worth, TX 76116",GMC Truck,Auto - GMC Truck Plant (Floorplan-New) - East,3/31/2026,309848,3/31/2026,10/31/2027,2026 GMC Truck GMC YUK 4ELE,Automobile,GMC YUK 4ELE,1GKS2BKDXTR309848,,"$78,851.60 ",$0.00 ,"$78,851.60 ",3/31/2026,$0.00 ,$0.00 ,"$78,851.60 ","$78,851.60 ",$0.00 ,$0.00 ,$0.00 ,$0.00 ,$0.00 ,$10.88 ,$0.00 ,$0.00 ,$0.00 ,$10.88 ,$10.88 ,"$2,543.60 "
"3535 West Loop 820 South  Fort Worth, TX 76116",GMC Truck,Auto - GMC Truck Plant (Floorplan-New) - East,10/27/2025,310355,10/27/2025,5/27/2027,2025 GMC Truck GMC TERRN AT,Automobile,GMC TERRN AT,3GKALYEG2TL310355,,"$42,202.90 ","$42,202.90 ",$0.00 ,,$0.00 ,$0.00 ,$0.00 ,"$42,202.90 ",$0.00 ,$0.00 ,$0.00 ,$0.00 ,$0.00 ,$180.54 ,$0.00 ,$0.00 ,$0.00 ,$180.54 ,$931.65 ,"$42,202.90 "
"3535 West Loop 820 South  Fort Worth, TX 76116",GMC Truck,Auto - GMC Truck Plant (Floorplan-New) - East,3/31/2026,310697,3/31/2026,10/31/2027,2026 GMC Truck GMC YUK 4ELE,Automobile,GMC YUK 4ELE,1GKS2BKD9TR310697,,"$76,890.60 ",$0.00 ,"$76,890.60 ",3/31/2026,$0.00 ,$0.00 ,"$76,890.60 ","$76,890.60 ",$0.00 ,$0.00 ,$0.00 ,$0.00 ,$0.00 ,$10.61 ,$0.00 ,$0.00 ,$0.00 ,$10.61 ,$10.61 ,"$2,480.34 "
"3535 West Loop 820 South  Fort Worth, TX 76116",GMC Truck,Auto - GMC Truck Plant (Floorplan-New) - East,3/31/2026,310739,3/31/2026,10/31/2027,2026 GMC Truck GMC YUK 2ELE,Automobile,GMC YUK 2ELE,1GKS1BKD6TR310739,,"$75,852.98 ",$0.00 ,"$75,852.98 ",3/31/2026,$0.00 ,$0.00 ,"$75,852.98 ","$75,852.98 ",$0.00 ,$0.00 ,$0.00 ,$0.00 ,$0.00 ,$10.47 ,$0.00 ,$0.00 ,$0.00 ,$10.47 ,$10.47 ,"$2,446.87 "
"3535 West Loop 820 South  Fort Worth, TX 76116",GMC Truck,Auto - GMC Truck Plant (Floorplan-New) - East,3/26/2026,312825,3/26/2026,10/26/2027,2026 GMC Truck GMC SIER 15A,Automobile,GMC SIER 15A,3GTUUFEL1TG312825,,"$81,119.85 ",$0.00 ,"$81,119.85 ",3/26/2026,$0.00 ,$0.00 ,"$81,119.85 ","$81,119.85 ",$0.00 ,$0.00 ,$0.00 ,$0.00 ,$0.00 ,$67.16 ,$0.00 ,$0.00 ,$0.00 ,$67.16 ,$67.16 ,"$15,700.62 "
"3535 West Loop 820 South  Fort Worth, TX 76116",GMC Truck,Auto - GMC Truck Plant (Floorplan-New) - East,3/16/2026,316242,3/16/2026,10/16/2027,2026 GMC Truck GMC SIER 15D,Automobile,GMC SIER 15D,1GTUUHEL3TZ316242,G36530,"$84,617.15 ",$0.00 ,"$84,617.15 ",3/16/2026,"($84,617.15)",$0.00 ,$0.00 ,$0.00 ,$0.00 ,$0.00 ,$0.00 ,$0.00 ,$0.00 ,$175.15 ,$0.00 ,$0.00 ,$0.00 ,$175.15 ,$175.15 ,"$40,943.78 "
"3535 West Loop 820 South  Fort Worth, TX 76116",GMC Truck,Auto - GMC Truck Plant (Floorplan-New) - East,3/24/2026,316310,3/24/2026,10/24/2027,2026 GMC Truck GMC SIER 15A,Automobile,GMC SIER 15A,3GTUUFELXTG316310,,"$81,119.85 ",$0.00 ,"$81,119.85 ",3/24/2026,$0.00 ,$0.00 ,"$81,119.85 ","$81,119.85 ",$0.00 ,$0.00 ,$0.00 ,$0.00 ,$0.00 ,$89.55 ,$0.00 ,$0.00 ,$0.00 ,$89.55 ,$89.55 ,"$20,934.15 "
"3535 West Loop 820 South  Fort Worth, TX 76116",GMC Truck,Auto - GMC Truck Plant (Floorplan-New) - East,3/24/2026,316817,3/24/2026,10/24/2027,2026 GMC Truck GMC SIER 15E,Automobile,GMC SIER 15E,3GTPHCEDXTG316817,,"$61,073.80 ",$0.00 ,"$61,073.80 ",3/24/2026,$0.00 ,$0.00 ,"$61,073.80 ","$61,073.80 ",$0.00 ,$0.00 ,$0.00 ,$0.00 ,$0.00 ,$67.42 ,$0.00 ,$0.00 ,$0.00 ,$67.42 ,$67.42 ,"$15,760.98 "
"3535 West Loop 820 South  Fort Worth, TX 76116",GMC Truck,Auto - GMC Truck Plant (Floorplan-New) - East,3/23/2026,316823,3/23/2026,10/23/2027,2026 GMC Truck GMC SIER 15E,Automobile,GMC SIER 15E,3GTPHCED5TG316823,,"$61,073.80 ",$0.00 ,"$61,073.80 ",3/23/2026,$0.00 ,$0.00 ,"$61,073.80 ","$61,073.80 ",$0.00 ,$0.00 ,$0.00 ,$0.00 ,$0.00 ,$75.85 ,$0.00 ,$0.00 ,$0.00 ,$75.85 ,$75.85 ,"$17,731.10 "
"3535 West Loop 820 South  Fort Worth, TX 76116",GMC Truck,Auto - GMC Truck Plant (Floorplan-New) - East,3/25/2026,317080,3/25/2026,10/25/2027,2026 GMC Truck GMC SIER 15E,Automobile,GMC SIER 15E,3GTPHCED1TG317080,,"$61,073.80 ",$0.00 ,"$61,073.80 ",3/25/2026,$0.00 ,$0.00 ,"$61,073.80 ","$61,073.80 ",$0.00 ,$0.00 ,$0.00 ,$0.00 ,$0.00 ,$58.99 ,$0.00 ,$0.00 ,$0.00 ,$58.99 ,$58.99 ,"$13,790.86 "
"3535 West Loop 820 South  Fort Worth, TX 76116",GMC Truck,Auto - GMC Truck Plant (Floorplan-New) - East,3/24/2026,317082,3/24/2026,10/24/2027,2026 GMC Truck GMC SIER 15E,Automobile,GMC SIER 15E,3GTPHCED5TG317082,,"$61,073.80 ",$0.00 ,"$61,073.80 ",3/24/2026,$0.00 ,$0.00 ,"$61,073.80 ","$61,073.80 ",$0.00 ,$0.00 ,$0.00 ,$0.00 ,$0.00 ,$67.42 ,$0.00 ,$0.00 ,$0.00 ,$67.42 ,$67.42 ,"$15,760.98 "
"3535 West Loop 820 South  Fort Worth, TX 76116",GMC Truck,Auto - GMC Truck Plant (Floorplan-New) - East,3/25/2026,317086,3/25/2026,10/25/2027,2026 GMC Truck GMC SIER 15E,Automobile,GMC SIER 15E,3GTUUCED4TG317086,,"$65,292.35 ",$0.00 ,"$65,292.35 ",3/25/2026,$0.00 ,$0.00 ,"$65,292.35 ","$65,292.35 ",$0.00 ,$0.00 ,$0.00 ,$0.00 ,$0.00 ,$63.07 ,$0.00 ,$0.00 ,$0.00 ,$63.07 ,$63.07 ,"$14,743.43 "
"3535 West Loop 820 South  Fort Worth, TX 76116",GMC Truck,Auto - GMC Truck Plant (Floorplan-New) - East,3/23/2026,317087,3/23/2026,10/23/2027,2026 GMC Truck GMC SIER 15E,Automobile,GMC SIER 15E,3GTUUCED6TG317087,,"$65,292.35 ",$0.00 ,"$65,292.35 ",3/23/2026,$0.00 ,$0.00 ,"$65,292.35 ","$65,292.35 ",$0.00 ,$0.00 ,$0.00 ,$0.00 ,$0.00 ,$81.09 ,$0.00 ,$0.00 ,$0.00 ,$81.09 ,$81.09 ,"$18,955.84 "
"3535 West Loop 820 South  Fort Worth, TX 76116",GMC Truck,Auto - GMC Truck Plant (Floorplan-New) - East,3/24/2026,317089,3/24/2026,10/24/2027,2026 GMC Truck GMC SIER 15E,Automobile,GMC SIER 15E,3GTUUCEDXTG317089,,"$65,292.35 ",$0.00 ,"$65,292.35 ",3/24/2026,$0.00 ,$0.00 ,"$65,292.35 ","$65,292.35 ",$0.00 ,$0.00 ,$0.00 ,$0.00 ,$0.00 ,$72.08 ,$0.00 ,$0.00 ,$0.00 ,$72.08 ,$72.08 ,"$16,849.64 "
"3535 West Loop 820 South  Fort Worth, TX 76116",GMC Truck,Auto - GMC Truck Plant (Floorplan-New) - East,3/25/2026,317091,3/25/2026,10/25/2027,2026 GMC Truck GMC SIER 15E,Automobile,GMC SIER 15E,3GTUUCED8TG317091,,"$65,292.35 ",$0.00 ,"$65,292.35 ",3/25/2026,$0.00 ,$0.00 ,"$65,292.35 ","$65,292.35 ",$0.00 ,$0.00 ,$0.00 ,$0.00 ,$0.00 ,$63.07 ,$0.00 ,$0.00 ,$0.00 ,$63.07 ,$63.07 ,"$14,743.43 "
"3535 West Loop 820 South  Fort Worth, TX 76116",GMC Truck,Auto - GMC Truck Plant (Floorplan-New) - East,3/23/2026,317478,3/23/2026,10/23/2027,2026 GMC Truck GMC SIER 15E,Automobile,GMC SIER 15E,3GTUUCE86TG317478,,"$65,107.35 ",$0.00 ,"$65,107.35 ",3/23/2026,$0.00 ,$0.00 ,"$65,107.35 ","$65,107.35 ",$0.00 ,$0.00 ,$0.00 ,$0.00 ,$0.00 ,$80.86 ,$0.00 ,$0.00 ,$0.00 ,$80.86 ,$80.86 ,"$18,902.13 "
"3535 West Loop 820 South  Fort Worth, TX 76116",GMC Truck,Auto - GMC Truck Plant (Floorplan-New) - East,3/24/2026,317484,3/24/2026,10/24/2027,2026 GMC Truck GMC SIER 15E,Automobile,GMC SIER 15E,3GTUUCE81TG317484,,"$65,107.35 ",$0.00 ,"$65,107.35 ",3/24/2026,$0.00 ,$0.00 ,"$65,107.35 ","$65,107.35 ",$0.00 ,$0.00 ,$0.00 ,$0.00 ,$0.00 ,$71.87 ,$0.00 ,$0.00 ,$0.00 ,$71.87 ,$71.87 ,"$16,801.90 "
"3535 West Loop 820 South  Fort Worth, TX 76116",GMC Truck,Auto - GMC Truck Plant (Floorplan-New) - East,3/23/2026,317489,3/23/2026,10/23/2027,2026 GMC Truck GMC SIER 15E,Automobile,GMC SIER 15E,3GTUUCE80TG317489,,"$65,107.35 ",$0.00 ,"$65,107.35 ",3/23/2026,$0.00 ,$0.00 ,"$65,107.35 ","$65,107.35 ",$0.00 ,$0.00 ,$0.00 ,$0.00 ,$0.00 ,$80.86 ,$0.00 ,$0.00 ,$0.00 ,$80.86 ,$80.86 ,"$18,902.13 "
"3535 West Loop 820 South  Fort Worth, TX 76116",GMC Truck,Auto - GMC Truck Plant (Floorplan-New) - East,3/31/2026,317681,3/31/2026,10/31/2027,2026 GMC Truck GMC SIER 15E,Automobile,GMC SIER 15E,3GTUUCE83TG317681,,"$65,107.35 ",$0.00 ,"$65,107.35 ",3/31/2026,$0.00 ,$0.00 ,"$65,107.35 ","$65,107.35 ",$0.00 ,$0.00 ,$0.00 ,$0.00 ,$0.00 ,$8.98 ,$0.00 ,$0.00 ,$0.00 ,$8.98 ,$8.98 ,"$2,100.24 "
"3535 West Loop 820 South  Fort Worth, TX 76116",GMC Truck,Auto - GMC Truck Plant (Floorplan-New) - East,3/24/2026,317684,3/24/2026,10/24/2027,2026 GMC Truck GMC SIER 15E,Automobile,GMC SIER 15E,3GTUUCE89TG317684,,"$65,107.35 ",$0.00 ,"$65,107.35 ",3/24/2026,$0.00 ,$0.00 ,"$65,107.35 ","$65,107.35 ",$0.00 ,$0.00 ,$0.00 ,$0.00 ,$0.00 ,$71.87 ,$0.00 ,$0.00 ,$0.00 ,$71.87 ,$71.87 ,"$16,801.90 "
"3535 West Loop 820 South  Fort Worth, TX 76116",GMC Truck,Auto - GMC Truck Plant (Floorplan-New) - East,3/27/2026,318088,3/27/2026,10/27/2027,2026 GMC Truck GMC SIER 15E,Automobile,GMC SIER 15E,3GTUUCE89TG318088,,"$65,565.23 ",$0.00 ,"$65,565.23 ",3/27/2026,$0.00 ,$0.00 ,"$65,565.23 ","$65,565.23 ",$0.00 ,$0.00 ,$0.00 ,$0.00 ,$0.00 ,$45.24 ,$0.00 ,$0.00 ,$0.00 ,$45.24 ,$45.24 ,"$10,575.04 "
"3535 West Loop 820 South  Fort Worth, TX 76116",GMC Truck,Auto - GMC Truck Plant (Floorplan-New) - East,3/24/2026,318090,3/24/2026,10/24/2027,2026 GMC Truck GMC SIER 15E,Automobile,GMC SIER 15E,3GTUUCE87TG318090,,"$65,565.23 ",$0.00 ,"$65,565.23 ",3/24/2026,$0.00 ,$0.00 ,"$65,565.23 ","$65,565.23 ",$0.00 ,$0.00 ,$0.00 ,$0.00 ,$0.00 ,$72.38 ,$0.00 ,$0.00 ,$0.00 ,$72.38 ,$72.38 ,"$16,920.06 "
"3535 West Loop 820 South  Fort Worth, TX 76116",GMC Truck,Auto - GMC Truck Plant (Floorplan-New) - East,3/24/2026,318093,3/24/2026,10/24/2027,2026 GMC Truck GMC SIER 15E,Automobile,GMC SIER 15E,3GTUUCE82TG318093,,"$65,565.23 ",$0.00 ,"$65,565.23 ",3/24/2026,$0.00 ,$0.00 ,"$65,565.23 ","$65,565.23 ",$0.00 ,$0.00 ,$0.00 ,$0.00 ,$0.00 ,$72.38 ,$0.00 ,$0.00 ,$0.00 ,$72.38 ,$72.38 ,"$16,920.06 "
"3535 West Loop 820 South  Fort Worth, TX 76116",GMC Truck,Auto - GMC Truck Plant (Floorplan-New) - East,3/25/2026,318095,3/25/2026,10/25/2027,2026 GMC Truck GMC SIER 15E,Automobile,GMC SIER 15E,3GTUUCE86TG318095,,"$65,565.23 ",$0.00 ,"$65,565.23 ",3/25/2026,$0.00 ,$0.00 ,"$65,565.23 ","$65,565.23 ",$0.00 ,$0.00 ,$0.00 ,$0.00 ,$0.00 ,$63.33 ,$0.00 ,$0.00 ,$0.00 ,$63.33 ,$63.33 ,"$14,805.05 "
"3535 West Loop 820 South  Fort Worth, TX 76116",GMC Truck,Auto - GMC Truck Plant (Floorplan-New) - East,3/23/2026,318097,3/23/2026,10/23/2027,2026 GMC Truck GMC SIER 15E,Automobile,GMC SIER 15E,3GTUUCE8XTG318097,,"$65,565.23 ",$0.00 ,"$65,565.23 ",3/23/2026,$0.00 ,$0.00 ,"$65,565.23 ","$65,565.23 ",$0.00 ,$0.00 ,$0.00 ,$0.00 ,$0.00 ,$81.43 ,$0.00 ,$0.00 ,$0.00 ,$81.43 ,$81.43 ,"$19,035.07 "
"3535 West Loop 820 South  Fort Worth, TX 76116",GMC Truck,Auto - GMC Truck Plant (Floorplan-New) - East,3/25/2026,318100,3/25/2026,10/25/2027,2026 GMC Truck GMC SIER 15E,Automobile,GMC SIER 15E,3GTUUCE86TG318100,,"$65,565.23 ",$0.00 ,"$65,565.23 ",3/25/2026,$0.00 ,$0.00 ,"$65,565.23 ","$65,565.23 ",$0.00 ,$0.00 ,$0.00 ,$0.00 ,$0.00 ,$63.33 ,$0.00 ,$0.00 ,$0.00 ,$63.33 ,$63.33 ,"$14,805.05 "
"3535 West Loop 820 South  Fort Worth, TX 76116",GMC Truck,Auto - GMC Truck Plant (Floorplan-New) - East,3/24/2026,318102,3/24/2026,10/24/2027,2026 GMC Truck GMC SIER 15E,Automobile,GMC SIER 15E,3GTUUCE8XTG318102,,"$65,565.23 ",$0.00 ,"$65,565.23 ",3/24/2026,$0.00 ,$0.00 ,"$65,565.23 ","$65,565.23 ",$0.00 ,$0.00 ,$0.00 ,$0.00 ,$0.00 ,$72.38 ,$0.00 ,$0.00 ,$0.00 ,$72.38 ,$72.38 ,"$16,920.06 "
"3535 West Loop 820 South  Fort Worth, TX 76116",GMC Truck,Auto - GMC Truck Plant (Floorplan-New) - East,3/23/2026,318104,3/23/2026,10/23/2027,2026 GMC Truck GMC SIER 15E,Automobile,GMC SIER 15E,3GTUUCE83TG318104,,"$65,565.23 ",$0.00 ,"$65,565.23 ",3/23/2026,$0.00 ,$0.00 ,"$65,565.23 ","$65,565.23 ",$0.00 ,$0.00 ,$0.00 ,$0.00 ,$0.00 ,$81.43 ,$0.00 ,$0.00 ,$0.00 ,$81.43 ,$81.43 ,"$19,035.07 "
"3535 West Loop 820 South  Fort Worth, TX 76116",GMC Truck,Auto - GMC Truck Plant (Floorplan-New) - East,3/23/2026,318109,3/23/2026,10/23/2027,2026 GMC Truck GMC SIER 15E,Automobile,GMC SIER 15E,3GTUUCE82TG318109,,"$65,565.23 ",$0.00 ,"$65,565.23 ",3/23/2026,$0.00 ,$0.00 ,"$65,565.23 ","$65,565.23 ",$0.00 ,$0.00 ,$0.00 ,$0.00 ,$0.00 ,$81.43 ,$0.00 ,$0.00 ,$0.00 ,$81.43 ,$81.43 ,"$19,035.07 "
"3535 West Loop 820 South  Fort Worth, TX 76116",GMC Truck,Auto - GMC Truck Plant (Floorplan-New) - East,3/18/2026,318915,3/18/2026,10/18/2027,2026 GMC Truck GMC SIER 15E,Automobile,GMC SIER 15E,1GTRUJEKXTZ318915,,"$51,834.18 ",$0.00 ,"$51,834.18 ",3/18/2026,$0.00 ,$0.00 ,"$51,834.18 ","$51,834.18 ",$0.00 ,$0.00 ,$0.00 ,$0.00 ,$0.00 ,$100.14 ,$0.00 ,$0.00 ,$0.00 ,$100.14 ,$100.14 ,"$23,408.98 "
"3535 West Loop 820 South  Fort Worth, TX 76116",GMC Truck,Auto - GMC Truck Plant (Floorplan-New) - East,3/18/2026,318920,3/18/2026,10/18/2027,2026 GMC Truck GMC SIER 15E,Automobile,GMC SIER 15E,1GTRUJEK3TZ318920,,"$51,834.18 ",$0.00 ,"$51,834.18 ",3/18/2026,$0.00 ,$0.00 ,"$51,834.18 ","$51,834.18 ",$0.00 ,$0.00 ,$0.00 ,$0.00 ,$0.00 ,$100.14 ,$0.00 ,$0.00 ,$0.00 ,$100.14 ,$100.14 ,"$23,408.98 "
"3535 West Loop 820 South  Fort Worth, TX 76116",GMC Truck,Auto - GMC Truck Plant (Floorplan-New) - East,3/18/2026,318954,3/18/2026,10/18/2027,2026 GMC Truck GMC SIER 15E,Automobile,GMC SIER 15E,1GTRUJEK9TZ318954,,"$51,834.18 ",$0.00 ,"$51,834.18 ",3/18/2026,$0.00 ,$0.00 ,"$51,834.18 ","$51,834.18 ",$0.00 ,$0.00 ,$0.00 ,$0.00 ,$0.00 ,$100.14 ,$0.00 ,$0.00 ,$0.00 ,$100.14 ,$100.14 ,"$23,408.98 "
"3535 West Loop 820 South  Fort Worth, TX 76116",GMC Truck,Auto - GMC Truck Plant (Floorplan-New) - East,3/19/2026,319830,3/19/2026,10/19/2027,2026 GMC Truck GMC SIER 15D,Automobile,GMC SIER 15D,1GTUUHEL2TZ319830,,"$84,062.15 ",$0.00 ,"$84,062.15 ",3/19/2026,$0.00 ,$0.00 ,"$84,062.15 ","$84,062.15 ",$0.00 ,$0.00 ,$0.00 ,$0.00 ,$0.00 ,$150.80 ,$0.00 ,$0.00 ,$0.00 ,$150.80 ,$150.80 ,"$35,251.87 "
"3535 West Loop 820 South  Fort Worth, TX 76116",GMC Truck,Auto - GMC Truck Plant (Floorplan-New) - East,3/19/2026,320026,3/19/2026,10/19/2027,2026 GMC Truck GMC SIER 15D,Automobile,GMC SIER 15D,1GTUUHEL6TZ320026,G36505,"$84,062.15 ",$0.00 ,"$84,062.15 ",3/19/2026,"($84,062.15)",$0.00 ,$0.00 ,$0.00 ,$0.00 ,$0.00 ,$0.00 ,$0.00 ,$0.00 ,$58.00 ,$0.00 ,$0.00 ,$0.00 ,$58.00 ,$58.00 ,"$13,558.41 "
"3535 West Loop 820 South  Fort Worth, TX 76116",GMC Truck,Auto - GMC Truck Plant (Floorplan-New) - East,3/19/2026,320392,3/19/2026,10/19/2027,2026 GMC Truck GMC SIER 15D,Automobile,GMC SIER 15D,1GTUUHEL9TZ320392,G36504,"$84,617.15 ",$0.00 ,"$84,617.15 ",3/19/2026,"($84,617.15)",$0.00 ,$0.00 ,$0.00 ,$0.00 ,$0.00 ,$0.00 ,$0.00 ,$0.00 ,$140.12 ,$0.00 ,$0.00 ,$0.00 ,$140.12 ,$140.12 ,"$32,755.03 "
"3535 West Loop 820 South  Fort Worth, TX 76116",GMC Truck,Auto - GMC Truck Plant (Floorplan-New) - East,3/19/2026,320505,3/19/2026,10/19/2027,2026 GMC Truck GMC SIER 15D,Automobile,GMC SIER 15D,1GTUUHEL7TZ320505,G36524,"$84,062.15 ",$0.00 ,"$84,062.15 ",3/19/2026,"($84,062.15)",$0.00 ,$0.00 ,$0.00 ,$0.00 ,$0.00 ,$0.00 ,$0.00 ,$0.00 ,$139.20 ,$0.00 ,$0.00 ,$0.00 ,$139.20 ,$139.20 ,"$32,540.19 "
"3535 West Loop 820 South  Fort Worth, TX 76116",GMC Truck,Auto - GMC Truck Plant (Floorplan-New) - East,3/19/2026,320518,3/19/2026,10/19/2027,2026 GMC Truck GMC SIER 15D,Automobile,GMC SIER 15D,1GTUUHEL5TZ320518,,"$84,617.15 ",$0.00 ,"$84,617.15 ",3/19/2026,$0.00 ,$0.00 ,"$84,617.15 ","$84,617.15 ",$0.00 ,$0.00 ,$0.00 ,$0.00 ,$0.00 ,$151.79 ,$0.00 ,$0.00 ,$0.00 ,$151.79 ,$151.79 ,"$35,484.61 "
"3535 West Loop 820 South  Fort Worth, TX 76116",GMC Truck,Auto - GMC Truck Plant (Floorplan-New) - East,3/19/2026,320561,3/19/2026,10/19/2027,2026 GMC Truck GMC SIER 15D,Automobile,GMC SIER 15D,1GTUUHEL6TZ320561,G36525,"$84,062.15 ",$0.00 ,"$84,062.15 ",3/19/2026,"($84,062.15)",$0.00 ,$0.00 ,$0.00 ,$0.00 ,$0.00 ,$0.00 ,$0.00 ,$0.00 ,$92.80 ,$0.00 ,$0.00 ,$0.00 ,$92.80 ,$92.80 ,"$21,693.46 "
"3535 West Loop 820 South  Fort Worth, TX 76116",GMC Truck,Auto - GMC Truck Plant (Floorplan-New) - East,3/19/2026,320701,3/19/2026,10/19/2027,2026 GMC Truck GMC SIER 15D,Automobile,GMC SIER 15D,1GTUUHEL7TZ320701,,"$84,062.15 ",$0.00 ,"$84,062.15 ",3/19/2026,$0.00 ,$0.00 ,"$84,062.15 ","$84,062.15 ",$0.00 ,$0.00 ,$0.00 ,$0.00 ,$0.00 ,$150.80 ,$0.00 ,$0.00 ,$0.00 ,$150.80 ,$150.80 ,"$35,251.87 "
"3535 West Loop 820 South  Fort Worth, TX 76116",GMC Truck,Auto - GMC Truck Plant (Floorplan-New) - East,3/19/2026,320707,3/19/2026,10/19/2027,2026 GMC Truck GMC SIER 15D,Automobile,GMC SIER 15D,1GTUUHEL8TZ320707,,"$84,062.15 ",$0.00 ,"$84,062.15 ",3/19/2026,$0.00 ,$0.00 ,"$84,062.15 ","$84,062.15 ",$0.00 ,$0.00 ,$0.00 ,$0.00 ,$0.00 ,$150.80 ,$0.00 ,$0.00 ,$0.00 ,$150.80 ,$150.80 ,"$35,251.87 "
"3535 West Loop 820 South  Fort Worth, TX 76116",GMC Truck,Auto - GMC Truck Plant (Floorplan-New) - East,3/20/2026,321668,3/20/2026,10/20/2027,2026 GMC Truck GMC SIER 15E,Automobile,GMC SIER 15E,1GTRUJEK1TZ321668,,"$51,834.18 ",$0.00 ,"$51,834.18 ",3/20/2026,$0.00 ,$0.00 ,"$51,834.18 ","$51,834.18 ",$0.00 ,$0.00 ,$0.00 ,$0.00 ,$0.00 ,$85.83 ,$0.00 ,$0.00 ,$0.00 ,$85.83 ,$85.83 ,"$20,064.84 "
"3535 West Loop 820 South  Fort Worth, TX 76116",GMC Truck,Auto - GMC Truck Plant (Floorplan-New) - East,3/20/2026,321721,3/20/2026,10/20/2027,2026 GMC Truck GMC SIER 15E,Automobile,GMC SIER 15E,1GTRUJEK1TZ321721,,"$51,834.18 ",$0.00 ,"$51,834.18 ",3/20/2026,$0.00 ,$0.00 ,"$51,834.18 ","$51,834.18 ",$0.00 ,$0.00 ,$0.00 ,$0.00 ,$0.00 ,$85.83 ,$0.00 ,$0.00 ,$0.00 ,$85.83 ,$85.83 ,"$20,064.84 "
"3535 West Loop 820 South  Fort Worth, TX 76116",GMC Truck,Auto - GMC Truck Plant (Floorplan-New) - East,3/20/2026,321727,3/20/2026,10/20/2027,2026 GMC Truck GMC SIER 15E,Automobile,GMC SIER 15E,1GTRUJEK2TZ321727,,"$51,376.30 ",$0.00 ,"$51,376.30 ",3/20/2026,$0.00 ,$0.00 ,"$51,376.30 ","$51,376.30 ",$0.00 ,$0.00 ,$0.00 ,$0.00 ,$0.00 ,$85.07 ,$0.00 ,$0.00 ,$0.00 ,$85.07 ,$85.07 ,"$19,887.60 "
"3535 West Loop 820 South  Fort Worth, TX 76116",GMC Truck,Auto - GMC Truck Plant (Floorplan-New) - East,3/20/2026,321734,3/20/2026,10/20/2027,2026 GMC Truck GMC SIER 15E,Automobile,GMC SIER 15E,1GTRUJEKXTZ321734,,"$51,376.30 ",$0.00 ,"$51,376.30 ",3/20/2026,$0.00 ,$0.00 ,"$51,376.30 ","$51,376.30 ",$0.00 ,$0.00 ,$0.00 ,$0.00 ,$0.00 ,$85.07 ,$0.00 ,$0.00 ,$0.00 ,$85.07 ,$85.07 ,"$19,887.60 "
"3535 West Loop 820 South  Fort Worth, TX 76116",GMC Truck,Auto - GMC Truck Plant (Floorplan-New) - East,3/20/2026,321744,3/20/2026,10/20/2027,2026 GMC Truck GMC SIER 15E,Automobile,GMC SIER 15E,1GTRUJEK2TZ321744,,"$51,834.18 ",$0.00 ,"$51,834.18 ",3/20/2026,$0.00 ,$0.00 ,"$51,834.18 ","$51,834.18 ",$0.00 ,$0.00 ,$0.00 ,$0.00 ,$0.00 ,$85.83 ,$0.00 ,$0.00 ,$0.00 ,$85.83 ,$85.83 ,"$20,064.84 "
"3535 West Loop 820 South  Fort Worth, TX 76116",GMC Truck,Auto - GMC Truck Plant (Floorplan-New) - East,3/20/2026,321746,3/20/2026,10/20/2027,2026 GMC Truck GMC SIER 15E,Automobile,GMC SIER 15E,1GTRUJEK6TZ321746,,"$51,376.30 ",$0.00 ,"$51,376.30 ",3/20/2026,$0.00 ,$0.00 ,"$51,376.30 ","$51,376.30 ",$0.00 ,$0.00 ,$0.00 ,$0.00 ,$0.00 ,$85.07 ,$0.00 ,$0.00 ,$0.00 ,$85.07 ,$85.07 ,"$19,887.60 "
"3535 West Loop 820 South  Fort Worth, TX 76116",GMC Truck,Auto - GMC Truck Plant (Floorplan-New) - East,3/20/2026,322630,3/20/2026,10/20/2027,2026 GMC Truck GMC SIER 15E,Automobile,GMC SIER 15E,1GTRUJEK3TZ322630,,"$51,376.30 ",$0.00 ,"$51,376.30 ",3/20/2026,$0.00 ,$0.00 ,"$51,376.30 ","$51,376.30 ",$0.00 ,$0.00 ,$0.00 ,$0.00 ,$0.00 ,$85.07 ,$0.00 ,$0.00 ,$0.00 ,$85.07 ,$85.07 ,"$19,887.60 "
"3535 West Loop 820 South  Fort Worth, TX 76116",GMC Truck,Auto - GMC Truck Plant (Floorplan-New) - East,3/23/2026,325192,3/23/2026,10/23/2027,2026 GMC Truck GMC SIER 15P,Automobile,GMC SIER 15P,1GTPUAEKXTZ325192,,"$51,095.50 ",$0.00 ,"$51,095.50 ",3/23/2026,$0.00 ,$0.00 ,"$51,095.50 ","$51,095.50 ",$0.00 ,$0.00 ,$0.00 ,$0.00 ,$0.00 ,$63.46 ,$0.00 ,$0.00 ,$0.00 ,$63.46 ,$63.46 ,"$14,834.18 "
"3535 West Loop 820 South  Fort Worth, TX 76116",GMC Truck,Auto - GMC Truck Plant (Floorplan-New) - East,3/23/2026,325308,3/23/2026,10/23/2027,2026 GMC Truck GMC SIER 15P,Automobile,GMC SIER 15P,1GTPUAEK3TZ325308,,"$51,095.50 ",$0.00 ,"$51,095.50 ",3/23/2026,$0.00 ,$0.00 ,"$51,095.50 ","$51,095.50 ",$0.00 ,$0.00 ,$0.00 ,$0.00 ,$0.00 ,$63.46 ,$0.00 ,$0.00 ,$0.00 ,$63.46 ,$63.46 ,"$14,834.18 "
"3535 West Loop 820 South  Fort Worth, TX 76116",GMC Truck,Auto - GMC Truck Plant (Floorplan-New) - East,3/23/2026,325392,3/23/2026,10/23/2027,2026 GMC Truck GMC SIER 15P,Automobile,GMC SIER 15P,1GTPUAEK7TZ325392,,"$51,095.50 ",$0.00 ,"$51,095.50 ",3/23/2026,$0.00 ,$0.00 ,"$51,095.50 ","$51,095.50 ",$0.00 ,$0.00 ,$0.00 ,$0.00 ,$0.00 ,$63.46 ,$0.00 ,$0.00 ,$0.00 ,$63.46 ,$63.46 ,"$14,834.18 "
"3535 West Loop 820 South  Fort Worth, TX 76116",GMC Truck,Auto - GMC Truck Plant (Floorplan-New) - East,3/23/2026,325515,3/23/2026,10/23/2027,2026 GMC Truck GMC SIER 15P,Automobile,GMC SIER 15P,1GTPUAEK8TZ325515,,"$50,637.63 ",$0.00 ,"$50,637.63 ",3/23/2026,$0.00 ,$0.00 ,"$50,637.63 ","$50,637.63 ",$0.00 ,$0.00 ,$0.00 ,$0.00 ,$0.00 ,$62.89 ,$0.00 ,$0.00 ,$0.00 ,$62.89 ,$62.89 ,"$14,701.25 "
"3535 West Loop 820 South  Fort Worth, TX 76116",GMC Truck,Auto - GMC Truck Plant (Floorplan-New) - East,3/23/2026,325614,3/23/2026,10/23/2027,2026 GMC Truck GMC SIER 15P,Automobile,GMC SIER 15P,1GTPUAEKXTZ325614,,"$50,637.63 ",$0.00 ,"$50,637.63 ",3/23/2026,$0.00 ,$0.00 ,"$50,637.63 ","$50,637.63 ",$0.00 ,$0.00 ,$0.00 ,$0.00 ,$0.00 ,$62.89 ,$0.00 ,$0.00 ,$0.00 ,$62.89 ,$62.89 ,"$14,701.25 "
"3535 West Loop 820 South  Fort Worth, TX 76116",GMC Truck,Auto - GMC Truck Plant (Floorplan-New) - East,3/23/2026,325749,3/23/2026,10/23/2027,2026 GMC Truck GMC SIER 15P,Automobile,GMC SIER 15P,1GTPUAEK0TZ325749,,"$50,637.63 ",$0.00 ,"$50,637.63 ",3/23/2026,$0.00 ,$0.00 ,"$50,637.63 ","$50,637.63 ",$0.00 ,$0.00 ,$0.00 ,$0.00 ,$0.00 ,$62.89 ,$0.00 ,$0.00 ,$0.00 ,$62.89 ,$62.89 ,"$14,701.25 "
"3535 West Loop 820 South  Fort Worth, TX 76116",GMC Truck,Auto - GMC Truck Plant (Floorplan-New) - East,3/27/2026,331706,3/27/2026,10/27/2027,2026 GMC Truck GMC SIER 15P,Automobile,GMC SIER 15P,1GTPUAEK1TZ331706,,"$51,095.50 ",$0.00 ,"$51,095.50 ",3/27/2026,$0.00 ,$0.00 ,"$51,095.50 ","$51,095.50 ",$0.00 ,$0.00 ,$0.00 ,$0.00 ,$0.00 ,$35.25 ,$0.00 ,$0.00 ,$0.00 ,$35.25 ,$35.25 ,"$8,241.21 "
"3535 West Loop 820 South  Fort Worth, TX 76116",GMC Truck,Auto - GMC Truck Plant (Floorplan-New) - East,3/27/2026,331802,3/27/2026,10/27/2027,2026 GMC Truck GMC SIER 15P,Automobile,GMC SIER 15P,1GTPUAEK8TZ331802,,"$51,095.50 ",$0.00 ,"$51,095.50 ",3/27/2026,$0.00 ,$0.00 ,"$51,095.50 ","$51,095.50 ",$0.00 ,$0.00 ,$0.00 ,$0.00 ,$0.00 ,$35.25 ,$0.00 ,$0.00 ,$0.00 ,$35.25 ,$35.25 ,"$8,241.21 "
"3535 West Loop 820 South  Fort Worth, TX 76116",GMC Truck,Auto - GMC Truck Plant (Floorplan-New) - East,11/14/2025,332846,11/14/2025,6/14/2027,2025 GMC Truck GMC TERRN AT,Automobile,GMC TERRN AT,3GKALYEGXTL332846,,"$41,417.05 ","$41,417.05 ",$0.00 ,,$0.00 ,$0.00 ,$0.00 ,"$41,417.05 ",$0.00 ,$0.00 ,$0.00 ,$0.00 ,$0.00 ,$177.18 ,$0.00 ,$0.00 ,$0.00 ,$177.18 ,$803.67 ,"$41,417.05 "
"3535 West Loop 820 South  Fort Worth, TX 76116",GMC Truck,Auto - GMC Truck Plant (Floorplan-New) - East,11/10/2025,333438,11/10/2025,6/10/2027,2025 GMC Truck GMC TERRN AT,Automobile,GMC TERRN AT,3GKALYEG0TL333438,,"$41,417.05 ","$41,417.05 ",$0.00 ,,$0.00 ,$0.00 ,$0.00 ,"$41,417.05 ",$0.00 ,$0.00 ,$0.00 ,$0.00 ,$0.00 ,$177.18 ,$0.00 ,$0.00 ,$0.00 ,$177.18 ,$827.99 ,"$41,417.05 "
"3535 West Loop 820 South  Fort Worth, TX 76116",GMC Truck,Auto - GMC Truck Plant (Floorplan-New) - East,11/29/2024,401510,11/29/2024,6/29/2026,2024 GMC Truck GMC SIER EV,Automobile,GMC SIER EV,1GT401ELXRU401510,G33852,"$99,495.00 ","$69,646.50 ",$0.00 ,,"($9,949.50)",$0.00 ,"($9,949.50)","$59,697.00 ","$9,949.50 ",$0.00 ,$0.00 ,$0.00 ,"$9,949.50 ",$269.11 ,$0.00 ,$0.00 ,$0.00 ,$269.11 ,"$7,007.48 ","$62,906.52 "
"3535 West Loop 820 South  Fort Worth, TX 76116",GMC Truck,Auto - GMC Truck Plant (Floorplan-New) - East,12/4/2024,401518,12/4/2024,7/4/2026,2024 GMC Truck GMC SIER EV,Automobile,GMC SIER EV,1GT401EL4RU401518,G33928,"$99,495.00 ","$79,596.00 ",$0.00 ,,"($79,596.00)",$0.00 ,"($79,596.00)",$0.00 ,$0.00 ,$0.00 ,$0.00 ,$0.00 ,$0.00 ,$32.96 ,$0.00 ,$0.00 ,$0.00 ,$32.96 ,"$6,801.08 ","$7,702.84 "
"3535 West Loop 820 South  Fort Worth, TX 76116",GMC Truck,Auto - GMC Truck Plant (Floorplan-New) - East,9/30/2024,401520,9/30/2024,4/30/2026,2024 GMC Truck GMC SIER EV,Automobile,GMC SIER EV,1GT401EL2RU401520,G33219,"$99,495.00 ","$49,747.50 ",$0.00 ,,"($49,747.50)",$0.00 ,"($49,747.50)",$0.00 ,$0.00 ,$0.00 ,$0.00 ,$0.00 ,$0.00 ,$20.60 ,$0.00 ,$0.00 ,$0.00 ,$20.60 ,"$7,408.02 ","$4,814.27 "
"3535 West Loop 820 South  Fort Worth, TX 76116",GMC Truck,Auto - GMC Truck Plant (Floorplan-New) - East,2/3/2025,401521,2/3/2025,9/3/2026,2024 GMC Truck GMC SIER EV,Automobile,GMC SIER EV,1GT401EL4RU401521,G33968,"$99,495.00 ","$99,495.00 ",$0.00 ,,"($9,949.50)",$0.00 ,"($9,949.50)","$89,545.50 ","$9,949.50 ",$0.00 ,$0.00 ,$0.00 ,"$9,949.50 ",$396.80 ,$0.00 ,$0.00 ,$0.00 ,$396.80 ,"$6,286.74 ","$92,755.02 "
"3535 West Loop 820 South  Fort Worth, TX 76116",GMC Truck,Auto - GMC Truck Plant (Floorplan-New) - East,1/29/2025,401522,1/29/2025,8/29/2026,2024 GMC Truck GMC SIER EV,Automobile,GMC SIER EV,1GT401EL6RU401522,G33969,"$99,495.00 ","$89,545.50 ",$0.00 ,,"($89,545.50)",$0.00 ,"($89,545.50)",$0.00 ,$0.00 ,$0.00 ,$0.00 ,$0.00 ,$0.00 ,$37.08 ,$0.00 ,$0.00 ,$0.00 ,$37.08 ,"$5,980.19 ","$8,665.69 "
"3535 West Loop 820 South  Fort Worth, TX 76116",GMC Truck,Auto - GMC Truck Plant (Floorplan-New) - East,2/2/2026,403322,2/2/2026,9/2/2027,2025 GMC Truck GMC TERRN DE,Automobile,GMC TERRN DE,3GKALZEG6TL403322,,"$43,053.98 ","$43,053.98 ",$0.00 ,,$0.00 ,$0.00 ,$0.00 ,"$43,053.98 ",$0.00 ,$0.00 ,$0.00 ,$0.00 ,$0.00 ,$184.18 ,$0.00 ,$0.00 ,$0.00 ,$184.18 ,$344.71 ,"$43,053.98 "
"3535 West Loop 820 South  Fort Worth, TX 76116",GMC Truck,Auto - GMC Truck Plant (Floorplan-New) - East,8/25/2025,405206,8/25/2025,3/25/2027,2026 GMC Truck GMC SIER EV,Automobile,GMC SIER EV,1GT1ESEH9TU405206,,"$63,543.42 ","$63,543.42 ",$0.00 ,,$0.00 ,$0.00 ,$0.00 ,"$63,543.42 ",$0.00 ,$0.00 ,$0.00 ,$0.00 ,$0.00 ,$271.82 ,$0.00 ,$0.00 ,$0.00 ,$271.82 ,"$2,017.62 ","$63,543.42 "
"3535 West Loop 820 South  Fort Worth, TX 76116",GMC Truck,Auto - GMC Truck Plant (Floorplan-New) - East,9/3/2025,405211,9/3/2025,4/3/2027,2026 GMC Truck GMC SIER EV,Automobile,GMC SIER EV,1GT1ESEH2TU405211,,"$63,543.42 ","$63,543.42 ",$0.00 ,,$0.00 ,$0.00 ,$0.00 ,"$63,543.42 ",$0.00 ,$0.00 ,$0.00 ,$0.00 ,$0.00 ,$271.82 ,$0.00 ,$0.00 ,$0.00 ,$271.82 ,"$1,927.94 ","$63,543.42 "
"3535 West Loop 820 South  Fort Worth, TX 76116",GMC Truck,Auto - GMC Truck Plant (Floorplan-New) - East,8/25/2025,405212,8/25/2025,3/25/2027,2026 GMC Truck GMC SIER EV,Automobile,GMC SIER EV,1GT1ESEH4TU405212,,"$63,059.80 ","$63,059.80 ",$0.00 ,,$0.00 ,$0.00 ,$0.00 ,"$63,059.80 ",$0.00 ,$0.00 ,$0.00 ,$0.00 ,$0.00 ,$269.76 ,$0.00 ,$0.00 ,$0.00 ,$269.76 ,"$2,002.28 ","$63,059.80 "
"3535 West Loop 820 South  Fort Worth, TX 76116",GMC Truck,Auto - GMC Truck Plant (Floorplan-New) - East,11/28/2025,407219,11/28/2025,6/28/2027,2026 GMC Truck GMC SIER EV,Automobile,GMC SIER EV,1GT1ETED2TU407219,,"$72,617.86 ","$72,617.86 ",$0.00 ,,$0.00 ,$0.00 ,$0.00 ,"$72,617.86 ",$0.00 ,$0.00 ,$0.00 ,$0.00 ,$0.00 ,$310.65 ,$0.00 ,$0.00 ,$0.00 ,$310.65 ,"$1,259.89 ","$72,617.86 "
"3535 West Loop 820 South  Fort Worth, TX 76116",GMC Truck,Auto - GMC Truck Plant (Floorplan-New) - East,10/7/2025,408955,10/7/2025,5/7/2027,2026 GMC Truck GMC SIER EV,Automobile,GMC SIER EV,1GT1ETED6TU408955,,"$77,172.57 ","$77,172.57 ",$0.00 ,,$0.00 ,$0.00 ,$0.00 ,"$77,172.57 ",$0.00 ,$0.00 ,$0.00 ,$0.00 ,$0.00 ,$330.14 ,$0.00 ,$0.00 ,$0.00 ,$330.14 ,"$1,936.66 ","$77,172.57 "
"3535 West Loop 820 South  Fort Worth, TX 76116",GMC Truck,Auto - GMC Truck Plant (Floorplan-New) - East,10/7/2025,408958,10/7/2025,5/7/2027,2026 GMC Truck GMC SIER EV,Automobile,GMC SIER EV,1GT1ETED1TU408958,,"$77,172.57 ","$77,172.57 ",$0.00 ,,$0.00 ,$0.00 ,$0.00 ,"$77,172.57 ",$0.00 ,$0.00 ,$0.00 ,$0.00 ,$0.00 ,$330.14 ,$0.00 ,$0.00 ,$0.00 ,$330.14 ,"$1,936.66 ","$77,172.57 "
"3535 West Loop 820 South  Fort Worth, TX 76116",GMC Truck,Auto - GMC Truck Plant (Floorplan-New) - East,10/7/2025,408959,10/7/2025,5/7/2027,2026 GMC Truck GMC SIER EV,Automobile,GMC SIER EV,1GT1ETED3TU408959,,"$77,172.57 ","$77,172.57 ",$0.00 ,,$0.00 ,$0.00 ,$0.00 ,"$77,172.57 ",$0.00 ,$0.00 ,$0.00 ,$0.00 ,$0.00 ,$330.14 ,$0.00 ,$0.00 ,$0.00 ,$330.14 ,"$1,936.66 ","$77,172.57 "
"3535 West Loop 820 South  Fort Worth, TX 76116",GMC Truck,Auto - GMC Truck Plant (Floorplan-New) - East,11/28/2025,409825,11/28/2025,6/28/2027,2026 GMC Truck GMC SIER EV,Automobile,GMC SIER EV,1GT1ETED9TU409825,,"$65,951.94 ","$65,951.94 ",$0.00 ,,$0.00 ,$0.00 ,$0.00 ,"$65,951.94 ",$0.00 ,$0.00 ,$0.00 ,$0.00 ,$0.00 ,$282.13 ,$0.00 ,$0.00 ,$0.00 ,$282.13 ,"$1,144.25 ","$65,951.94 "
"3535 West Loop 820 South  Fort Worth, TX 76116",GMC Truck,Auto - GMC Truck Plant (Floorplan-New) - East,10/21/2025,410102,10/21/2025,5/21/2027,2026 GMC Truck GMC SIER EV,Automobile,GMC SIER EV,1GT1ETED7TU410102,G35680,"$79,805.59 ","$79,805.59 ",$0.00 ,,"($79,805.59)",$0.00 ,"($79,805.59)",$0.00 ,$0.00 ,$0.00 ,$0.00 ,$0.00 ,$0.00 ,$286.33 ,$0.00 ,$0.00 ,$0.00 ,$286.33 ,"$1,778.99 ","$66,933.72 "
"3535 West Loop 820 South  Fort Worth, TX 76116",GMC Truck,Auto - GMC Truck Plant (Floorplan-New) - East,10/27/2025,410111,10/27/2025,5/27/2027,2026 GMC Truck GMC SIER EV,Automobile,GMC SIER EV,1GT1ETED8TU410111,,"$79,321.97 ","$79,321.97 ",$0.00 ,,$0.00 ,$0.00 ,$0.00 ,"$79,321.97 ",$0.00 ,$0.00 ,$0.00 ,$0.00 ,$0.00 ,$339.32 ,$0.00 ,$0.00 ,$0.00 ,$339.32 ,"$1,751.11 ","$79,321.97 "
"3535 West Loop 820 South  Fort Worth, TX 76116",GMC Truck,Auto - GMC Truck Plant (Floorplan-New) - East,10/20/2025,410112,10/20/2025,5/20/2027,2026 GMC Truck GMC SIER EV,Automobile,GMC SIER EV,1GT1ETEDXTU410112,,"$79,805.59 ","$79,805.59 ",$0.00 ,,$0.00 ,$0.00 ,$0.00 ,"$79,805.59 ",$0.00 ,$0.00 ,$0.00 ,$0.00 ,$0.00 ,$341.40 ,$0.00 ,$0.00 ,$0.00 ,$341.40 ,"$1,846.10 ","$79,805.59 "
"3535 West Loop 820 South  Fort Worth, TX 76116",GMC Truck,Auto - GMC Truck Plant (Floorplan-New) - East,10/21/2025,410113,10/21/2025,5/21/2027,2026 GMC Truck GMC SIER EV,Automobile,GMC SIER EV,1GT1ETED1TU410113,,"$79,805.59 ","$79,805.59 ",$0.00 ,,$0.00 ,$0.00 ,$0.00 ,"$79,805.59 ",$0.00 ,$0.00 ,$0.00 ,$0.00 ,$0.00 ,$341.40 ,$0.00 ,$0.00 ,$0.00 ,$341.40 ,"$1,834.06 ","$79,805.59 "
"3535 West Loop 820 South  Fort Worth, TX 76116",GMC Truck,Auto - GMC Truck Plant (Floorplan-New) - East,10/20/2025,410114,10/20/2025,5/20/2027,2026 GMC Truck GMC SIER EV,Automobile,GMC SIER EV,1GT1ETED3TU410114,,"$79,805.59 ","$79,805.59 ",$0.00 ,,$0.00 ,$0.00 ,$0.00 ,"$79,805.59 ",$0.00 ,$0.00 ,$0.00 ,$0.00 ,$0.00 ,$341.40 ,$0.00 ,$0.00 ,$0.00 ,$341.40 ,"$1,846.10 ","$79,805.59 "
"3535 West Loop 820 South  Fort Worth, TX 76116",GMC Truck,Auto - GMC Truck Plant (Floorplan-New) - East,10/21/2025,410115,10/21/2025,5/21/2027,2026 GMC Truck GMC SIER EV,Automobile,GMC SIER EV,1GT1ETED5TU410115,,"$79,321.97 ","$79,321.97 ",$0.00 ,,$0.00 ,$0.00 ,$0.00 ,"$79,321.97 ",$0.00 ,$0.00 ,$0.00 ,$0.00 ,$0.00 ,$339.32 ,$0.00 ,$0.00 ,$0.00 ,$339.32 ,"$1,822.95 ","$79,321.97 "
"3535 West Loop 820 South  Fort Worth, TX 76116",GMC Truck,Auto - GMC Truck Plant (Floorplan-New) - East,10/22/2025,410116,10/22/2025,5/22/2027,2026 GMC Truck GMC SIER EV,Automobile,GMC SIER EV,1GT1ETED7TU410116,,"$79,321.97 ","$79,321.97 ",$0.00 ,,$0.00 ,$0.00 ,$0.00 ,"$79,321.97 ",$0.00 ,$0.00 ,$0.00 ,$0.00 ,$0.00 ,$339.32 ,$0.00 ,$0.00 ,$0.00 ,$339.32 ,"$1,810.98 ","$79,321.97 "
"3535 West Loop 820 South  Fort Worth, TX 76116",GMC Truck,Auto - GMC Truck Plant (Floorplan-New) - East,10/27/2025,410122,10/27/2025,5/27/2027,2026 GMC Truck GMC SIER EV,Automobile,GMC SIER EV,1GT1ETED2TU410122,,"$79,805.59 ","$79,805.59 ",$0.00 ,,$0.00 ,$0.00 ,$0.00 ,"$79,805.59 ",$0.00 ,$0.00 ,$0.00 ,$0.00 ,$0.00 ,$341.40 ,$0.00 ,$0.00 ,$0.00 ,$341.40 ,"$1,761.77 ","$79,805.59 "
"3535 West Loop 820 South  Fort Worth, TX 76116",GMC Truck,Auto - GMC Truck Plant (Floorplan-New) - East,10/21/2025,410123,10/21/2025,5/21/2027,2026 GMC Truck GMC SIER EV,Automobile,GMC SIER EV,1GT1ETED4TU410123,,"$79,805.59 ","$79,805.59 ",$0.00 ,,$0.00 ,$0.00 ,$0.00 ,"$79,805.59 ",$0.00 ,$0.00 ,$0.00 ,$0.00 ,$0.00 ,$341.40 ,$0.00 ,$0.00 ,$0.00 ,$341.40 ,"$1,834.06 ","$79,805.59 "
"3535 West Loop 820 South  Fort Worth, TX 76116",GMC Truck,Auto - GMC Truck Plant (Floorplan-New) - East,10/22/2025,410125,10/22/2025,5/22/2027,2026 GMC Truck GMC SIER EV,Automobile,GMC SIER EV,1GT1ETED8TU410125,,"$79,805.59 ","$79,805.59 ",$0.00 ,,$0.00 ,$0.00 ,$0.00 ,"$79,805.59 ",$0.00 ,$0.00 ,$0.00 ,$0.00 ,$0.00 ,$341.40 ,$0.00 ,$0.00 ,$0.00 ,$341.40 ,"$1,822.01 ","$79,805.59 "
"3535 West Loop 820 South  Fort Worth, TX 76116",GMC Truck,Auto - GMC Truck Plant (Floorplan-New) - East,3/13/2026,441841,3/13/2026,10/13/2027,2025 GMC Truck GMC TERRN EL,Automobile,GMC TERRN EL,3GKALMEG7TL441841,,"$32,549.18 ",$0.00 ,"$32,549.18 ",3/13/2026,$0.00 ,$0.00 ,"$32,549.18 ","$32,549.18 ",$0.00 ,$0.00 ,$0.00 ,$0.00 ,$0.00 ,$85.34 ,$0.00 ,$0.00 ,$0.00 ,$85.34 ,$85.34 ,"$19,949.50 "
"3535 West Loop 820 South  Fort Worth, TX 76116",GMC Truck,Auto - GMC Truck Plant (Floorplan-New) - East,3/11/2026,442294,3/11/2026,10/11/2027,2025 GMC Truck GMC TERRN EL,Automobile,GMC TERRN EL,3GKALMEG9TL442294,,"$33,007.05 ",$0.00 ,"$33,007.05 ",3/11/2026,$0.00 ,$0.00 ,"$33,007.05 ","$33,007.05 ",$0.00 ,$0.00 ,$0.00 ,$0.00 ,$0.00 ,$95.65 ,$0.00 ,$0.00 ,$0.00 ,$95.65 ,$95.65 ,"$22,359.61 "
"3535 West Loop 820 South  Fort Worth, TX 76116",Straight Line,Auto - Straight Line Plant - E,1/23/2013,Straight Line,1/23/2013,4/23/2096,2013 Straight Line STRAIGHT LINE,Automobile,STRAIGHT LINE,STRAIGHT LINE,,"$2,000,000.00 ","$2,000,000.00 ",$0.00 ,,$0.00 ,$0.00 ,$0.00 ,"$2,000,000.00 ",$0.00 ,$0.00 ,$0.00 ,$0.00 ,$0.00 ,"$9,072.35 ",$0.00 ,$0.00 ,$0.00 ,"$9,072.35 ","$506,387.28 ","$2,000,000.00 "
Total: ,,,,,,,,,,,,"$60,386,795.89 ","$36,498,941.54 ","$23,648,158.14 ",,"($16,644,849.70)","($367,784.00)","$6,635,524.44 ","$43,134,465.98 ","$58,967.83 ",$0.00 ,"$21,875.12 ",$0.00 ,"$80,842.95 ","$175,979.40 ",($101.60),$0.00 ,$0.00 ,"$175,979.40 ","$1,126,090.44 ","$41,016,793.68 "
