month,row,classification,boa_description,vin,vin6,boa_ending_balance,dt_2100_amount,dt_vin6,dt_description,dt_vin_extracted,dt_date,control_number
FEB26,2,matched,2025 Mazda M3H,JM1BPAJM3S1780956,780956,25746.0,-25746.0,780956,BOA FLOORPLAN,,,M20148
FEB26,3,matched,2026 Mazda M3S 25S 2A,JM1BPAAL8T1866286,866286,25895.0,-25895.0,866286,HILEY MAZDA OF ARLING   2/17/26  JM1BPAAL8T1866286,JM1BPAAL8T1866286,2/17/26,M21244
FEB26,4,matched,2026 Mazda M3S 25S 2A,JM1BPAAL5T1867637,867637,25895.0,-25895.0,867637,2026 MAZDA MAZDA3 SED   2/19/26  JM1BPAAL5T1867637,JM1BPAAL5T1867637,2/19/26,M21254
FEB26,5,matched,2026 Mazda M3H 25S 2A,JM1BPAJL7T1863461,863461,26186.0,-26186.0,863461,2026 MAZDA MAZDA3 HAT   2/02/26  JM1BPAJL7T1863461,JM1BPAJL7T1863461,2/02/26,M21205
FEB26,6,matched,2026 Mazda M3S SES 2A,JM1BPABL4T1866364,866364,26251.0,-26251.0,866364,"DIXON, MATTHEW RAYMON   2/23/26  JM1BPABL4T1866364",JM1BPABL4T1866364,2/23/26,M21241
FEB26,7,matched,2026 Mazda M3S SES 2A,JM1BPABL8T1867176,867176,26251.0,-26251.0,867176,2026 MAZDA MAZDA3 SED   2/23/26  JM1BPABL8T1867176,JM1BPABL8T1867176,2/23/26,M21253
FEB26,8,dealertrack_only,,JM1BPABL0T1867950,867950,,-26251.0,867950,2026 MAZDA MAZDA3 SED   2/27/26  JM1BPABL0T1867950,JM1BPABL0T1867950,2/27/26,M21317
FEB26,9,matched,2026 Mazda C30 25S XA,3MVDMBAL2TM137936,137936,27560.0,-27560.0,137936,2026 MAZDA CX-30        2/20/26  3MVDMBAL2TM137936,3MVDMBAL2TM137936,2/20/26,M21394
FEB26,10,matched,2026 Mazda M3S PF 2A,JM1BPACL5T1867618,867618,27860.0,-27860.0,867618,2026 MAZDA MAZDA3 SED   2/19/26  JM1BPACL5T1867618,JM1BPACL5T1867618,2/19/26,M21252
FEB26,11,dealertrack_only,,JM1BPACL2T1868807,868807,,-27860.0,868807,2026 MAZDA MAZDA3 SED   2/27/26  JM1BPACL2T1868807,JM1BPACL2T1868807,2/27/26,M21313
FEB26,12,matched,2026 Mazda M3H SES 2A,JM1BPAKL9T1864173,864173,28038.0,-28038.0,864173,2026 MAZDA MAZDA3 HAT   2/13/26  JM1BPAKL9T1864173,JM1BPAKL9T1864173,2/13/26,M21204
FEB26,13,matched,2026 Mazda M3S PF 2A,JM1BPACL2T1863509,863509,28480.0,-28480.0,863509,2026 MAZDA MAZDA3 SED   2/02/26  JM1BPACL2T1863509,JM1BPACL2T1863509,2/02/26,M21197
FEB26,14,matched,2026 Mazda M3S PF 2A,JM1BPACL0T1863668,863668,28480.0,-28480.0,863668,FAMILY MAZDA OF BOSSI   1/29/26  JM1BPACL0T1863668,JM1BPACL0T1863668,1/29/26,M21196
FEB26,15,matched,2026 Mazda C30,3MVDMBBL2TM126420,126420,28735.0,-28735.0,126420,2026 MAZDA CX-30        2/26/26  3MVDMBBL2TM126420,3MVDMBBL2TM126420,2/26/26,M21400
FEB26,16,matched,2026 Mazda C30 SES XA,3MVDMBBL2TM137658,137658,28795.0,-28795.0,137658,2026 MAZDA CX-30        2/20/26  3MVDMBBL2TM137658,3MVDMBBL2TM137658,2/20/26,M21395
FEB26,17,dealertrack_only,,3MVDMBBL5TM140456,140456,,-28795.0,140456,2026 MAZDA CX-30        2/04/26  3MVDMBBL5TM140456,3MVDMBBL5TM140456,2/04/26,M21444
FEB26,18,matched,2026 Mazda C30 SES XA,3MVDMBBL0TM111043,111043,29262.0,-29262.0,111043,HILEY SERVICE LOANER   10/17/25  3MVDMBBL0TM111043,3MVDMBBL0TM111043,10/17/25,M20940
FEB26,19,matched,2026 Mazda C30 SES XA,3MVDMBBL0TM127145,127145,29262.0,-29262.0,127145,"CANALES, CARLOS JUNIO   2/03/26  3MVDMBBL0TM127145",3MVDMBBL0TM127145,2/03/26,M21256
FEB26,20,matched,2026 Mazda C30 SES XA,3MVDMBBL8TM138118,138118,29322.0,-29322.0,138118,2026 MAZDA CX-30        2/25/26  3MVDMBBL8TM138118,3MVDMBBL8TM138118,2/25/26,M21403
FEB26,21,matched,2025 Mazda CX5,JM3KFBAL0S0764873,764873,29855.0,-29855.0,764873,2025 MAZDA CX-5         1/09/26  JM3KFBAL0S0764873,JM3KFBAL0S0764873,1/09/26,M21276
FEB26,22,matched,2025 Mazda CX5,JM3KFBAL0S0747264,747264,29991.0,-29991.0,747264,HILEY SERVICE LOANER    1/29/26  JM3KFBAL0S0747264,JM3KFBAL0S0747264,1/29/26,M21279
FEB26,23,matched,2025 Mazda CX5,JM3KFBAL2S0751851,751851,29991.0,-29991.0,751851,HILEY SERVICE LOANER   10/29/25  JM3KFBAL2S0751851,JM3KFBAL2S0751851,10/29/25,M20883
FEB26,24,matched,2025 Mazda CX5,JM3KFBAL5S0735112,735112,30248.0,-30248.0,735112,"MCMAHON, LAURA KATHLE   1/29/26  JM3KFBAL5S0735112",JM3KFBAL5S0735112,1/29/26,M21274
FEB26,25,matched,2025 Mazda CX5 25S XA,JM3KFBAL2S0797308,797308,30255.0,-30255.0,797308,2025 MAZDA CX-5         1/09/26  JM3KFBAL2S0797308,JM3KFBAL2S0797308,1/09/26,M21187
FEB26,26,matched,2026 Mazda C30 PF XA,3MVDMBCL7TM100877,100877,30381.0,-30381.0,100877,HILEY SERVICE LOANER   10/21/25  3MVDMBCL7TM100877,3MVDMBCL7TM100877,10/21/25,M20838
FEB26,27,matched,2026 Mazda C30 PF XA,3MVDMBCL3TM107499,107499,30493.0,-30493.0,107499,HILEY                  10/11/25  3MVDMBCL3TM107499,3MVDMBCL3TM107499,10/11/25,M20875
FEB26,28,matched,2026 Mazda C30 PF XA,3MVDMBCL9TM112612,112612,30493.0,-30493.0,112612,2026 MAZDA CX-30       10/27/25  3MVDMBCL9TM112612,3MVDMBCL9TM112612,10/27/25,M20945
FEB26,29,matched,2026 Mazda C30 PF XA,3MVDMBCL7TM100247,100247,30625.0,-30625.0,100247,HILEY                  10/18/25  3MVDMBCL7TM100247,3MVDMBCL7TM100247,10/18/25,M20832
FEB26,30,matched,2026 Mazda C30 PF XA,3MVDMBCL4TM100464,100464,30960.0,-30960.0,100464,HILEY SERVICE LOANER   10/21/25  3MVDMBCL4TM100464,3MVDMBCL4TM100464,10/21/25,M20831
FEB26,31,matched,2026 Mazda C30 PF XA,3MVDMBCL3TM122875,122875,31020.0,-31020.0,122875,2026 MAZDA CX-30        2/03/26  3MVDMBCL3TM122875,3MVDMBCL3TM122875,2/03/26,M21255
FEB26,32,matched,2026 Mazda C30 PF XA,3MVDMBCL1TM137956,137956,31020.0,-31020.0,137956,VEHICLE ASSET UNIVERS   2/26/26  3MVDMBCL1TM137956,3MVDMBCL1TM137956,2/26/26,M21407
FEB26,33,matched,2026 Mazda C30 PF XA,3MVDMBCL6TM139282,139282,31020.0,-31020.0,139282,2026 MAZDA CX-30        2/26/26  3MVDMBCL6TM139282,3MVDMBCL6TM139282,2/26/26,M21409
FEB26,34,dealertrack_only,,3MVDMBCL5TM139404,139404,,-31020.0,139404,2026 MAZDA CX-30        2/28/26  3MVDMBCL5TM139404,3MVDMBCL5TM139404,2/28/26,M21408
FEB26,35,matched,2026 Mazda C30 AE XA,3MVDMBCL3TM111438,111438,31051.0,-31051.0,111438,HILEY SERVICE LOANER   10/17/25  3MVDMBCL3TM111438,3MVDMBCL3TM111438,10/17/25,M20936
FEB26,36,matched,2026 Mazda C30,3MVDMBCL8TM116411,116411,31051.0,-31051.0,116411,2026 MAZDA CX-30        2/03/26  3MVDMBCL8TM116411,3MVDMBCL8TM116411,2/03/26,M21055
FEB26,37,matched,2026 Mazda C30 AE XA,3MVDMBCL5TM117208,117208,31051.0,-31051.0,117208,2026 MAZDA CX-30       11/14/25  3MVDMBCL5TM117208,3MVDMBCL5TM117208,11/14/25,M21054
FEB26,38,matched,2026 Mazda C30 AE XA,3MVDMBXL6TM128759,128759,31051.0,-31051.0,128759,2026 MAZDA CX-30        2/03/26  3MVDMBXL6TM128759,3MVDMBXL6TM128759,2/03/26,M21286
FEB26,39,dealertrack_only,,3MVDMBXL0TM139417,139417,,-31051.0,139417,2026 MAZDA CX-30        2/28/26  3MVDMBXL0TM139417,3MVDMBXL0TM139417,2/28/26,M21406
FEB26,40,matched,2025 Mazda CX5 SE XA,JM3KFBBL8S0733501,733501,31134.0,-31134.0,733501,HILEY SERVICE LOANER    9/03/25  JM3KFBBL8S0733501,JM3KFBBL8S0733501,9/03/25,M20666
FEB26,41,matched,2026 Mazda C30 PF XA,3MVDMBCL8TM100919,100919,31144.0,-31144.0,100919,HILEY SERVICE LOANER   10/18/25  3MVDMBCL8TM100919,3MVDMBCL8TM100919,10/18/25,M20834
FEB26,42,matched,2026 Mazda C30 AE XA,3MVDMBCL5TM100523,100523,31234.0,-31234.0,100523,HILEY                  10/18/25  3MVDMBCL5TM100523,3MVDMBCL5TM100523,10/18/25,M20871
FEB26,43,matched,2025 Mazda CX5 SE XA,JM3KFBBL0S0803623,803623,31271.0,-31271.0,803623,2025 MAZDA CX-5         2/20/26  JM3KFBBL0S0803623,JM3KFBBL0S0803623,2/20/26,M21308
FEB26,44,dealertrack_only,,7MMVABAL9TN478464,478464,,-31277.0,478464,2026 MAZDA CX-50        2/26/26  7MMVABAL9TN478464,7MMVABAL9TN478464,2/26/26,M21371
FEB26,45,matched,2025 Mazda CX5 SE XA,JM3KFBBL3S0797333,797333,31287.0,-31287.0,797333,2025 MAZDA CX-5         1/05/26  JM3KFBBL3S0797333,JM3KFBBL3S0797333,1/05/26,M21184
FEB26,46,matched,2025 Mazda CX5 SE XA,JM3KFBBL9S0783520,783520,31351.0,-31351.0,783520,HILEY SERVICE LOANER   12/12/25  JM3KFBBL9S0783520,JM3KFBBL9S0783520,12/12/25,M21113
FEB26,47,matched,2025 Mazda CX5 SE XA,JM3KFBBL0S0805906,805906,31351.0,-31351.0,805906,2025 MAZDA CX-5         2/20/26  JM3KFBBL0S0805906,JM3KFBBL0S0805906,2/20/26,M21309
FEB26,48,matched,2026 Mazda C30 AE XA,3MVDMBCL6TM100191,100191,31398.0,-31398.0,100191,HILEY SERVICE LOANER   10/18/25  3MVDMBCL6TM100191,3MVDMBCL6TM100191,10/18/25,M20873
FEB26,49,matched,2025 Mazda CX5 SE XA,JM3KFBBL9S0783162,783162,31407.0,-31407.0,783162,"SMITH, LISA MARIE      12/01/25  JM3KFBBL9S0783162",JM3KFBBL9S0783162,12/01/25,M21000
FEB26,50,matched,2025 Mazda CX5 SE XA,JM3KFBBL7S0802324,802324,31407.0,-31407.0,802324,2025 MAZDA CX-5         2/04/26  JM3KFBBL7S0802324,JM3KFBBL7S0802324,2/04/26,M21239
FEB26,51,matched,2025 Mazda CX5 SE XA,JM3KFBBL1S0806935,806935,31407.0,-31407.0,806935,2025 MAZDA CX-5         2/20/26  JM3KFBBL1S0806935,JM3KFBBL1S0806935,2/20/26,M21311
FEB26,52,matched,2025 Mazda C50 SE XA,7MMVABAM7SN390259,390259,31420.0,-31420.0,390259,"HAMBY, DERK RYAN        9/16/25  7MMVABAM7SN390259",7MMVABAM7SN390259,9/16/25,M20730
FEB26,53,matched,2025 Mazda CX5 SE XA,JM3KFBBL1S0802867,802867,31479.0,-31479.0,802867,2025 MAZDA CX-5         2/23/26  JM3KFBBL1S0802867,JM3KFBBL1S0802867,2/23/26,M21312
FEB26,54,matched,2025 Mazda C50,7MMVABAM8SN382882,382882,31525.0,-31525.0,382882,HILEY SERVICE LOANER    9/27/25  7MMVABAM8SN382882,7MMVABAM8SN382882,9/27/25,M20657
FEB26,55,matched,2026 Mazda C50 SE XA,7MMVABAL9TN467738,467738,31545.0,-31545.0,467738,HILEY SERVICE LOANER   12/30/25  7MMVABAL9TN467738,7MMVABAL9TN467738,12/30/25,M21169
FEB26,56,matched,2025 Mazda CX50,7MMVABAM9SN390425,390425,31600.0,-31600.0,390425,"HAMBY, DERK RYAN        2/12/26  7MMVABAM9SN390425",7MMVABAM9SN390425,2/12/26,M20731
FEB26,57,matched,2025 Mazda CX5 SE XA,JM3KFBBL6S0785578,785578,31607.0,-31607.0,785578,"KELEMEN, ZOLTAN SANDO  12/17/25  JM3KFBBL6S0785578",JM3KFBBL6S0785578,12/17/25,M21032
FEB26,58,matched,2025 Mazda CX5,JM3KFBBL5S0786480,786480,31607.0,-31607.0,786480,2025 MAZDA CX-5         2/03/26  JM3KFBBL5S0786480,JM3KFBBL5S0786480,2/03/26,M21031
FEB26,59,matched,2025 Mazda CX5 SE XA,JM3KFBBL6S0796953,796953,31607.0,-31607.0,796953,"FUENTES, FRANCISCO      1/10/26  JM3KFBBL6S0796953",JM3KFBBL6S0796953,1/10/26,M21191
FEB26,60,matched,2025 Mazda CX5 SE XA,JM3KFBBL3S0720171,720171,31664.0,-31664.0,720171,HILEY SERVICE LOANER    8/18/25  JM3KFBBL3S0720171,JM3KFBBL3S0720171,8/18/25,M20577
FEB26,61,matched,2025 Mazda CX5 SE XA,JM3KFBBL9S0720966,720966,31664.0,-31664.0,720966,HILEY SERVICE LOANER    8/12/25  JM3KFBBL9S0720966,JM3KFBBL9S0720966,8/12/25,M20564
FEB26,62,matched,2025 Mazda CX5 SE XA,JM3KFBBL1S0802710,802710,31681.0,-31681.0,802710,2025 MAZDA CX-5         2/17/26  JM3KFBBL1S0802710,JM3KFBBL1S0802710,2/17/26,M21310
FEB26,63,matched,2025 Mazda CX5 SE XA,JM3KFBBL0S0785172,785172,31751.0,-31751.0,785172,2025 MAZDA CX-5        12/15/25  JM3KFBBL0S0785172,JM3KFBBL0S0785172,12/15/25,M21111
FEB26,64,matched,2025 Mazda CX5 SE XA,JM3KFBBL7S0787145,787145,31751.0,-31751.0,787145,2025 MAZDA CX-5         2/03/26  JM3KFBBL7S0787145,JM3KFBBL7S0787145,2/03/26,M21033
FEB26,65,matched,2025 Mazda CX5 SE XA,JM3KFBBL8S0788417,788417,31751.0,-31751.0,788417,2025 MAZDA CX-5        12/18/25  JM3KFBBL8S0788417,JM3KFBBL8S0788417,12/18/25,M21035
FEB26,66,matched,2026 Mazda M3H CE XA,JM1BPBLLXT1863487,863487,31771.0,-31771.0,863487,2026 MAZDA MAZDA3 HAT   2/03/26  JM1BPBLLXT1863487,JM1BPBLLXT1863487,2/03/26,M21201
FEB26,67,matched,2025 Mazda CX5 SE XA,JM3KFBBL7S0784729,784729,31801.0,-31801.0,784729,2025 MAZDA CX-5        12/14/25  JM3KFBBL7S0784729,JM3KFBBL7S0784729,12/14/25,M21112
FEB26,68,matched,2025 Mazda CX5 SE XA,JM3KFBBL7S0789011,789011,31801.0,-31801.0,789011,2025 MAZDA CX-5        12/18/25  JM3KFBBL7S0789011,JM3KFBBL7S0789011,12/18/25,M21034
FEB26,69,matched,2025 Mazda CX5 PF XA,JM3KFBCM5S0689951,689951,31953.0,-31953.0,689951,JM3KFBCM5S0689951,JM3KFBCM5S0689951,,M20395
FEB26,70,matched,2025 Mazda CX5 SE XA,JM3KFBBL4S0789533,789533,32001.0,-32001.0,789533,2025 MAZDA CX-5        12/18/25  JM3KFBBL4S0789533,JM3KFBBL4S0789533,12/18/25,M21029
FEB26,71,matched,2025 Mazda CX5 PF XA,JM3KFBCM4S0700681,700681,32028.0,-32028.0,700681,JM3KFBCM4S0700681,JM3KFBCM4S0700681,,M20409
FEB26,72,matched,2025 Mazda CX5 PF XA,JM3KFBCM8S0715538,715538,32028.0,-32028.0,715538,HILEY SERVICE LOANER    8/11/25  JM3KFBCM8S0715538,JM3KFBCM8S0715538,8/11/25,M20557
FEB26,73,matched,2025 Mazda CX5 PF XA,JM3KFBCM9S0720098,720098,32028.0,-32028.0,720098,HILEY SERVICE LOANER    8/12/25  JM3KFBCM9S0720098,JM3KFBCM9S0720098,8/12/25,M20558
FEB26,74,matched,2025 Mazda CX5,JM3KFBBL2S0606209,606209,32114.0,-32114.0,606209,BOA FLOORPLAN,,,M20489
FEB26,75,matched,2025 Mazda CX5 SE XA,JM3KFBBL8S0781242,781242,32137.0,-32137.0,781242,2025 MAZDA CX-5        12/01/25  JM3KFBBL8S0781242,JM3KFBBL8S0781242,12/01/25,M20999
FEB26,76,matched,2025 Mazda CX5 SE XA,JM3KFBBL7S0804414,804414,32281.0,-32281.0,804414,"KIEHL, TAB ALLEN        2/04/26  JM3KFBBL7S0804414",JM3KFBBL7S0804414,2/04/26,M21240
FEB26,77,matched,2025 Mazda CX5 SE XA,JM3KFBBL1S0797069,797069,32417.0,-32417.0,797069,2025 MAZDA CX-5         1/09/26  JM3KFBBL1S0797069,JM3KFBBL1S0797069,1/09/26,M21194
FEB26,78,matched,2026 Mazda M3H PR 2P,JM1BPAML2T1862164,862164,32439.0,-32439.0,862164,2026 MAZDA MAZDA3 HAT   1/22/26  JM1BPAML2T1862164,JM1BPAML2T1862164,1/22/26,M21203
FEB26,79,matched,2025 Mazda CX5,JM3KFBCM2S0784824,784824,32468.0,-32468.0,784824,2025 MAZDA CX-5         2/24/26  JM3KFBCM2S0784824,JM3KFBCM2S0784824,2/24/26,M21391
FEB26,80,matched,2026 Mazda M3H,JM1BPBLL4T1857300,857300,32511.0,-32511.0,857300,2026 MAZDA MAZDA3 HAT   1/29/26  JM1BPBLL4T1857300,JM1BPBLL4T1857300,1/29/26,M21282
FEB26,81,matched,2025 Mazda CX5,JM3KFBCM2S0708021,708021,32558.0,-32558.0,708021,HILEY SERVICE LOANER    9/03/25  JM3KFBCM2S0708021,JM3KFBCM2S0708021,9/03/25,M20450
FEB26,82,matched,2025 Mazda CX5 PF XA,JM3KFBCM4S0710885,710885,32558.0,-32558.0,710885,JM3KFBCM4S0710885,JM3KFBCM4S0710885,,M20451
FEB26,83,matched,2025 Mazda CX5 PF XA,JM3KFBCM9S0788594,788594,32588.0,-32588.0,788594,"NAGAR, PIYUSH VISHWA   12/18/25  JM3KFBCM9S0788594",JM3KFBCM9S0788594,12/18/25,M21010
FEB26,84,matched,2025 Mazda CX5 PF XA,JM3KFBCM8S0789090,789090,32588.0,-32588.0,789090,"SAHA, RANAJAY          12/13/25  JM3KFBCM8S0789090",JM3KFBCM8S0789090,12/13/25,M21009
FEB26,85,matched,2025 Mazda CX5 PF XA,JM3KFBCM3S0787098,787098,32604.0,-32604.0,787098,"WIZELL, EZEKIEL ADAM    1/05/26  JM3KFBCM3S0787098",JM3KFBCM3S0787098,1/05/26,M21006
FEB26,86,matched,2025 Mazda CX5 PF XA,JM3KFBCM4S0797185,797185,32748.0,-32748.0,797185,2025 MAZDA CX-5         1/09/26  JM3KFBCM4S0797185,JM3KFBCM4S0797185,1/09/26,M21182
FEB26,87,matched,2026 Mazda M3H PR 2P,JM1BPAMLXT1857391,857391,32807.0,-32807.0,857391,2026 MAZDA MAZDA3 HAT  12/11/25  JM1BPAMLXT1857391,JM1BPAMLXT1857391,12/11/25,M21086
FEB26,88,matched,2025 Mazda CX5 PF XA,JM3KFBCMXS0798910,798910,32820.0,-32820.0,798910,2025 MAZDA CX-5         1/05/26  JM3KFBCMXS0798910,JM3KFBCMXS0798910,1/05/26,M21134
FEB26,89,matched,2025 Mazda CX5 PF XA,JM3KFBCM0S0787253,787253,32998.0,-32998.0,787253,2025 MAZDA CX-5         1/10/26  JM3KFBCM0S0787253,JM3KFBCM0S0787253,1/10/26,M21003
FEB26,90,matched,2025 Mazda CX5 PF XA,JM3KFBCM1S0789514,789514,32998.0,-32998.0,789514,"BURGUPALLY, SAIRAM RE  12/18/25  JM3KFBCM1S0789514",JM3KFBCM1S0789514,12/18/25,M21005
FEB26,91,matched,2025 Mazda CX5,JM3KFBCM6S0782297,782297,33118.0,-33118.0,782297,2025 MAZDA CX-5         2/03/26  JM3KFBCM6S0782297,JM3KFBCM6S0782297,2/03/26,M20995
FEB26,92,matched,2025 Mazda CX5 PF XA,JM3KFBCM0S0800860,800860,33169.0,-33169.0,800860,"POWERS, JOE RAY         2/20/26  JM3KFBCM0S0800860",JM3KFBCM0S0800860,2/20/26,M21299
FEB26,93,matched,2025 Mazda CX5 PF XA,JM3KFBCM0S0800941,800941,33169.0,-33169.0,800941,2025 MAZDA CX-5         2/20/26  JM3KFBCM0S0800941,JM3KFBCM0S0800941,2/20/26,M21300
FEB26,94,matched,2025 Mazda CX5 PF XA,JM3KFBCM0S0801264,801264,33169.0,-33169.0,801264,2025 MAZDA CX-5         2/23/26  JM3KFBCM0S0801264,JM3KFBCM0S0801264,2/23/26,M21301
FEB26,95,matched,2025 Mazda CX5 PF XA,JM3KFBCM1S0797662,797662,33330.0,-33330.0,797662,"PARK, KYUNGSEO          1/05/26  JM3KFBCM1S0797662",JM3KFBCM1S0797662,1/05/26,M21183
FEB26,96,matched,2026 Mazda C50,7MMVABBL8TN476106,476106,33397.0,-33397.0,476106,BOA FLOORPLAN,,,M21398
FEB26,97,matched,2026 Mazda C50 PF XA,7MMVABBL7TN470586,470586,33397.0,-33397.0,470586,HILEY SERVICE LOANER    1/22/26  7MMVABBL7TN470586,7MMVABBL7TN470586,1/22/26,M21258
FEB26,98,matched,2025 Mazda CX5 PF XA,JM3KFBCM0S0797166,797166,33522.0,-33522.0,797166,2025 MAZDA CX-5         1/05/26  JM3KFBCM0S0797166,JM3KFBCM0S0797166,1/05/26,M21180
FEB26,99,matched,2025 Mazda CX5 PF XA,JM3KFBCMXS0801059,801059,33563.0,-33563.0,801059,2025 MAZDA CX-5         2/17/26  JM3KFBCMXS0801059,JM3KFBCMXS0801059,2/17/26,M21298
FEB26,100,matched,2025 Mazda CX5 PF XA,JM3KFBCM0S0801510,801510,33579.0,-33579.0,801510,2025 MAZDA CX-5         2/17/26  JM3KFBCM0S0801510,JM3KFBCM0S0801510,2/17/26,M21302
FEB26,101,matched,2025 Mazda CX5 PF XA,JM3KFBCM2S0760443,760443,33598.0,-33598.0,760443,2025 MAZDA CX-5        11/07/25  JM3KFBCM2S0760443,JM3KFBCM2S0760443,11/07/25,M20905
FEB26,102,matched,2025 Mazda CX5 PF XA,JM3KFBCM3S0796867,796867,33734.0,-33734.0,796867,2025 MAZDA CX-5         1/09/26  JM3KFBCM3S0796867,JM3KFBCM3S0796867,1/09/26,M21192
FEB26,103,dealertrack_only,,7MMVABBL2TN479163,479163,,-33757.0,479163,2026 MAZDA CX-50        2/27/26  7MMVABBL2TN479163,7MMVABBL2TN479163,2/27/26,M21369
FEB26,104,matched,2026 Mazda C50 PF XA,7MMVABBL6TN451883,451883,33857.0,-33857.0,451883,HILEY                  10/15/25  7MMVABBL6TN451883,7MMVABBL6TN451883,10/15/25,M20840
FEB26,105,matched,2026 Mazda C50 PF XA,7MMVABBL7TN456011,456011,33913.0,-33913.0,456011,2026 MAZDA CX-50       12/01/25  7MMVABBL7TN456011,7MMVABBL7TN456011,12/01/25,M21061
FEB26,106,matched,2025 Mazda CX5 CE XA,JM3KFBCM9S0716259,716259,34050.0,-34050.0,716259,HILEY SERVICE LOANER    8/11/25  JM3KFBCM9S0716259,JM3KFBCM9S0716259,8/11/25,M20552
FEB26,107,matched,2026 Mazda C50 MR XA,7MMVABXL0TN457929,457929,34128.0,-34128.0,457929,HILEY                  11/08/25  7MMVABXL0TN457929,7MMVABXL0TN457929,11/08/25,M20978
FEB26,108,matched,2026 Mazda C50 MR XA,7MMVABXL1TN458247,458247,34128.0,-34128.0,458247,HILEY                  11/08/25  7MMVABXL1TN458247,7MMVABXL1TN458247,11/08/25,M20983
FEB26,109,matched,2025 Mazda CX5,JM3KFBCM3S0723689,723689,34238.0,-34238.0,723689,2025 MAZDA CX-5         1/29/26  JM3KFBCM3S0723689,JM3KFBCM3S0723689,1/29/26,M21284
FEB26,110,matched,2026 Mazda C50 MR XA,7MMVABXL2TN456829,456829,34838.0,-34838.0,456829,HILEY SERVICE LOANER   11/08/25  7MMVABXL2TN456829,7MMVABXL2TN456829,11/08/25,M20977
FEB26,111,matched,2026 Mazda C50 MR XA,7MMVABXL3TN462560,462560,34838.0,-34838.0,462560,2026 MAZDA CX-50       12/06/25  7MMVABXL3TN462560,7MMVABXL3TN462560,12/06/25,M21068
FEB26,112,matched,2026 Mazda C50 MR XA,7MMVABXL8TN464451,464451,34838.0,-34838.0,464451,2026 MAZDA CX-50       12/12/25  7MMVABXL8TN464451,7MMVABXL8TN464451,12/12/25,M21122
FEB26,113,dealertrack_only,,7MMVABXL0TN479039,479039,,-34838.0,479039,2026 MAZDA CX-50        2/27/26  7MMVABXL0TN479039,7MMVABXL0TN479039,2/27/26,M21367
FEB26,114,dealertrack_only,,7MMVABXL8TN479046,479046,,-34838.0,479046,2026 MAZDA CX-50        2/27/26  7MMVABXL8TN479046,7MMVABXL8TN479046,2/27/26,M21368
FEB26,115,matched,2026 Mazda C30 PR XA,3MVDMBDL6TM138163,138163,35003.0,-35003.0,138163,HILEY MAZDA OF HUNTSV   2/25/26  3MVDMBDL6TM138163,3MVDMBDL6TM138163,2/25/26,M21404
FEB26,116,matched,2026 Mazda C30 PR XA,3MVDMBDL3TM139240,139240,35003.0,-35003.0,139240,2026 MAZDA CX-30        2/26/26  3MVDMBDL3TM139240,3MVDMBDL3TM139240,2/26/26,M21410
FEB26,117,matched,2026 Mazda 50H PF XA,7MMVAABW3TN161430,161430,35688.0,-35688.0,161430,2026 MAZDA CX-50 HYBR   2/20/26  7MMVAABW3TN161430,7MMVAABW3TN161430,2/20/26,M21378
FEB26,118,matched,2026 Mazda C30 AE TXA,3MVDMBDY6TM101111,101111,35737.0,-35737.0,101111,2026 MAZDA CX-30       10/18/25  3MVDMBDY6TM101111,3MVDMBDY6TM101111,10/18/25,M20877
FEB26,119,matched,2026 Mazda 50H PF XA,7MMVAABW8TN145675,145675,36174.0,-36174.0,145675,HILEY SERVICE LOANER   10/14/25  7MMVAABW8TN145675,7MMVAABW8TN145675,10/14/25,M20844
FEB26,120,matched,2026 Mazda C30 AE TXA,3MVDMBXYXTM137606,137606,36204.0,-36204.0,137606,2026 MAZDA CX-30        2/20/26  3MVDMBXYXTM137606,3MVDMBXYXTM137606,2/20/26,M21396
FEB26,121,matched,2026 Mazda 50H PF XA,7MMVAABW4TN156219,156219,36218.0,-36218.0,156219,"KALAVALA, KRISHNA RED   1/05/26  7MMVAABW4TN156219",7MMVAABW4TN156219,1/05/26,M21171
FEB26,122,matched,2026 Mazda 50H PF XA,7MMVAABW3TN159872,159872,36218.0,-36218.0,159872,2026 MAZDA CX-50 HYBR   2/12/26  7MMVAABW3TN159872,7MMVAABW3TN159872,2/12/26,M21288
FEB26,123,matched,2026 Mazda 50H PF XA,7MMVAABW9TN160802,160802,36218.0,-36218.0,160802,DENTON MAZDA            2/16/26  7MMVAABW9TN160802,7MMVAABW9TN160802,2/16/26,M21295
FEB26,124,matched,2026 Mazda 50H PF XA,7MMVAABW3TN161119,161119,36218.0,-36218.0,161119,2026 MAZDA CX-50 HYBR   2/16/26  7MMVAABW3TN161119,7MMVAABW3TN161119,2/16/26,M21294
FEB26,125,dealertrack_only,,7MMVAABW5TN161123,161123,,-36218.0,161123,"CZEREPANIAK, DANIEL A   2/27/26  7MMVAABW5TN161123",7MMVAABW5TN161123,2/27/26,M21379
FEB26,126,matched,2026 Mazda C50,7MMVABDL0TN476498,476498,36294.0,-36294.0,476498,2026 MAZDA CX-50        2/26/26  7MMVABDL0TN476498,7MMVABDL0TN476498,2/26/26,M21401
FEB26,127,matched,2025 Mazda CX5 PP XA,JM3KFBEM8S0807195,807195,36319.0,-36319.0,807195,2025 MAZDA CX-5         2/17/26  JM3KFBEM8S0807195,JM3KFBEM8S0807195,2/17/26,M21305
FEB26,128,matched,2025 Mazda MX5 GT 6P,JM1NDAD71S0659781,659781,36334.0,-36334.0,659781,2025 MAZDA MX-5 MIATA   1/05/26  JM1NDAD71S0659781,JM1NDAD71S0659781,1/05/26,M21178
FEB26,129,matched,2026 Mazda 50H PF XA,7MMVAABW7TN145876,145876,36398.0,-36398.0,145876,HILEY                  10/15/25  7MMVAABW7TN145876,7MMVAABW7TN145876,10/15/25,M20843
FEB26,130,matched,2026 Mazda C50 PR XA,7MMVABDL8TN476216,476216,36472.0,-36472.0,476216,2026 MAZDA CX-50        2/23/26  7MMVABDL8TN476216,7MMVABDL8TN476216,2/23/26,M21370
FEB26,131,matched,2025 Mazda CX5 PP XA,JM3KFBEM0S0784897,784897,36635.0,-36635.0,784897,2025 MAZDA CX-5        12/15/25  JM3KFBEM0S0784897,JM3KFBEM0S0784897,12/15/25,M21108
FEB26,132,matched,2025 Mazda CX5,JM3KFBEMXS0788164,788164,36699.0,-36699.0,788164,DENTON MAZDA            1/28/26  JM3KFBEMXS0788164,JM3KFBEMXS0788164,1/28/26,M21012
FEB26,133,matched,2025 Mazda CX5 PP XA,JM3KFBEM1S0753495,753495,36743.0,-36743.0,753495,2025 MAZDA CX-5        10/19/25  JM3KFBEM1S0753495,JM3KFBEM1S0753495,10/19/25,M20823
FEB26,134,matched,2025 Mazda CX5 PP XA,JM3KFBEM7S0789238,789238,36807.0,-36807.0,789238,2025 MAZDA CX-5        12/11/25  JM3KFBEM7S0789238,JM3KFBEM7S0789238,12/11/25,M21018
FEB26,135,matched,2025 Mazda CX5 PP XA,JM3KFBEM4S0787026,787026,36835.0,-36835.0,787026,2025 MAZDA CX-5         1/09/26  JM3KFBEM4S0787026,JM3KFBEM4S0787026,1/09/26,M21015
FEB26,136,matched,2025 Mazda CX5 PP XA,JM3KFBEM1S0807443,807443,36849.0,-36849.0,807443,2025 MAZDA CX-5         2/20/26  JM3KFBEM1S0807443,JM3KFBEM1S0807443,2/20/26,M21303
FEB26,137,matched,2025 Mazda CX5 PP XA,JM3KFBEM9S0807285,807285,36919.0,-36919.0,807285,2025 MAZDA CX-5         2/20/26  JM3KFBEM9S0807285,JM3KFBEM9S0807285,2/20/26,M21307
FEB26,138,matched,2025 Mazda CX5 PP XA,JM3KFBEM9S0805567,805567,36969.0,-36969.0,805567,2025 MAZDA CX-5         2/19/26  JM3KFBEM9S0805567,JM3KFBEM9S0805567,2/19/26,M21306
FEB26,139,matched,2026 Mazda C50,7MMVABDLXTN462754,462754,37002.0,-37002.0,462754,2026 MAZDA CX-50        2/26/26  7MMVABDLXTN462754,7MMVABDLXTN462754,2/26/26,M21402
FEB26,140,matched,2025 Mazda CX5 PP XA,JM3KFBEMXS0714968,714968,37032.0,-37032.0,714968,JM3KFBEMXS0714968,JM3KFBEMXS0714968,,M20467
FEB26,141,matched,2025 Mazda CX5 PP XA,JM3KFBEM7S0768034,768034,37305.0,-37305.0,768034,2025 MAZDA CX-5        11/08/25  JM3KFBEM7S0768034,JM3KFBEM7S0768034,11/08/25,M20919
FEB26,142,matched,2025 Mazda CX5,JM3KFBEM1S0769728,769728,37437.0,-37437.0,769728,2025 MAZDA CX-5         2/24/26  JM3KFBEM1S0769728,JM3KFBEM1S0769728,2/24/26,M21389
FEB26,143,matched,2025 Mazda CX5 PP XA,JM3KFBEM3S0784716,784716,37473.0,-37473.0,784716,2025 MAZDA CX-5        12/14/25  JM3KFBEM3S0784716,JM3KFBEM3S0784716,12/14/25,M21110
FEB26,144,matched,2025 Mazda CX5 PP XA,JM3KFBEM8S0786008,786008,37473.0,-37473.0,786008,2025 MAZDA CX-5        12/17/25  JM3KFBEM8S0786008,JM3KFBEM8S0786008,12/17/25,M21019
FEB26,145,matched,2025 Mazda 50H PR XA,7MMVAADWXSN125438,125438,38778.0,-38778.0,125438,7MMVAADWXSN125438,7MMVAADWXSN125438,,M20235
FEB26,146,matched,2026 Mazda C30 PP TXA,3MVDMBEY9TM113994,113994,39039.0,-39039.0,113994,2026 MAZDA CX-30       10/27/25  3MVDMBEY9TM113994,3MVDMBEY9TM113994,10/27/25,M20955
FEB26,147,dealertrack_only,,7MMVABCY8TN475306,475306,,-39119.0,475306,2026 MAZDA CX-50        2/23/26  7MMVABCY8TN475306,7MMVABCY8TN475306,2/23/26,M21376
FEB26,148,matched,2026 Mazda C50 25 TXA,7MMVABCYXTN476280,476280,39119.0,-39119.0,476280,2026 MAZDA CX-50        2/17/26  7MMVABCYXTN476280,7MMVABCYXTN476280,2/17/26,M21293
FEB26,149,matched,2025 Mazda CX5,JM3KFBDY5S0789341,789341,39282.0,-39282.0,789341,"LEYVA II, EVELIO RAMO   1/29/26  JM3KFBDY5S0789341",JM3KFBDY5S0789341,1/29/26,M21281
FEB26,150,matched,2026 Mazda 50H PR XA,7MMVAADW6TN149382,149382,39323.0,-39323.0,149382,DENTON MAZDA           11/08/25  7MMVAADW6TN149382,7MMVAADW6TN149382,11/08/25,M20984
FEB26,151,matched,2025 Mazda CX5 PR TXA,JM3KFBDY7S0787154,787154,39418.0,-39418.0,787154,2025 MAZDA CX-5         1/09/26  JM3KFBDY7S0787154,JM3KFBDY7S0787154,1/09/26,M21039
FEB26,152,matched,2026 Mazda 50H PR XA,7MMVAADW0TN145926,145926,39463.0,-39463.0,145926,2026 MAZDA CX-50 HYBR  11/08/25  7MMVAADW0TN145926,7MMVAADW0TN145926,11/08/25,M20847
FEB26,153,matched,2026 Mazda 50H PR XA,7MMVAADW9TN145682,145682,39479.0,-39479.0,145682,2026 MAZDA CX-50 HYBR  10/15/25  7MMVAADW9TN145682,7MMVAADW9TN145682,10/15/25,M20853
FEB26,154,matched,2026 Mazda 50H PR XA,7MMVAADW8TN145379,145379,39523.0,-39523.0,145379,HILEY SERVICE LOANER   10/14/25  7MMVAADW8TN145379,7MMVAADW8TN145379,10/14/25,M20851
FEB26,155,matched,2026 Mazda C90 SE XA,JM3KKAHD7T1361294,361294,39552.0,-39552.0,361294,HILEY SERVICE LOANER   12/03/25  JM3KKAHD7T1361294,JM3KKAHD7T1361294,12/03/25,M21083
FEB26,156,matched,2026 Mazda C50 25 TXA,7MMVABCY9TN476805,476805,39559.0,-39559.0,476805,NELSON MAZDA            2/17/26  7MMVABCY9TN476805,7MMVABCY9TN476805,2/17/26,M21377
FEB26,157,matched,2026 Mazda C90 SE XA,JM3KKAHD5T1361469,361469,39608.0,-39608.0,361469,2026 MAZDA CX-90       12/03/25  JM3KKAHD5T1361469,JM3KKAHD5T1361469,12/03/25,M21081
FEB26,158,matched,2026 Mazda C90 SE XA,JM3KKAHD2T1360778,360778,39612.0,-39612.0,360778,"WINGO, MEAGHAN         12/01/25  JM3KKAHD2T1360778",JM3KKAHD2T1360778,12/01/25,M21071
FEB26,159,matched,2026 Mazda 50H PR XA,7MMVAADW1TN145479,145479,39619.0,-39619.0,145479,HILEY                  10/14/25  7MMVAADW1TN145479,7MMVAADW1TN145479,10/14/25,M20848
FEB26,160,dealertrack_only,,7MMVABCYXTN478207,478207,,-39649.0,478207,HILEY MAZDA OF FORT W   2/23/26  7MMVABCYXTN478207,7MMVABCYXTN478207,2/23/26,M21373
FEB26,161,dealertrack_only,,7MMVABCY1TN478886,478886,,-39649.0,478886,2026 MAZDA CX-50        2/26/26  7MMVABCY1TN478886,7MMVABCY1TN478886,2/26/26,M21374
FEB26,162,matched,2026 Mazda C90 SE XA,JM3KKAHD8T1361689,361689,39740.0,-39740.0,361689,2026 MAZDA CX-90       12/01/25  JM3KKAHD8T1361689,JM3KKAHD8T1361689,12/01/25,M21073
FEB26,163,matched,2026 Mazda 50H PR XA,7MMVAADW8TN149786,149786,39853.0,-39853.0,149786,HILEY                  11/08/25  7MMVAADW8TN149786,7MMVAADW8TN149786,11/08/25,M20979
FEB26,164,matched,2026 Mazda 50H PR XA,7MMVAADW4TN149980,149980,39853.0,-39853.0,149980,2026 MAZDA CX-50 HYBR  11/13/25  7MMVAADW4TN149980,7MMVAADW4TN149980,11/13/25,M21042
FEB26,165,matched,2026 Mazda 50H PR XA,7MMVAADW8TN160741,160741,39853.0,-39853.0,160741,2026 MAZDA CX-50 HYBR   2/16/26  7MMVAADW8TN160741,7MMVAADW8TN160741,2/16/26,M21296
FEB26,166,matched,2026 Mazda 50H PR XA,7MMVAADW9TN161171,161171,39853.0,-39853.0,161171,2026 MAZDA CX-50 HYBR   2/19/26  7MMVAADW9TN161171,7MMVAADW9TN161171,2/19/26,M21383
FEB26,167,matched,2026 Mazda 50H PR XA,7MMVAADW3TN161649,161649,39853.0,-39853.0,161649,2026 MAZDA CX-50 HYBR   2/19/26  7MMVAADW3TN161649,7MMVAADW3TN161649,2/19/26,M21381
FEB26,168,dealertrack_only,,7MMVAADW1TN163030,163030,,-39893.0,163030,2026 MAZDA CX-50 HYBR   2/27/26  7MMVAADW1TN163030,7MMVAADW1TN163030,2/27/26,M21380
FEB26,169,matched,2026 Mazda C90 SE XA,JM3KKAHD7T1360906,360906,39928.0,-39928.0,360906,2026 MAZDA CX-90       12/03/25  JM3KKAHD7T1360906,JM3KKAHD7T1360906,12/03/25,M21082
FEB26,170,matched,2026 Mazda C50 25 TXA,7MMVABCY2TN473888,473888,39929.0,-39929.0,473888,2026 MAZDA CX-50        2/13/26  7MMVABCY2TN473888,7MMVABCY2TN473888,2/13/26,M21287
FEB26,171,matched,2025 Mazda CX5 PR TXA,JM3KFBDYXS0784300,784300,40018.0,-40018.0,784300,2025 MAZDA CX-5        12/22/25  JM3KFBDYXS0784300,JM3KFBDYXS0784300,12/22/25,M21114
FEB26,172,matched,2026 Mazda C50 25 TXA,7MMVABCY3TN470658,470658,40089.0,-40089.0,470658,2026 MAZDA CX-50        1/19/26  7MMVABCY3TN470658,7MMVABCY3TN470658,1/19/26,M21259
FEB26,173,matched,2026 Mazda C90 SE XA,JM3KKAHDXT1361063,361063,40120.0,-40120.0,361063,2026 MAZDA CX-90       12/03/25  JM3KKAHDXT1361063,JM3KKAHDXT1361063,12/03/25,M21079
FEB26,174,matched,2026 Mazda C90 SE XA,JM3KKAHD0T1361024,361024,40192.0,-40192.0,361024,2026 MAZDA CX-90       12/03/25  JM3KKAHD0T1361024,JM3KKAHD0T1361024,12/03/25,M21080
FEB26,175,matched,2025 Mazda 50H PP XA,7MMVAAEW2SN127618,127618,40870.0,-40870.0,127618,7MMVAAEW2SN127618,7MMVAAEW2SN127618,,M20309
FEB26,176,matched,2026 Mazda 50H PP XA,7MMVAAEW8TN149933,149933,41886.0,-41886.0,149933,2026 MAZDA CX-50 HYBR  11/13/25  7MMVAAEW8TN149933,7MMVAAEW8TN149933,11/13/25,M21043
FEB26,177,matched,2026 Mazda 50H PP XA,7MMVAAEW7TN150037,150037,41886.0,-41886.0,150037,2026 MAZDA CX-50 HYBR  11/18/25  7MMVAAEW7TN150037,7MMVAAEW7TN150037,11/18/25,M21046
FEB26,178,matched,2026 Mazda 50H PP XA,7MMVAAEW7TN149423,149423,42416.0,-42416.0,149423,2026 MAZDA CX-50 HYBR  11/08/25  7MMVAAEW7TN149423,7MMVAAEW7TN149423,11/08/25,M20982
FEB26,179,matched,2026 Mazda 50H PP XA,7MMVAAEW7TN149633,149633,42416.0,-42416.0,149633,2026 MAZDA CX-50 HYBR  11/10/25  7MMVAAEW7TN149633,7MMVAAEW7TN149633,11/10/25,M20989
FEB26,180,matched,2026 Mazda 50H PP XA,7MMVAAEW3TN150021,150021,42416.0,-42416.0,150021,2026 MAZDA CX-50 HYBR  11/14/25  7MMVAAEW3TN150021,7MMVAAEW3TN150021,11/14/25,M21047
FEB26,181,matched,2026 Mazda 50H PP XA,7MMVAAEW8TN150113,150113,42416.0,-42416.0,150113,2026 MAZDA CX-50 HYBR  11/14/25  7MMVAAEW8TN150113,7MMVAAEW8TN150113,11/14/25,M21048
FEB26,182,matched,2026 Mazda 50H PP XA,7MMVAAEW5TN153700,153700,42416.0,-42416.0,153700,2026 MAZDA CX-50 HYBR  12/11/25  7MMVAAEW5TN153700,7MMVAAEW5TN153700,12/11/25,M21133
FEB26,183,matched,2026 Mazda 50H PP XA,7MMVAAEW9TN156387,156387,42416.0,-42416.0,156387,2026 MAZDA CX-50 HYBR   1/05/26  7MMVAAEW9TN156387,7MMVAAEW9TN156387,1/05/26,M21174
FEB26,184,matched,2026 Mazda 50H PP XA,7MMVAAEW6TN156394,156394,42416.0,-42416.0,156394,2026 MAZDA CX-50 HYBR   1/05/26  7MMVAAEW6TN156394,7MMVAAEW6TN156394,1/05/26,M21173
FEB26,185,matched,2026 Mazda 50H PP XA,7MMVAAEWXTN156396,156396,42416.0,-42416.0,156396,2026 MAZDA CX-50 HYBR   1/05/26  7MMVAAEWXTN156396,7MMVAAEWXTN156396,1/05/26,M21172
FEB26,186,matched,2026 Mazda 50H PP XA,7MMVAAEW2TN156912,156912,42416.0,-42416.0,156912,2026 MAZDA CX-50 HYBR   1/15/26  7MMVAAEW2TN156912,7MMVAAEW2TN156912,1/15/26,M21189
FEB26,187,matched,2026 Mazda 50H PP XA,7MMVAAEW4TN157348,157348,42416.0,-42416.0,157348,D & M                   1/16/26  7MMVAAEW4TN157348,7MMVAAEW4TN157348,1/16/26,M21261
FEB26,188,matched,2026 Mazda 50H PP XA,7MMVAAEW6TN157447,157447,42416.0,-42416.0,157447,2026 MAZDA CX-50 HYBR   1/19/26  7MMVAAEW6TN157447,7MMVAAEW6TN157447,1/19/26,M21262
FEB26,189,matched,2026 Mazda 50H PP XA,7MMVAAEW3TN157454,157454,42416.0,-42416.0,157454,2026 MAZDA CX-50 HYBR   1/16/26  7MMVAAEW3TN157454,7MMVAAEW3TN157454,1/16/26,M21260
FEB26,190,matched,2026 Mazda 50H PP XA,7MMVAAEW8TN157756,157756,42416.0,-42416.0,157756,2026 MAZDA CX-50 HYBR   1/19/26  7MMVAAEW8TN157756,7MMVAAEW8TN157756,1/19/26,M21263
FEB26,191,matched,2026 Mazda 50H PP XA,7MMVAAEWXTN160058,160058,42416.0,-42416.0,160058,2026 MAZDA CX-50 HYBR   2/12/26  7MMVAAEWXTN160058,7MMVAAEWXTN160058,2/12/26,M21289
FEB26,192,matched,2026 Mazda 50H PP XA,7MMVAAEW7TN160793,160793,42416.0,-42416.0,160793,2026 MAZDA CX-50 HYBR   2/16/26  7MMVAAEW7TN160793,7MMVAAEW7TN160793,2/16/26,M21290
FEB26,193,matched,2025 Mazda CX5,JM3KFBXY1S0760494,760494,42808.0,-42808.0,760494,2025 MAZDA CX-5         1/03/26  JM3KFBXY1S0760494,JM3KFBXY1S0760494,1/03/26,M21158
FEB26,194,matched,2026 Mazda C70 PF XA,JM3KJBHD0T1203193,203193,42964.0,-42964.0,203193,2026 MAZDA CX-70        1/22/26  JM3KJBHD0T1203193,JM3KJBHD0T1203193,1/22/26,M21206
FEB26,195,matched,2026 Mazda C70 PF XA,JM3KJBHD0T1203419,203419,42964.0,-42964.0,203419,2026 MAZDA CX-70        1/29/26  JM3KJBHD0T1203419,JM3KJBHD0T1203419,1/29/26,M21209
FEB26,196,matched,2026 Mazda C70 PF XA,JM3KJBHD1T1203848,203848,42964.0,-42964.0,203848,2026 MAZDA CX-70        2/02/26  JM3KJBHD1T1203848,JM3KJBHD1T1203848,2/02/26,M21210
FEB26,197,matched,2026 Mazda C70 PF XA,JM3KJBHD2T1201235,201235,43488.0,-43488.0,201235,2026 MAZDA CX-70       12/03/25  JM3KJBHD2T1201235,JM3KJBHD2T1201235,12/03/25,M21075
FEB26,198,matched,2026 Mazda C70 PF XA,JM3KJBHD0T1203212,203212,43488.0,-43488.0,203212,2026 MAZDA CX-70        1/22/26  JM3KJBHD0T1203212,JM3KJBHD0T1203212,1/22/26,M21207
FEB26,199,matched,2026 Mazda C70 PF XA,JM3KJBHD3T1203267,203267,43488.0,-43488.0,203267,2026 MAZDA CX-70        2/03/26  JM3KJBHD3T1203267,JM3KJBHD3T1203267,2/03/26,M21212
FEB26,200,matched,2026 Mazda C70 PF XA,JM3KJBHD1T1203851,203851,43488.0,-43488.0,203851,2026 MAZDA CX-70        2/04/26  JM3KJBHD1T1203851,JM3KJBHD1T1203851,2/04/26,M21211
FEB26,201,matched,2026 Mazda C90 PF XA,JM3KKBHD7T1376299,376299,43766.0,-43766.0,376299,2026 MAZDA CX-90        2/26/26  JM3KKBHD7T1376299,JM3KKBHD7T1376299,2/26/26,M21267
FEB26,202,matched,2026 Mazda C90 PF XA,JM3KKBHD0T1365077,365077,43806.0,-43806.0,365077,2026 MAZDA CX-90       12/22/25  JM3KKBHD0T1365077,JM3KKBHD0T1365077,12/22/25,M21156
FEB26,203,matched,2026 Mazda C90 PF XA,JM3KKBHD4T1371853,371853,43806.0,-43806.0,371853,2026 MAZDA CX-90        1/29/26  JM3KKBHD4T1371853,JM3KKBHD4T1371853,1/29/26,M21222
FEB26,204,matched,2026 Mazda C90 PF XA,JM3KKBHD6T1373040,373040,43806.0,-43806.0,373040,"CHOWDHURY, DIDAR HOSS   2/03/26  JM3KKBHD6T1373040",JM3KKBHD6T1373040,2/03/26,M21223
FEB26,205,matched,2026 Mazda C90 PF XA,JM3KKBHD8T1368499,368499,43926.0,-43926.0,368499,HILEY LOANER            1/05/26  JM3KKBHD8T1368499,JM3KKBHD8T1368499,1/05/26,M21118
FEB26,206,matched,2026 Mazda C90 PF XA,JM3KKBHD4T1364854,364854,43986.0,-43986.0,364854,2026 MAZDA CX-90       12/30/25  JM3KKBHD4T1364854,JM3KKBHD4T1364854,12/30/25,M21175
FEB26,207,dealertrack_only,,JM3KKBHD6T1376715,376715,,-44290.0,376715,2026 MAZDA CX-90        2/27/26  JM3KKBHD6T1376715,JM3KKBHD6T1376715,2/27/26,M21266
FEB26,208,matched,2026 Mazda C90 PF XA,JM3KKBHD7T1373158,373158,44510.0,-44510.0,373158,2026 MAZDA CX-90        2/13/26  JM3KKBHD7T1373158,JM3KKBHD7T1373158,2/13/26,M21224
FEB26,209,matched,2026 Mazda C50 PP TXA,7MMVABEY2TN467859,467859,44542.0,-44542.0,467859,TEAM GILLMAN MAZDA     12/30/25  7MMVABEY2TN467859,7MMVABEY2TN467859,12/30/25,M21170
FEB26,210,matched,2026 Mazda C50 PP TXA,7MMVABEY6TN465533,465533,44630.0,-44630.0,465533,2026 MAZDA CX-50       12/22/25  7MMVABEY6TN465533,7MMVABEY6TN465533,12/22/25,M21130
FEB26,211,matched,2026 Mazda C50 PP TXA,7MMVABEY4TN476563,476563,44632.0,-44632.0,476563,2026 MAZDA CX-50        2/19/26  7MMVABEY4TN476563,7MMVABEY4TN476563,2/19/26,M21372
FEB26,212,matched,2026 Mazda C7P SC XA,JM3KJAHF1T1350456,350456,45470.0,-45470.0,350456,2026 MAZDA CX-70 PHEV   2/12/26  JM3KJAHF1T1350456,JM3KJAHF1T1350456,2/12/26,M21221
FEB26,213,matched,2026 Mazda C90 PR XA,JM3KKCHD5T1359605,359605,47475.0,-47475.0,359605,2026 MAZDA CX-90       12/03/25  JM3KKCHD5T1359605,JM3KKCHD5T1359605,12/03/25,M20959
FEB26,214,matched,2026 Mazda C90 PR XA,JM3KKCHD4T1360082,360082,47655.0,-47655.0,360082,2026 MAZDA CX-90       12/03/25  JM3KKCHD4T1360082,JM3KKCHD4T1360082,12/03/25,M20958
FEB26,215,matched,2026 Mazda C90 PR XA,JM3KKCHD5T1373164,373164,47655.0,-47655.0,373164,2026 MAZDA CX-90        2/09/26  JM3KKCHD5T1373164,JM3KKCHD5T1373164,2/09/26,M21232
FEB26,216,matched,2026 Mazda C90 PR XA,JM3KKCHD4T1372085,372085,47675.0,-47675.0,372085,2026 MAZDA CX-90        2/09/26  JM3KKCHD4T1372085,JM3KKCHD4T1372085,2/09/26,M21229
FEB26,217,matched,2026 Mazda C90 PR XA,JM3KKCHD3T1364852,364852,47735.0,-47735.0,364852,2026 MAZDA CX-90       12/22/25  JM3KKCHD3T1364852,JM3KKCHD3T1364852,12/22/25,M21157
FEB26,218,matched,2026 Mazda C90 PR XA,JM3KKCHD5T1370653,370653,47847.0,-47847.0,370653,2026 MAZDA CX-90        2/03/26  JM3KKCHD5T1370653,JM3KKCHD5T1370653,2/03/26,M21230
FEB26,219,matched,2026 Mazda C90 PR XA,JM3KKCHD8T1358559,358559,47891.0,-47891.0,358559,HILEY                  11/25/25  JM3KKCHD8T1358559,JM3KKCHD8T1358559,11/25/25,M20953
FEB26,220,matched,2026 Mazda C90 PR XA,JM3KKCHD3T1375852,375852,47971.0,-47971.0,375852,2026 MAZDA CX-90        2/20/26  JM3KKCHD3T1375852,JM3KKCHD3T1375852,2/20/26,M21248
FEB26,221,matched,2026 Mazda C90 PR XA,JM3KKCHD5T1375643,375643,48039.0,-48039.0,375643,2026 MAZDA CX-90        2/16/26  JM3KKCHD5T1375643,JM3KKCHD5T1375643,2/16/26,M21249
FEB26,222,matched,2026 Mazda C90 PR XA,JM3KKCHD5T1372015,372015,48051.0,-48051.0,372015,2026 MAZDA CX-90        2/02/26  JM3KKCHD5T1372015,JM3KKCHD5T1372015,2/02/26,M21231
FEB26,223,matched,2026 Mazda C90 PR XA,JM3KKCHDXT1371152,371152,48119.0,-48119.0,371152,HILEY MAZDA OF FORT W   1/29/26  JM3KKCHDXT1371152,JM3KKCHDXT1371152,1/29/26,M21227
FEB26,224,matched,2026 Mazda C90 PR XA,JM3KKCHD9T1372793,372793,48151.0,-48151.0,372793,2026 MAZDA CX-90        2/13/26  JM3KKCHD9T1372793,JM3KKCHD9T1372793,2/13/26,M21291
FEB26,225,matched,2026 Mazda C90 PR XA,JM3KKCHD2T1372893,372893,48151.0,-48151.0,372893,2026 MAZDA CX-90        2/06/26  JM3KKCHD2T1372893,JM3KKCHD2T1372893,2/06/26,M21228
FEB26,226,matched,2026 Mazda C90,JM3KKCHD2T1352062,352062,48415.0,-48415.0,352062,HILEY LOANER           11/17/25  JM3KKCHD2T1352062,JM3KKCHD2T1352062,11/17/25,M20993
FEB26,227,matched,2026 Mazda C90 PR XA,JM3KKCHD8T1373966,373966,48439.0,-48439.0,373966,2026 MAZDA CX-90        2/12/26  JM3KKCHD8T1373966,JM3KKCHD8T1373966,2/12/26,M21235
FEB26,228,matched,2026 Mazda C90 PR XA,JM3KKCHD1T1352117,352117,48675.0,-48675.0,352117,HILEY                  10/19/25  JM3KKCHD1T1352117,JM3KKCHD1T1352117,10/19/25,M20813
FEB26,229,matched,2026 Mazda C90 PP XA,JM3KKEHDXT1375603,375603,50655.0,-50655.0,375603,2026 MAZDA CX-90        2/16/26  JM3KKEHDXT1375603,JM3KKEHDXT1375603,2/16/26,M21246
FEB26,230,matched,2026 Mazda C70 PP XA,JM3KJEHD5T1203174,203174,50705.0,-50705.0,203174,2026 MAZDA CX-70        1/22/26  JM3KJEHD5T1203174,JM3KJEHD5T1203174,1/22/26,M21218
FEB26,231,matched,2026 Mazda C70 PP XA,JM3KJEHD2T1203536,203536,50705.0,-50705.0,203536,2026 MAZDA CX-70        2/02/26  JM3KJEHD2T1203536,JM3KJEHD2T1203536,2/02/26,M21215
FEB26,232,matched,2026 Mazda C70 PP XA,JM3KJEHD1T1203401,203401,50825.0,-50825.0,203401,2026 MAZDA CX-70        2/06/26  JM3KJEHD1T1203401,JM3KJEHD1T1203401,2/06/26,M21214
FEB26,233,matched,2026 Mazda C70 PP XA,JM3KJEHD4T1203960,203960,50825.0,-50825.0,203960,2026 MAZDA CX-70        2/09/26  JM3KJEHD4T1203960,JM3KJEHD4T1203960,2/09/26,M21216
FEB26,234,matched,2026 Mazda C90 PP XA,JM3KKEHD5T1360653,360653,50863.0,-50863.0,360653,2026 MAZDA CX-90       12/11/25  JM3KKEHD5T1360653,JM3KKEHD5T1360653,12/11/25,M21078
FEB26,235,matched,2026 Mazda C70 PP XA,JM3KJEHD0T1202353,202353,50965.0,-50965.0,202353,2026 MAZDA CX-70       12/30/25  JM3KJEHD0T1202353,JM3KJEHD0T1202353,12/30/25,M21090
FEB26,236,matched,2026 Mazda C70 PP XA,JM3KJEHD8T1201256,201256,51085.0,-51085.0,201256,FAMILY MAZDA OF BOSSI  11/29/25  JM3KJEHD8T1201256,JM3KJEHD8T1201256,11/29/25,M21064
FEB26,237,matched,2026 Mazda C90 PP XA,JM3KKEHD7T1374456,374456,51143.0,-51143.0,374456,2026 MAZDA CX-90        2/14/26  JM3KKEHD7T1374456,JM3KKEHD7T1374456,2/14/26,M21247
FEB26,238,matched,2026 Mazda C90 PP XA,JM3KKEHD3T1358545,358545,51323.0,-51323.0,358545,HILEY SERVICE LOANER   12/01/25  JM3KKEHD3T1358545,JM3KKEHD3T1358545,12/01/25,M20949
FEB26,239,matched,2026 Mazda C90 PP XA,JM3KKEHD3T1360361,360361,51323.0,-51323.0,360361,2026 MAZDA CX-90       12/06/25  JM3KKEHD3T1360361,JM3KKEHD3T1360361,12/06/25,M21077
FEB26,240,matched,2026 Mazda C90 PP XA,JM3KKEHD4T1358778,358778,51587.0,-51587.0,358778,2026 MAZDA CX-90       12/09/25  JM3KKEHD4T1358778,JM3KKEHD4T1358778,12/09/25,M20951
FEB26,241,matched,2026 Mazda C90 PP XA,JM3KKEHD0T1365601,365601,51587.0,-51587.0,365601,2026 MAZDA CX-90       12/30/25  JM3KKEHD0T1365601,JM3KKEHD0T1365601,12/30/25,M21096
FEB26,242,matched,2026 Mazda C90 PP XA,JM3KKEHD4T1358196,358196,51667.0,-51667.0,358196,2026 MAZDA CX-90       11/24/25  JM3KKEHD4T1358196,JM3KKEHD4T1358196,11/24/25,M20950
FEB26,243,matched,2026 Mazda C90 PP XA,JM3KKEHD4T1365617,365617,51667.0,-51667.0,365617,2026 MAZDA CX-90       12/30/25  JM3KKEHD4T1365617,JM3KKEHD4T1365617,12/30/25,M21097
FEB26,244,matched,2026 Mazda C90 PP XA,JM3KKEHD4T1359218,359218,51847.0,-51847.0,359218,2026 MAZDA CX-90       12/05/25  JM3KKEHD4T1359218,JM3KKEHD4T1359218,12/05/25,M20957
FEB26,245,matched,2026 Mazda C90 PP XA,JM3KKEHD5T1364315,364315,51847.0,-51847.0,364315,2026 MAZDA CX-90       12/18/25  JM3KKEHD5T1364315,JM3KKEHD5T1364315,12/18/25,M21098
FEB26,246,matched,2026 Mazda C90 PP XA,JM3KKEHD3T1372252,372252,51847.0,-51847.0,372252,2026 MAZDA CX-90        2/03/26  JM3KKEHD3T1372252,JM3KKEHD3T1372252,2/03/26,M21225
FEB26,247,matched,2026 Mazda C70 SPR XA,JM3KJDHC1T1203044,203044,54443.0,-54443.0,203044,2026 MAZDA CX-70        2/04/26  JM3KJDHC1T1203044,JM3KJDHC1T1203044,2/04/26,M21219
FEB26,248,matched,2026 Mazda C70 SPR XA,JM3KJDHC6T1204299,204299,54443.0,-54443.0,204299,2026 MAZDA CX-70        2/14/26  JM3KJDHC6T1204299,JM3KJDHC6T1204299,2/14/26,M21297
FEB26,249,dealertrack_only,,JM3KJDHC4T1205046,205046,,-54663.0,205046,2026 MAZDA CX-70        2/27/26  JM3KJDHC4T1205046,JM3KJDHC4T1205046,2/27/26,M21265
FEB26,250,matched,2026 Mazda C70 SPR XA,JM3KJDHC6T1204626,204626,54703.0,-54703.0,204626,2026 MAZDA CX-70        2/14/26  JM3KJDHC6T1204626,JM3KJDHC6T1204626,2/14/26,M21245
FEB26,251,matched,2026 Mazda C70 SPR XA,JM3KJDHC8T1201808,201808,54919.0,-54919.0,201808,2026 MAZDA CX-70       12/18/25  JM3KJDHC8T1201808,JM3KJDHC8T1201808,12/18/25,M21091
FEB26,252,matched,2026 Mazda C90 SPR XA,JM3KKDHC9T1364061,364061,55225.0,-55225.0,364061,2026 MAZDA CX-90       12/18/25  JM3KKDHC9T1364061,JM3KKDHC9T1364061,12/18/25,M21105
FEB26,253,matched,2026 Mazda C90 SPR XA,JM3KKDHC0T1372758,372758,55461.0,-55461.0,372758,2026 MAZDA CX-90        2/06/26  JM3KKDHC0T1372758,JM3KKDHC0T1372758,2/06/26,M21237
FEB26,254,matched,2026 Mazda C90 SPP XA,JM3KKEHC4T1365575,365575,58510.0,-58510.0,365575,2026 MAZDA CX-90       12/30/25  JM3KKEHC4T1365575,JM3KKEHC4T1365575,12/30/25,M21177
FEB26,255,matched,2026 Mazda C9P PP XA,JM3KKEHA5T1365826,365826,59783.0,-59783.0,365826,2026 MAZDA CX-90 PHEV  12/30/25  JM3KKEHA5T1365826,JM3KKEHA5T1365826,12/30/25,M21106
MAR26,2,matched,2026 Mazda M3S 25S 2A,JM1BPAAL4T1869072,869072,25895.0,-25895.0,869072,2026 MAZDA MAZDA3 SED   3/02/26  JM1BPAAL4T1869072,JM1BPAAL4T1869072,3/02/26,M21323
MAR26,3,matched,2026 Mazda M3S 25S 2A,JM1BPAAL7T1869826,869826,25895.0,-25895.0,869826,2026 MAZDA MAZDA3 SED   3/14/26  JM1BPAAL7T1869826,JM1BPAAL7T1869826,3/14/26,M21324
MAR26,4,matched,2026 Mazda M3S 25S 2A,JM1BPAAL7T1870555,870555,25895.0,-25895.0,870555,"DUNCAN, WILLIAM RAYMO   3/11/26  JM1BPAAL7T1870555",JM1BPAAL7T1870555,3/11/26,M21325
MAR26,5,boa_only,2026 Mazda M3S 25S 2A,JM1BPAAL1T1872804,872804,25895.0,,,,,,
MAR26,6,matched,2026 Mazda M3H 25S 2A,JM1BPAJL7T1863461,863461,26186.0,-26186.0,863461,HILEY MAZDA OF ARLING   2/02/26  JM1BPAJL7T1863461,JM1BPAJL7T1863461,2/02/26,M21205
MAR26,7,matched,2026 Mazda M3S,JM1BPABL9T1864819,864819,26359.0,-26359.0,864819,"LUNA, MONTSERRAT        3/19/26  JM1BPABL9T1864819",JM1BPABL9T1864819,3/19/26,M21500
MAR26,8,matched,2026 Mazda M3S SES 2A,JM1BPABL3T1869675,869675,26359.0,-26359.0,869675,"PORTER, TIMOTHY RICHA   3/11/26  JM1BPABL3T1869675",JM1BPABL3T1869675,3/11/26,M21320
MAR26,9,matched,2026 Mazda M3S SES 2A,JM1BPABL4T1872729,872729,26359.0,-26359.0,872729,2026 MAZDA MAZDA3 SED   3/26/26  JM1BPABL4T1872729,JM1BPABL4T1872729,3/26/26,M21343
MAR26,10,matched,2026 Mazda M3S SES 2A,JM1BPABLXT1869706,869706,26871.0,-26871.0,869706,HILEY MAZDA OF FORT W   3/14/26  JM1BPABLXT1869706,JM1BPABLXT1869706,3/14/26,M21316
MAR26,11,matched,2026 Mazda M3S SES 2A,JM1BPABL4T1869863,869863,26871.0,-26871.0,869863,HILEY MAZDA OF BURLES   3/14/26  JM1BPABL4T1869863,JM1BPABL4T1869863,3/14/26,M21321
MAR26,12,matched,2026 Mazda M3S SES 2A,JM1BPABL0T1870461,870461,26871.0,-26871.0,870461,HILEY MAZDA OF ARLING   3/14/26  JM1BPABL0T1870461,JM1BPABL0T1870461,3/14/26,M21318
MAR26,13,matched,2026 Mazda C30 25S XA,3MVDMBAL6TM144727,144727,27033.0,-27033.0,144727,2026 MAZDA CX-30        3/21/26  3MVDMBAL6TM144727,3MVDMBAL6TM144727,3/21/26,M21508
MAR26,14,matched,2026 Mazda C30 25S XA,3MVDMBAL8TM145278,145278,27033.0,-27033.0,145278,2026 MAZDA CX-30        3/25/26  3MVDMBAL8TM145278,3MVDMBAL8TM145278,3/25/26,M21570
MAR26,15,matched,2026 Mazda C30 25S XA,3MVDMBAL5TM145318,145318,27033.0,-27033.0,145318,2026 MAZDA CX-30        3/25/26  3MVDMBAL5TM145318,3MVDMBAL5TM145318,3/25/26,M21569
MAR26,16,matched,2026 Mazda C30 25S XA,3MVDMBAL4TM144886,144886,27560.0,-27560.0,144886,HILEY MAZDA OF BURLES   3/25/26  3MVDMBAL4TM144886,3MVDMBAL4TM144886,3/25/26,M21567
MAR26,17,matched,2026 Mazda C30 25S XA,3MVDMBAL4TM146119,146119,27560.0,-27560.0,146119,HILEY MAZDA OF ARLING   3/25/26  3MVDMBAL4TM146119,3MVDMBAL4TM146119,3/25/26,M21568
MAR26,18,matched,2026 Mazda M3S PF 2A,JM1BPACL5T1867618,867618,27860.0,-27860.0,867618,2026 MAZDA MAZDA3 SED   2/19/26  JM1BPACL5T1867618,JM1BPACL5T1867618,2/19/26,M21252
MAR26,19,matched,2026 Mazda M3S PF 2A,JM1BPACL2T1868807,868807,27860.0,-27860.0,868807,2026 MAZDA MAZDA3 SED   2/27/26  JM1BPACL2T1868807,JM1BPACL2T1868807,2/27/26,M21313
MAR26,20,boa_only,2026 Mazda M3S PF 2A,JM1BPACL5T1873144,873144,27968.0,,,,,,
MAR26,21,matched,2026 Mazda M3S PF 2A,JM1BPACL2T1863509,863509,28480.0,-28480.0,863509,"PHAN, LY TRUC           2/02/26  JM1BPACL2T1863509",JM1BPACL2T1863509,2/02/26,M21197
MAR26,22,matched,2026 Mazda C30,3MVDMBBL2TM126420,126420,28735.0,-28735.0,126420,"STONE, ANDREA LYNN      2/26/26  3MVDMBBL2TM126420",3MVDMBBL2TM126420,2/26/26,M21400
MAR26,23,matched,2026 Mazda C30 SES XA,3MVDMBBL5TM140456,140456,28795.0,-28795.0,140456,HILEY                   2/04/26  3MVDMBBL5TM140456,3MVDMBBL5TM140456,2/04/26,M21444
MAR26,24,matched,2026 Mazda C30 SES XA,3MVDMBBL5TM143826,143826,28795.0,-28795.0,143826,2026 MAZDA CX-30        3/19/26  3MVDMBBL5TM143826,3MVDMBBL5TM143826,3/19/26,M21478
MAR26,25,matched,2026 Mazda C30 SES XA,3MVDMBBL8TM143853,143853,28795.0,-28795.0,143853,"WONG, SHIU CHUNG        3/20/26  3MVDMBBL8TM143853",3MVDMBBL8TM143853,3/20/26,M21480
MAR26,26,matched,2026 Mazda C30 SES XA,3MVDMBBL5TM144037,144037,28795.0,-28795.0,144037,2026 MAZDA CX-30        3/19/26  3MVDMBBL5TM144037,3MVDMBBL5TM144037,3/19/26,M21479
MAR26,27,matched,2026 Mazda C30 SES XA,3MVDMBBL9TM144039,144039,28795.0,-28795.0,144039,2026 MAZDA CX-30        3/19/26  3MVDMBBL9TM144039,3MVDMBBL9TM144039,3/19/26,M21482
MAR26,28,matched,2026 Mazda C30 SES XA,3MVDMBBL1TM144326,144326,28795.0,-28795.0,144326,"WADE, KRISTIN ALYSSA    3/19/26  3MVDMBBL1TM144326",3MVDMBBL1TM144326,3/19/26,M21507
MAR26,29,matched,2026 Mazda C30 SES XA,3MVDMBBL4TM145423,145423,28795.0,-28795.0,145423,2026 MAZDA CX-30        3/25/26  3MVDMBBL4TM145423,3MVDMBBL4TM145423,3/25/26,M21565
MAR26,30,matched,2026 Mazda C30 SES XA,3MVDMBBL5TM146208,146208,28795.0,-28795.0,146208,"GOTICH, MELINDA ANNIS   3/25/26  3MVDMBBL5TM146208",3MVDMBBL5TM146208,3/25/26,M21566
MAR26,31,matched,2026 Mazda C30 SES XA,3MVDMBBL0TM111043,111043,29262.0,-29262.0,111043,HILEY SERVICE LOANER   10/17/25  3MVDMBBL0TM111043,3MVDMBBL0TM111043,10/17/25,M20940
MAR26,32,matched,2025 Mazda CX5,JM3KFBAL6S0746555,746555,29991.0,-29991.0,746555,"MADDEN, DARREN WAYNE    3/23/26  JM3KFBAL6S0746555",JM3KFBAL6S0746555,3/23/26,M21502
MAR26,33,matched,2025 Mazda CX5,JM3KFBAL0S0747264,747264,29991.0,-29991.0,747264,HILEY SERVICE LOANER    1/29/26  JM3KFBAL0S0747264,JM3KFBAL0S0747264,1/29/26,M21279
MAR26,34,matched,2025 Mazda CX5,JM3KFBAL2S0751851,751851,29991.0,-29991.0,751851,HILEY SERVICE LOANER   10/29/25  JM3KFBAL2S0751851,JM3KFBAL2S0751851,10/29/25,M20883
MAR26,35,matched,2026 Mazda C30 PF XA,3MVDMBCL7TM100877,100877,30381.0,-30381.0,100877,HILEY SERVICE LOANER   10/21/25  3MVDMBCL7TM100877,3MVDMBCL7TM100877,10/21/25,M20838
MAR26,36,matched,2026 Mazda C30 PF XA,3MVDMBCL3TM107499,107499,30493.0,-30493.0,107499,HILEY                  10/11/25  3MVDMBCL3TM107499,3MVDMBCL3TM107499,10/11/25,M20875
MAR26,37,matched,2026 Mazda C30 PF XA,3MVDMBCL9TM112612,112612,30493.0,-30493.0,112612,2026 MAZDA CX-30       10/27/25  3MVDMBCL9TM112612,3MVDMBCL9TM112612,10/27/25,M20945
MAR26,38,matched,2026 Mazda C30 PF XA,3MVDMBCL3TM141510,141510,30493.0,-30493.0,141510,2026 MAZDA CX-30        3/04/26  3MVDMBCL3TM141510,3MVDMBCL3TM141510,3/04/26,M21473
MAR26,39,matched,2026 Mazda C30 PF XA,3MVDMBCL7TM100247,100247,30625.0,-30625.0,100247,HILEY                  10/18/25  3MVDMBCL7TM100247,3MVDMBCL7TM100247,10/18/25,M20832
MAR26,40,matched,2026 Mazda C50 SE XA,7MMVABAL6TN485937,485937,30915.0,-30915.0,485937,2026 MAZDA CX-50        3/26/26  7MMVABAL6TN485937,7MMVABAL6TN485937,3/26/26,M21518
MAR26,41,dealertrack_only,,7MMVABALXTN487349,487349,,-30915.0,487349,2026 MAZDA CX-50        3/30/26  7MMVABALXTN487349,7MMVABALXTN487349,3/30/26,M21517
MAR26,42,matched,2026 Mazda C30 PF XA,3MVDMBCL4TM100464,100464,30960.0,-30960.0,100464,HILEY SERVICE LOANER   10/21/25  3MVDMBCL4TM100464,3MVDMBCL4TM100464,10/21/25,M20831
MAR26,43,matched,2026 Mazda C30 PF XA,3MVDMBCL3TM122875,122875,31020.0,-31020.0,122875,2026 MAZDA CX-30        2/03/26  3MVDMBCL3TM122875,3MVDMBCL3TM122875,2/03/26,M21255
MAR26,44,matched,2026 Mazda C30 PF XA,3MVDMBCL6TM139282,139282,31020.0,-31020.0,139282,2026 MAZDA CX-30        2/26/26  3MVDMBCL6TM139282,3MVDMBCL6TM139282,2/26/26,M21409
MAR26,45,matched,2026 Mazda C30 PF XA,3MVDMBCL5TM139404,139404,31020.0,-31020.0,139404,2026 MAZDA CX-30        2/28/26  3MVDMBCL5TM139404,3MVDMBCL5TM139404,2/28/26,M21408
MAR26,46,matched,2026 Mazda C30 AE XA,3MVDMBCL3TM111438,111438,31051.0,-31051.0,111438,HILEY SERVICE LOANER   10/17/25  3MVDMBCL3TM111438,3MVDMBCL3TM111438,10/17/25,M20936
MAR26,47,matched,2026 Mazda C30,3MVDMBCL8TM116411,116411,31051.0,-31051.0,116411,2026 MAZDA CX-30        2/03/26  3MVDMBCL8TM116411,3MVDMBCL8TM116411,2/03/26,M21055
MAR26,48,matched,2026 Mazda C30 AE XA,3MVDMBCL5TM117208,117208,31051.0,-31051.0,117208,2026 MAZDA CX-30       11/14/25  3MVDMBCL5TM117208,3MVDMBCL5TM117208,11/14/25,M21054
MAR26,49,matched,2026 Mazda C30 AE XA,3MVDMBXL6TM128759,128759,31051.0,-31051.0,128759,2026 MAZDA CX-30        2/03/26  3MVDMBXL6TM128759,3MVDMBXL6TM128759,2/03/26,M21286
MAR26,50,matched,2026 Mazda C30 AE XA,3MVDMBXL0TM139417,139417,31051.0,-31051.0,139417,2026 MAZDA CX-30        2/28/26  3MVDMBXL0TM139417,3MVDMBXL0TM139417,2/28/26,M21406
MAR26,51,matched,2026 Mazda C30 AE XA,3MVDMBXL8TM140525,140525,31051.0,-31051.0,140525,2026 MAZDA CX-30        3/17/26  3MVDMBXL8TM140525,3MVDMBXL8TM140525,3/17/26,M21440
MAR26,52,matched,2025 Mazda CX5 SE XA,JM3KFBBL8S0733501,733501,31134.0,-31134.0,733501,HILEY SERVICE LOANER    9/03/25  JM3KFBBL8S0733501,JM3KFBBL8S0733501,9/03/25,M20666
MAR26,53,matched,2026 Mazda C30 PF XA,3MVDMBCL8TM100919,100919,31144.0,-31144.0,100919,HILEY SERVICE LOANER   10/18/25  3MVDMBCL8TM100919,3MVDMBCL8TM100919,10/18/25,M20834
MAR26,54,matched,2026 Mazda C30 AE XA,3MVDMBCL5TM100523,100523,31234.0,-31234.0,100523,HILEY                  10/18/25  3MVDMBCL5TM100523,3MVDMBCL5TM100523,10/18/25,M20871
MAR26,55,matched,2025 Mazda CX5 SE XA,JM3KFBBL9S0783520,783520,31351.0,-31351.0,783520,HILEY SERVICE LOANER   12/12/25  JM3KFBBL9S0783520,JM3KFBBL9S0783520,12/12/25,M21113
MAR26,56,matched,2025 Mazda CX5 SE XA,JM3KFBBL0S0805906,805906,31351.0,-31351.0,805906,"WARREN, JARVIS K        2/20/26  JM3KFBBL0S0805906",JM3KFBBL0S0805906,2/20/26,M21309
MAR26,57,matched,2026 Mazda C30 AE XA,3MVDMBCL6TM100191,100191,31398.0,-31398.0,100191,HILEY SERVICE LOANER   10/18/25  3MVDMBCL6TM100191,3MVDMBCL6TM100191,10/18/25,M20873
MAR26,58,matched,2025 Mazda CX5 SE XA,JM3KFBBL7S0802324,802324,31407.0,-31407.0,802324,2025 MAZDA CX-5         2/04/26  JM3KFBBL7S0802324,JM3KFBBL7S0802324,2/04/26,M21239
MAR26,59,matched,2025 Mazda CX5 SE XA,JM3KFBBL1S0806935,806935,31407.0,-31407.0,806935,"ATEN, JUSTIN            2/20/26  JM3KFBBL1S0806935",JM3KFBBL1S0806935,2/20/26,M21311
MAR26,60,matched,2025 Mazda CX5,JM3KFBBL7S0769289,769289,31507.0,-31507.0,769289,2025 MAZDA CX-5         3/04/26  JM3KFBBL7S0769289,JM3KFBBL7S0769289,3/04/26,M20928
MAR26,61,matched,2025 Mazda C50,7MMVABAM8SN382882,382882,31525.0,-31525.0,382882,7MMVABAM8SN382882,7MMVABAM8SN382882,,M20657
MAR26,62,matched,2026 Mazda C50 SE XA,7MMVABAL9TN467738,467738,31545.0,-31545.0,467738,HILEY SERVICE LOANER   12/30/25  7MMVABAL9TN467738,7MMVABAL9TN467738,12/30/25,M21169
MAR26,63,matched,2025 Mazda CX5 SE XA,JM3KFBBL3S0720171,720171,31664.0,-31664.0,720171,HILEY SERVICE LOANER    8/18/25  JM3KFBBL3S0720171,JM3KFBBL3S0720171,8/18/25,M20577
MAR26,64,matched,2025 Mazda CX5 SE XA,JM3KFBBL9S0720966,720966,31664.0,-31664.0,720966,JM3KFBBL9S0720966,JM3KFBBL9S0720966,,M20564
MAR26,65,matched,2025 Mazda CX5 SE XA,JM3KFBBL0S0785172,785172,31751.0,-31751.0,785172,2025 MAZDA CX-5        12/15/25  JM3KFBBL0S0785172,JM3KFBBL0S0785172,12/15/25,M21111
MAR26,66,matched,2025 Mazda CX5 SE XA,JM3KFBBL7S0787145,787145,31751.0,-31751.0,787145,2025 MAZDA CX-5         2/03/26  JM3KFBBL7S0787145,JM3KFBBL7S0787145,2/03/26,M21033
MAR26,67,matched,2025 Mazda CX5 SE XA,JM3KFBBL8S0788417,788417,31751.0,-31751.0,788417,"DEMEL, ERIN COLLEEN    12/18/25  JM3KFBBL8S0788417",JM3KFBBL8S0788417,12/18/25,M21035
MAR26,68,matched,2026 Mazda M3H CE XA,JM1BPBLLXT1863487,863487,31771.0,-31771.0,863487,"HUMPHREYS, BRYAN JAME   2/03/26  JM1BPBLLXT1863487",JM1BPBLLXT1863487,2/03/26,M21201
MAR26,69,matched,2026 Mazda M3H CE XA,JM1BPBLL0T1870612,870612,31771.0,-31771.0,870612,2026 MAZDA MAZDA3 HAT   3/11/26  JM1BPBLL0T1870612,JM1BPBLL0T1870612,3/11/26,M21326
MAR26,70,matched,2026 Mazda M3H CE XA,JM1BPBLL1T1871235,871235,31771.0,-31771.0,871235,2026 MAZDA MAZDA3 HAT   3/11/26  JM1BPBLL1T1871235,JM1BPBLL1T1871235,3/11/26,M21327
MAR26,71,matched,2025 Mazda CX5 SE XA,JM3KFBBL7S0789011,789011,31801.0,-31801.0,789011,"MURRIETA LOZADA, MIRN  12/18/25  JM3KFBBL7S0789011",JM3KFBBL7S0789011,12/18/25,M21034
MAR26,72,matched,2025 Mazda CX5 SE XA,JM3KFBBL4S0789533,789533,32001.0,-32001.0,789533,2025 MAZDA CX-5        12/18/25  JM3KFBBL4S0789533,JM3KFBBL4S0789533,12/18/25,M21029
MAR26,73,matched,2025 Mazda CX5 PF XA,JM3KFBCM8S0715538,715538,32028.0,-32028.0,715538,JM3KFBCM8S0715538,JM3KFBCM8S0715538,,M20557
MAR26,74,matched,2025 Mazda CX5 PF XA,JM3KFBCM9S0720098,720098,32028.0,-32028.0,720098,JM3KFBCM9S0720098,JM3KFBCM9S0720098,,M20558
MAR26,75,matched,2025 Mazda CX5 SE XA,JM3KFBBL8S0781242,781242,32137.0,-32137.0,781242,2025 MAZDA CX-5        12/01/25  JM3KFBBL8S0781242,JM3KFBBL8S0781242,12/01/25,M20999
MAR26,76,matched,2026 Mazda M3H PR 2P,JM1BPAML2T1862164,862164,32439.0,-32439.0,862164,2026 MAZDA MAZDA3 HAT   1/22/26  JM1BPAML2T1862164,JM1BPAML2T1862164,1/22/26,M21203
MAR26,77,matched,2026 Mazda M3H,JM1BPBLL4T1857300,857300,32511.0,-32511.0,857300,2026 MAZDA MAZDA3 HAT   1/29/26  JM1BPBLL4T1857300,JM1BPBLL4T1857300,1/29/26,M21282
MAR26,78,matched,2025 Mazda CX5,JM3KFBCM2S0708021,708021,32558.0,-32558.0,708021,HILEY SERVICE LOANER    9/03/25  JM3KFBCM2S0708021,JM3KFBCM2S0708021,9/03/25,M20450
MAR26,79,matched,2025 Mazda CX5,JM3KFBCM6S0782297,782297,33118.0,-33118.0,782297,2025 MAZDA CX-5         2/03/26  JM3KFBCM6S0782297,JM3KFBCM6S0782297,2/03/26,M20995
MAR26,80,matched,2025 Mazda CX5 PF XA,JM3KFBCM0S0800941,800941,33169.0,-33169.0,800941,"MORRISON, ALEXANDER C   2/20/26  JM3KFBCM0S0800941",JM3KFBCM0S0800941,2/20/26,M21300
MAR26,81,matched,2026 Mazda C50 PF XA,7MMVABBL7TN470586,470586,33397.0,-33397.0,470586,HILEY SERVICE LOANER    1/22/26  7MMVABBL7TN470586,7MMVABBL7TN470586,1/22/26,M21258
MAR26,82,matched,2026 Mazda C50,7MMVABBL8TN476106,476106,33397.0,-33397.0,476106,HILEY                   3/27/26  7MMVABBL8TN476106,7MMVABBL8TN476106,3/27/26,M21501
MAR26,83,matched,2025 Mazda CX5 PF XA,JM3KFBCMXS0801059,801059,33563.0,-33563.0,801059,"JOHNSON, ANNA KAY       2/17/26  JM3KFBCMXS0801059",JM3KFBCMXS0801059,2/17/26,M21298
MAR26,84,matched,2025 Mazda CX5 PF XA,JM3KFBCM0S0801510,801510,33579.0,-33579.0,801510,2025 MAZDA CX-5         2/17/26  JM3KFBCM0S0801510,JM3KFBCM0S0801510,2/17/26,M21302
MAR26,85,matched,2025 Mazda CX5 PF XA,JM3KFBCM3S0796867,796867,33734.0,-33734.0,796867,2025 MAZDA CX-5         1/09/26  JM3KFBCM3S0796867,JM3KFBCM3S0796867,1/09/26,M21192
MAR26,86,matched,2026 Mazda C50 PF XA,7MMVABBL6TN451883,451883,33857.0,-33857.0,451883,HILEY                  10/15/25  7MMVABBL6TN451883,7MMVABBL6TN451883,10/15/25,M20840
MAR26,87,matched,2025 Mazda CX5 CE XA,JM3KFBCM9S0716259,716259,34050.0,-34050.0,716259,JM3KFBCM9S0716259,JM3KFBCM9S0716259,,M20552
MAR26,88,matched,2026 Mazda C50 PF XA,7MMVABBLXTN483848,483848,34107.0,-34107.0,483848,2026 MAZDA CX-50        3/20/26  7MMVABBLXTN483848,7MMVABBLXTN483848,3/20/26,M21485
MAR26,89,matched,2026 Mazda C50 MR XA,7MMVABXL0TN457929,457929,34128.0,-34128.0,457929,HILEY                  11/08/25  7MMVABXL0TN457929,7MMVABXL0TN457929,11/08/25,M20978
MAR26,90,matched,2026 Mazda C50 MR XA,7MMVABXL1TN458247,458247,34128.0,-34128.0,458247,HILEY                  11/08/25  7MMVABXL1TN458247,7MMVABXL1TN458247,11/08/25,M20983
MAR26,91,matched,2026 Mazda C50 PF XA,7MMVABBLXTN480884,480884,34287.0,-34287.0,480884,D&M LEASING             3/11/26  7MMVABBLXTN480884,7MMVABBLXTN480884,3/11/26,M21411
MAR26,92,matched,2026 Mazda C50 MR XA,7MMVABXL2TN456829,456829,34838.0,-34838.0,456829,HILEY SERVICE LOANER   11/08/25  7MMVABXL2TN456829,7MMVABXL2TN456829,11/08/25,M20977
MAR26,93,matched,2026 Mazda C50 MR XA,7MMVABXL3TN462560,462560,34838.0,-34838.0,462560,"RADER, JOHN WARREN     12/06/25  7MMVABXL3TN462560",7MMVABXL3TN462560,12/06/25,M21068
MAR26,94,matched,2026 Mazda C50 MR XA,7MMVABXL8TN464451,464451,34838.0,-34838.0,464451,2026 MAZDA CX-50       12/12/25  7MMVABXL8TN464451,7MMVABXL8TN464451,12/12/25,M21122
MAR26,95,matched,2026 Mazda C50 MR XA,7MMVABXL0TN479039,479039,34838.0,-34838.0,479039,2026 MAZDA CX-50        2/27/26  7MMVABXL0TN479039,7MMVABXL0TN479039,2/27/26,M21367
MAR26,96,matched,2026 Mazda C50 MR XA,7MMVABXL8TN479046,479046,34838.0,-34838.0,479046,2026 MAZDA CX-50        2/27/26  7MMVABXL8TN479046,7MMVABXL8TN479046,2/27/26,M21368
MAR26,97,matched,2026 Mazda C30 PR XA,3MVDMBDL3TM139240,139240,35003.0,-35003.0,139240,2026 MAZDA CX-30        2/26/26  3MVDMBDL3TM139240,3MVDMBDL3TM139240,2/26/26,M21410
MAR26,98,matched,2026 Mazda C30 PR XA,3MVDMBDL9TM147018,147018,35003.0,-35003.0,147018,2026 MAZDA CX-30        3/25/26  3MVDMBDL9TM147018,3MVDMBDL9TM147018,3/25/26,M21564
MAR26,99,matched,2026 Mazda CX5 PF XA,JM3KMCHA2T0111334,111334,35413.0,-35413.0,111334,HILEY MAZDA OF ARLING   3/25/26  JM3KMCHA2T0111334,JM3KMCHA2T0111334,3/25/26,M21423
MAR26,100,boa_only,2026 Mazda CX5 PF XA,JM3KMCHA2T0108661,108661,35469.0,,,,,,
MAR26,101,matched,2026 Mazda CX5 PF XA,JM3KMCHA1T0108621,108621,35565.0,-35565.0,108621,HILEY                   3/24/26  JM3KMCHA1T0108621,JM3KMCHA1T0108621,3/24/26,M21328
MAR26,102,matched,2026 Mazda CX5 PF XA,JM3KMCHA2T0108725,108725,35679.0,-35679.0,108725,2026 MAZDA CX-5         3/30/26  JM3KMCHA2T0108725,JM3KMCHA2T0108725,3/30/26,M21355
MAR26,103,matched,2026 Mazda C30 AE TXA,3MVDMBDY6TM101111,101111,35737.0,-35737.0,101111,2026 MAZDA CX-30       10/18/25  3MVDMBDY6TM101111,3MVDMBDY6TM101111,10/18/25,M20877
MAR26,104,matched,2026 Mazda CX5 PF XA,JM3KMCHA0T0111624,111624,35791.0,-35791.0,111624,2026 MAZDA CX-5         3/30/26  JM3KMCHA0T0111624,JM3KMCHA0T0111624,3/30/26,M21422
MAR26,105,boa_only,2026 Mazda CX5 PF XA,JM3KMCHA3T0108989,108989,35807.0,,,,,,
MAR26,106,matched,2026 Mazda CX5 PF XA,JM3KMCHA0T0109422,109422,35839.0,-35839.0,109422,DENTON MAZDA            3/30/26  JM3KMCHA0T0109422,JM3KMCHA0T0109422,3/30/26,M21353
MAR26,107,matched,2026 Mazda CX5 PF XA,JM3KMCHA4T0109519,109519,35995.0,-35995.0,109519,2026 MAZDA CX-5         3/25/26  JM3KMCHA4T0109519,JM3KMCHA4T0109519,3/25/26,M21357
MAR26,108,matched,2026 Mazda CX5 PF XA,JM3KMCHA8T0109572,109572,35999.0,-35999.0,109572,2026 MAZDA CX-5         3/25/26  JM3KMCHA8T0109572,JM3KMCHA8T0109572,3/25/26,M21359
MAR26,109,matched,2026 Mazda C50 PR XA,7MMVABDL9TN486138,486138,36014.0,-36014.0,486138,"STRAUB, GEORGIA         3/30/26  7MMVABDL9TN486138",7MMVABDL9TN486138,3/30/26,M21516
MAR26,110,matched,2026 Mazda CX5 PF XA,JM3KMCHA8T0109846,109846,36095.0,-36095.0,109846,2026 MAZDA CX-5         3/27/26  JM3KMCHA8T0109846,JM3KMCHA8T0109846,3/27/26,M21360
MAR26,111,matched,2026 Mazda 50H PF XA,7MMVAABW8TN145675,145675,36174.0,-36174.0,145675,HILEY SERVICE LOANER   10/14/25  7MMVAABW8TN145675,7MMVAABW8TN145675,10/14/25,M20844
MAR26,112,matched,2026 Mazda C50,7MMVABDL7TN462758,462758,36192.0,-36192.0,462758,2026 MAZDA CX-50        3/31/26  7MMVABDL7TN462758,7MMVABDL7TN462758,3/31/26,M21506
MAR26,113,matched,2026 Mazda C30 AE TXA,3MVDMBXYXTM137606,137606,36204.0,-36204.0,137606,2026 MAZDA CX-30        2/20/26  3MVDMBXYXTM137606,3MVDMBXYXTM137606,2/20/26,M21396
MAR26,114,matched,2026 Mazda C30 AE TXA,3MVDMBXY3TM141092,141092,36204.0,-36204.0,141092,2026 MAZDA CX-30        3/17/26  3MVDMBXY3TM141092,3MVDMBXY3TM141092,3/17/26,M21448
MAR26,115,matched,2026 Mazda 50H PF XA,7MMVAABW3TN159872,159872,36218.0,-36218.0,159872,"MACHADO, JONATHAN DAV   2/12/26  7MMVAABW3TN159872",7MMVAABW3TN159872,2/12/26,M21288
MAR26,116,matched,2025 Mazda MX5 GT 6P,JM1NDAD71S0659781,659781,36334.0,-36334.0,659781,2025 MAZDA MX-5 MIATA   1/05/26  JM1NDAD71S0659781,JM1NDAD71S0659781,1/05/26,M21178
MAR26,117,matched,2026 Mazda 50H PF XA,7MMVAABW7TN145876,145876,36398.0,-36398.0,145876,HILEY                  10/15/25  7MMVAABW7TN145876,7MMVAABW7TN145876,10/15/25,M20843
MAR26,118,matched,2026 Mazda C50 PR XA,7MMVABDL8TN476216,476216,36472.0,-36472.0,476216,2026 MAZDA CX-50        2/23/26  7MMVABDL8TN476216,7MMVABDL8TN476216,2/23/26,M21370
MAR26,119,matched,2026 Mazda C50 PR XA,7MMVABDL8TN480976,480976,36544.0,-36544.0,480976,2026 MAZDA CX-50        3/05/26  7MMVABDL8TN480976,7MMVABDL8TN480976,3/05/26,M21413
MAR26,120,matched,2026 Mazda C50 PR XA,7MMVABDL6TN483570,483570,36544.0,-36544.0,483570,"NEAL, JUSTIN TRAVIS     3/20/26  7MMVABDL6TN483570",7MMVABDL6TN483570,3/20/26,M21488
MAR26,121,dealertrack_only,,7MMVABDL6TN486632,486632,,-36544.0,486632,"SALINAS, CARINA         3/30/26  7MMVABDL6TN486632",7MMVABDL6TN486632,3/30/26,M21515
MAR26,122,matched,2025 Mazda CX5 PP XA,JM3KFBEM4S0787026,787026,36835.0,-36835.0,787026,"MIZE, DEBRA GELDHOF     1/09/26  JM3KFBEM4S0787026",JM3KFBEM4S0787026,1/09/26,M21015
MAR26,123,dealertrack_only,,JM1NDAD70T0700998,700998,,-36919.0,700998,"ELLISON, JOHN MICHAEL   3/30/26  JM1NDAD70T0700998",JM1NDAD70T0700998,3/30/26,M21366
MAR26,124,matched,2025 Mazda CX5 PP XA,JM3KFBEM9S0805567,805567,36969.0,-36969.0,805567,2025 MAZDA CX-5         2/19/26  JM3KFBEM9S0805567,JM3KFBEM9S0805567,2/19/26,M21306
MAR26,125,matched,2025 Mazda CX5 PP XA,JM3KFBEM3S0784716,784716,37473.0,-37473.0,784716,2025 MAZDA CX-5        12/14/25  JM3KFBEM3S0784716,JM3KFBEM3S0784716,12/14/25,M21110
MAR26,126,matched,2025 Mazda CX5 PP XA,JM3KFBEM8S0786008,786008,37473.0,-37473.0,786008,2025 MAZDA CX-5        12/17/25  JM3KFBEM8S0786008,JM3KFBEM8S0786008,12/17/25,M21019
MAR26,127,boa_only,2026 Mazda MX5 GT A,JM1NDAD74T0701460,701460,37816.0,,,,,,
MAR26,128,boa_only,2026 Mazda MX5 GT A,JM1NDAD71T0702467,702467,37816.0,,,,,,
MAR26,129,matched,2026 Mazda CX5 PR XA,JM3KMDHA6T0102884,102884,38302.0,-38302.0,102884,HILEY                   3/18/26  JM3KMDHA6T0102884,JM3KMDHA6T0102884,3/18/26,M21335
MAR26,130,matched,2026 Mazda CX5 PR XA,JM3KMDHA0T0108499,108499,38422.0,-38422.0,108499,2026 MAZDA CX-5         3/24/26  JM3KMDHA0T0108499,JM3KMDHA0T0108499,3/24/26,M21333
MAR26,131,matched,2026 Mazda CX5 PR XA,JM3KMDHA1T0108544,108544,38566.0,-38566.0,108544,HILEY                   3/24/26  JM3KMDHA1T0108544,JM3KMDHA1T0108544,3/24/26,M21334
MAR26,132,matched,2026 Mazda C30 PP TXA,3MVDMBEY9TM113994,113994,39039.0,-39039.0,113994,2026 MAZDA CX-30       10/27/25  3MVDMBEY9TM113994,3MVDMBEY9TM113994,10/27/25,M20955
MAR26,133,matched,2026 Mazda C50 25 TXA,7MMVABCY8TN475306,475306,39119.0,-39119.0,475306,2026 MAZDA CX-50        2/23/26  7MMVABCY8TN475306,7MMVABCY8TN475306,2/23/26,M21376
MAR26,134,matched,2026 Mazda C50 25 TXA,7MMVABCYXTN476280,476280,39119.0,-39119.0,476280,"MYERS, MARC ALAN        2/17/26  7MMVABCYXTN476280",7MMVABCYXTN476280,2/17/26,M21293
MAR26,135,matched,2026 Mazda 50H PR XA,7MMVAADW6TN163055,163055,39363.0,-39363.0,163055,2026 MAZDA CX-50 HYBR   3/04/26  7MMVAADW6TN163055,7MMVAADW6TN163055,3/04/26,M21382
MAR26,136,matched,2025 Mazda CX5 PR TXA,JM3KFBDY7S0787154,787154,39418.0,-39418.0,787154,"COUCH, DUSTIN JAMES     1/09/26  JM3KFBDY7S0787154",JM3KFBDY7S0787154,1/09/26,M21039
MAR26,137,matched,2026 Mazda 50H PR XA,7MMVAADW9TN145682,145682,39479.0,-39479.0,145682,2026 MAZDA CX-50 HYBR  10/15/25  7MMVAADW9TN145682,7MMVAADW9TN145682,10/15/25,M20853
MAR26,138,matched,2026 Mazda 50H PR XA,7MMVAADW8TN145379,145379,39523.0,-39523.0,145379,HILEY SERVICE LOANER   10/14/25  7MMVAADW8TN145379,7MMVAADW8TN145379,10/14/25,M20851
MAR26,139,matched,2026 Mazda C90 SE XA,JM3KKAHD7T1361294,361294,39552.0,-39552.0,361294,HILEY SERVICE LOANER   12/03/25  JM3KKAHD7T1361294,JM3KKAHD7T1361294,12/03/25,M21083
MAR26,140,dealertrack_only,,JM1NDAM71T0700847,700847,,-39571.0,700847,2026 MAZDA MX-5 MIATA   3/30/26  JM1NDAM71T0700847,JM1NDAM71T0700847,3/30/26,M21350
MAR26,141,boa_only,2026 Mazda MXR GT 6P,JM1NDAM71T0701528,701528,39571.0,,,,,,
MAR26,142,boa_only,2026 Mazda MXR GT 6P,JM1NDAM73T0702471,702471,39571.0,,,,,,
MAR26,143,matched,2026 Mazda 50H PR XA,7MMVAADWXTN165634,165634,39581.0,-39581.0,165634,2026 MAZDA CX-50 HYBR   3/20/26  7MMVAADWXTN165634,7MMVAADWXTN165634,3/20/26,M21492
MAR26,144,matched,2026 Mazda C90 SE XA,JM3KKAHD5T1361469,361469,39608.0,-39608.0,361469,HILEY MAZDA OF ARLING  12/03/25  JM3KKAHD5T1361469,JM3KKAHD5T1361469,12/03/25,M21081
MAR26,145,matched,2026 Mazda 50H PR XA,7MMVAADW1TN145479,145479,39619.0,-39619.0,145479,HILEY                  10/14/25  7MMVAADW1TN145479,7MMVAADW1TN145479,10/14/25,M20848
MAR26,146,matched,2026 Mazda C30 PP TXA,3MVDMBEY3TM140513,140513,39718.0,-39718.0,140513,2026 MAZDA CX-30        3/04/26  3MVDMBEY3TM140513,3MVDMBEY3TM140513,3/04/26,M21442
MAR26,147,boa_only,2026 Mazda MXR GT 6P,JM1NDAM70T0701892,701892,39829.0,,,,,,
MAR26,148,matched,2026 Mazda 50H PR XA,7MMVAADW8TN149786,149786,39853.0,-39853.0,149786,HILEY                  11/08/25  7MMVAADW8TN149786,7MMVAADW8TN149786,11/08/25,M20979
MAR26,149,matched,2026 Mazda 50H PR XA,7MMVAADW1TN163030,163030,39893.0,-39893.0,163030,"YUN, JUSTIN KWON WOO    2/27/26  7MMVAADW1TN163030",7MMVAADW1TN163030,2/27/26,M21380
MAR26,150,matched,2026 Mazda C50 25 TXA,7MMVABCY2TN478752,478752,39927.0,-39927.0,478752,2026 MAZDA CX-50        3/02/26  7MMVABCY2TN478752,7MMVABCY2TN478752,3/02/26,M21375
MAR26,151,matched,2026 Mazda C90 SE XA,JM3KKAHD7T1360906,360906,39928.0,-39928.0,360906,"LAMICHHANE, PRATAP     12/03/25  JM3KKAHD7T1360906",JM3KKAHD7T1360906,12/03/25,M21082
MAR26,152,matched,2026 Mazda C50 25 TXA,7MMVABCY2TN473888,473888,39929.0,-39929.0,473888,2026 MAZDA CX-50        2/13/26  7MMVABCY2TN473888,7MMVABCY2TN473888,2/13/26,M21287
MAR26,153,matched,2026 Mazda C50 25 TXA,7MMVABCY3TN470658,470658,40089.0,-40089.0,470658,2026 MAZDA CX-50        1/19/26  7MMVABCY3TN470658,7MMVABCY3TN470658,1/19/26,M21259
MAR26,154,matched,2026 Mazda C90 SE XA,JM3KKAHDXT1361063,361063,40120.0,-40120.0,361063,2026 MAZDA CX-90       12/03/25  JM3KKAHDXT1361063,JM3KKAHDXT1361063,12/03/25,M21079
MAR26,155,matched,2026 Mazda C90 SE XA,JM3KKAHD0T1361024,361024,40192.0,-40192.0,361024,2026 MAZDA CX-90       12/03/25  JM3KKAHD0T1361024,JM3KKAHD0T1361024,12/03/25,M21080
MAR26,156,dealertrack_only,,JM1NDAM76T0700438,700438,,-40293.0,700438,"HEINZE, PHILLIP RALPH   3/25/26  JM1NDAM76T0700438",JM1NDAM76T0700438,3/25/26,M21349
MAR26,157,dealertrack_only,,JM1NDAM72T0702171,702171,,-40516.0,702171,2026 MAZDA MX-5 MIATA   3/30/26  JM1NDAM72T0702171,JM1NDAM72T0702171,3/30/26,M21348
MAR26,158,matched,2026 Mazda CX5 PP XA,JM3KMEHA9T0110998,110998,40536.0,-40536.0,110998,2026 MAZDA CX-5         3/30/26  JM3KMEHA9T0110998,JM3KMEHA9T0110998,3/30/26,M21437
MAR26,159,matched,2026 Mazda CX5 PP XA,JM3KMEHA2T0108266,108266,40564.0,-40564.0,108266,"SANDERS, CELESTE NOEL   3/30/26  JM3KMEHA2T0108266",JM3KMEHA2T0108266,3/30/26,M21362
MAR26,160,matched,2026 Mazda CX5 PP XA,JM3KMEHAXT0110301,110301,40724.0,-40724.0,110301,2026 MAZDA CX-5         3/25/26  JM3KMEHAXT0110301,JM3KMEHAXT0110301,3/25/26,M21425
MAR26,161,matched,2026 Mazda CX5 PP XA,JM3KMEHA9T0110029,110029,40760.0,-40760.0,110029,2026 MAZDA CX-5         3/25/26  JM3KMEHA9T0110029,JM3KMEHA9T0110029,3/25/26,M21436
MAR26,162,boa_only,2026 Mazda MXR GT A,JM1NDAM70T0701455,701455,40774.0,,,,,,
MAR26,163,matched,2026 Mazda CX5 PP XA,JM3KMEHA1T0102801,102801,40800.0,-40800.0,102801,HILEY                   3/18/26  JM3KMEHA1T0102801,JM3KMEHA1T0102801,3/18/26,M21329
MAR26,164,matched,2026 Mazda CX5 PP XA,JM3KMEHA6T0108609,108609,40860.0,-40860.0,108609,2026 MAZDA CX-5         3/30/26  JM3KMEHA6T0108609,JM3KMEHA6T0108609,3/30/26,M21331
MAR26,165,matched,2026 Mazda CX5 PP XA,JM3KMEHA1T0109568,109568,41044.0,-41044.0,109568,2026 MAZDA CX-5         3/25/26  JM3KMEHA1T0109568,JM3KMEHA1T0109568,3/25/26,M21361
MAR26,166,matched,2026 Mazda 50H PP XA,7MMVAAEW8TN149933,149933,41886.0,-41886.0,149933,2026 MAZDA CX-50 HYBR  11/13/25  7MMVAAEW8TN149933,7MMVAAEW8TN149933,11/13/25,M21043
MAR26,167,matched,2026 Mazda C50 MR TXA,7MMVABXY1TN481362,481362,41907.0,-41907.0,481362,2026 MAZDA CX-50        3/06/26  7MMVABXY1TN481362,7MMVABXY1TN481362,3/06/26,M21414
MAR26,168,matched,2026 Mazda C50 MR TXA,7MMVABXY8TN481374,481374,41907.0,-41907.0,481374,2026 MAZDA CX-50        3/06/26  7MMVABXY8TN481374,7MMVABXY8TN481374,3/06/26,M21415
MAR26,169,matched,2026 Mazda 50H PP XA,7MMVAAEW7TN149423,149423,42416.0,-42416.0,149423,2026 MAZDA CX-50 HYBR  11/08/25  7MMVAAEW7TN149423,7MMVAAEW7TN149423,11/08/25,M20982
MAR26,170,matched,2026 Mazda 50H PP XA,7MMVAAEW7TN149633,149633,42416.0,-42416.0,149633,2026 MAZDA CX-50 HYBR  11/10/25  7MMVAAEW7TN149633,7MMVAAEW7TN149633,11/10/25,M20989
MAR26,171,matched,2026 Mazda 50H PP XA,7MMVAAEW3TN150021,150021,42416.0,-42416.0,150021,HILEY                  11/14/25  7MMVAAEW3TN150021,7MMVAAEW3TN150021,11/14/25,M21047
MAR26,172,matched,2026 Mazda 50H PP XA,7MMVAAEW8TN150113,150113,42416.0,-42416.0,150113,2026 MAZDA CX-50 HYBR  11/14/25  7MMVAAEW8TN150113,7MMVAAEW8TN150113,11/14/25,M21048
MAR26,173,matched,2026 Mazda 50H PP XA,7MMVAAEW9TN156387,156387,42416.0,-42416.0,156387,2026 MAZDA CX-50 HYBR   1/05/26  7MMVAAEW9TN156387,7MMVAAEW9TN156387,1/05/26,M21174
MAR26,174,matched,2026 Mazda 50H PP XA,7MMVAAEW6TN156394,156394,42416.0,-42416.0,156394,2026 MAZDA CX-50 HYBR   1/05/26  7MMVAAEW6TN156394,7MMVAAEW6TN156394,1/05/26,M21173
MAR26,175,matched,2026 Mazda 50H PP XA,7MMVAAEWXTN156396,156396,42416.0,-42416.0,156396,2026 MAZDA CX-50 HYBR   1/05/26  7MMVAAEWXTN156396,7MMVAAEWXTN156396,1/05/26,M21172
MAR26,176,matched,2026 Mazda 50H PP XA,7MMVAAEW2TN156912,156912,42416.0,-42416.0,156912,2026 MAZDA CX-50 HYBR   1/15/26  7MMVAAEW2TN156912,7MMVAAEW2TN156912,1/15/26,M21189
MAR26,177,matched,2026 Mazda 50H PP XA,7MMVAAEW6TN157447,157447,42416.0,-42416.0,157447,"THOMPSON, HANNAH RUTH   1/19/26  7MMVAAEW6TN157447",7MMVAAEW6TN157447,1/19/26,M21262
MAR26,178,matched,2026 Mazda 50H PP XA,7MMVAAEW3TN157454,157454,42416.0,-42416.0,157454,2026 MAZDA CX-50 HYBR   1/16/26  7MMVAAEW3TN157454,7MMVAAEW3TN157454,1/16/26,M21260
MAR26,179,matched,2026 Mazda 50H PP XA,7MMVAAEW8TN157756,157756,42416.0,-42416.0,157756,2026 MAZDA CX-50 HYBR   1/19/26  7MMVAAEW8TN157756,7MMVAAEW8TN157756,1/19/26,M21263
MAR26,180,matched,2026 Mazda C70 PF XA,JM3KJBHD0T1203193,203193,42964.0,-42964.0,203193,JEFF HAAS MAZDA         1/22/26  JM3KJBHD0T1203193,JM3KJBHD0T1203193,1/22/26,M21206
MAR26,181,matched,2026 Mazda C70 PF XA,JM3KJBHD0T1203419,203419,42964.0,-42964.0,203419,HILEY                   1/29/26  JM3KJBHD0T1203419,JM3KJBHD0T1203419,1/29/26,M21209
MAR26,182,matched,2026 Mazda C70 PF XA,JM3KJBHD2T1201235,201235,43488.0,-43488.0,201235,2026 MAZDA CX-70       12/03/25  JM3KJBHD2T1201235,JM3KJBHD2T1201235,12/03/25,M21075
MAR26,183,matched,2026 Mazda C70,JM3KJBHD9T1203094,203094,43488.0,-43488.0,203094,2026 MAZDA CX-70        3/30/26  JM3KJBHD9T1203094,JM3KJBHD9T1203094,3/30/26,M21498
MAR26,184,matched,2026 Mazda C70 PF XA,JM3KJBHD0T1203212,203212,43488.0,-43488.0,203212,2026 MAZDA CX-70        1/22/26  JM3KJBHD0T1203212,JM3KJBHD0T1203212,1/22/26,M21207
MAR26,185,matched,2026 Mazda C70 PF XA,JM3KJBHD3T1203267,203267,43488.0,-43488.0,203267,2026 MAZDA CX-70        2/03/26  JM3KJBHD3T1203267,JM3KJBHD3T1203267,2/03/26,M21212
MAR26,186,matched,2026 Mazda C90 PF XA,JM3KKBHD3T1378616,378616,43766.0,-43766.0,378616,"YORK, NATHAN DAVID      3/14/26  JM3KKBHD3T1378616",JM3KKBHD3T1378616,3/14/26,M21339
MAR26,187,matched,2026 Mazda C90 PF XA,JM3KKBHD8T1368499,368499,43926.0,-43926.0,368499,HILEY LOANER            1/05/26  JM3KKBHD8T1368499,JM3KKBHD8T1368499,1/05/26,M21118
MAR26,188,matched,2026 Mazda C50 PP TXA,7MMVABEY3TN481947,481947,44254.0,-44254.0,481947,2026 MAZDA CX-50        3/11/26  7MMVABEY3TN481947,7MMVABEY3TN481947,3/11/26,M21419
MAR26,189,matched,2026 Mazda C90 PF XA,JM3KKBHD7T1373158,373158,44510.0,-44510.0,373158,2026 MAZDA CX-90        2/13/26  JM3KKBHD7T1373158,JM3KKBHD7T1373158,2/13/26,M21224
MAR26,190,matched,2026 Mazda C50 PP TXA,7MMVABEYXTN481444,481444,44540.0,-44540.0,481444,2026 MAZDA CX-50        3/14/26  7MMVABEYXTN481444,7MMVABEYXTN481444,3/14/26,M21418
MAR26,191,matched,2026 Mazda C50 PP TXA,7MMVABEY6TN465533,465533,44630.0,-44630.0,465533,2026 MAZDA CX-50       12/22/25  7MMVABEY6TN465533,7MMVABEY6TN465533,12/22/25,M21130
MAR26,192,matched,2026 Mazda C50 PP TXA,7MMVABEY4TN476563,476563,44632.0,-44632.0,476563,2026 MAZDA CX-50        2/19/26  7MMVABEY4TN476563,7MMVABEY4TN476563,2/19/26,M21372
MAR26,193,matched,2026 Mazda C50 PP TXA,7MMVABEY1TN483650,483650,44632.0,-44632.0,483650,2026 MAZDA CX-50        3/20/26  7MMVABEY1TN483650,7MMVABEY1TN483650,3/20/26,M21491
MAR26,194,matched,2026 Mazda C7P SC XA,JM3KJAHF1T1350456,350456,45470.0,-45470.0,350456,2026 MAZDA CX-70 PHEV   2/12/26  JM3KJAHF1T1350456,JM3KJAHF1T1350456,2/12/26,M21221
MAR26,195,matched,2026 Mazda C90 PR XA,JM3KKCHD5T1359605,359605,47475.0,-47475.0,359605,2026 MAZDA CX-90       12/03/25  JM3KKCHD5T1359605,JM3KKCHD5T1359605,12/03/25,M20959
MAR26,196,matched,2026 Mazda C90 PR XA,JM3KKCHD5T1373164,373164,47655.0,-47655.0,373164,2026 MAZDA CX-90        2/09/26  JM3KKCHD5T1373164,JM3KKCHD5T1373164,2/09/26,M21232
MAR26,197,matched,2026 Mazda C90 PR XA,JM3KKCHD4T1372085,372085,47675.0,-47675.0,372085,2026 MAZDA CX-90        2/09/26  JM3KKCHD4T1372085,JM3KKCHD4T1372085,2/09/26,M21229
MAR26,198,matched,2026 Mazda C90 PR XA,JM3KKCHD3T1364852,364852,47735.0,-47735.0,364852,2026 MAZDA CX-90       12/22/25  JM3KKCHD3T1364852,JM3KKCHD3T1364852,12/22/25,M21157
MAR26,199,matched,2026 Mazda C90 PR XA,JM3KKCHD5T1370653,370653,47847.0,-47847.0,370653,2026 MAZDA CX-90        2/03/26  JM3KKCHD5T1370653,JM3KKCHD5T1370653,2/03/26,M21230
MAR26,200,matched,2026 Mazda C90 PR XA,JM3KKCHD5T1377277,377277,47851.0,-47851.0,377277,2026 MAZDA CX-90        3/04/26  JM3KKCHD5T1377277,JM3KKCHD5T1377277,3/04/26,M21341
MAR26,201,matched,2026 Mazda C90 PR XA,JM3KKCHD8T1358559,358559,47891.0,-47891.0,358559,HILEY                  11/25/25  JM3KKCHD8T1358559,JM3KKCHD8T1358559,11/25/25,M20953
MAR26,202,matched,2026 Mazda C90 PR XA,JM3KKCHD1T1376806,376806,47971.0,-47971.0,376806,2026 MAZDA CX-90        3/11/26  JM3KKCHD1T1376806,JM3KKCHD1T1376806,3/11/26,M21268
MAR26,203,matched,2026 Mazda C90 PR XA,JM3KKCHD5T1375643,375643,48039.0,-48039.0,375643,"SUAREZ ESCUDERO, SHAL   2/16/26  JM3KKCHD5T1375643",JM3KKCHD5T1375643,2/16/26,M21249
MAR26,204,matched,2026 Mazda C90 PR XA,JM3KKCHD5T1372015,372015,48051.0,-48051.0,372015,2026 MAZDA CX-90        2/02/26  JM3KKCHD5T1372015,JM3KKCHD5T1372015,2/02/26,M21231
MAR26,205,matched,2026 Mazda C90 PR XA,JM3KKCHD9T1372793,372793,48151.0,-48151.0,372793,2026 MAZDA CX-90        2/13/26  JM3KKCHD9T1372793,JM3KKCHD9T1372793,2/13/26,M21291
MAR26,206,matched,2026 Mazda C90 PR XA,JM3KKCHD2T1372893,372893,48151.0,-48151.0,372893,2026 MAZDA CX-90        2/06/26  JM3KKCHD2T1372893,JM3KKCHD2T1372893,2/06/26,M21228
MAR26,207,matched,2026 Mazda C90 PR XA,JM3KKCHD3T1378072,378072,48399.0,-48399.0,378072,2026 MAZDA CX-90        3/14/26  JM3KKCHD3T1378072,JM3KKCHD3T1378072,3/14/26,M21340
MAR26,208,matched,2026 Mazda C90,JM3KKCHD2T1352062,352062,48415.0,-48415.0,352062,HILEY LOANER           11/17/25  JM3KKCHD2T1352062,JM3KKCHD2T1352062,11/17/25,M20993
MAR26,209,matched,2026 Mazda C90 PR XA,JM3KKCHD8T1373966,373966,48439.0,-48439.0,373966,2026 MAZDA CX-90        2/12/26  JM3KKCHD8T1373966,JM3KKCHD8T1373966,2/12/26,M21235
MAR26,210,matched,2026 Mazda C90 PR XA,JM3KKCHD1T1352117,352117,48675.0,-48675.0,352117,HILEY                  10/19/25  JM3KKCHD1T1352117,JM3KKCHD1T1352117,10/19/25,M20813
MAR26,211,matched,2026 Mazda C90 PP XA,JM3KKEHDXT1375603,375603,50655.0,-50655.0,375603,"SHARP, LARRY GENE       2/16/26  JM3KKEHDXT1375603",JM3KKEHDXT1375603,2/16/26,M21246
MAR26,212,matched,2026 Mazda C70 PP XA,JM3KJEHD5T1203174,203174,50705.0,-50705.0,203174,2026 MAZDA CX-70        1/22/26  JM3KJEHD5T1203174,JM3KJEHD5T1203174,1/22/26,M21218
MAR26,213,matched,2026 Mazda C70 PP XA,JM3KJEHD2T1203536,203536,50705.0,-50705.0,203536,2026 MAZDA CX-70        2/02/26  JM3KJEHD2T1203536,JM3KJEHD2T1203536,2/02/26,M21215
MAR26,214,matched,2026 Mazda C70 PP XA,JM3KJEHD1T1203401,203401,50825.0,-50825.0,203401,2026 MAZDA CX-70        2/06/26  JM3KJEHD1T1203401,JM3KJEHD1T1203401,2/06/26,M21214
MAR26,215,matched,2026 Mazda C70 PP XA,JM3KJEHD4T1203960,203960,50825.0,-50825.0,203960,2026 MAZDA CX-70        2/09/26  JM3KJEHD4T1203960,JM3KJEHD4T1203960,2/09/26,M21216
MAR26,216,matched,2026 Mazda C70 PP XA,JM3KJEHD0T1202353,202353,50965.0,-50965.0,202353,2026 MAZDA CX-70       12/30/25  JM3KJEHD0T1202353,JM3KJEHD0T1202353,12/30/25,M21090
MAR26,217,matched,2026 Mazda C90 PP XA,JM3KKEHD7T1374456,374456,51143.0,-51143.0,374456,2026 MAZDA CX-90        2/14/26  JM3KKEHD7T1374456,JM3KKEHD7T1374456,2/14/26,M21247
MAR26,218,matched,2026 Mazda C90 PP XA,JM3KKEHD3T1358545,358545,51323.0,-51323.0,358545,HILEY SERVICE LOANER   12/01/25  JM3KKEHD3T1358545,JM3KKEHD3T1358545,12/01/25,M20949
MAR26,219,matched,2026 Mazda C90 PP XA,JM3KKEHD3T1360361,360361,51323.0,-51323.0,360361,2026 MAZDA CX-90       12/06/25  JM3KKEHD3T1360361,JM3KKEHD3T1360361,12/06/25,M21077
MAR26,220,matched,2026 Mazda C90 PP XA,JM3KKEHD4T1358778,358778,51587.0,-51587.0,358778,2026 MAZDA CX-90       12/09/25  JM3KKEHD4T1358778,JM3KKEHD4T1358778,12/09/25,M20951
MAR26,221,matched,2026 Mazda C90 PP XA,JM3KKEHD0T1365601,365601,51587.0,-51587.0,365601,2026 MAZDA CX-90       12/30/25  JM3KKEHD0T1365601,JM3KKEHD0T1365601,12/30/25,M21096
MAR26,222,matched,2026 Mazda C90 PP XA,JM3KKEHD4T1358196,358196,51667.0,-51667.0,358196,2026 MAZDA CX-90       11/24/25  JM3KKEHD4T1358196,JM3KKEHD4T1358196,11/24/25,M20950
MAR26,223,matched,2026 Mazda C90 PP XA,JM3KKEHD4T1365617,365617,51667.0,-51667.0,365617,2026 MAZDA CX-90       12/30/25  JM3KKEHD4T1365617,JM3KKEHD4T1365617,12/30/25,M21097
MAR26,224,matched,2026 Mazda C90 PP XA,JM3KKEHD4T1359218,359218,51847.0,-51847.0,359218,2026 MAZDA CX-90       12/05/25  JM3KKEHD4T1359218,JM3KKEHD4T1359218,12/05/25,M20957
MAR26,225,matched,2026 Mazda C90 PP XA,JM3KKEHD5T1364315,364315,51847.0,-51847.0,364315,2026 MAZDA CX-90       12/18/25  JM3KKEHD5T1364315,JM3KKEHD5T1364315,12/18/25,M21098
MAR26,226,matched,2026 Mazda C90 PP XA,JM3KKEHD3T1372252,372252,51847.0,-51847.0,372252,2026 MAZDA CX-90        2/03/26  JM3KKEHD3T1372252,JM3KKEHD3T1372252,2/03/26,M21225
MAR26,227,matched,2026 Mazda C70 SPR XA,JM3KJDHC2T1205675,205675,54399.0,-54399.0,205675,2026 MAZDA CX-70        3/20/26  JM3KJDHC2T1205675,JM3KJDHC2T1205675,3/20/26,M21338
MAR26,228,matched,2026 Mazda C70 SPR XA,JM3KJDHC6T1204299,204299,54443.0,-54443.0,204299,2026 MAZDA CX-70        2/14/26  JM3KJDHC6T1204299,JM3KJDHC6T1204299,2/14/26,M21297
MAR26,229,matched,2026 Mazda C70 SPR XA,JM3KJDHC4T1205046,205046,54663.0,-54663.0,205046,2026 MAZDA CX-70        2/27/26  JM3KJDHC4T1205046,JM3KJDHC4T1205046,2/27/26,M21265
MAR26,230,matched,2026 Mazda C90 SPR XA,JM3KKDHC5T1376689,376689,54757.0,-54757.0,376689,2026 MAZDA CX-90        3/04/26  JM3KKDHC5T1376689,JM3KKDHC5T1376689,3/04/26,M21269
MAR26,231,matched,2026 Mazda C90 SPR XA,JM3KKDHC9T1364061,364061,55225.0,-55225.0,364061,2026 MAZDA CX-90       12/18/25  JM3KKDHC9T1364061,JM3KKDHC9T1364061,12/18/25,M21105
MAR26,232,matched,2026 Mazda C90 SPR XA,JM3KKDHC0T1372758,372758,55461.0,-55461.0,372758,2026 MAZDA CX-90        2/06/26  JM3KKDHC0T1372758,JM3KKDHC0T1372758,2/06/26,M21237
MAR26,233,matched,2026 Mazda C70 SPP XA,JM3KJEHC1T1205088,205088,58179.0,-58179.0,205088,HILEY                   3/02/26  JM3KJEHC1T1205088,JM3KJEHC1T1205088,3/02/26,M21264
MAR26,234,matched,2026 Mazda C90 SPP XA,JM3KKEHC4T1365575,365575,58510.0,-58510.0,365575,"CAMP, KENNETH BRIAN    12/30/25  JM3KKEHC4T1365575",JM3KKEHC4T1365575,12/30/25,M21177
APRIL26,2,matched,2026 Mazda M3S 25S 2A,JM1BPAAL7T1869826,869826,25895.0,-25895.0,869826,2026 MAZDA MAZDA3 SED   3/14/26  JM1BPAAL7T1869826,JM1BPAAL7T1869826,3/14/26,M21324
APRIL26,3,matched,2026 Mazda M3S 25S 2A,JM1BPAAL1T1872804,872804,25895.0,-25895.0,872804,HILEY MAZDA OF BURLES   4/10/26  JM1BPAAL1T1872804,JM1BPAAL1T1872804,4/10/26,M21344
APRIL26,4,matched,2026 Mazda M3S SES 2A,JM1BPABL8T1879120,879120,26251.0,-26251.0,879120,"FLEISHER, JOHN DAVID    4/30/26  JM1BPABL8T1879120",JM1BPABL8T1879120,4/30/26,M21526
APRIL26,5,matched,2026 Mazda M3S,JM1BPABL0T1874381,874381,26359.0,-26359.0,874381,"CARRILLO, LUIS UBALDO   4/29/26  JM1BPABL0T1874381",JM1BPABL0T1874381,4/29/26,M21763
APRIL26,6,matched,2026 Mazda M3S SES 2A,JM1BPABL2T1878318,878318,26359.0,-26359.0,878318,2026 MAZDA MAZDA3 SED   4/27/26  JM1BPABL2T1878318,JM1BPABL2T1878318,4/27/26,M21472
APRIL26,7,matched,2026 Mazda M3S SES 2A,JM1BPABL4T1879390,879390,26763.0,-26763.0,879390,"TALEB, MALIK YASER      4/30/26  JM1BPABL4T1879390",JM1BPABL4T1879390,4/30/26,M21525
APRIL26,8,matched,2026 Mazda M3S PF 2A,JM1BPACL7T1878006,878006,27856.0,-27856.0,878006,2026 MAZDA MAZDA3 SED   4/13/26  JM1BPACL7T1878006,JM1BPACL7T1878006,4/13/26,M21450
APRIL26,9,matched,2026 Mazda M3S PF 2A,JM1BPACL5T1867618,867618,27860.0,-27860.0,867618,2026 MAZDA MAZDA3 SED   2/19/26  JM1BPACL5T1867618,JM1BPACL5T1867618,2/19/26,M21252
APRIL26,10,matched,2026 Mazda M3S PF 2A,JM1BPACL5T1873144,873144,27968.0,-27968.0,873144,2026 MAZDA MAZDA3 SED   4/10/26  JM1BPACL5T1873144,JM1BPACL5T1873144,4/10/26,M21342
APRIL26,11,matched,2026 Mazda M3S PF 2A,JM1BPACL0T1876937,876937,28128.0,-28128.0,876937,2026 MAZDA MAZDA3 SED   4/13/26  JM1BPACL0T1876937,JM1BPACL0T1876937,4/13/26,M21449
APRIL26,12,matched,2026 Mazda M3S PF 2A,JM1BPACLXT1878288,878288,28640.0,-28640.0,878288,2026 MAZDA MAZDA3 SED   4/23/26  JM1BPACLXT1878288,JM1BPACLXT1878288,4/23/26,M21470
APRIL26,13,matched,2026 Mazda C30 SES XA,3MVDMBBL5TM140456,140456,28795.0,-28795.0,140456,HILEY                   2/04/26  3MVDMBBL5TM140456,3MVDMBBL5TM140456,2/04/26,M21444
APRIL26,14,matched,2026 Mazda C30 SES XA,3MVDMBBL0TM111043,111043,29262.0,-29262.0,111043,HILEY SERVICE LOANER   10/17/25  3MVDMBBL0TM111043,3MVDMBBL0TM111043,10/17/25,M20940
APRIL26,15,matched,2025 Mazda CX5,JM3KFBAL0S0747264,747264,29991.0,-29991.0,747264,HILEY SERVICE LOANER    1/29/26  JM3KFBAL0S0747264,JM3KFBAL0S0747264,1/29/26,M21279
APRIL26,16,matched,2025 Mazda CX5,JM3KFBAL2S0751851,751851,29991.0,-29991.0,751851,HILEY SERVICE LOANER   10/29/25  JM3KFBAL2S0751851,JM3KFBAL2S0751851,10/29/25,M20883
APRIL26,17,matched,2026 Mazda C30 PF XA,3MVDMBCL7TM100877,100877,30381.0,-30381.0,100877,HILEY SERVICE LOANER   10/21/25  3MVDMBCL7TM100877,3MVDMBCL7TM100877,10/21/25,M20838
APRIL26,18,matched,2026 Mazda C30 PF XA,3MVDMBCL3TM107499,107499,30493.0,-30493.0,107499,HILEY                  10/11/25  3MVDMBCL3TM107499,3MVDMBCL3TM107499,10/11/25,M20875
APRIL26,19,matched,2026 Mazda C30 PF XA,3MVDMBCL9TM112612,112612,30493.0,-30493.0,112612,"KIDD GRIJIALIVA, SATI  10/27/25  3MVDMBCL9TM112612",3MVDMBCL9TM112612,10/27/25,M20945
APRIL26,20,matched,2026 Mazda C30 PF XA,3MVDMBCL3TM141510,141510,30493.0,-30493.0,141510,"FOX, KELLY ELIZABETH    3/04/26  3MVDMBCL3TM141510",3MVDMBCL3TM141510,3/04/26,M21473
APRIL26,21,matched,2026 Mazda C30 PF XA,3MVDMBCL7TM100247,100247,30625.0,-30625.0,100247,HILEY                  10/18/25  3MVDMBCL7TM100247,3MVDMBCL7TM100247,10/18/25,M20832
APRIL26,22,matched,2026 Mazda C50 SE XA,7MMVABAL6TN485937,485937,30915.0,-30915.0,485937,2026 MAZDA CX-50        3/26/26  7MMVABAL6TN485937,7MMVABAL6TN485937,3/26/26,M21518
APRIL26,23,matched,2026 Mazda C30 PF XA,3MVDMBCL4TM100464,100464,30960.0,-30960.0,100464,HILEY SERVICE LOANER   10/21/25  3MVDMBCL4TM100464,3MVDMBCL4TM100464,10/21/25,M20831
APRIL26,24,matched,2026 Mazda C30 PF XA,3MVDMBCL6TM139282,139282,31020.0,-31020.0,139282,"SINGH HARADAN, NIRMAL   2/26/26  3MVDMBCL6TM139282",3MVDMBCL6TM139282,2/26/26,M21409
APRIL26,25,matched,2026 Mazda C30 PF XA,3MVDMBCL5TM139404,139404,31020.0,-31020.0,139404,2026 MAZDA CX-30        2/28/26  3MVDMBCL5TM139404,3MVDMBCL5TM139404,2/28/26,M21408
APRIL26,26,matched,2026 Mazda C30 AE XA,3MVDMBCL3TM111438,111438,31051.0,-31051.0,111438,HILEY SERVICE LOANER   10/17/25  3MVDMBCL3TM111438,3MVDMBCL3TM111438,10/17/25,M20936
APRIL26,27,matched,2026 Mazda C30,3MVDMBCL8TM116411,116411,31051.0,-31051.0,116411,2026 MAZDA CX-30        2/03/26  3MVDMBCL8TM116411,3MVDMBCL8TM116411,2/03/26,M21055
APRIL26,28,matched,2026 Mazda C30 AE XA,3MVDMBCL5TM117208,117208,31051.0,-31051.0,117208,2026 MAZDA CX-30       11/14/25  3MVDMBCL5TM117208,3MVDMBCL5TM117208,11/14/25,M21054
APRIL26,29,matched,2026 Mazda C30 AE XA,3MVDMBXL6TM128759,128759,31051.0,-31051.0,128759,2026 MAZDA CX-30        2/03/26  3MVDMBXL6TM128759,3MVDMBXL6TM128759,2/03/26,M21286
APRIL26,30,matched,2026 Mazda C30 AE XA,3MVDMBXL0TM139417,139417,31051.0,-31051.0,139417,2026 MAZDA CX-30        2/28/26  3MVDMBXL0TM139417,3MVDMBXL0TM139417,2/28/26,M21406
APRIL26,31,matched,2026 Mazda C30 AE XA,3MVDMBXL8TM140525,140525,31051.0,-31051.0,140525,2026 MAZDA CX-30        3/17/26  3MVDMBXL8TM140525,3MVDMBXL8TM140525,3/17/26,M21440
APRIL26,32,matched,2026 Mazda C30 PF XA,3MVDMBCL8TM100919,100919,31144.0,-31144.0,100919,3MVDMBCL8TM100919,3MVDMBCL8TM100919,,M20834
APRIL26,33,matched,2026 Mazda C30 AE XA,3MVDMBCL5TM100523,100523,31234.0,-31234.0,100523,HILEY                  10/18/25  3MVDMBCL5TM100523,3MVDMBCL5TM100523,10/18/25,M20871
APRIL26,34,matched,2025 Mazda CX5 SE XA,JM3KFBBL9S0783520,783520,31351.0,-31351.0,783520,HILEY SERVICE LOANER   12/12/25  JM3KFBBL9S0783520,JM3KFBBL9S0783520,12/12/25,M21113
APRIL26,35,matched,2026 Mazda C30 AE XA,3MVDMBCL6TM100191,100191,31398.0,-31398.0,100191,HILEY SERVICE LOANER   10/18/25  3MVDMBCL6TM100191,3MVDMBCL6TM100191,10/18/25,M20873
APRIL26,36,matched,2026 Mazda C50 SE XA,7MMVABALXTN491336,491336,31445.0,-31445.0,491336,DENTON MAZDA            4/13/26  7MMVABALXTN491336,7MMVABALXTN491336,4/13/26,M21608
APRIL26,37,matched,2026 Mazda C50 SE XA,7MMVABAL9TN467738,467738,31545.0,-31545.0,467738,HILEY SERVICE LOANER   12/30/25  7MMVABAL9TN467738,7MMVABAL9TN467738,12/30/25,M21169
APRIL26,38,matched,2026 Mazda MX5 SP 6P,JM1NDAB77T0703609,703609,31559.0,-31559.0,703609,2026 MAZDA MX-5 MIATA   4/13/26  JM1NDAB77T0703609,JM1NDAB77T0703609,4/13/26,M21451
APRIL26,39,matched,2025 Mazda CX5 SE XA,JM3KFBBL3S0720171,720171,31664.0,-31664.0,720171,HILEY SERVICE LOANER    8/18/25  JM3KFBBL3S0720171,JM3KFBBL3S0720171,8/18/25,M20577
APRIL26,40,dealertrack_only,,JM1BPBLL0T1870612,870612,,-31771.0,870612,2026 MAZDA MAZDA3 HAT   3/11/26  JM1BPBLL0T1870612,JM1BPBLL0T1870612,3/11/26,M21326
APRIL26,41,dealertrack_only,,JM1BPBLL1T1871235,871235,,-31771.0,871235,2026 MAZDA MAZDA3 HAT   3/11/26  JM1BPBLL1T1871235,JM1BPBLL1T1871235,3/11/26,M21327
APRIL26,42,boa_only,2026 Mazda M3H CE XA,JM1BPBLL0T1870612,870612,32283.0,,,,,,
APRIL26,43,boa_only,2026 Mazda M3H CE XA,JM1BPBLL1T1871235,871235,32283.0,,,,,,
APRIL26,44,matched,2026 Mazda M3H,JM1BPBLL2T1874144,874144,32283.0,-32283.0,874144,2026 MAZDA MAZDA3 HAT   4/30/26  JM1BPBLL2T1874144,JM1BPBLL2T1874144,4/30/26,M21775
APRIL26,45,matched,2026 Mazda M3H PR 2P,JM1BPAML2T1862164,862164,32439.0,-32439.0,862164,"STRESEWSKI, VINCENT J   1/22/26  JM1BPAML2T1862164",JM1BPAML2T1862164,1/22/26,M21203
APRIL26,46,matched,2026 Mazda CX5 SE XA,JM3KMBHA1T0126613,126613,33053.0,-33053.0,126613,"OLIVER, CATHY RAYE      4/22/26  JM3KMBHA1T0126613",JM3KMBHA1T0126613,4/22/26,M21549
APRIL26,47,matched,2026 Mazda CX5 SE XA,JM3KMBHA0T0126571,126571,33125.0,-33125.0,126571,2026 MAZDA CX-5         4/27/26  JM3KMBHA0T0126571,JM3KMBHA0T0126571,4/27/26,M21547
APRIL26,48,matched,2026 Mazda C50 PF XA,7MMVABBL7TN470586,470586,33397.0,-33397.0,470586,HILEY SERVICE LOANER    1/22/26  7MMVABBL7TN470586,7MMVABBL7TN470586,1/22/26,M21258
APRIL26,49,matched,2026 Mazda C50,7MMVABBL8TN476106,476106,33397.0,-33397.0,476106,HILEY                   3/27/26  7MMVABBL8TN476106,7MMVABBL8TN476106,3/27/26,M21501
APRIL26,50,matched,2026 Mazda CX5 SE XA,JM3KMBHA2T0126961,126961,33515.0,-33515.0,126961,HILEY                   4/22/26  JM3KMBHA2T0126961,JM3KMBHA2T0126961,4/22/26,M21550
APRIL26,51,matched,2026 Mazda CX5 SE XA,JM3KMBHA2T0120271,120271,33535.0,-33535.0,120271,"TREJO, VICKI            4/13/26  JM3KMBHA2T0120271",JM3KMBHA2T0120271,4/13/26,M21467
APRIL26,52,matched,2026 Mazda CX5 SE XA,JM3KMBHA5T0125769,125769,33555.0,-33555.0,125769,2026 MAZDA CX-5         4/30/26  JM3KMBHA5T0125769,JM3KMBHA5T0125769,4/30/26,M21553
APRIL26,53,matched,2026 Mazda CX5 SE XA,JM3KMBHA6T0124940,124940,33571.0,-33571.0,124940,2026 MAZDA CX-5         4/25/26  JM3KMBHA6T0124940,JM3KMBHA6T0124940,4/25/26,M21554
APRIL26,54,matched,2026 Mazda CX5 SE XA,JM3KMBHA7T0126583,126583,33619.0,-33619.0,126583,2026 MAZDA CX-5         4/25/26  JM3KMBHA7T0126583,JM3KMBHA7T0126583,4/25/26,M21555
APRIL26,55,matched,2026 Mazda CX5 SE XA,JM3KMBHAXT0126514,126514,33639.0,-33639.0,126514,2026 MAZDA CX-5         4/23/26  JM3KMBHAXT0126514,JM3KMBHAXT0126514,4/23/26,M21546
APRIL26,56,matched,2026 Mazda CX5 SE XA,JM3KMBHA8T0126429,126429,33655.0,-33655.0,126429,2026 MAZDA CX-5         4/27/26  JM3KMBHA8T0126429,JM3KMBHA8T0126429,4/27/26,M21556
APRIL26,57,matched,2026 Mazda C50 PF XA,7MMVABBL6TN451883,451883,33857.0,-33857.0,451883,HILEY                  10/15/25  7MMVABBL6TN451883,7MMVABBL6TN451883,10/15/25,M20840
APRIL26,58,matched,2026 Mazda C50 PF XA,7MMVABBL1TN488114,488114,33975.0,-33975.0,488114,2026 MAZDA CX-50        4/03/26  7MMVABBL1TN488114,7MMVABBL1TN488114,4/03/26,M21512
APRIL26,59,matched,2026 Mazda C50 PF XA,7MMVABBLXTN483848,483848,34107.0,-34107.0,483848,2026 MAZDA CX-50        3/20/26  7MMVABBLXTN483848,7MMVABBLXTN483848,3/20/26,M21485
APRIL26,60,matched,2026 Mazda C50 MR XA,7MMVABXL0TN457929,457929,34128.0,-34128.0,457929,HILEY                  11/08/25  7MMVABXL0TN457929,7MMVABXL0TN457929,11/08/25,M20978
APRIL26,61,matched,2026 Mazda C50 MR XA,7MMVABXL1TN458247,458247,34128.0,-34128.0,458247,HILEY                  11/08/25  7MMVABXL1TN458247,7MMVABXL1TN458247,11/08/25,M20983
APRIL26,62,matched,2026 Mazda C50 MR XA,7MMVABXL2TN456829,456829,34838.0,-34838.0,456829,HILEY SERVICE LOANER   11/08/25  7MMVABXL2TN456829,7MMVABXL2TN456829,11/08/25,M20977
APRIL26,63,matched,2026 Mazda C50 MR XA,7MMVABXL0TN479039,479039,34838.0,-34838.0,479039,2026 MAZDA CX-50        2/27/26  7MMVABXL0TN479039,7MMVABXL0TN479039,2/27/26,M21367
APRIL26,64,matched,2026 Mazda C50 MR XA,7MMVABXL8TN479046,479046,34838.0,-34838.0,479046,2026 MAZDA CX-50        2/27/26  7MMVABXL8TN479046,7MMVABXL8TN479046,2/27/26,M21368
APRIL26,65,matched,2026 Mazda C30 PR XA,3MVDMBDL9TM147018,147018,35003.0,-35003.0,147018,2026 MAZDA CX-30        4/30/26  3MVDMBDL9TM147018,3MVDMBDL9TM147018,4/30/26,M21564
APRIL26,66,boa_only,2025 Mazda C70 PR XA,JM3KJDHD4S1130761,130761,35200.0,,,,,,
APRIL26,67,matched,2026 Mazda CX5 PF XA,JM3KMCHAXT0119763,119763,35365.0,-35365.0,119763,2026 MAZDA CX-5         4/06/26  JM3KMCHAXT0119763,JM3KMCHAXT0119763,4/06/26,M21452
APRIL26,68,matched,2026 Mazda CX5 PF XA,JM3KMCHA5T0126216,126216,35365.0,-35365.0,126216,2026 MAZDA CX-5         4/25/26  JM3KMCHA5T0126216,JM3KMCHA5T0126216,4/25/26,M21536
APRIL26,69,matched,2026 Mazda CX5 PF XA,JM3KMCHA2T0126092,126092,35385.0,-35385.0,126092,2026 MAZDA CX-5         4/25/26  JM3KMCHA2T0126092,JM3KMCHA2T0126092,4/25/26,M21531
APRIL26,70,matched,2026 Mazda CX5 PF XA,JM3KMCHA7T0123883,123883,35413.0,-35413.0,123883,2026 MAZDA CX-5         4/27/26  JM3KMCHA7T0123883,JM3KMCHA7T0123883,4/27/26,M21483
APRIL26,71,matched,2026 Mazda CX5 PF XA,JM3KMCHA8T0122371,122371,35419.0,-35419.0,122371,HILEY MAZDA OF BURLES   4/13/26  JM3KMCHA8T0122371,JM3KMCHA8T0122371,4/13/26,M21456
APRIL26,72,matched,2026 Mazda CX5 PF XA,JM3KMCHA2T0108661,108661,35469.0,-35469.0,108661,2026 MAZDA CX-5         4/01/26  JM3KMCHA2T0108661,JM3KMCHA2T0108661,4/01/26,M21354
APRIL26,73,matched,2026 Mazda CX5 PF XA,JM3KMCHA1T0108621,108621,35565.0,-35565.0,108621,HILEY                   3/24/26  JM3KMCHA1T0108621,JM3KMCHA1T0108621,3/24/26,M21328
APRIL26,74,matched,2026 Mazda CX5 PF XA,JM3KMCHA2T0108725,108725,35679.0,-35679.0,108725,"EVANS, ALBERTHA BROWN   3/30/26  JM3KMCHA2T0108725",JM3KMCHA2T0108725,3/30/26,M21355
APRIL26,75,matched,2026 Mazda C50 PR XA,7MMVABDL4TN488332,488332,35702.0,-35702.0,488332,2026 MAZDA CX-50        4/03/26  7MMVABDL4TN488332,7MMVABDL4TN488332,4/03/26,M21514
APRIL26,76,matched,2026 Mazda C30 AE TXA,3MVDMBDY6TM101111,101111,35737.0,-35737.0,101111,2026 MAZDA CX-30       10/18/25  3MVDMBDY6TM101111,3MVDMBDY6TM101111,10/18/25,M20877
APRIL26,77,matched,2026 Mazda CX5 PF XA,JM3KMCHA9T0126669,126669,35767.0,-35767.0,126669,"BROCARD TAPIA, ERMIS    4/22/26  JM3KMCHA9T0126669",JM3KMCHA9T0126669,4/22/26,M21541
APRIL26,78,matched,2026 Mazda CX5 PF XA,JM3KMCHA5T0123431,123431,35771.0,-35771.0,123431,2026 MAZDA CX-5         4/14/26  JM3KMCHA5T0123431,JM3KMCHA5T0123431,4/14/26,M21454
APRIL26,79,matched,2026 Mazda CX5 PF XA,JM3KMCHA0T0111624,111624,35791.0,-35791.0,111624,HILEY                   3/30/26  JM3KMCHA0T0111624,JM3KMCHA0T0111624,3/30/26,M21422
APRIL26,80,matched,2026 Mazda CX5 PF XA,JM3KMCHA3T0108989,108989,35807.0,-35807.0,108989,HILEY                   4/01/26  JM3KMCHA3T0108989,JM3KMCHA3T0108989,4/01/26,M21356
APRIL26,81,matched,2026 Mazda CX5 PF XA,JM3KMCHA4T0124828,124828,35879.0,-35879.0,124828,2026 MAZDA CX-5         4/25/26  JM3KMCHA4T0124828,JM3KMCHA4T0124828,4/25/26,M21532
APRIL26,82,matched,2026 Mazda CX5 PF XA,JM3KMCHA6T0126399,126399,35879.0,-35879.0,126399,2026 MAZDA CX-5         4/27/26  JM3KMCHA6T0126399,JM3KMCHA6T0126399,4/27/26,M21539
APRIL26,83,matched,2026 Mazda CX5 PF XA,JM3KMCHA5T0126894,126894,35879.0,-35879.0,126894,2026 MAZDA CX-5         4/23/26  JM3KMCHA5T0126894,JM3KMCHA5T0126894,4/23/26,M21537
APRIL26,84,matched,2026 Mazda CX5 PF XA,JM3KMCHA8T0125609,125609,35895.0,-35895.0,125609,2026 MAZDA CX-5         4/27/26  JM3KMCHA8T0125609,JM3KMCHA8T0125609,4/27/26,M21540
APRIL26,85,matched,2026 Mazda CX5 PF XA,JM3KMCHA5T0125972,125972,35907.0,-35907.0,125972,HILEY MAZDA OF BURLES   4/27/26  JM3KMCHA5T0125972,JM3KMCHA5T0125972,4/27/26,M21535
APRIL26,86,matched,2026 Mazda CX5 PF XA,JM3KMCHA3T0118101,118101,35943.0,-35943.0,118101,2026 MAZDA CX-5         4/13/26  JM3KMCHA3T0118101,JM3KMCHA3T0118101,4/13/26,M21453
APRIL26,87,matched,2026 Mazda CX5 PF XA,JM3KMCHA8T0120183,120183,35943.0,-35943.0,120183,HILEY                   4/06/26  JM3KMCHA8T0120183,JM3KMCHA8T0120183,4/06/26,M21455
APRIL26,88,matched,2026 Mazda CX5 PF XA,JM3KMCHA8T0109572,109572,35999.0,-35999.0,109572,2026 MAZDA CX-5         3/25/26  JM3KMCHA8T0109572,JM3KMCHA8T0109572,3/25/26,M21359
APRIL26,89,boa_only,2026 Mazda CX5 PF XA,JM3KMCHA6T0126368,126368,35999.0,,,,,,
APRIL26,90,matched,2026 Mazda CX5 PF XA,JM3KMCHA8T0109846,109846,36095.0,-36095.0,109846,HILEY                   3/27/26  JM3KMCHA8T0109846,JM3KMCHA8T0109846,3/27/26,M21360
APRIL26,91,matched,2026 Mazda 50H PF XA,7MMVAABW8TN145675,145675,36174.0,-36174.0,145675,7MMVAABW8TN145675,7MMVAABW8TN145675,,M20844
APRIL26,92,matched,2026 Mazda C50,7MMVABDL7TN462758,462758,36192.0,-36192.0,462758,2026 MAZDA CX-50        3/31/26  7MMVABDL7TN462758,7MMVABDL7TN462758,3/31/26,M21506
APRIL26,93,matched,2026 Mazda C50 PR XA,7MMVABDL5TN491451,491451,36194.0,-36194.0,491451,2026 MAZDA CX-50        4/13/26  7MMVABDL5TN491451,7MMVABDL5TN491451,4/13/26,M21607
APRIL26,94,matched,2026 Mazda C30 AE TXA,3MVDMBXYXTM137606,137606,36204.0,-36204.0,137606,2026 MAZDA CX-30        2/20/26  3MVDMBXYXTM137606,3MVDMBXYXTM137606,2/20/26,M21396
APRIL26,95,matched,2026 Mazda C30 AE TXA,3MVDMBXY3TM141092,141092,36204.0,-36204.0,141092,2026 MAZDA CX-30        3/17/26  3MVDMBXY3TM141092,3MVDMBXY3TM141092,3/17/26,M21448
APRIL26,96,matched,2026 Mazda 50H,7MMVAABW5TN169917,169917,36218.0,-36218.0,169917,"SIEBEL, RICHARD ALLAN   4/29/26  7MMVAABW5TN169917",7MMVAABW5TN169917,4/29/26,M21767
APRIL26,97,matched,2025 Mazda MX5 GT 6P,JM1NDAD71S0659781,659781,36334.0,-36334.0,659781,2025 MAZDA MX-5 MIATA   1/05/26  JM1NDAD71S0659781,JM1NDAD71S0659781,1/05/26,M21178
APRIL26,98,matched,2026 Mazda 50H PF XA,7MMVAABW7TN145876,145876,36398.0,-36398.0,145876,HILEY                  10/15/25  7MMVAABW7TN145876,7MMVAABW7TN145876,10/15/25,M20843
APRIL26,99,matched,2026 Mazda C50 PR XA,7MMVABDL8TN480976,480976,36544.0,-36544.0,480976,2026 MAZDA CX-50        3/05/26  7MMVABDL8TN480976,7MMVABDL8TN480976,3/05/26,M21413
APRIL26,100,matched,2026 Mazda C50 PR XA,7MMVABDL3TN489892,489892,36544.0,-36544.0,489892,"CLARK, MARLON CHRISTO   4/09/26  7MMVABDL3TN489892",7MMVABDL3TN489892,4/09/26,M21606
APRIL26,101,matched,2026 Mazda M3S PP TXA,JM1BPBEY5T1878052,878052,37216.0,-37216.0,878052,DENTON MAZDA            4/14/26  JM1BPBEY5T1878052,JM1BPBEY5T1878052,4/14/26,M21524
APRIL26,102,matched,2026 Mazda MX5 GT A,JM1NDAD74T0701460,701460,37816.0,-37816.0,701460,2026 MAZDA MX-5 MIATA   4/01/26  JM1NDAD74T0701460,JM1NDAD74T0701460,4/01/26,M21346
APRIL26,103,matched,2026 Mazda CX5,JM3KMDHAXT0108252,108252,38234.0,-38234.0,108252,2026 MAZDA CX-5         4/30/26  JM3KMDHAXT0108252,JM3KMDHAXT0108252,4/30/26,M21774
APRIL26,104,matched,2026 Mazda CX5 PR XA,JM3KMDHA6T0102884,102884,38302.0,-38302.0,102884,HILEY                   3/18/26  JM3KMDHA6T0102884,JM3KMDHA6T0102884,3/18/26,M21335
APRIL26,105,matched,2026 Mazda CX5 PR XA,JM3KMDHA4T0120607,120607,38510.0,-38510.0,120607,HILEY                   4/06/26  JM3KMDHA4T0120607,JM3KMDHA4T0120607,4/06/26,M21463
APRIL26,106,matched,2026 Mazda CX5 PR XA,JM3KMDHA4T0124964,124964,38526.0,-38526.0,124964,"ARMSTRONG, ANDREA DEN   4/27/26  JM3KMDHA4T0124964",JM3KMDHA4T0124964,4/27/26,M21544
APRIL26,107,matched,2026 Mazda CX5 PR XA,JM3KMDHA1T0108544,108544,38566.0,-38566.0,108544,HILEY                   3/24/26  JM3KMDHA1T0108544,JM3KMDHA1T0108544,3/24/26,M21334
APRIL26,108,matched,2026 Mazda C30 PP TXA,3MVDMBEY9TM113994,113994,39039.0,-39039.0,113994,"BOST, CARMEN ZARATE    10/27/25  3MVDMBEY9TM113994",3MVDMBEY9TM113994,10/27/25,M20955
APRIL26,109,matched,2026 Mazda C50 25 TXA,7MMVABCY8TN475306,475306,39119.0,-39119.0,475306,2026 MAZDA CX-50        2/23/26  7MMVABCY8TN475306,7MMVABCY8TN475306,2/23/26,M21376
APRIL26,110,matched,2026 Mazda 50H PR XA,7MMVAADW6TN163055,163055,39363.0,-39363.0,163055,2026 MAZDA CX-50 HYBR   3/04/26  7MMVAADW6TN163055,7MMVAADW6TN163055,3/04/26,M21382
APRIL26,111,matched,2026 Mazda 50H PR XA,7MMVAADW9TN169870,169870,39363.0,-39363.0,169870,2026 MAZDA CX-50 HYBR   4/14/26  7MMVAADW9TN169870,7MMVAADW9TN169870,4/14/26,M21611
APRIL26,112,matched,2026 Mazda 50H PR XA,7MMVAADW8TN145379,145379,39523.0,-39523.0,145379,HILEY SERVICE LOANER   10/14/25  7MMVAADW8TN145379,7MMVAADW8TN145379,10/14/25,M20851
APRIL26,113,matched,2026 Mazda C90 SE XA,JM3KKAHD7T1361294,361294,39552.0,-39552.0,361294,HILEY SERVICE LOANER   12/03/25  JM3KKAHD7T1361294,JM3KKAHD7T1361294,12/03/25,M21083
APRIL26,114,matched,2026 Mazda MXR GT 6P,JM1NDAM71T0700847,700847,39571.0,-39571.0,700847,2026 MAZDA MX-5 MIATA   3/30/26  JM1NDAM71T0700847,JM1NDAM71T0700847,3/30/26,M21350
APRIL26,115,matched,2026 Mazda MXR GT 6P,JM1NDAM71T0701528,701528,39571.0,-39571.0,701528,2026 MAZDA MX-5 MIATA   4/01/26  JM1NDAM71T0701528,JM1NDAM71T0701528,4/01/26,M21351
APRIL26,116,matched,2026 Mazda 50H PR XA,7MMVAADW1TN145479,145479,39619.0,-39619.0,145479,HILEY                  10/14/25  7MMVAADW1TN145479,7MMVAADW1TN145479,10/14/25,M20848
APRIL26,117,matched,2026 Mazda C30 PP TXA,3MVDMBEY3TM140513,140513,39718.0,-39718.0,140513,2026 MAZDA CX-30        3/04/26  3MVDMBEY3TM140513,3MVDMBEY3TM140513,3/04/26,M21442
APRIL26,118,matched,2026 Mazda 50H PR XA,7MMVAADW8TN149786,149786,39853.0,-39853.0,149786,HILEY                  11/08/25  7MMVAADW8TN149786,7MMVAADW8TN149786,11/08/25,M20979
APRIL26,119,matched,2026 Mazda C50 25 TXA,7MMVABCY2TN478752,478752,39927.0,-39927.0,478752,2026 MAZDA CX-50        3/02/26  7MMVABCY2TN478752,7MMVABCY2TN478752,3/02/26,M21375
APRIL26,120,matched,2026 Mazda C50 25 TXA,7MMVABCY2TN473888,473888,39929.0,-39929.0,473888,2026 MAZDA CX-50        2/13/26  7MMVABCY2TN473888,7MMVABCY2TN473888,2/13/26,M21287
APRIL26,121,matched,2026 Mazda CX5 PP XA,JM3KMEHA3T0116148,116148,40018.0,-40018.0,116148,"BANKS, IMERI JUDITH     4/06/26  JM3KMEHA3T0116148",JM3KMEHA3T0116148,4/06/26,M21429
APRIL26,122,matched,2026 Mazda CX5 PP XA,JM3KMEHA6T0117911,117911,40042.0,-40042.0,117911,2026 MAZDA CX-5         4/13/26  JM3KMEHA6T0117911,JM3KMEHA6T0117911,4/13/26,M21460
APRIL26,123,matched,2026 Mazda C90 SE XA,JM3KKAHDXT1361063,361063,40120.0,-40120.0,361063,2026 MAZDA CX-90       12/03/25  JM3KKAHDXT1361063,JM3KKAHDXT1361063,12/03/25,M21079
APRIL26,124,matched,2026 Mazda CX5 PP XA,JM3KMEHA0T0116690,116690,40158.0,-40158.0,116690,2026 MAZDA CX-5         4/06/26  JM3KMEHA0T0116690,JM3KMEHA0T0116690,4/06/26,M21426
APRIL26,125,matched,2026 Mazda CX5 PP XA,JM3KMEHA6T0117875,117875,40182.0,-40182.0,117875,2026 MAZDA CX-5         4/13/26  JM3KMEHA6T0117875,JM3KMEHA6T0117875,4/13/26,M21459
APRIL26,126,matched,2026 Mazda C90 SE XA,JM3KKAHD0T1361024,361024,40192.0,-40192.0,361024,2026 MAZDA CX-90       12/03/25  JM3KKAHD0T1361024,JM3KKAHD0T1361024,12/03/25,M21080
APRIL26,127,matched,2026 Mazda CX5 PP XA,JM3KMEHA8T0122768,122768,40254.0,-40254.0,122768,2026 MAZDA CX-5         4/14/26  JM3KMEHA8T0122768,JM3KMEHA8T0122768,4/14/26,M21461
APRIL26,128,matched,2026 Mazda CX5 PP XA,JM3KMEHA1T0121252,121252,40576.0,-40576.0,121252,2026 MAZDA CX-5         4/13/26  JM3KMEHA1T0121252,JM3KMEHA1T0121252,4/13/26,M21457
APRIL26,129,matched,2026 Mazda CX5 PP XA,JM3KMEHA5T0116796,116796,40620.0,-40620.0,116796,2026 MAZDA CX-5         4/06/26  JM3KMEHA5T0116796,JM3KMEHA5T0116796,4/06/26,M21433
APRIL26,130,matched,2026 Mazda CX5 PP XA,JM3KMEHA5T0116376,116376,40640.0,-40640.0,116376,2026 MAZDA CX-5         4/09/26  JM3KMEHA5T0116376,JM3KMEHA5T0116376,4/09/26,M21432
APRIL26,131,matched,2026 Mazda CX5 PP XA,JM3KMEHA4T0124534,124534,40676.0,-40676.0,124534,2026 MAZDA CX-5         4/30/26  JM3KMEHA4T0124534,JM3KMEHA4T0124534,4/30/26,M21484
APRIL26,132,matched,2026 Mazda CX5 PP XA,JM3KMEHA7T0116301,116301,40688.0,-40688.0,116301,2026 MAZDA CX-5         4/06/26  JM3KMEHA7T0116301,JM3KMEHA7T0116301,4/06/26,M21435
APRIL26,133,matched,2026 Mazda CX5 PP XA,JM3KMEHA1T0113636,113636,40712.0,-40712.0,113636,HILEY                   4/06/26  JM3KMEHA1T0113636,JM3KMEHA1T0113636,4/06/26,M21427
APRIL26,134,matched,2026 Mazda CX5 PP XA,JM3KMEHAXT0110301,110301,40724.0,-40724.0,110301,"AVULA, SHASHIKUMAR      3/25/26  JM3KMEHAXT0110301",JM3KMEHAXT0110301,3/25/26,M21425
APRIL26,135,matched,2026 Mazda CX5 PP XA,JM3KMEHAXT0126630,126630,40724.0,-40724.0,126630,2026 MAZDA CX-5         4/23/26  JM3KMEHAXT0126630,JM3KMEHAXT0126630,4/23/26,M21542
APRIL26,136,matched,2026 Mazda CX5 PP XA,JM3KMEHA9T0110029,110029,40760.0,-40760.0,110029,2026 MAZDA CX-5         3/25/26  JM3KMEHA9T0110029,JM3KMEHA9T0110029,3/25/26,M21436
APRIL26,137,matched,2026 Mazda MXR GT A,JM1NDAM70T0701455,701455,40774.0,-40774.0,701455,"HOLMAN, TONY            4/01/26  JM1NDAM70T0701455",JM1NDAM70T0701455,4/01/26,M21347
APRIL26,138,matched,2026 Mazda CX5 PP XA,JM3KMEHA1T0102801,102801,40800.0,-40800.0,102801,HILEY                   3/18/26  JM3KMEHA1T0102801,JM3KMEHA1T0102801,3/18/26,M21329
APRIL26,139,matched,2026 Mazda CX5 PP XA,JM3KMEHA6T0108609,108609,40860.0,-40860.0,108609,2026 MAZDA CX-5         3/30/26  JM3KMEHA6T0108609,JM3KMEHA6T0108609,3/30/26,M21331
APRIL26,140,matched,2026 Mazda MXR GT A,JM1NDAM71T0704154,704154,41062.0,-41062.0,704154,2026 MAZDA MX-5 MIATA   4/27/26  JM1NDAM71T0704154,JM1NDAM71T0704154,4/27/26,M21528
APRIL26,141,matched,2026 Mazda 50H PP XA,7MMVAAEW8TN149933,149933,41886.0,-41886.0,149933,2026 MAZDA CX-50 HYBR  11/13/25  7MMVAAEW8TN149933,7MMVAAEW8TN149933,11/13/25,M21043
APRIL26,142,matched,2026 Mazda C50 MR TXA,7MMVABXY1TN481362,481362,41907.0,-41907.0,481362,HILEY MAZDA OF ARLING   3/06/26  7MMVABXY1TN481362,7MMVABXY1TN481362,3/06/26,M21414
APRIL26,143,matched,2026 Mazda C50 MR TXA,7MMVABXY8TN481374,481374,41907.0,-41907.0,481374,2026 MAZDA CX-50        3/06/26  7MMVABXY8TN481374,7MMVABXY8TN481374,3/06/26,M21415
APRIL26,144,matched,2026 Mazda 50H PP XA,7MMVAAEW7TN149423,149423,42416.0,-42416.0,149423,"SCHOCHET, WILLIAM ALA  11/08/25  7MMVAAEW7TN149423",7MMVAAEW7TN149423,11/08/25,M20982
APRIL26,145,matched,2026 Mazda 50H PP XA,7MMVAAEW7TN149633,149633,42416.0,-42416.0,149633,2026 MAZDA CX-50 HYBR  11/10/25  7MMVAAEW7TN149633,7MMVAAEW7TN149633,11/10/25,M20989
APRIL26,146,matched,2026 Mazda 50H PP XA,7MMVAAEW3TN150021,150021,42416.0,-42416.0,150021,HILEY                  11/14/25  7MMVAAEW3TN150021,7MMVAAEW3TN150021,11/14/25,M21047
APRIL26,147,matched,2026 Mazda 50H PP XA,7MMVAAEW9TN156387,156387,42416.0,-42416.0,156387,2026 MAZDA CX-50 HYBR   1/05/26  7MMVAAEW9TN156387,7MMVAAEW9TN156387,1/05/26,M21174
APRIL26,148,matched,2026 Mazda 50H PP XA,7MMVAAEW6TN156394,156394,42416.0,-42416.0,156394,2026 MAZDA CX-50 HYBR   1/05/26  7MMVAAEW6TN156394,7MMVAAEW6TN156394,1/05/26,M21173
APRIL26,149,matched,2026 Mazda 50H PP XA,7MMVAAEWXTN156396,156396,42416.0,-42416.0,156396,2026 MAZDA CX-50 HYBR   1/05/26  7MMVAAEWXTN156396,7MMVAAEWXTN156396,1/05/26,M21172
APRIL26,150,matched,2026 Mazda 50H PP XA,7MMVAAEW2TN156912,156912,42416.0,-42416.0,156912,2026 MAZDA CX-50 HYBR   1/15/26  7MMVAAEW2TN156912,7MMVAAEW2TN156912,1/15/26,M21189
APRIL26,151,matched,2026 Mazda 50H PP XA,7MMVAAEW3TN157454,157454,42416.0,-42416.0,157454,2026 MAZDA CX-50 HYBR   1/16/26  7MMVAAEW3TN157454,7MMVAAEW3TN157454,1/16/26,M21260
APRIL26,152,matched,2026 Mazda 50H PP XA,7MMVAAEW8TN157756,157756,42416.0,-42416.0,157756,2026 MAZDA CX-50 HYBR   1/19/26  7MMVAAEW8TN157756,7MMVAAEW8TN157756,1/19/26,M21263
APRIL26,153,matched,2026 Mazda C70 PF XA,JM3KJBHD0T1203419,203419,42964.0,-42964.0,203419,HILEY                   1/29/26  JM3KJBHD0T1203419,JM3KJBHD0T1203419,1/29/26,M21209
APRIL26,154,matched,2026 Mazda C70 PF XA,JM3KJBHD2T1201235,201235,43488.0,-43488.0,201235,2026 MAZDA CX-70       12/03/25  JM3KJBHD2T1201235,JM3KJBHD2T1201235,12/03/25,M21075
APRIL26,155,matched,2026 Mazda C70,JM3KJBHD9T1203094,203094,43488.0,-43488.0,203094,2026 MAZDA CX-70        3/30/26  JM3KJBHD9T1203094,JM3KJBHD9T1203094,3/30/26,M21498
APRIL26,156,matched,2026 Mazda C70 PF XA,JM3KJBHD0T1203212,203212,43488.0,-43488.0,203212,"DUGAN, CHRISTOPHER JA   1/22/26  JM3KJBHD0T1203212",JM3KJBHD0T1203212,1/22/26,M21207
APRIL26,157,matched,2026 Mazda C70 PF XA,JM3KJBHD3T1203267,203267,43488.0,-43488.0,203267,2026 MAZDA CX-70        2/03/26  JM3KJBHD3T1203267,JM3KJBHD3T1203267,2/03/26,M21212
APRIL26,158,matched,2026 Mazda C90,JM3KKBHD2T1364741,364741,43806.0,-43806.0,364741,HILEY MAZDA OF BURLES   4/15/26  JM3KKBHD2T1364741,JM3KKBHD2T1364741,4/15/26,M21628
APRIL26,159,matched,2026 Mazda C90,JM3KKBHD8T1371886,371886,43806.0,-43806.0,371886,"GABRIEL, SARAH ANNE     4/29/26  JM3KKBHD8T1371886",JM3KKBHD8T1371886,4/29/26,M21766
APRIL26,160,matched,2026 Mazda C90 PF XA,JM3KKBHD8T1368499,368499,43926.0,-43926.0,368499,HILEY LOANER            1/05/26  JM3KKBHD8T1368499,JM3KKBHD8T1368499,1/05/26,M21118
APRIL26,161,matched,2026 Mazda C90,JM3KKBHD9T1374604,374604,43986.0,-43986.0,374604,2026 MAZDA CX-90        4/23/26  JM3KKBHD9T1374604,JM3KKBHD9T1374604,4/23/26,M21633
APRIL26,162,matched,2026 Mazda C50 PP TXA,7MMVABEY3TN481947,481947,44254.0,-44254.0,481947,2026 MAZDA CX-50        3/11/26  7MMVABEY3TN481947,7MMVABEY3TN481947,3/11/26,M21419
APRIL26,163,matched,2026 Mazda C50 PP TXA,7MMVABEYXTN481444,481444,44540.0,-44540.0,481444,2026 MAZDA CX-50        3/14/26  7MMVABEYXTN481444,7MMVABEYXTN481444,3/14/26,M21418
APRIL26,164,matched,2026 Mazda C50 PP TXA,7MMVABEY5TN490827,490827,44542.0,-44542.0,490827,2026 MAZDA CX-50        4/13/26  7MMVABEY5TN490827,7MMVABEY5TN490827,4/13/26,M21609
APRIL26,165,matched,2026 Mazda C50 PP TXA,7MMVABEY6TN465533,465533,44630.0,-44630.0,465533,"MEHTA, SANDIP GATUBHA  12/22/25  7MMVABEY6TN465533",7MMVABEY6TN465533,12/22/25,M21130
APRIL26,166,matched,2026 Mazda C50 PP TXA,7MMVABEY4TN476563,476563,44632.0,-44632.0,476563,2026 MAZDA CX-50        2/19/26  7MMVABEY4TN476563,7MMVABEY4TN476563,2/19/26,M21372
APRIL26,167,matched,2026 Mazda C50,7MMVABEY1TN483650,483650,44632.0,-44632.0,483650,2026 MAZDA CX-50        4/29/26  7MMVABEY1TN483650,7MMVABEY1TN483650,4/29/26,M21491
APRIL26,168,matched,2026 Mazda C7P SC XA,JM3KJAHF1T1350456,350456,45470.0,-45470.0,350456,2026 MAZDA CX-70 PHEV   2/12/26  JM3KJAHF1T1350456,JM3KJAHF1T1350456,2/12/26,M21221
APRIL26,169,matched,2026 Mazda C90 PR XA,JM3KKCHD5T1359605,359605,47475.0,-47475.0,359605,HILEY                  12/03/25  JM3KKCHD5T1359605,JM3KKCHD5T1359605,12/03/25,M20959
APRIL26,170,matched,2026 Mazda C90 PR XA,JM3KKCHD5T1373164,373164,47655.0,-47655.0,373164,2026 MAZDA CX-90        2/09/26  JM3KKCHD5T1373164,JM3KKCHD5T1373164,2/09/26,M21232
APRIL26,171,matched,2026 Mazda C90 PR XA,JM3KKCHD3T1364852,364852,47735.0,-47735.0,364852,2026 MAZDA CX-90       12/22/25  JM3KKCHD3T1364852,JM3KKCHD3T1364852,12/22/25,M21157
APRIL26,172,matched,2026 Mazda C90 PR XA,JM3KKCHD5T1370653,370653,47847.0,-47847.0,370653,2026 MAZDA CX-90        2/03/26  JM3KKCHD5T1370653,JM3KKCHD5T1370653,2/03/26,M21230
APRIL26,173,matched,2026 Mazda C90 PR XA,JM3KKCHD5T1377277,377277,47851.0,-47851.0,377277,2026 MAZDA CX-90        3/04/26  JM3KKCHD5T1377277,JM3KKCHD5T1377277,3/04/26,M21341
APRIL26,174,matched,2026 Mazda C90 PR XA,JM3KKCHD8T1358559,358559,47891.0,-47891.0,358559,HILEY                  11/25/25  JM3KKCHD8T1358559,JM3KKCHD8T1358559,11/25/25,M20953
APRIL26,175,matched,2026 Mazda C90 PR XA,JM3KKCHD1T1376806,376806,47971.0,-47971.0,376806,2026 MAZDA CX-90        3/11/26  JM3KKCHD1T1376806,JM3KKCHD1T1376806,3/11/26,M21268
APRIL26,176,matched,2026 Mazda C90 PR XA,JM3KKCHD7T1387129,387129,48019.0,-48019.0,387129,2026 MAZDA CX-90        4/13/26  JM3KKCHD7T1387129,JM3KKCHD7T1387129,4/13/26,M21561
APRIL26,177,matched,2026 Mazda C90 PR XA,JM3KKCHD5T1372015,372015,48051.0,-48051.0,372015,2026 MAZDA CX-90        2/02/26  JM3KKCHD5T1372015,JM3KKCHD5T1372015,2/02/26,M21231
APRIL26,178,matched,2026 Mazda C90 PR XA,JM3KKCHD9T1372793,372793,48151.0,-48151.0,372793,2026 MAZDA CX-90        2/13/26  JM3KKCHD9T1372793,JM3KKCHD9T1372793,2/13/26,M21291
APRIL26,179,matched,2026 Mazda C90 PR XA,JM3KKCHD3T1378072,378072,48399.0,-48399.0,378072,2026 MAZDA CX-90        3/14/26  JM3KKCHD3T1378072,JM3KKCHD3T1378072,3/14/26,M21340
APRIL26,180,matched,2026 Mazda C90,JM3KKCHD2T1352062,352062,48415.0,-48415.0,352062,HILEY LOANER           11/17/25  JM3KKCHD2T1352062,JM3KKCHD2T1352062,11/17/25,M20993
APRIL26,181,matched,2026 Mazda C90 PR XA,JM3KKCHD1T1352117,352117,48675.0,-48675.0,352117,HILEY                  10/19/25  JM3KKCHD1T1352117,JM3KKCHD1T1352117,10/19/25,M20813
APRIL26,182,matched,2026 Mazda C70 PP XA,JM3KJEHD5T1203174,203174,50705.0,-50705.0,203174,2026 MAZDA CX-70        1/22/26  JM3KJEHD5T1203174,JM3KJEHD5T1203174,1/22/26,M21218
APRIL26,183,matched,2026 Mazda C70 PP XA,JM3KJEHD2T1203536,203536,50705.0,-50705.0,203536,2026 MAZDA CX-70        2/02/26  JM3KJEHD2T1203536,JM3KJEHD2T1203536,2/02/26,M21215
APRIL26,184,matched,2026 Mazda C70 PP XA,JM3KJEHD1T1203401,203401,50825.0,-50825.0,203401,2026 MAZDA CX-70        2/06/26  JM3KJEHD1T1203401,JM3KJEHD1T1203401,2/06/26,M21214
APRIL26,185,matched,2026 Mazda C70 PP XA,JM3KJEHD4T1203960,203960,50825.0,-50825.0,203960,2026 MAZDA CX-70        2/09/26  JM3KJEHD4T1203960,JM3KJEHD4T1203960,2/09/26,M21216
APRIL26,186,matched,2026 Mazda C70 PP XA,JM3KJEHD0T1202353,202353,50965.0,-50965.0,202353,2026 MAZDA CX-70       12/30/25  JM3KJEHD0T1202353,JM3KJEHD0T1202353,12/30/25,M21090
APRIL26,187,matched,2026 Mazda C90 PP XA,JM3KKEHD7T1374456,374456,51143.0,-51143.0,374456,2026 MAZDA CX-90        2/14/26  JM3KKEHD7T1374456,JM3KKEHD7T1374456,2/14/26,M21247
APRIL26,188,matched,2026 Mazda C90 PP XA,JM3KKEHD3T1358545,358545,51323.0,-51323.0,358545,HILEY SERVICE LOANER   12/01/25  JM3KKEHD3T1358545,JM3KKEHD3T1358545,12/01/25,M20949
APRIL26,189,matched,2026 Mazda C90 PP XA,JM3KKEHD3T1360361,360361,51323.0,-51323.0,360361,2026 MAZDA CX-90       12/06/25  JM3KKEHD3T1360361,JM3KKEHD3T1360361,12/06/25,M21077
APRIL26,190,matched,2026 Mazda C90 PP XA,JM3KKEHD4T1358778,358778,51587.0,-51587.0,358778,2026 MAZDA CX-90       12/09/25  JM3KKEHD4T1358778,JM3KKEHD4T1358778,12/09/25,M20951
APRIL26,191,matched,2026 Mazda C90 PP XA,JM3KKEHD0T1365601,365601,51587.0,-51587.0,365601,2026 MAZDA CX-90       12/30/25  JM3KKEHD0T1365601,JM3KKEHD0T1365601,12/30/25,M21096
APRIL26,192,matched,2026 Mazda C90 PP XA,JM3KKEHD4T1358196,358196,51667.0,-51667.0,358196,2026 MAZDA CX-90       11/24/25  JM3KKEHD4T1358196,JM3KKEHD4T1358196,11/24/25,M20950
APRIL26,193,matched,2026 Mazda C90 PP XA,JM3KKEHD4T1365617,365617,51667.0,-51667.0,365617,2026 MAZDA CX-90       12/30/25  JM3KKEHD4T1365617,JM3KKEHD4T1365617,12/30/25,M21097
APRIL26,194,matched,2026 Mazda C90 PP XA,JM3KKEHD4T1359218,359218,51847.0,-51847.0,359218,2026 MAZDA CX-90       12/05/25  JM3KKEHD4T1359218,JM3KKEHD4T1359218,12/05/25,M20957
APRIL26,195,matched,2026 Mazda C90 PP XA,JM3KKEHD5T1364315,364315,51847.0,-51847.0,364315,2026 MAZDA CX-90       12/18/25  JM3KKEHD5T1364315,JM3KKEHD5T1364315,12/18/25,M21098
APRIL26,196,matched,2026 Mazda C90 PP XA,JM3KKEHD3T1372252,372252,51847.0,-51847.0,372252,2026 MAZDA CX-90        2/03/26  JM3KKEHD3T1372252,JM3KKEHD3T1372252,2/03/26,M21225
APRIL26,197,matched,2026 Mazda C70 SPR XA,JM3KJDHC2T1205675,205675,54399.0,-54399.0,205675,"ROSENTHAL, CANDICE DI   3/20/26  JM3KJDHC2T1205675",JM3KJDHC2T1205675,3/20/26,M21338
APRIL26,198,matched,2026 Mazda C70 SPR XA,JM3KJDHC6T1204299,204299,54443.0,-54443.0,204299,2026 MAZDA CX-70        2/14/26  JM3KJDHC6T1204299,JM3KJDHC6T1204299,2/14/26,M21297
APRIL26,199,matched,2026 Mazda C70 SPR XA,JM3KJDHC4T1205046,205046,54663.0,-54663.0,205046,2026 MAZDA CX-70        2/27/26  JM3KJDHC4T1205046,JM3KJDHC4T1205046,2/27/26,M21265
APRIL26,200,matched,2026 Mazda C70 SPR XA,JM3KJDHCXT1207853,207853,54663.0,-54663.0,207853,2026 MAZDA CX-70        4/22/26  JM3KJDHCXT1207853,JM3KJDHCXT1207853,4/22/26,M21558
APRIL26,201,matched,2026 Mazda C90 SPR XA,JM3KKDHC5T1376689,376689,54757.0,-54757.0,376689,2026 MAZDA CX-90        3/04/26  JM3KKDHC5T1376689,JM3KKDHC5T1376689,3/04/26,M21269
APRIL26,202,matched,2026 Mazda C90 SPR XA,JM3KKDHC9T1364061,364061,55225.0,-55225.0,364061,2026 MAZDA CX-90       12/18/25  JM3KKDHC9T1364061,JM3KKDHC9T1364061,12/18/25,M21105
APRIL26,203,matched,2026 Mazda C90 SPR XA,JM3KKDHC0T1372758,372758,55461.0,-55461.0,372758,2026 MAZDA CX-90        2/06/26  JM3KKDHC0T1372758,JM3KKDHC0T1372758,2/06/26,M21237
APRIL26,204,matched,2026 Mazda C70 SPP XA,JM3KJEHC4T1207594,207594,57827.0,-57827.0,207594,2026 MAZDA CX-70        4/14/26  JM3KJEHC4T1207594,JM3KJEHC4T1207594,4/14/26,M21468
APRIL26,205,matched,2026 Mazda C70 SPP XA,JM3KJEHC1T1205088,205088,58179.0,-58179.0,205088,HILEY                   3/02/26  JM3KJEHC1T1205088,JM3KJEHC1T1205088,3/02/26,M21264
APRIL26,206,matched,2026 Mazda C90 SPP XA,JM3KKEHC7T1387103,387103,58306.0,-58306.0,387103,2026 MAZDA CX-90        4/14/26  JM3KKEHC7T1387103,JM3KKEHC7T1387103,4/14/26,M21562
