FORT WORTH,Serial No/VIN,VIN6,Ending Balance, 2100        ,VIN6,Description,Control    
2026 Buick BUCK ENVIST,KL47LAEP1TB210823,210823,"$25,996.30 "," (25,996.30)",210823,2026 BUICK ENVISTA      4/29/26  KL47LAEP1TB210823,B36781
2026 Buick BUCK ENVIST,KL47LAEP3TB210824,210824,"$25,996.30 ",,,,
2026 Buick BUCK ENVIST,KL47LAEP9TB208821,208821,"$26,454.18 ",,,,
2026 Buick BUCK ENVIST,KL47LAEP0TB210490,210490,"$26,454.18 ",,,,
2026 Subaru CROSSTREK5 DO,4S4GUHD68T3706986,706986,"$26,459.00 "," (26,459.00)",706986,2026 SUBARU CROSSTREK   1/29/26  4S4GUHD68T3706986,R4612
2026 Subaru CROSSTREK5 DO,4S4GUHD64T3769552,769552,"$26,552.00 "," (26,552.00)",769552,SUBARU LOANER           4/24/26  4S4GUHD64T3769552,R5282
2026 Subaru CROSSTREK5 DO,4S4GUHD66T3735807,735807,"$26,921.00 ",,,,
2026 Buick ENVISTA,KL47LAEPXTB068648,068648,"$26,925.61 "," (26,925.61)",068648,2026 BUICK ENVISTA      2/17/26  KL47LAEPXTB068648,B36263
2026 Subaru CROSSTREK5 DO,4S4GUHB68T3742471,742471,"$27,270.00 "," (27,270.00)",742471,2026 SUBARU CROSSTREK   2/20/26  4S4GUHB68T3742471,R4983
2026 Subaru IMPREZA5 DOOR,JF1GUAFC3T8238561,238561,"$27,310.00 "," (27,310.00)",238561,"ACOSTA, DARWIN PEREZ    3/24/26  JF1GUAFC3T8238561",R5137
2026 Buick BUCK ENVIST,KL47LAEP4TB093464,093464,"$27,427.03 "," (27,427.03)",093464,2026 BUICK ENVISTA     12/04/25  KL47LAEP4TB093464,B35956
2026 Buick BUCK ENVIST,KL47LBEP4TB201930,201930,"$27,464.80 ",,,,
2026 Buick BUCK ENVIST,KL47LBEP5TB204089,204089,"$27,464.80 ",,,,
2026 Buick BUCK ENVIST,KL47LAEP3TB102154,102154,"$27,467.05 "," (27,467.05)",102154,2026 BUICK ENVISTA      1/09/26  KL47LAEP3TB102154,B36141
2026 Buick BUCK ENVIST,KL47LAEP7TB113609,113609,"$27,467.05 "," (27,467.05)",113609,2026 BUICK ENVISTA     12/29/25  KL47LAEP7TB113609,B36103
2026 Buick BUCK ENVIST,KL47LAEP6TB117232,117232,"$27,467.05 "," (27,467.05)",117232,2026 BUICK ENVISTA     12/29/25  KL47LAEP6TB117232,B36105
2026 Buick BUCK ENVIST,KL47LAEP8TB081642,081642,"$27,560.45 "," (27,560.45)",081642,2026 BUICK ENVISTA     11/18/25  KL47LAEP8TB081642,B35870
2026 Buick BUCK ENCOR G,KL4AMBSL3TB207349,207349,"$27,830.18 ",,,,
2026 Buick BUCK ENCOR G,KL4AMBSL5TB211578,211578,"$27,830.18 ",,,,
2026 Buick BUCK ENVIST,KL47LBEP9TB203270,203270,"$27,922.68 ",,,,
2026 Buick BUCK ENVIST,KL47LBEP6TB203727,203727,"$27,922.68 ",,,,
2026 Buick BUCK ENVIST,KL47LAEP3TB104485,104485,"$27,924.93 "," (27,924.93)",104485,2026 BUICK ENVISTA      1/05/26  KL47LAEP3TB104485,B36123
2026 Buick BUCK ENVIST,KL47LAEP3TB106494,106494,"$27,924.93 "," (27,924.93)",106494,2026 BUICK ENVISTA      1/16/26  KL47LAEP3TB106494,B36156
2026 Buick BUCK ENVIST,KL47LAEP2TB109029,109029,"$27,924.93 "," (27,924.93)",109029,2026 BUICK ENVISTA      1/20/26  KL47LAEP2TB109029,B36163
2026 Buick BUCK ENVIST,KL47LAEPXTB110719,110719,"$27,924.93 "," (27,924.93)",110719,2026 BUICK ENVISTA      1/20/26  KL47LAEPXTB110719,B36165
2026 Buick BUCK ENVIST,KL47LAEP3TB115132,115132,"$27,924.93 "," (27,924.93)",115132,2026 BUICK ENVISTA      2/11/26  KL47LAEP3TB115132,B36249
2026 Buick BUCK ENVIST,KL47LAEP2TB115137,115137,"$27,924.93 "," (27,924.93)",115137,2026 BUICK ENVISTA      2/11/26  KL47LAEP2TB115137,B36250
2026 Buick BUCK ENVIST,KL47LAEP4TB115138,115138,"$27,924.93 "," (27,924.93)",115138,2026 BUICK ENVISTA      2/11/26  KL47LAEP4TB115138,B36259
2026 Buick BUCK ENVIST,KL47LAEP8TB116521,116521,"$27,924.93 "," (27,924.93)",116521,2026 BUICK ENVISTA     12/29/25  KL47LAEP8TB116521,B36102
2026 Buick BUCK ENVIST,KL47LAEP1TB116571,116571,"$27,924.93 "," (27,924.93)",116571,2026 BUICK ENVISTA      1/05/26  KL47LAEP1TB116571,B36122
2026 Buick BUCK ENVIST,KL47LAEP9TB121677,121677,"$28,017.43 "," (28,017.43)",121677,2026 BUICK ENVISTA      2/09/26  KL47LAEP9TB121677,B36227
2026 Buick BUCK ENVIST,KL47LAEP3TB121691,121691,"$28,017.43 "," (28,017.43)",121691,2026 BUICK ENVISTA      2/04/26  KL47LAEP3TB121691,B36205
2026 Buick BUCK ENVIST,KL47LAEP6TB121703,121703,"$28,017.43 "," (28,017.43)",121703,2026 BUICK ENVISTA      2/09/26  KL47LAEP6TB121703,B36239
2026 Buick BUCK ENVIST,KL47LAEP8TB121704,121704,"$28,017.43 "," (28,017.43)",121704,2026 BUICK ENVISTA      2/11/26  KL47LAEP8TB121704,B36256
2026 Buick BUCK ENVIST,KL47LAEP3TB121710,121710,"$28,017.43 "," (28,017.43)",121710,2026 BUICK ENVISTA      2/11/26  KL47LAEP3TB121710,B36257
2026 Buick BUCK ENVIST,KL47LAEP6TB121717,121717,"$28,017.43 "," (28,017.43)",121717,2026 BUICK ENVISTA      2/11/26  KL47LAEP6TB121717,B36258
2026 Buick BUCK ENVIST,KL47LAEPXTB136379,136379,"$28,017.43 "," (28,017.43)",136379,2026 BUICK ENVISTA      2/09/26  KL47LAEPXTB136379,B36241
2026 Buick BUCK ENVIST,KL47LAEP5TB136385,136385,"$28,017.43 "," (28,017.43)",136385,2026 BUICK ENVISTA      2/16/26  KL47LAEP5TB136385,B36299
2026 Buick BUCK ENVIST,KL47LAEP0TB138576,138576,"$28,017.43 "," (28,017.43)",138576,2026 BUICK ENVISTA      3/26/26  KL47LAEP0TB138576,B36591
2026 Buick BUCK ENVIST,KL47LAEP7TB140504,140504,"$28,017.43 "," (28,017.43)",140504,2026 BUICK ENVISTA      2/16/26  KL47LAEP7TB140504,B36293
2026 Buick BUCK ENVIST,KL47LAEP8TB168540,168540,"$28,017.43 "," (28,017.43)",168540,2026 BUICK ENVISTA      3/09/26  KL47LAEP8TB168540,B36400
2026 Buick BUCK ENCOR G,KL4AMBSL8TB205984,205984,"$28,288.05 "," (28,288.05)",205984,2026 BUICK ENCORE GX    4/29/26  KL4AMBSL8TB205984,B36785
2026 Buick BUCK ENCOR G,KL4AMBSL8TB207234,207234,"$28,288.05 ",,,,
2026 Buick BUCK ENCOR G,KL4AMBSL1TB207737,207737,"$28,288.05 ",,,,
2026 Buick BUCK ENCOR G,KL4AMBSL0TB207809,207809,"$28,288.05 ",,,,
2026 Buick BUCK ENCOR G,KL4AMBSLXTB207896,207896,"$28,288.05 ",,,,
2026 Buick BUCK ENCOR G,KL4AMBSL4TB207926,207926,"$28,288.05 ",,,,
2026 Buick BUCK ENCOR G,KL4AMBSLXTB208059,208059,"$28,288.05 "," (28,288.05)",208059,2026 BUICK ENCORE GX    4/28/26  KL4AMBSLXTB208059,B36761
2026 Buick BUCK ENCOR G,KL4AMBSL1TB208211,208211,"$28,288.05 "," (28,288.05)",208211,2026 BUICK ENCORE GX    4/29/26  KL4AMBSL1TB208211,B36784
2026 Subaru CROSSTREK5 DO,4S4GUHD64T3769342,769342,"$28,456.00 "," (28,456.00)",769342,SUBARU LOANER           4/24/26  4S4GUHD64T3769342,R5281
2026 Buick BUCK ENVIST,KL47LAEP1TB120667,120667,"$28,475.30 "," (28,475.30)",120667,2026 BUICK ENVISTA      2/18/26  KL47LAEP1TB120667,B36327
2026 Buick BUCK ENVIST,KL47LAEP5TB120705,120705,"$28,475.30 "," (28,475.30)",120705,2026 BUICK ENVISTA      2/04/26  KL47LAEP5TB120705,B36203
2026 Buick BUCK ENVIST,KL47LAEP5TB120719,120719,"$28,475.30 "," (28,475.30)",120719,2026 BUICK ENVISTA      2/11/26  KL47LAEP5TB120719,B36260
2026 Buick BUCK ENVIST,KL47LAEP3TB120749,120749,"$28,475.30 "," (28,475.30)",120749,2026 BUICK ENVISTA      2/02/26  KL47LAEP3TB120749,B36197
2026 Buick BUCK ENVIST,KL47LAEP0TB120756,120756,"$28,475.30 "," (28,475.30)",120756,2026 BUICK ENVISTA      2/02/26  KL47LAEP0TB120756,B36196
2026 Buick BUCK ENVIST,KL47LAEP2TB120757,120757,"$28,475.30 "," (28,475.30)",120757,2026 BUICK ENVISTA      2/04/26  KL47LAEP2TB120757,B36204
2026 Buick BUCK ENVIST,KL47LAEP1TB121091,121091,"$28,475.30 "," (28,475.30)",121091,2026 BUICK ENVISTA      2/03/26  KL47LAEP1TB121091,B36202
2026 Buick BUCK ENVIST,KL47LAEP4TB121098,121098,"$28,475.30 "," (28,475.30)",121098,2026 BUICK ENVISTA      2/04/26  KL47LAEP4TB121098,B36206
2026 Buick BUCK ENVIST,KL47LAEP5TB121143,121143,"$28,475.30 "," (28,475.30)",121143,2026 BUICK ENVISTA      2/02/26  KL47LAEP5TB121143,B36198
2026 Buick BUCK ENVIST,KL47LAEP9TB121162,121162,"$28,475.30 "," (28,475.30)",121162,2026 BUICK ENVISTA      2/02/26  KL47LAEP9TB121162,B36199
2026 Buick BUCK ENVIST,KL47LAEP1TB135640,135640,"$28,475.30 "," (28,475.30)",135640,2026 BUICK ENVISTA      2/09/26  KL47LAEP1TB135640,B36240
2026 Buick BUCK ENVIST,KL47LAEP1TB136321,136321,"$28,475.30 "," (28,475.30)",136321,2026 BUICK ENVISTA      2/16/26  KL47LAEP1TB136321,B36292
2026 Buick BUCK ENVIST,KL47LAEP8TB138583,138583,"$28,475.30 "," (28,475.30)",138583,2026 BUICK ENVISTA      3/27/26  KL47LAEP8TB138583,B36609
2026 Buick BUCK ENVIST,KL47LAEPXTB139072,139072,"$28,475.30 "," (28,475.30)",139072,2026 BUICK ENVISTA      2/16/26  KL47LAEPXTB139072,B36304
2026 Buick BUCK ENVIST,KL47LAEP0TB139078,139078,"$28,475.30 "," (28,475.30)",139078,2026 BUICK ENVISTA      2/16/26  KL47LAEP0TB139078,B36300
2026 Buick BUCK ENVIST,KL47LAEP2TB139079,139079,"$28,475.30 "," (28,475.30)",139079,2026 BUICK ENVISTA      3/16/26  KL47LAEP2TB139079,B36462
2026 Buick BUCK ENVIST,KL47LAEP4TB167370,167370,"$28,475.30 "," (28,475.30)",167370,2026 BUICK ENVISTA      3/09/26  KL47LAEP4TB167370,B36399
2026 Buick BUCK ENVIST,KL47LAEP0TB167754,167754,"$28,475.30 "," (28,475.30)",167754,2026 BUICK ENVISTA      3/10/26  KL47LAEP0TB167754,B36416
2026 Buick BUCK ENVIST,KL47LAEP3TB170485,170485,"$28,475.30 "," (28,475.30)",170485,2026 BUICK ENVISTA      3/17/26  KL47LAEP3TB170485,B36468
2026 Buick BUCK ENVIST,KL47LAEP3TB180966,180966,"$28,475.30 "," (28,475.30)",180966,2026 BUICK ENVISTA      4/03/26  KL47LAEP3TB180966,B36680
2026 Subaru CROSSTREK5 DO,4S4GUHD6XT3750309,750309,"$28,522.00 "," (28,522.00)",750309,"POMALES, TAMARA CLAIR   3/06/26  4S4GUHD6XT3750309",R5053
2026 Subaru CROSSTREK5 DO,4S4GUHD65T3756020,756020,"$28,654.00 "," (28,654.00)",756020,2026 SUBARU CROSSTREK   3/20/26  4S4GUHD65T3756020,R5104
2026 Subaru CROSSTREK5 DO,4S4GUHD64T3756073,756073,"$28,654.00 "," (28,654.00)",756073,2026 SUBARU CROSSTREK   3/31/26  4S4GUHD64T3756073,R5193
2026 Subaru CROSSTREK5 DO,4S4GUHD67T3756181,756181,"$28,654.00 "," (28,654.00)",756181,2026 SUBARU CROSSTREK   3/20/26  4S4GUHD67T3756181,R5107
2026 Subaru CROSSTREK5 DO,4S4GUHD68T3756254,756254,"$28,654.00 "," (28,654.00)",756254,2026 SUBARU CROSSTREK   3/30/26  4S4GUHD68T3756254,R5187
2026 Subaru CROSSTREK5 DO,4S4GUHD66T3756365,756365,"$28,654.00 "," (28,654.00)",756365,2026 SUBARU CROSSTREK   3/20/26  4S4GUHD66T3756365,R5105
2026 Subaru CROSSTREK5 DO,4S4GUHD64T3730606,730606,"$28,669.00 "," (28,669.00)",730606,"RIVAS, OWARD ENRIQUE    1/21/26  4S4GUHD64T3730606",R4881
2026 Buick BUCK ENCOR G,KL4AMDSL1TB206938,206938,"$28,819.98 ",,,,
2026 Buick BUCK ENCOR G,KL4AMDSL8TB208086,208086,"$28,819.98 ",,,,
2026 Buick BUCK ENVIST,KL47LBEP0TB160471,160471,"$28,843.05 "," (28,843.05)",160471,"WEBB, STACEY ELIZABET   3/09/26  KL47LBEP0TB160471",B36403
2026 Buick BUCK ENVIST,KL47LBEP8TB160590,160590,"$28,843.05 "," (28,843.05)",160590,"FULLER, ANA CHRISTY R   3/04/26  KL47LBEP8TB160590",B36367
2026 Buick BUCK ENVIST,KL47LBEP7TB163741,163741,"$28,843.05 "," (28,843.05)",163741,"WATSON, HARLI SHAYNE    4/09/26  KL47LBEP7TB163741",B36703
,,,," (28,891.00)",735807,SUBARU LOANER           1/29/26  4S4GUHD66T3735807,R4902
2025 Subaru CROSSTREK5 DO,4S4GUHF67S3767712,767712,"$28,925.00 "," (28,925.00)",767712,SUBARU LOANER          12/31/25  4S4GUHF67S3767712,R4370
2026 Subaru CROSSTREK5 DO,4S4GUHF68T3717905,717905,"$29,134.00 "," (29,134.00)",717905,2026 SUBARU CROSSTREK   4/14/26  4S4GUHF68T3717905,R4705
2026 Subaru CROSSTREK5 DO,4S4GUHF6XT3723124,723124,"$29,134.00 ",,,,
2026 Buick ENVISTA,KL47LBEP0TB119872,119872,"$29,160.01 "," (29,160.01)",119872,"SHELTON, JEFFERY WILL   2/17/26  KL47LBEP0TB119872",B36267
2026 Subaru CROSSTREK5 DO,4S4GUHF63T3704821,704821,"$29,240.00 "," (29,240.00)",704821,4S4GUHF63T3704821,R4589
2026 Buick BUCK ENCOR G,KL4AMDSL5TB206974,206974,"$29,277.85 ",,,,
2026 Buick BUCK ENCOR G,KL4AMDSL7TB207267,207267,"$29,277.85 ",,,,
2026 Buick BUCK ENCOR G,KL4AMDSL5TB207655,207655,"$29,277.85 ",,,,
2026 Buick BUCK ENCOR G,KL4AMDSL0TB207904,207904,"$29,277.85 ",,,,
2026 Buick BUCK ENCOR G,KL4AMDSL2TB207919,207919,"$29,277.85 "," (29,277.85)",207919,2026 BUICK ENCORE GX    4/29/26  KL4AMDSL2TB207919,B36782
2026 Buick BUCK ENCOR G,KL4AMDSL2TB208035,208035,"$29,277.85 "," (29,277.85)",208035,2026 BUICK ENCORE GX    4/29/26  KL4AMDSL2TB208035,B36783
2026 Buick BUCK ENCOR G,KL4AMDSL7TB211500,211500,"$29,277.85 ",,,,
2026 Buick BUCK ENVIST,KL47LBEP0TB145825,145825,"$29,300.93 "," (29,300.93)",145825,"SANDERS, MARIAH CUREI   2/25/26  KL47LBEP0TB145825",B36349
2026 Buick BUCK ENVIST,KL47LBEP6TB146672,146672,"$29,300.93 "," (29,300.93)",146672,2026 BUICK ENVISTA      2/25/26  KL47LBEP6TB146672,B36351
2026 Buick BUCK ENVIST,KL47LBEP4TB160330,160330,"$29,300.93 "," (29,300.93)",160330,2026 BUICK ENVISTA      3/04/26  KL47LBEP4TB160330,B36366
2026 Buick BUCK ENVIST,KL47LBEP0TB164519,164519,"$29,300.93 "," (29,300.93)",164519,2026 BUICK ENVISTA      3/04/26  KL47LBEP0TB164519,B36365
2026 Buick BUCK ENVIST,KL47LBEP6TB148521,148521,"$29,393.43 "," (29,393.43)",148521,2026 BUICK ENVISTA      2/16/26  KL47LBEP6TB148521,B36305
2026 Buick BUCK ENVIST,KL47LBEP7TB152920,152920,"$29,393.43 "," (29,393.43)",152920,2026 BUICK ENVISTA      3/26/26  KL47LBEP7TB152920,B36592
2026 Buick BUCK ENVIST,KL47LBEP9TB152921,152921,"$29,393.43 "," (29,393.43)",152921,2026 BUICK ENVISTA      3/26/26  KL47LBEP9TB152921,B36593
2026 Buick BUCK ENVIST,KL47LBEP1TB152945,152945,"$29,393.43 "," (29,393.43)",152945,2026 BUICK ENVISTA      3/11/26  KL47LBEP1TB152945,B36430
2026 Buick BUCK ENVIST,KL47LBEP7TB166705,166705,"$29,393.43 "," (29,393.43)",166705,2026 BUICK ENVISTA      3/09/26  KL47LBEP7TB166705,B36401
2026 Buick BUCK ENVIST,KL47LBEP0TB166755,166755,"$29,393.43 "," (29,393.43)",166755,2026 BUICK ENVISTA      3/09/26  KL47LBEP0TB166755,B36392
2026 Buick BUCK ENVIST,KL47LBEP0TB168621,168621,"$29,393.43 "," (29,393.43)",168621,2026 BUICK ENVISTA      3/09/26  KL47LBEP0TB168621,B36402
2026 Buick BUCK ENVIST,KL47LBEP6TB169756,169756,"$29,393.43 "," (29,393.43)",169756,2026 BUICK ENVISTA      3/17/26  KL47LBEP6TB169756,B36470
2026 Buick BUCK ENVIST,KL47LBEP6TB063551,063551,"$29,496.80 "," (29,496.80)",063551,2026 BUICK ENVISTA     10/06/25  KL47LBEP6TB063551,B35520
2026 Buick BUCK ENCOR G,KL4AMDSL2TB166157,166157,"$29,559.98 "," (29,559.98)",166157,"DONAHOO, TATUM TAYLOR   3/05/26  KL4AMDSL2TB166157",B36377
2026 Buick BUCK ENCOR G,KL4AMDSL5TB167884,167884,"$29,559.98 "," (29,559.98)",167884,2026 BUICK ENCORE GX    3/09/26  KL4AMDSL5TB167884,B36397
2026 Buick BUCK ENCOR G,KL4AMDSL3TB169942,169942,"$29,559.98 "," (29,559.98)",169942,2026 BUICK ENCORE GX    3/23/26  KL4AMDSL3TB169942,B36519
2026 Buick BUCK ENCOR G,KL4AMDSL7TB170155,170155,"$29,559.98 "," (29,559.98)",170155,2026 BUICK ENCORE GX    3/27/26  KL4AMDSL7TB170155,B36628
2026 Buick BUCK ENCOR G,KL4AMDSL2TB170189,170189,"$29,559.98 "," (29,559.98)",170189,"VASQUEZ, JENNIFER LYN   3/18/26  KL4AMDSL2TB170189",B36479
2026 Buick BUCK ENCOR G,KL4AMDSLXTB034554,034554,"$29,648.45 "," (29,648.45)",034554,2026 BUICK ENCORE GX    7/30/25  KL4AMDSLXTB034554,B35056
2026 Buick BUCK ENCOR G,KL4AMDSL2TB153635,153635,"$29,652.48 "," (29,652.48)",153635,2026 BUICK ENCORE GX    3/13/26  KL4AMDSL2TB153635,B36450
2026 Buick BUCK ENCOR G,KL4AMDSLXTB158808,158808,"$29,652.48 "," (29,652.48)",158808,2026 BUICK ENCORE GX    3/10/26  KL4AMDSLXTB158808,B36420
2026 Buick BUCK ENVIST,KL47LBEP4TB126842,126842,"$29,851.30 "," (29,851.30)",126842,"ROBERTS, AUSTIN ROSS    2/10/26  KL47LBEP4TB126842",B36242
2026 Buick BUCK ENVIST,KL47LBEP0TB126935,126935,"$29,851.30 "," (29,851.30)",126935,"ALVORD, EMMA GRACE      2/09/26  KL47LBEP0TB126935",B36231
2026 Buick BUCK ENVIST,KL47LBEP8TB127007,127007,"$29,851.30 "," (29,851.30)",127007,2026 BUICK ENVISTA      2/10/26  KL47LBEP8TB127007,B36244
2026 Buick BUCK ENVIST,KL47LBEP4TB127084,127084,"$29,851.30 "," (29,851.30)",127084,2026 BUICK ENVISTA      2/09/26  KL47LBEP4TB127084,B36229
2026 Buick BUCK ENVIST,KL47LBEP6TB150673,150673,"$29,851.30 "," (29,851.30)",150673,2026 BUICK ENVISTA      3/13/26  KL47LBEP6TB150673,B36449
2026 Buick BUCK ENVIST,KL47LBEP5TB150695,150695,"$29,851.30 "," (29,851.30)",150695,2026 BUICK ENVISTA      2/16/26  KL47LBEP5TB150695,B36296
2026 Buick BUCK ENVIST,KL47LBEP7TB150701,150701,"$29,851.30 "," (29,851.30)",150701,2026 BUICK ENVISTA      2/16/26  KL47LBEP7TB150701,B36297
2026 Buick BUCK ENVIST,KL47LBEP4TB151532,151532,"$29,851.30 "," (29,851.30)",151532,"GREENWELL, CHANDLER S   2/16/26  KL47LBEP4TB151532",B36295
2026 Buick BUCK ENVIST,KL47LBEP0TB154430,154430,"$29,851.30 "," (29,851.30)",154430,2026 BUICK ENVISTA      3/23/26  KL47LBEP0TB154430,B36539
2026 Buick BUCK ENVIST,KL47LBEP9TB167810,167810,"$29,851.30 "," (29,851.30)",167810,"JOHNSTON, MICHAEL S     3/09/26  KL47LBEP9TB167810",B36393
2026 Buick BUCK ENVIST,KL47LBEP0TB167811,167811,"$29,851.30 "," (29,851.30)",167811,"MUNOZ, ARELY YAJAIRA    3/10/26  KL47LBEP0TB167811",B36418
2026 Buick BUCK ENVIST,KL47LBEP8TB167846,167846,"$29,851.30 "," (29,851.30)",167846,"PAINE, WILLIAM DANIEL   3/10/26  KL47LBEP8TB167846",B36419
2026 Buick BUCK ENVIST,KL47LBEP0TB168392,168392,"$29,851.30 "," (29,851.30)",168392,2026 BUICK ENVISTA      3/09/26  KL47LBEP0TB168392,B36404
2026 Buick BUCK ENVIST,KL47LBEP6TB170499,170499,"$29,851.30 "," (29,851.30)",170499,"TORBERT, JACQUELYN K    3/17/26  KL47LBEP6TB170499",B36469
2026 Buick BUCK ENVIST,KL47LBEP7TB170513,170513,"$29,851.30 "," (29,851.30)",170513,2026 BUICK ENVISTA      4/01/26  KL47LBEP7TB170513,B36659
2026 Buick BUCK ENCOR G,KL4AMDSL1TB170149,170149,"$30,017.85 "," (30,017.85)",170149,2026 BUICK ENCORE GX    3/20/26  KL4AMDSL1TB170149,B36514
2026 Buick BUCK ENCOR G,KL4AMDSLXTB174099,174099,"$30,017.85 ",,,,
2026 Buick BUCK ENCOR G,KL4AMDSL3TB153059,153059,"$30,110.35 "," (30,110.35)",153059,2026 BUICK ENCORE GX    3/11/26  KL4AMDSL3TB153059,B36431
2026 Buick BUCK ENCOR G,KL4AMDSL3TB153336,153336,"$30,110.35 "," (30,110.35)",153336,2026 BUICK ENCORE GX    3/16/26  KL4AMDSL3TB153336,B36463
2026 Buick BUCK ENCOR G,KL4AMDSL3TB156107,156107,"$30,110.35 "," (30,110.35)",156107,2026 BUICK ENCORE GX    3/17/26  KL4AMDSL3TB156107,B36472
2026 Buick BUCK ENCOR G,KL4AMDSL8TB156121,156121,"$30,110.35 "," (30,110.35)",156121,2026 BUICK ENCORE GX    3/25/26  KL4AMDSL8TB156121,B36575
2026 Buick BUCK ENCOR G,KL4AMDSL0TB156338,156338,"$30,110.35 "," (30,110.35)",156338,2026 BUICK ENCORE GX    3/27/26  KL4AMDSL0TB156338,B36630
2026 Buick BUCK ENCOR G,KL4AMDSL0TB156355,156355,"$30,110.35 "," (30,110.35)",156355,2026 BUICK ENCORE GX    3/23/26  KL4AMDSL0TB156355,B36520
2026 Buick BUCK ENCOR G,KL4AMDSL2TB157054,157054,"$30,110.35 "," (30,110.35)",157054,2026 BUICK ENCORE GX    3/26/26  KL4AMDSL2TB157054,B36595
2026 Buick BUCK ENCOR G,KL4AMDSLXTB157089,157089,"$30,110.35 "," (30,110.35)",157089,2026 BUICK ENCORE GX    3/27/26  KL4AMDSLXTB157089,B36610
2026 Buick BUCK ENCOR G,KL4AMDSL9TB157374,157374,"$30,110.35 "," (30,110.35)",157374,2026 BUICK ENCORE GX    3/23/26  KL4AMDSL9TB157374,B36538
2026 Subaru FORESTERSUV-,4S4SLDA67T3096850,096850,"$30,227.00 "," (30,227.00)",096850,2026 SUBARU FORESTER    4/29/26  4S4SLDA67T3096850,R5288
2026 Buick BUCK ENVIST,KL47LBEP1TB123669,123669,"$30,309.18 "," (30,309.18)",123669,2026 BUICK ENVISTA      2/09/26  KL47LBEP1TB123669,B36233
2026 Buick BUCK ENVIST,KL47LBEP5TB123755,123755,"$30,309.18 "," (30,309.18)",123755,2026 BUICK ENVISTA      2/10/26  KL47LBEP5TB123755,B36245
2026 Buick BUCK ENVIST,KL47LBEP0TB123792,123792,"$30,309.18 "," (30,309.18)",123792,2026 BUICK ENVISTA      2/09/26  KL47LBEP0TB123792,B36234
2026 Buick BUCK ENVIST,KL47LBEP7TB123837,123837,"$30,309.18 "," (30,309.18)",123837,2026 BUICK ENVISTA      2/09/26  KL47LBEP7TB123837,B36232
2026 Subaru CROSSTREK5 DO,4S4GUHD69T3745568,745568,"$30,516.00 "," (30,516.00)",745568,2026 SUBARU CROSSTREK   4/13/26  4S4GUHD69T3745568,R5060
2026 Subaru CROSSTREK5 DO,4S4GUHD6XT3751265,751265,"$30,516.00 "," (30,516.00)",751265,2026 SUBARU CROSSTREK   3/11/26  4S4GUHD6XT3751265,R5072
2026 Subaru CROSSTREK5 DO,4S4GUHD6XT3752271,752271,"$30,516.00 "," (30,516.00)",752271,"MARTINEZ, GERARDO DAN   3/24/26  4S4GUHD6XT3752271",R5132
2026 Subaru CROSSTREK5 DO,4S4GUHD6XT3752335,752335,"$30,516.00 "," (30,516.00)",752335,2026 SUBARU CROSSTREK   3/23/26  4S4GUHD6XT3752335,R5124
2025 Subaru CROSSTREK5 DO,4S4GUHF68S3767170,767170,"$30,553.00 "," (30,553.00)",767170,SUBARU LOANER          12/31/25  4S4GUHF68S3767170,R4304
2026 Buick BUCK ENCOR G,KL4AMDSL5TB149403,149403,"$30,572.85 "," (30,572.85)",149403,2026 BUICK ENCORE GX    3/23/26  KL4AMDSL5TB149403,B36518
2026 Buick BUCK ENCOR G,KL4AMDSL4TB169870,169870,"$30,572.85 "," (30,572.85)",169870,2026 BUICK ENCORE GX    3/27/26  KL4AMDSL4TB169870,B36629
2025 Subaru CROSSTREK5 DO,4S4GUHL63S3776735,776735,"$30,593.00 "," (30,593.00)",776735,SUBARU LOANER          12/31/25  4S4GUHL63S3776735,R4434
2026 Subaru FORESTERSUV-,4S4SLDA69T3096817,096817,"$30,602.00 "," (30,602.00)",096817,2026 SUBARU FORESTER    4/29/26  4S4SLDA69T3096817,R5289
,,,," (30,604.00)",772026,2026 SUBARU CROSSTREK   4/30/26  4S4GUHD69T3772026,R5299
2026 Subaru CROSSTREK5 DO,4S4GUHD65T3755689,755689,"$30,648.00 "," (30,648.00)",755689,2026 SUBARU CROSSTREK   3/25/26  4S4GUHD65T3755689,R5142
2026 Subaru CROSSTREK5 DO,4S4GUHD67T3756116,756116,"$30,648.00 "," (30,648.00)",756116,2026 SUBARU CROSSTREK   3/20/26  4S4GUHD67T3756116,R5106
2026 Subaru CROSSTREK5 DO,4S4GUHD69T3756246,756246,"$30,648.00 "," (30,648.00)",756246,"BALDWIN, LARRY K        3/31/26  4S4GUHD69T3756246",R5195
2026 Subaru CROSSTREK5 DO,4S4GUHF6XT3755653,755653,"$30,723.00 "," (30,723.00)",755653,2026 SUBARU CROSSTREK   4/07/26  4S4GUHF6XT3755653,R5216
2025 Subaru CROSSTREK5 DO,4S4GUHL6XS3768423,768423,"$30,809.00 "," (30,809.00)",768423,25 CROSSTREK 4S4GUHL6XS3768423,R4305
2026 Subaru CROSSTREK5 DO,4S4GUHL69T3715844,715844,"$30,937.00 "," (30,937.00)",715844,2026 SUBARU CROSSTREK   4/13/26  4S4GUHL69T3715844,R4696
2026 Subaru FORESTERSUVPR,4S4SLDB68T3024179,024179,"$30,971.00 "," (30,971.00)",024179,SUBARU LOANER           3/16/26  4S4SLDB68T3024179,R4704
2026 Subaru FORESTERSUVPR,4S4SLDB65T3037844,037844,"$30,973.00 "," (30,973.00)",037844,SUBARU LOANER           3/16/26  4S4SLDB65T3037844,R4811
2026 Subaru CROSSTREK5 DO,4S4GUHD67T3756164,756164,"$31,023.00 "," (31,023.00)",756164,2026 SUBARU CROSSTREK   3/31/26  4S4GUHD67T3756164,R5194
2026 Subaru CROSSTREK5 DO,4S4GUHD68T3756223,756223,"$31,023.00 "," (31,023.00)",756223,2026 SUBARU CROSSTREK   3/20/26  4S4GUHD68T3756223,R5108
2026 Subaru CROSSTREK5 DO,4S4GUHD67T3756455,756455,"$31,023.00 "," (31,023.00)",756455,2026 SUBARU CROSSTREK   3/25/26  4S4GUHD67T3756455,R5151
2026 Buick BUCK ENCOR G,KL4AMDSL6TB149023,149023,"$31,030.73 "," (31,030.73)",149023,2026 BUICK ENCORE GX    2/23/26  KL4AMDSL6TB149023,B36333
2026 Buick BUCK ENCOR G,KL4AMDSL4TB152552,152552,"$31,030.73 "," (31,030.73)",152552,"MIRANDA, TERESE YVONN   3/26/26  KL4AMDSL4TB152552",B36596
2026 Buick BUCK ENCOR G,KL4AMDSL0TB166626,166626,"$31,030.73 "," (31,030.73)",166626,"GONZALES, STELLA        3/10/26  KL4AMDSL0TB166626",B36421
,,,," (31,210.00)",723124,SUBARU LOANER          12/18/25  4S4GUHF6XT3723124,R4734
2025 Buick BUCK ENCLV P,5GAERARS9SJ168742,168742,"$31,671.50 "," (31,671.50)",168742,GMC LOANER              4/14/26  5GAERARS9SJ168742,B33974
2026 Subaru FORESTERSUVPR,4S4SLDB62T3087195,087195,"$31,672.00 "," (31,672.00)",087195,"ARRIOLA, ANGIELINA      4/07/26  4S4SLDB62T3087195",R5218
2025 GMC Truck GMC TERRN EL,3GKALMEG7TL475651,475651,"$31,855.43 "," (31,855.43)",475651,"WHITLOCK, RUTH MCDOWE   4/17/26  3GKALMEG7TL475651",G36728
2026 Subaru FORESTERSUVPR,4S4SLDD6XT3038436,038436,"$31,925.00 "," (31,925.00)",038436,SUBARU LOANER           3/16/26  4S4SLDD6XT3038436,R4845
2026 Subaru FORESTERSUVPR,4S4SLDD6XT3042826,042826,"$31,925.00 ",,,,
2025 Subaru CROSSTREK5 DO,4S4GUHM6XS3776942,776942,"$32,116.00 "," (32,116.00)",776942,SUBARU LOANER          12/31/25  4S4GUHM6XS3776942,R4440
,,,," (32,164.77)",100365,2025 GMC HUMMER EV PI   4/14/26  1GT40DDA2SU100365,G34045
2026 Subaru FORESTERSUVPR,4S4SLDB6XT3099157,099157,"$32,217.00 "," (32,217.00)",099157,HUFFINES SUBARU CORIN   4/29/26  4S4SLDB6XT3099157,R5291
2025 Subaru OUTBACKWAGONP,4S4BTADC1S3293057,293057,"$32,228.00 "," (32,228.00)",293057,SUBARU LOANER          12/31/25  4S4BTADC1S3293057,R4367
2025 Subaru OUTBACKWAGONP,4S4BTADC9S3293579,293579,"$32,228.00 "," (32,228.00)",293579,25 OUTBACK 4S4BTADC9S3293579,R4348
2025 Subaru OUTBACKWAGONP,4S4BTADC8S3293721,293721,"$32,228.00 "," (32,228.00)",293721,25 OUTBACK PREMIUM 4S4BTADC8S3293721,R4265
2025 Subaru OUTBACKWAGONP,4S4BTADC9S3330436,330436,"$32,279.00 "," (32,279.00)",330436,25 OUTBACK 4S4BTADC9S3330436,R4530
2025 Subaru CROSSTREK5 DO,4S4GUHM69S3768475,768475,"$32,332.00 "," (32,332.00)",768475,SUBARU LOANER          11/28/25  4S4GUHM69S3768475,R4271
2025 Subaru CROSSTREK5 DO,4S4GUHM67S3768622,768622,"$32,332.00 "," (32,332.00)",768622,SUBARU LOANER          11/11/25  4S4GUHM67S3768622,R4270
2026 Buick ENVISTA,KL47LCEP1TB088010,088010,"$32,404.20 "," (32,404.20)",088010,"EUBANKS III, WILLIAM    2/17/26  KL47LCEP1TB088010",B36273
2025 GMC Truck GMC TERRN EL,3GKALMEG3TL474870,474870,"$32,549.18 ",,,,
2026 Subaru FORESTERSUVPR,4S4SLDB65T3099132,099132,"$32,592.00 "," (32,592.00)",099132,"MUJDANOVIC, DAMIR       4/29/26  4S4SLDB65T3099132",R5290
2025 GMC Truck GMC TERRN EL,3GKALMEG9TL442294,442294,"$33,007.05 "," (33,007.05)",442294,2026 GMC TERRAIN        3/23/26  3GKALMEG9TL442294,G36521
2026 Subaru CROSSTREK5 DO,4S4GUHL68T3737799,737799,"$33,093.00 "," (33,093.00)",737799,2026 SUBARU CROSSTREK   2/19/26  4S4GUHL68T3737799,R4968
,,,," (33,592.00)",096577,"CASTLEBERRY, CARLOTTA   4/30/26  4S4SLDD6XT3096577",R5300
2026 Subaru FORESTERSUVSP,4S4SLDF69T3044256,044256,"$33,684.00 "," (33,684.00)",044256,SUBARU LOANER           3/16/26  4S4SLDF69T3044256,R4914
2026 Subaru CROSSTREK5 DO,4S4GUHU62T3719099,719099,"$33,808.00 "," (33,808.00)",719099,2026 SUBARU CROSSTREK   1/29/26  4S4GUHU62T3719099,R4778
2025 Subaru FORESTERSUVSP,JF2SLDFC8SH606029,606029,"$33,892.00 "," (33,892.00)",606029,SUBARU LOANER          11/26/25  JF2SLDFC8SH606029,R4550
2026 Subaru CROSSTREK5 DO,JF2GUSGD8T8232778,232778,"$34,027.00 "," (34,027.00)",232778,2026 SUBARU CROSSTREK   3/05/26  JF2GUSGD8T8232778,R5047
2026 Subaru CROSSTREK5 DO,JF2GUSGD3T8234261,234261,"$34,027.00 "," (34,027.00)",234261,2026 SUBARU CROSSTREK   3/11/26  JF2GUSGD3T8234261,R5065
,,,," (34,181.00)",094837,2026 SUBARU FORESTER    4/30/26  4S4SLSE76T3094837,R5306
,,,," (34,184.00)",042826,SUBARU LOANER           1/19/26  4S4SLDD6XT3042826,R4866
2026 Subaru FORESTERSUVSP,4S4SLDF64T3010502,010502,"$34,190.00 "," (34,190.00)",010502,2026 SUBARU FORESTER    4/13/26  4S4SLDF64T3010502,R4670
2026 Subaru CROSSTREK5 DO,JF2GUSGD8T8240511,240511,"$34,220.00 "," (34,220.00)",240511,2026 SUBARU CROSSTREK   4/10/26  JF2GUSGD8T8240511,R5241
2026 Subaru CROSSTREK5 DO,JF2GUSGD8T8240623,240623,"$34,220.00 "," (34,220.00)",240623,"GETMAN, PEGGY ANN       4/10/26  JF2GUSGD8T8240623",R5242
,,,," (34,220.00)",246485,2026 SUBARU CROSSTREK   4/30/26  JF2GUSGD8T8246485,R5316
2025 GMC Truck GMC TERRN EL,3GKALMEGXTL474705,474705,"$34,352.93 "," (34,352.93)",474705,"ESPINOSA, PAULINA       4/17/26  3GKALMEGXTL474705",G36730
2025 GMC Truck GMC TERRN EL,3GKALMEG4TL475901,475901,"$34,352.93 "," (34,352.93)",475901,2026 GMC TERRAIN        4/17/26  3GKALMEG4TL475901,G36729
2026 Subaru OUTBACKWAGONP,JF2BUPBD8TY471407,471407,"$34,513.00 "," (34,513.00)",471407,2026 SUBARU OUTBACK     4/13/26  JF2BUPBD8TY471407,R4852
2026 Subaru OUTBACKWAGONP,JF2BUPBD2TY471564,471564,"$34,513.00 "," (34,513.00)",471564,2026 SUBARU OUTBACK     4/13/26  JF2BUPBD2TY471564,R4844
2026 Subaru OUTBACKWAGONP,JF2BUPBD3TY472089,472089,"$34,513.00 ",,,,
2026 Subaru OUTBACKWAGONP,JF2BUPBD1TY472611,472611,"$34,513.00 "," (34,513.00)",472611,SUBARU LOANER           3/16/26  JF2BUPBD1TY472611,R4848
2026 Subaru OUTBACKWAGONP,JF2BUPBD6TY473737,473737,"$34,513.00 ",,,,
2026 Subaru OUTBACKWAGONP,JF2BUPBD7TY474458,474458,"$34,513.00 ",,,,
2026 Subaru FORESTERSUVSP,4S4SLDF69T3007658,007658,"$34,690.00 "," (34,690.00)",007658,SUBARU LOANER          11/11/25  4S4SLDF69T3007658,R4647
2026 Subaru FORESTERSUVPR,4S4SLSE79T3096372,096372,"$34,726.00 "," (34,726.00)",096372,"JEFFRIES, MICHAEL LEE   4/24/26  4S4SLSE79T3096372",R5285
2026 Subaru FORESTERSUVPR,4S4SLSE78T3096623,096623,"$34,726.00 "," (34,726.00)",096623,"RUIZ VAZQUEZ, ROY JOR   4/29/26  4S4SLSE78T3096623",R5293
2026 Subaru CROSSTREK5 DO,4S4GUHM68T3755458,755458,"$34,863.00 "," (34,863.00)",755458,2026 SUBARU CROSSTREK   4/07/26  4S4GUHM68T3755458,R5217
2026 Subaru CROSSTREK5 DO,4S4GUHM65T3755661,755661,"$34,863.00 "," (34,863.00)",755661,2026 SUBARU CROSSTREK   3/25/26  4S4GUHM65T3755661,R5145
2026 Subaru CROSSTREK5 DO,4S4GUHM65T3755742,755742,"$34,863.00 "," (34,863.00)",755742,2026 SUBARU CROSSTREK   3/25/26  4S4GUHM65T3755742,R5146
2026 Subaru CROSSTREK5 DO,4S4GUHM66T3755913,755913,"$34,863.00 "," (34,863.00)",755913,2026 SUBARU CROSSTREK   3/25/26  4S4GUHM66T3755913,R5152
2026 Subaru OUTBACKWAGONP,JF2BUPAD8TY500406,500406,"$34,889.00 "," (34,889.00)",500406,2026 SUBARU OUTBACK     3/17/26  JF2BUPAD8TY500406,R5083
2026 Subaru CROSSTREK5 DO,JF2GUSND6T8233558,233558,"$34,951.00 "," (34,951.00)",233558,2026 SUBARU CROSSTREK   3/05/26  JF2GUSND6T8233558,R5041
2026 Subaru CROSSTREK5 DO,JF2GUSND6T8240042,240042,"$34,951.00 "," (34,951.00)",240042,"GARRETT, KATE VIRGINI   4/03/26  JF2GUSND6T8240042",R5215
2026 Subaru FORESTERSUVSP,4S4SLDH65T3026348,026348,"$34,954.00 "," (34,954.00)",026348,SUBARU LOANER           3/16/26  4S4SLDH65T3026348,R4738
2026 Subaru FORESTERSUVSP,4S4SLDH6XT3031223,031223,"$34,954.00 "," (34,954.00)",031223,2026 SUBARU FORESTER    4/13/26  4S4SLDH6XT3031223,R4779
2026 Subaru FORESTERSUVSP,4S4SLDH68T3039644,039644,"$35,033.00 "," (35,033.00)",039644,SUBARU LOANER           3/16/26  4S4SLDH68T3039644,R4828
2026 Subaru WRX4 DOORPREM,JF1VBAH62T9804076,804076,"$35,204.00 "," (35,204.00)",804076,"HOLLEY, DALTON LOYD     4/29/26  JF1VBAH62T9804076",R5296
2026 Subaru CROSSTREK5 DO,4S4GUHM64T3755814,755814,"$35,238.00 "," (35,238.00)",755814,2026 SUBARU CROSSTREK   3/25/26  4S4GUHM64T3755814,R5144
2026 Subaru OUTBACKWAGONP,JF2BUPAD6TY514420,514420,"$35,256.00 "," (35,256.00)",514420,"REASONER, CODY          4/10/26  JF2BUPAD6TY514420",R5239
2026 Subaru OUTBACKWAGONP,JF2BUPADXTY517420,517420,"$35,256.00 "," (35,256.00)",517420,2026 SUBARU OUTBACK     4/13/26  JF2BUPADXTY517420,R5249
2026 Subaru OUTBACKWAGONP,JF2BUPAD7TY519092,519092,"$35,256.00 "," (35,256.00)",519092,2026 SUBARU OUTBACK     4/22/26  JF2BUPAD7TY519092,R5278
2026 Subaru OUTBACKWAGONP,JF2BUPAD0TY520942,520942,"$35,256.00 "," (35,256.00)",520942,2026 SUBARU OUTBACK     4/10/26  JF2BUPAD0TY520942,R5245
2026 Subaru CROSSTREK5 DO,JF2GUSND6T8218896,218896,"$35,554.00 "," (35,554.00)",218896,2026 SUBARU CROSSTREK   2/05/26  JF2GUSND6T8218896,R4922
2026 Subaru OUTBACKWAGONP,JF2BUPAD8TY516850,516850,"$35,631.00 "," (35,631.00)",516850,"RENDON, JOSHUA MICHAE   4/13/26  JF2BUPAD8TY516850",R5248
2026 Subaru CROSSTREK5 DO,4S4GUHU63T3756808,756808,"$35,981.00 "," (35,981.00)",756808,2026 SUBARU CROSSTREK   4/02/26  4S4GUHU63T3756808,R5211
2026 Subaru CROSSTREK5 DO,4S4GUHU69T3756845,756845,"$35,981.00 "," (35,981.00)",756845,"BRADLEY, CHRISTOPHER    4/24/26  4S4GUHU69T3756845",R5283
2026 Subaru CROSSTREK5 DO,4S4GUHU69T3756974,756974,"$35,981.00 "," (35,981.00)",756974,2026 SUBARU CROSSTREK   4/02/26  4S4GUHU69T3756974,R5210
2026 Subaru FORESTERSUVSP,4S4SLDH68T3078704,078704,"$36,156.00 "," (36,156.00)",078704,2026 SUBARU FORESTER    3/31/26  4S4SLDH68T3078704,R5198
2026 Subaru FORESTERSUVSP,4S4SLDH66T3078717,078717,"$36,156.00 "," (36,156.00)",078717,2026 SUBARU FORESTER    3/31/26  4S4SLDH66T3078717,R5197
2026 Subaru FORESTERSUVSP,4S4SLDH67T3086812,086812,"$36,156.00 "," (36,156.00)",086812,2026 SUBARU FORESTER    4/09/26  4S4SLDH67T3086812,R5234
2026 Subaru FORESTERSUVSP,4S4SLDH68T3086818,086818,"$36,156.00 "," (36,156.00)",086818,2026 SUBARU FORESTER    4/14/26  4S4SLDH68T3086818,R5256
2026 Subaru FORESTERSUVLI,4S4SLDR66T3011369,011369,"$36,212.00 "," (36,212.00)",011369,SUBARU LOANER           3/16/26  4S4SLDR66T3011369,R4655
2026 Subaru FORESTERSUVLI,4S4SLDR68T3011776,011776,"$36,212.00 "," (36,212.00)",011776,2026 SUBARU FORESTER    1/29/26  4S4SLDR68T3011776,R4672
2026 Subaru FORESTERSUVLI,4S4SLDR6XT3012962,012962,"$36,212.00 "," (36,212.00)",012962,SUBARU LOANER           3/16/26  4S4SLDR6XT3012962,R4674
2026 Subaru FORESTERSUVSP,4S4SLDH67T3096515,096515,"$36,350.00 "," (36,350.00)",096515,2026 SUBARU FORESTER    4/24/26  4S4SLDH67T3096515,R5284
2026 Subaru CROSSTREK5 DO,4S4GUHU67T3746346,746346,"$36,355.00 "," (36,355.00)",746346,2026 SUBARU CROSSTREK   3/06/26  4S4GUHU67T3746346,R5055
2026 Subaru CROSSTREK5 DO,4S4GUHU67T3746802,746802,"$36,355.00 "," (36,355.00)",746802,2026 SUBARU CROSSTREK   3/05/26  4S4GUHU67T3746802,R5043
2026 Subaru CROSSTREK5 DO,JF2GUSND6T8234404,234404,"$36,372.00 "," (36,372.00)",234404,"CHANDLER, TRISHA ELIZ   3/11/26  JF2GUSND6T8234404",R5066
2026 Subaru CROSSTREK5 DO,JF2GUSND8T8234632,234632,"$36,372.00 "," (36,372.00)",234632,2026 SUBARU CROSSTREK   3/30/26  JF2GUSND8T8234632,R5184
2026 Subaru CROSSTREK5 DO,JF2GUSND6T8234872,234872,"$36,372.00 "," (36,372.00)",234872,2026 SUBARU CROSSTREK   3/26/26  JF2GUSND6T8234872,R5168
2026 Subaru BRZ2 DOOR COU,JF1ZDBE15T8701539,701539,"$36,400.00 "," (36,400.00)",701539,2026 SUBARU BRZ         4/13/26  JF1ZDBE15T8701539,R5247
2026 Subaru OUTBACKWAGONP,JF2BUPBD6TY510687,510687,"$36,406.00 "," (36,406.00)",510687,2026 SUBARU OUTBACK     4/02/26  JF2BUPBD6TY510687,R5204
2026 Subaru OUTBACKWAGONP,JF2BUPBD4TY513989,513989,"$36,406.00 "," (36,406.00)",513989,2026 SUBARU OUTBACK     3/24/26  JF2BUPBD4TY513989,R5138
,,,," (36,531.00)",094591,"GLOVER, TRISTA MAE      4/30/26  4S4SLDH62T3094591",R5301
2026 Subaru CROSSTREK5 DO,JF2GUSND8T8240446,240446,"$36,532.00 "," (36,532.00)",240446,2026 SUBARU CROSSTREK   3/30/26  JF2GUSND8T8240446,R5186
2026 Subaru CROSSTREK5 DO,JF2GUSND2T8240507,240507,"$36,532.00 "," (36,532.00)",240507,2026 SUBARU CROSSTREK   4/07/26  JF2GUSND2T8240507,R5223
2026 Subaru CROSSTREK5 DO,JF2GUSND5T8240940,240940,"$36,532.00 "," (36,532.00)",240940,2026 SUBARU CROSSTREK   4/10/26  JF2GUSND5T8240940,R5237
2026 Subaru ASCENTSUVPREM,4S4WMAAD9T3404998,404998,"$36,686.00 "," (36,686.00)",404998,2026 SUBARU ASCENT      1/29/26  4S4WMAAD9T3404998,R4748
,,,," (36,725.00)",100956,2026 SUBARU FORESTER    4/30/26  4S4SLDH64T3100956,R5302
2026 Subaru FORESTERSUVLI,4S4SLDR69T3024228,024228,"$36,774.00 "," (36,774.00)",024228,2026 SUBARU FORESTER    4/13/26  4S4SLDR69T3024228,R4729
2025 Subaru OUTBACKWAGONL,4S4BTANC5S3312823,312823,"$36,833.00 "," (36,833.00)",312823,25 OUTBACK 4S4BTANC5S3312823,R4415
2026 Subaru CROSSTREK5 DO,JF2GUSND4T8220629,220629,"$36,975.00 "," (36,975.00)",220629,2026 SUBARU CROSSTREK   2/10/26  JF2GUSND4T8220629,R4944
,,,," (37,084.00)",101543,2026 SUBARU FORESTER    4/30/26  4S4SLDR68T3101543,R5304
,,,," (37,084.00)",101548,2026 SUBARU FORESTER    4/30/26  4S4SLDR67T3101548,R5303
2026 Subaru FORESTERSUVLI,4S4SLDR68T3026066,026066,"$37,133.00 "," (37,133.00)",026066,2026 SUBARU FORESTER    2/13/26  4S4SLDR68T3026066,R4775
2026 Subaru OUTBACKWAGONP,JF2BUPBD6TY502525,502525,"$37,148.00 "," (37,148.00)",502525,2026 SUBARU OUTBACK     4/09/26  JF2BUPBD6TY502525,R5231
2026 Subaru OUTBACKWAGONP,JF2BUPBD8TY514790,514790,"$37,148.00 "," (37,148.00)",514790,2026 SUBARU OUTBACK     4/09/26  JF2BUPBD8TY514790,R5227
,,,," (37,153.00)",472089,SUBARU LOANER           1/15/26  JF2BUPBD3TY472089,R4849
2026 Subaru OUTBACKWAGONP,JF2BUPBD8TY472900,472900,"$37,153.00 "," (37,153.00)",472900,2026 SUBARU OUTBACK     1/30/26  JF2BUPBD8TY472900,R4908
2026 Subaru OUTBACKWAGONP,JF2BUPBDXTY472994,472994,"$37,153.00 "," (37,153.00)",472994,2026 SUBARU OUTBACK     1/30/26  JF2BUPBDXTY472994,R4910
,,,," (37,153.00)",473737,SUBARU LOANER           1/22/26  JF2BUPBD6TY473737,R4896
,,,," (37,153.00)",474458,SUBARU LOANER           1/30/26  JF2BUPBD7TY474458,R4913
2026 Subaru OUTBACKWAGONP,JF2BUPBD6TY477416,477416,"$37,153.00 "," (37,153.00)",477416,2026 SUBARU OUTBACK     1/30/26  JF2BUPBD6TY477416,R4912
2026 Subaru FORESTERSUVLI,4S4SLDR6XT3079156,079156,"$37,294.00 "," (37,294.00)",079156,2026 SUBARU FORESTER    3/31/26  4S4SLDR6XT3079156,R5199
2026 Subaru OUTBACKWAGONP,JF2BUPBD7TY483726,483726,"$37,418.00 "," (37,418.00)",483726,2026 SUBARU OUTBACK     2/20/26  JF2BUPBD7TY483726,R4976
2026 Subaru OUTBACKWAGONP,JF2BUPBD8TY485145,485145,"$37,418.00 "," (37,418.00)",485145,2026 SUBARU OUTBACK     2/20/26  JF2BUPBD8TY485145,R4988
2026 Subaru OUTBACKWAGONP,JF2BUPBD5TY490688,490688,"$37,418.00 "," (37,418.00)",490688,2026 SUBARU OUTBACK     2/28/26  JF2BUPBD5TY490688,R5023
2026 Subaru FORESTERSUVSP,4S4SLSJ78T3064681,064681,"$37,441.00 "," (37,441.00)",064681,2026 SUBARU FORESTER    3/23/26  4S4SLSJ78T3064681,R5127
2026 Subaru FORESTERSUVSP,4S4SLSJ79T3069212,069212,"$37,441.00 "," (37,441.00)",069212,2026 SUBARU FORESTER    3/06/26  4S4SLSJ79T3069212,R5050
2026 Subaru OUTBACKWAGONP,JF2BUPBD9TY514832,514832,"$37,523.00 "," (37,523.00)",514832,2026 SUBARU OUTBACK     4/09/26  JF2BUPBD9TY514832,R5228
2026 Subaru OUTBACKWAGONP,JF2BUPBD9TY517620,517620,"$37,523.00 "," (37,523.00)",517620,"LOPEZ, DANIELA ELIZAB   4/13/26  JF2BUPBD9TY517620",R5250
2026 Subaru FORESTERSUVSP,4S4SLDH69T3051141,051141,"$37,543.00 "," (37,543.00)",051141,2026 SUBARU FORESTER    2/16/26  4S4SLDH69T3051141,R4958
2026 Subaru FORESTERSUVSP,4S4SLDH67T3051493,051493,"$37,543.00 "," (37,543.00)",051493,2026 SUBARU FORESTER    2/16/26  4S4SLDH67T3051493,R4957
2026 Subaru FORESTERSUVSP,4S4SLSJ78T3079665,079665,"$37,687.00 "," (37,687.00)",079665,2026 SUBARU FORESTER    3/25/26  4S4SLSJ78T3079665,R5156
2025 Subaru FORESTERSUVLI,JF2SLSRD1SH451283,451283,"$37,879.00 "," (37,879.00)",451283,2025 SUBARU FORESTER    2/16/26  JF2SLSRD1SH451283,R4751
2026 Subaru FORESTERSUVWI,4S4SLDL68T3031082,031082,"$37,900.00 "," (37,900.00)",031082,2026 SUBARU FORESTER    1/29/26  4S4SLDL68T3031082,R4780
,,,," (38,147.00)",803763,2026 SUBARU WRX         4/30/26  JF1VBAN6XT9803763,R5311
2026 Subaru FORESTERSUVWI,4S4SLDL65T3067568,067568,"$38,428.00 "," (38,428.00)",067568,2026 SUBARU FORESTER    3/11/26  4S4SLDL65T3067568,R5061
2026 Subaru OUTBACKWAGONL,JF2BUPDD9TY458310,458310,"$38,542.00 "," (38,542.00)",458310,2026 SUBARU OUTBACK     1/29/26  JF2BUPDD9TY458310,R4753
2026 Subaru FORESTERSUVLI,4S4SLSR7XT3078179,078179,"$38,703.00 "," (38,703.00)",078179,2026 SUBARU FORESTER    3/31/26  4S4SLSR7XT3078179,R5201
2026 Subaru FORESTERSUVLI,4S4SLSR75T3079434,079434,"$38,703.00 "," (38,703.00)",079434,2026 SUBARU FORESTER    4/24/26  4S4SLSR75T3079434,R5286
2026 Subaru FORESTERSUVWI,4S4SLDL64T3096303,096303,"$38,794.00 "," (38,794.00)",096303,2026 SUBARU FORESTER    4/29/26  4S4SLDL64T3096303,R5292
2026 Subaru OUTBACKWAGONL,JF2BUPDD7TY477843,477843,"$38,806.00 "," (38,806.00)",477843,2026 SUBARU OUTBACK     4/13/26  JF2BUPDD7TY477843,R4861
2025 GMC Truck GMC TERRN AT,3GKALYEG9TL150099,150099,"$38,991.40 "," (38,991.40)",150099,2026 GMC TERRAIN        6/04/25  3GKALYEG9TL150099,G34772
,,,," (39,082.00)",803970,2026 SUBARU WRX         4/30/26  JF1VBAN67T8803970,R5310
2026 Subaru FORESTERSUVWI,4S4SLDL68T3078550,078550,"$39,101.00 "," (39,101.00)",078550,2026 SUBARU FORESTER    3/23/26  4S4SLDL68T3078550,R5118
2026 Subaru FORESTERSUVWI,4S4SLDL67T3078801,078801,"$39,101.00 "," (39,101.00)",078801,2026 SUBARU FORESTER    3/23/26  4S4SLDL67T3078801,R5116
2026 Subaru FORESTERSUVWI,4S4SLDL68T3078998,078998,"$39,101.00 "," (39,101.00)",078998,"PRITCHETT, STEPHEN DO   3/25/26  4S4SLDL68T3078998",R5154
2026 Subaru FORESTERSUVWI,4S4SLDL69T3079576,079576,"$39,101.00 "," (39,101.00)",079576,2026 SUBARU FORESTER    3/25/26  4S4SLDL69T3079576,R5155
2026 Subaru OUTBACKWAGONL,JF2BUPDDXTY471521,471521,"$39,165.00 "," (39,165.00)",471521,SUBARU LOANER           3/16/26  JF2BUPDDXTY471521,R4862
2026 Subaru FORESTERSUVWI,4S4SLDL67T3051534,051534,"$39,506.00 "," (39,506.00)",051534,"WHITT, IVAN CHARLES     2/19/26  4S4SLDL67T3051534",R4970
2026 Subaru FORESTERSUVTO,4S4SLDT63T3087155,087155,"$39,514.00 "," (39,514.00)",087155,2026 SUBARU FORESTER    4/16/26  4S4SLDT63T3087155,R5265
2025 GMC Truck GMC TERRN AT,3GKALYEGXTL244816,244816,"$39,577.45 "," (39,577.45)",244816,"KIMMELL, JONATHAN AUB  12/08/25  3GKALYEGXTL244816",G35999
2026 Subaru FORESTERSUVTO,4S4SLDT63T3068072,068072,"$39,762.00 "," (39,762.00)",068072,2026 SUBARU FORESTER    3/17/26  4S4SLDT63T3068072,R5079
2025 GMC Truck GMC TERRN AT,3GKALYEG2TL179430,179430,"$39,777.25 "," (39,777.25)",179430,2026 GMC TERRAIN        7/01/25  3GKALYEG2TL179430,G34938
,,,," (40,024.00)",101109,"DOLLAR, LORETTA         4/30/26  4S4SLDT62T3101109",R5305
2026 Subaru FORESTERSUVTO,4S4SLDT68T3068181,068181,"$40,137.00 "," (40,137.00)",068181,"PUCILOWSKI, LOUIS A     3/11/26  4S4SLDT68T3068181",R5063
,,,," (40,153.00)",422366,"DURAN, JORGE LUIS       4/30/26  4S4WMABD9T3422366",R5308
2025 GMC Truck GMC TERRN AT,3GKALYEG7TL481148,481148,"$40,173.60 ",,,,
2025 Subaru ASCENTSUVONYX,4S4WMAFD6S3439473,439473,"$40,196.00 "," (40,196.00)",439473,SUBARU LOANER          12/31/25  4S4WMAFD6S3439473,R4444
2027 GMC TRUCK TERRAIN,3GKALYEG0TL221075,221075,"$40,600.00 "," (40,600.00)",221075,2026 GMC TERRAIN        4/22/26  3GKALYEG0TL221075,G35088
2025 GMC Truck GMC TERRN AT,3GKALYEG8TL480767,480767,"$40,631.48 ",,,,
2026 Subaru OUTBACKWAGONL,JF2BUPDD9TY484261,484261,"$40,724.00 "," (40,724.00)",484261,2026 SUBARU OUTBACK     2/10/26  JF2BUPDD9TY484261,R4938
2026 Subaru OUTBACKWAGONL,JF2BUPDD8TY487295,487295,"$40,724.00 "," (40,724.00)",487295,2026 SUBARU OUTBACK     2/10/26  JF2BUPDD8TY487295,R4937
2026 Subaru OUTBACKWAGONL,JF2BUPDD9TY487953,487953,"$40,724.00 "," (40,724.00)",487953,2026 SUBARU OUTBACK     2/10/26  JF2BUPDD9TY487953,R4940
2026 Subaru OUTBACKWAGONL,JF2BUPDD4TY490680,490680,"$40,724.00 "," (40,724.00)",490680,2026 SUBARU OUTBACK     2/28/26  JF2BUPDD4TY490680,R5026
2026 Subaru OUTBACKWAGONL,JF2BUPDD4TY490730,490730,"$40,724.00 "," (40,724.00)",490730,2026 SUBARU OUTBACK     2/28/26  JF2BUPDD4TY490730,R5025
2026 Subaru OUTBACKWAGONL,JF2BURGDXTY470165,470165,"$40,825.00 ",,,,
2026 Subaru FORESTERSUVTO,4S4SLST74T3079045,079045,"$40,934.00 "," (40,934.00)",079045,2026 SUBARU FORESTER    4/07/26  4S4SLST74T3079045,R5220
2026 Subaru FORESTERSUVTO,4S4SLST76T3079418,079418,"$40,934.00 "," (40,934.00)",079418,2026 SUBARU FORESTER    3/25/26  4S4SLST76T3079418,R5149
2026 Subaru FORESTERSUVTO,4S4SLST77T3079430,079430,"$40,934.00 "," (40,934.00)",079430,2026 SUBARU FORESTER    3/25/26  4S4SLST77T3079430,R5150
2026 Subaru FORESTERSUVTO,4S4SLST77T3094607,094607,"$40,934.00 "," (40,934.00)",094607,"MASTROPIERO, KATHERIN   4/22/26  4S4SLST77T3094607",R5274
2025 GMC Truck GMC TERRN DE,3GKALZEG1TL251384,251384,"$41,086.45 "," (41,086.45)",251384,"CRAINE, MARGARET H     12/08/25  3GKALZEG1TL251384",G36003
2025 GMC Truck GMC TERRN AT,3GKALYEG6TL221470,221470,"$41,167.60 "," (41,167.60)",221470,2026 GMC TERRAIN        8/12/25  3GKALYEG6TL221470,G35109
2026 Subaru FORESTERSUVTO,4S4SLST7XT3064226,064226,"$41,182.00 "," (41,182.00)",064226,2026 SUBARU FORESTER    3/25/26  4S4SLST7XT3064226,R5158
2025 Buick ENVISION,LRBFZLE43SD025577,025577,"$41,198.96 "," (41,198.96)",025577,2025 BUICK ENVISION     3/12/26  LRBFZLE43SD025577,B34178
2025 GMC Truck GMC TERRN AT,3GKALYEGXTL332846,332846,"$41,417.05 "," (41,417.05)",332846,2026 GMC TERRAIN       11/14/25  3GKALYEGXTL332846,G35833
2025 GMC Truck GMC TERRN AT,3GKALYEG0TL333438,333438,"$41,417.05 "," (41,417.05)",333438,2026 GMC TERRAIN       11/05/25  3GKALYEG0TL333438,G35803
2026 Subaru OUTBACKWAGONL,JF2BUPDDXTY496080,496080,"$41,554.00 "," (41,554.00)",496080,2026 SUBARU OUTBACK     3/11/26  JF2BUPDDXTY496080,R5070
2026 Subaru OUTBACKWAGONL,JF2BUPDD3TY506075,506075,"$41,554.00 "," (41,554.00)",506075,2026 SUBARU OUTBACK     3/20/26  JF2BUPDD3TY506075,R5099
2026 Subaru OUTBACKWAGONL,JF2BUPDD0TY506132,506132,"$41,554.00 "," (41,554.00)",506132,2026 SUBARU OUTBACK     3/24/26  JF2BUPDD0TY506132,R5134
2026 Subaru OUTBACKWAGONL,JF2BUPDD2TY506892,506892,"$41,554.00 "," (41,554.00)",506892,2026 SUBARU OUTBACK     3/26/26  JF2BUPDD2TY506892,R5161
2026 Subaru OUTBACKWAGONL,JF2BUPDD2TY506911,506911,"$41,554.00 "," (41,554.00)",506911,2026 SUBARU OUTBACK     3/20/26  JF2BUPDD2TY506911,R5097
2026 Subaru OUTBACKWAGONL,JF2BUPDD2TY507248,507248,"$41,554.00 "," (41,554.00)",507248,2026 SUBARU OUTBACK     3/20/26  JF2BUPDD2TY507248,R5098
2025 GMC Truck GMC TERRN AT,3GKALYEG1TL222915,222915,"$41,627.95 "," (41,627.95)",222915,2026 GMC TERRAIN        8/06/25  3GKALYEG1TL222915,G35085
2025 GMC Truck GMC TERRN AT,3GKALYEG2TL222972,222972,"$41,627.95 "," (41,627.95)",222972,2026 GMC TERRAIN        8/06/25  3GKALYEG2TL222972,G35086
2026 Subaru OUTBACKWAGONL,JF2BUPDD6TY513473,513473,"$41,728.00 "," (41,728.00)",513473,2026 SUBARU OUTBACK     4/09/26  JF2BUPDD6TY513473,R5230
2026 Subaru OUTBACKWAGONL,JF2BUPDD1TY520525,520525,"$41,728.00 "," (41,728.00)",520525,2026 SUBARU OUTBACK     4/13/26  JF2BUPDD1TY520525,R5251
2026 Subaru OUTBACKWAGONL,JF2BUPDD1TY520895,520895,"$41,728.00 "," (41,728.00)",520895,2026 SUBARU OUTBACK     4/13/26  JF2BUPDD1TY520895,R5252
2025 GMC Truck GMC TERRN AT,3GKALYEG8TL234897,234897,"$41,742.55 "," (41,742.55)",234897,2026 GMC TERRAIN        8/28/25  3GKALYEG8TL234897,G35255
2026 Subaru FORESTERSUVTO,4S4SLST76T3094629,094629,"$41,813.00 "," (41,813.00)",094629,2026 SUBARU FORESTER    4/29/26  4S4SLST76T3094629,R5294
2026 Subaru OUTBACKWAGONL,JF2BUPDD0TY507393,507393,"$41,929.00 "," (41,929.00)",507393,2026 SUBARU OUTBACK     3/20/26  JF2BUPDD0TY507393,R5096
2026 Subaru OUTBACKWAGONL,JF2BUPDD7TY514129,514129,"$42,103.00 "," (42,103.00)",514129,2026 SUBARU OUTBACK     4/10/26  JF2BUPDD7TY514129,R5238
2025 GMC Truck GMC TERRN AT,3GKALYEG4TL235755,235755,"$42,202.90 "," (42,202.90)",235755,2026 GMC TERRAIN        8/28/25  3GKALYEG4TL235755,G35256
2025 GMC Truck GMC TERRN AT,3GKALYEG7TL239797,239797,"$42,202.90 "," (42,202.90)",239797,2026 GMC TERRAIN        9/03/25  3GKALYEG7TL239797,G35288
2025 GMC Truck GMC TERRN AT,3GKALYEG2TL310355,310355,"$42,202.90 "," (42,202.90)",310355,"TRIMMER, SAVANNA TAYL  10/23/25  3GKALYEG2TL310355",G35704
2026 GMC Truck GMC CNYN 2WD,1GTP1BEK6T1159072,159072,"$42,538.98 "," (42,538.98)",159072,2026 GMC CANYON        12/01/25  1GTP1BEK6T1159072,G35933
,,,," (42,992.75)",059803,2026 BUICK ENVISION     4/28/26  LRBFZMR40TD059803,B36763
2026 Subaru ASCENTSUVLIMI,4S4WMAGD8T3406409,406409,"$43,223.00 "," (43,223.00)",406409,2026 SUBARU ASCENT      1/29/26  4S4WMAGD8T3406409,R4731
2026 Subaru ASCENTSUVLIMI,4S4WMAGD6T3401516,401516,"$43,264.00 "," (43,264.00)",401516,2026 SUBARU ASCENT      4/13/26  4S4WMAGD6T3401516,R4667
,,,," (43,450.63)",059467,2026 BUICK ENVISION     4/28/26  LRBFZMR4XTD059467,B36762
,,,," (43,749.00)",470165,SUBARU LOANER           1/22/26  JF2BURGDXTY470165,R4891
,,,," (43,761.00)",520827,2026 SUBARU OUTBACK     4/30/26  JF2BURGD7TY520827,R5307
,,,," (43,761.00)",521304,BRANDON TOMES SUBARU    4/30/26  JF2BURGD2TY521304,R5312
2026 Subaru OUTBACKWAGONT,JF2BURJD8TY462560,462560,"$43,817.00 "," (43,817.00)",462560,2026 SUBARU OUTBACK     1/29/26  JF2BURJD8TY462560,R4770
2026 Subaru TRAILSEEKERSU,JTMBGAHCXTY002174,002174,"$44,141.00 "," (44,141.00)",002174,"WYRICK, RICHARD DREW    4/16/26  JTMBGAHCXTY002174",R5266
,,,," (44,166.50)",059866,2026 BUICK ENVISION     4/28/26  LRBFZPR40TD059866,B36764
2026 Subaru OUTBACKWAGONL,JF2BURGD1TY503053,503053,"$44,179.00 "," (44,179.00)",503053,2026 SUBARU OUTBACK     3/20/26  JF2BURGD1TY503053,R5100
2026 Subaru ASCENTSUVLIMI,4S4WMAHD1T3402023,402023,"$44,206.00 ",,,,
2025 GMC Truck GMC HMER EV3,1GT40DDA2SU100365,100365,"$44,353.27 ",,,,
2026 GMC Truck GMC CNYN 2WD,1GTP1BEK7T1135217,135217,"$44,445.50 "," (44,445.50)",135217,2026 GMC CANYON        10/01/25  1GTP1BEK7T1135217,G35492
2026 Subaru OUTBACKWAGONW,JF2BURKD1TY519342,519342,"$44,548.00 "," (44,548.00)",519342,2026 SUBARU OUTBACK     4/14/26  JF2BURKD1TY519342,R5263
2026 Subaru OUTBACKWAGONL,JF2BURGD0TY506431,506431,"$44,554.00 "," (44,554.00)",506431,2026 SUBARU OUTBACK     3/27/26  JF2BURGD0TY506431,R5174
,,,," (44,624.38)",059576,2026 BUICK ENVISION     4/28/26  LRBFZPR42TD059576,B36766
,,,," (44,624.38)",059588,2026 BUICK ENVISION     4/28/26  LRBFZPR49TD059588,B36767
2026 GMC Truck GMC CNYN 2WD,1GTP1BEKXT1157342,157342,"$44,735.85 "," (44,735.85)",157342,2026 GMC CANYON        11/25/25  1GTP1BEKXT1157342,G35896
2026 GMC Truck GMC CNYN 2WD,1GTP1BEK9T1159924,159924,"$44,735.85 "," (44,735.85)",159924,2026 GMC CANYON        11/25/25  1GTP1BEK9T1159924,G35897
2026 GMC Truck GMC CNYN 2WD,1GTP1BEK4T1160527,160527,"$44,735.85 "," (44,735.85)",160527,2026 GMC CANYON        11/25/25  1GTP1BEK4T1160527,G35898
2026 GMC Truck GMC CNYN 2WD,1GTP1BEK4T1167123,167123,"$44,735.85 "," (44,735.85)",167123,2026 GMC CANYON        12/18/25  1GTP1BEK4T1167123,G36067
2025 Subaru ASCENTSUVBRON,4S4WMARD0S3440470,440470,"$44,759.00 "," (44,759.00)",440470,25 ASCENT 4S4WMARD0S3440470,R4429
2026 GMC Truck GMC ACAD ELV,1GKENKKSXTJ269885,269885,"$44,911.58 "," (44,911.58)",269885,"HARDY, RYAN WAYNE       2/18/26  1GKENKKSXTJ269885",G36318
2026 GMC Truck GMC CNYN 2WD,1GTP1BEK1T1146018,146018,"$44,975.60 "," (44,975.60)",146018,2026 GMC CANYON        10/28/25  1GTP1BEK1T1146018,G35738
2026 GMC Truck GMC CNYN 2WD,1GTP1BEK6T1146094,146094,"$44,975.60 "," (44,975.60)",146094,2026 GMC CANYON        10/28/25  1GTP1BEK6T1146094,G35737
2026 GMC Truck GMC ACAD ELV,1GKENKKS5TJ270300,270300,"$45,050.33 "," (45,050.33)",270300,2026 GMC ACADIA         2/24/26  1GKENKKS5TJ270300,G36339
2024 GMC Truck GMC HMMER EV,1GKB0NDE2RU105483,105483,"$45,070.00 "," (45,070.00)",105483,2024 GMC HUMMER EV SU   4/14/26  1GKB0NDE2RU105483,G33700
,,,," (45,179.38)",059291,2026 BUICK ENVISION     4/28/26  LRBFZPR48TD059291,B36765
2026 GMC Truck GMC CNYN 2WD,1GTP1BEK9T1155548,155548,"$45,193.73 "," (45,193.73)",155548,2026 GMC CANYON        11/25/25  1GTP1BEK9T1155548,G35899
2026 GMC Truck GMC CNYN 2WD,1GTP1BEK8T1160661,160661,"$45,193.73 "," (45,193.73)",160661,2026 GMC CANYON        11/25/25  1GTP1BEK8T1160661,G35900
2026 GMC Truck GMC CNYN 2WD,1GTP1BEK1T1160680,160680,"$45,193.73 "," (45,193.73)",160680,2026 GMC CANYON        11/25/25  1GTP1BEK1T1160680,G35901
2026 GMC Truck GMC CNYN 2WD,1GTP1BEK9T1161446,161446,"$45,193.73 "," (45,193.73)",161446,2026 GMC CANYON        12/02/25  1GTP1BEK9T1161446,G35945
2026 GMC Truck GMC CNYN 2WD,1GTP1BEK7T1161459,161459,"$45,193.73 "," (45,193.73)",161459,2026 GMC CANYON        11/25/25  1GTP1BEK7T1161459,G35902
2026 GMC Truck GMC CNYN 2WD,1GTP1BEK6T1162506,162506,"$45,193.73 "," (45,193.73)",162506,2026 GMC CANYON        12/02/25  1GTP1BEK6T1162506,G35943
2026 GMC Truck GMC CNYN 2WD,1GTP1BEK1T1162526,162526,"$45,193.73 "," (45,193.73)",162526,2026 GMC CANYON        12/02/25  1GTP1BEK1T1162526,G35944
2026 GMC Truck GMC CNYN 2WD,1GTP1BEK8T1167738,167738,"$45,193.73 "," (45,193.73)",167738,2026 GMC CANYON        12/18/25  1GTP1BEK8T1167738,G36066
2026 GMC Truck GMC CNYN 2WD,1GTP1BEKXT1168387,168387,"$45,193.73 "," (45,193.73)",168387,2026 GMC CANYON        12/18/25  1GTP1BEKXT1168387,G36073
2026 GMC Truck GMC CNYN 2WD,1GTP1BEK4T1168532,168532,"$45,193.73 "," (45,193.73)",168532,"JOHNSTON, MICHAEL S    12/18/25  1GTP1BEK4T1168532",G36072
2026 Buick BUCK ENVSN S,LRBFZPR49TD022170,022170,"$45,415.25 "," (45,415.25)",022170,2026 BUICK ENVISION     2/06/26  LRBFZPR49TD022170,B36216
2026 Buick BUCK ENVSN S,LRBFZPR46TD022286,022286,"$45,415.25 "," (45,415.25)",022286,2026 BUICK ENVISION     2/06/26  LRBFZPR46TD022286,B36215
2026 Buick BUCK ENVSN S,LRBFZPR46TD024474,024474,"$45,415.25 "," (45,415.25)",024474,2026 BUICK ENVISION     2/05/26  LRBFZPR46TD024474,B36212
2026 GMC Truck GMC CNYN 2WD,1GTP1BEK6T1141767,141767,"$45,417.35 "," (45,417.35)",141767,2026 GMC CANYON        10/14/25  1GTP1BEK6T1141767,G35632
2026 GMC Truck GMC CNYN 2WD,1GTP1BEK0T1142543,142543,"$45,417.35 "," (45,417.35)",142543,2026 GMC CANYON        10/14/25  1GTP1BEK0T1142543,G35631
2026 GMC Truck GMC CNYN 2WD,1GTP1BEK5T1143574,143574,"$45,417.35 "," (45,417.35)",143574,2026 GMC CANYON        10/14/25  1GTP1BEK5T1143574,G35630
2026 Buick BUCK ENVSN S,LRBFZPR46TD022210,022210,"$45,873.13 "," (45,873.13)",022210,2026 BUICK ENVISION     2/06/26  LRBFZPR46TD022210,B36213
2026 Buick BUCK ENVSN S,LRBFZPR49TD022234,022234,"$45,873.13 "," (45,873.13)",022234,2026 BUICK ENVISION     2/06/26  LRBFZPR49TD022234,B36214
2026 Buick BUCK ENVSN S,LRBFZPR40TD024440,024440,"$45,873.13 "," (45,873.13)",024440,2026 BUICK ENVISION     2/10/26  LRBFZPR40TD024440,B36246
2026 Buick BUCK ENVSN S,LRBFZPR47TD033619,033619,"$45,873.13 "," (45,873.13)",033619,2026 BUICK ENVISION     3/23/26  LRBFZPR47TD033619,B36540
2026 Buick BUCK ENVSN S,LRBFZPR47TD033636,033636,"$45,873.13 "," (45,873.13)",033636,2026 BUICK ENVISION     3/10/26  LRBFZPR47TD033636,B36411
2026 Buick BUCK ENVSN S,LRBFZPR4XTD033811,033811,"$45,873.13 "," (45,873.13)",033811,2026 BUICK ENVISION     3/10/26  LRBFZPR4XTD033811,B36412
2026 Buick BUCK ENVSN S,LRBFZPR45TD033926,033926,"$45,873.13 "," (45,873.13)",033926,2026 BUICK ENVISION     3/09/26  LRBFZPR45TD033926,B36394
2026 Buick BUCK ENVSN S,LRBFZPR41TD034149,034149,"$45,873.13 "," (45,873.13)",034149,2026 BUICK ENVISION     3/13/26  LRBFZPR41TD034149,B36446
2026 Buick BUCK ENVSN S,LRBFZPR43TD034458,034458,"$45,873.13 "," (45,873.13)",034458,2026 BUICK ENVISION     3/13/26  LRBFZPR43TD034458,B36448
2026 Buick BUCK ENVSN S,LRBFZPR43TD034508,034508,"$45,873.13 "," (45,873.13)",034508,2026 BUICK ENVISION     3/10/26  LRBFZPR43TD034508,B36414
2026 Buick BUCK ENVSN S,LRBFZPR40TD034708,034708,"$45,873.13 "," (45,873.13)",034708,2026 BUICK ENVISION     3/23/26  LRBFZPR40TD034708,B36544
2026 Buick BUCK ENVSN S,LRBFZPR47TD034737,034737,"$45,873.13 "," (45,873.13)",034737,2026 BUICK ENVISION     3/25/26  LRBFZPR47TD034737,B36576
2026 Buick BUCK ENVSN S,LRBFZPR48TD034780,034780,"$45,873.13 "," (45,873.13)",034780,2026 BUICK ENVISION     3/23/26  LRBFZPR48TD034780,B36541
2026 Buick BUCK ENVSN S,LRBFZPR41TD034863,034863,"$45,873.13 "," (45,873.13)",034863,2026 BUICK ENVISION     3/12/26  LRBFZPR41TD034863,B36433
2026 Buick BUCK ENVSN S,LRBFZPR44TD035120,035120,"$45,873.13 "," (45,873.13)",035120,2026 BUICK ENVISION     3/10/26  LRBFZPR44TD035120,B36415
2026 Buick BUCK ENVSN S,LRBFZPR42TD035584,035584,"$45,873.13 "," (45,873.13)",035584,2026 BUICK ENVISION     3/10/26  LRBFZPR42TD035584,B36413
2026 Subaru ASCENTSUVTOUR,4S4WMAKD8T3409561,409561,"$46,155.00 ",,,,
2026 Subaru OUTBACKWAGONW,JF2BURLD2TY514679,514679,"$46,253.00 "," (46,253.00)",514679,"LUNA DE PAZ, ROBERTO    4/13/26  JF2BURLD2TY514679",R5254
2026 Subaru OUTBACKWAGONW,JF2BURLD7TY502673,502673,"$46,360.00 "," (46,360.00)",502673,2026 SUBARU OUTBACK     3/24/26  JF2BURLD7TY502673,R5136
2026 Subaru OUTBACKWAGONW,JF2BURLD8TY509986,509986,"$46,360.00 "," (46,360.00)",509986,2026 SUBARU OUTBACK     4/10/26  JF2BURLD8TY509986,R5243
2026 Buick BUCK ENVSN S,LRBFZPR45TD034199,034199,"$46,428.13 "," (46,428.13)",034199,2026 BUICK ENVISION     3/23/26  LRBFZPR45TD034199,B36542
2026 Buick BUCK ENVSN S,LRBFZPR43TD034329,034329,"$46,428.13 "," (46,428.13)",034329,2026 BUICK ENVISION     3/13/26  LRBFZPR43TD034329,B36447
2026 Buick BUCK ENVSN S,LRBFZPR40TD034434,034434,"$46,428.13 "," (46,428.13)",034434,2026 BUICK ENVISION     3/23/26  LRBFZPR40TD034434,B36543
2026 Buick BUCK ENVSN S,LRBFZPR48TD034696,034696,"$46,428.13 "," (46,428.13)",034696,2026 BUICK ENVISION     3/09/26  LRBFZPR48TD034696,B36405
2026 Buick BUCK ENVSN S,LRBFZPR42TD034712,034712,"$46,428.13 "," (46,428.13)",034712,2026 BUICK ENVISION     3/18/26  LRBFZPR42TD034712,B36484
2026 Buick BUCK ENVSN S,LRBFZPR43TD035366,035366,"$46,428.13 "," (46,428.13)",035366,2026 BUICK ENVISION     3/12/26  LRBFZPR43TD035366,B36434
2025 Subaru ASCENTSUVTOUR,4S4WMAUD7S3435256,435256,"$46,633.00 "," (46,633.00)",435256,25 ASCENT 4S4WMAUD7S3435256,R4324
2026 GMC Truck GMC ACAD ELV,1GKENKKS0TJ181203,181203,"$46,832.85 "," (46,832.85)",181203,JAMES WOOD CHEVROLET   10/23/25  1GKENKKS0TJ181203,G35698
2026 Subaru OUTBACKWAGONT,JF2BURJD8TY519730,519730,"$46,931.00 "," (46,931.00)",519730,"DEMIER, FRED WILL       4/14/26  JF2BURJD8TY519730",R5261
2026 Subaru OUTBACKWAGONT,JF2BURJDXTY519809,519809,"$46,931.00 "," (46,931.00)",519809,2026 SUBARU OUTBACK     4/14/26  JF2BURJDXTY519809,R5262
2026 GMC Truck GMC ACAD ELV,1GKENKKS8TJ232589,232589,"$47,059.55 "," (47,059.55)",232589,2026 GMC ACADIA        12/17/25  1GKENKKS8TJ232589,G36054
2026 GMC Truck GMC ACAD ELV,1GKENKKS3TJ232645,232645,"$47,059.55 "," (47,059.55)",232645,2026 GMC ACADIA        12/17/25  1GKENKKS3TJ232645,G36055
2026 Subaru ASCENTSUVLIMI,4S4WMAFDXT3420801,420801,"$47,067.00 "," (47,067.00)",420801,2026 SUBARU ASCENT      4/22/26  4S4WMAFDXT3420801,R5275
2026 Subaru OUTBACKWAGONT,JF2BURJD7TY502854,502854,"$47,108.00 "," (47,108.00)",502854,2026 SUBARU OUTBACK     3/26/26  JF2BURJD7TY502854,R5164
2026 Subaru OUTBACKWAGONT,JF2BURJD3TY507680,507680,"$47,108.00 "," (47,108.00)",507680,2026 SUBARU OUTBACK     3/18/26  JF2BURJD3TY507680,R5092
2026 Subaru ASCENTSUVLIMI,4S4WMAGD1T3408079,408079,"$47,248.00 "," (47,248.00)",408079,2026 SUBARU ASCENT      1/05/26  4S4WMAGD1T3408079,R4796
2026 GMC Truck GMC ACAD ELV,1GKENKKS2TJ256404,256404,"$47,256.45 "," (47,256.45)",256404,EWING BUICK GMC         1/21/26  1GKENKKS2TJ256404,G36170
2026 GMC Truck GMC ACAD ELV,1GKENKKS5TJ256509,256509,"$47,256.45 "," (47,256.45)",256509,2026 GMC ACADIA         2/02/26  1GKENKKS5TJ256509,G36194
2026 GMC Truck GMC ACAD ELV,1GKENKKS9TJ181507,181507,"$47,293.20 "," (47,293.20)",181507,2026 GMC ACADIA        10/23/25  1GKENKKS9TJ181507,G35699
2026 GMC Truck GMC ACAD ELV,1GKENKKS4TJ186436,186436,"$47,293.20 "," (47,293.20)",186436,2026 GMC ACADIA        10/23/25  1GKENKKS4TJ186436,G35701
2026 Subaru ASCENTSUVLIMI,4S4WMAGD9T3416012,416012,"$47,333.00 "," (47,333.00)",416012,2026 SUBARU ASCENT      3/23/26  4S4WMAGD9T3416012,R5129
2026 Subaru ASCENTSUVLIMI,4S4WMAFD5T3416381,416381,"$47,333.00 "," (47,333.00)",416381,2026 SUBARU ASCENT      3/17/26  4S4WMAFD5T3416381,R5082
2026 Buick BUCK ENCLV P,5GAERAKS4TJ158907,158907,"$47,374.15 "," (47,374.15)",158907,2026 BUICK ENCLAVE      9/18/25  5GAERAKS4TJ158907,B35406
2026 Subaru ASCENTSUVONYX,4S4WMALD9T3402066,402066,"$47,376.00 ",,,,
2026 Buick BUCK ENCLV P,5GAERAKS5TJ269045,269045,"$47,434.48 "," (47,434.48)",269045,2026 BUICK ENCLAVE      2/06/26  5GAERAKS5TJ269045,B36225
2026 Buick BUCK ENCLV P,5GAERAKS8TJ310123,310123,"$47,434.48 "," (47,434.48)",310123,2026 BUICK ENCLAVE      4/08/26  5GAERAKS8TJ310123,B36701
2026 Buick BUCK ENCLV P,5GAERAKS6TJ312369,312369,"$47,434.48 "," (47,434.48)",312369,2026 BUICK ENCLAVE      4/03/26  5GAERAKS6TJ312369,B36679
2026 Buick BUCK ENCLV P,5GAERAKS9TJ322376,322376,"$47,434.48 "," (47,434.48)",322376,MCKINNEY BUICK GMC      4/14/26  5GAERAKS9TJ322376,B36722
2025 Subaru ASCENTSUVONYX,4S4WMAWD9S3439709,439709,"$47,576.00 "," (47,576.00)",439709,25 ASCENT 4S4WMAWD9S3439709,R4459
2026 GMC Truck GMC ACAD ELV,1GKENKKS0TJ232120,232120,"$47,614.55 "," (47,614.55)",232120,2026 GMC ACADIA        12/12/25  1GKENKKS0TJ232120,G36034
2026 GMC Truck GMC ACAD ELV,1GKENKKS7TJ232194,232194,"$47,614.55 "," (47,614.55)",232194,2026 GMC ACADIA        12/18/25  1GKENKKS7TJ232194,G36074
2026 GMC Truck GMC ACAD ELV,1GKENKKS3TJ254659,254659,"$47,811.45 "," (47,811.45)",254659,2026 GMC ACADIA         1/20/26  1GKENKKS3TJ254659,G36169
2026 GMC Truck GMC ACAD ELV,1GKENKKS5TJ184453,184453,"$47,851.20 "," (47,851.20)",184453,2026 GMC ACADIA        10/17/25  1GKENKKS5TJ184453,G35657
,,,," (47,958.00)",520842,"BROWN, PATRICK FRANCI   4/30/26  JF2BURMD8TY520842",R5315
,,,," (47,958.00)",521077,2026 SUBARU OUTBACK     4/30/26  JF2BURMD0TY521077,R5313
,,,," (47,958.00)",521256,2026 SUBARU OUTBACK     4/30/26  JF2BURMD0TY521256,R5314
2026 Buick BUCK ENCLV P,5GAERAKS3TJ321448,321448,"$47,989.48 "," (47,989.48)",321448,2026 BUICK ENCLAVE      4/09/26  5GAERAKS3TJ321448,B36713
2026 Buick ENCLAVE,5GAERAKS8TJ189982,189982,"$48,000.00 "," (48,000.00)",189982,2026 BUICK ENCLAVE      4/22/26  5GAERAKS8TJ189982,B35718
,,,," (48,066.00)",402023,SUBARU LOANER          11/24/25  4S4WMAHD1T3402023,R4676
2026 Subaru ASCENTSUVLIMI,4S4WMAHD4T3420757,420757,"$48,087.00 "," (48,087.00)",420757,2026 SUBARU ASCENT      4/14/26  4S4WMAHD4T3420757,R5257
2026 GMC Truck GMC ACAD ELV,1GKENKKS1TJ251288,251288,"$48,088.95 "," (48,088.95)",251288,"THOMAS, GREGORY LYNN    1/20/26  1GKENKKS1TJ251288",G36159
2026 GMC Truck GMC ACAD ELV,1GKENKKS8TJ251563,251563,"$48,088.95 "," (48,088.95)",251563,2026 GMC ACADIA         1/20/26  1GKENKKS8TJ251563,G36161
2026 GMC Truck GMC ACAD ELV,1GKENKKS7TJ251389,251389,"$48,227.70 "," (48,227.70)",251389,2026 GMC ACADIA         1/29/26  1GKENKKS7TJ251389,G36182
2026 Subaru ASCENTSUVLIMI,4S4WMAHD8T3415920,415920,"$48,353.00 "," (48,353.00)",415920,"SAMS, KAREN C           3/11/26  4S4WMAHD8T3415920",R5059
2026 GMC Truck GMC ACAD ELV,1GKENKKS3TJ236565,236565,"$48,447.05 "," (48,447.05)",236565,2026 GMC ACADIA        12/22/25  1GKENKKS3TJ236565,G36084
2026 GMC Truck GMC ACAD ELV,1GKENKKS1TJ139283,139283,"$48,594.73 "," (48,594.73)",139283,2026 GMC ACADIA        12/08/25  1GKENKKS1TJ139283,G36004
2026 Buick BUCK ENCLV P,5GAERAKS4TJ165310,165310,"$49,434.10 "," (49,434.10)",165310,2026 BUICK ENCLAVE      9/24/25  5GAERAKS4TJ165310,B35447
2026 Buick BUCK ENCLV P,5GAERAKS0TJ177843,177843,"$49,434.10 "," (49,434.10)",177843,2026 BUICK ENCLAVE     10/15/25  5GAERAKS0TJ177843,B35633
2026 Buick BUCK ENCLV P,5GAERAKS5TJ191432,191432,"$49,434.10 "," (49,434.10)",191432,2026 BUICK ENCLAVE     10/24/25  5GAERAKS5TJ191432,B35717
2026 Buick BUCK ENCLV P,5GAERAKS1TJ335302,335302,"$49,483.35 "," (49,483.35)",335302,2026 BUICK ENCLAVE      4/29/26  5GAERAKS1TJ335302,B36779
2026 GMC Truck GMC ACAD ELV,1GKENKKS3TJ316917,316917,"$49,661.45 "," (49,661.45)",316917,2026 GMC ACADIA         4/08/26  1GKENKKS3TJ316917,G36699
2026 Subaru ASCENTSUVTOUR,4S4WMAKD8T3420740,420740,"$49,925.00 "," (49,925.00)",420740,"MYERS, DEBRA WOODWARD   4/22/26  4S4WMAKD8T3420740",R5276
2026 Subaru ASCENTSUVTOUR,4S4WMAKD6T3422289,422289,"$49,925.00 "," (49,925.00)",422289,2026 SUBARU ASCENT      4/29/26  4S4WMAKD6T3422289,R5295
2026 Buick BUCK ENCLV P,5GAERAKS0TJ334402,334402,"$50,038.35 "," (50,038.35)",334402,2026 BUICK ENCLAVE      4/29/26  5GAERAKS0TJ334402,B36780
2026 Subaru ASCENTSUVTOUR,4S4WMAKDXT3408427,408427,"$50,101.00 "," (50,101.00)",408427,"RODDA, KELLI SHANON     1/05/26  4S4WMAKDXT3408427",R4797
,,,," (50,101.00)",409561,SUBARU LOANER           1/22/26  4S4WMAKD8T3409561,R4889
2026 GMC Truck GMC ACAD ELV,1GKENKKS4TJ317655,317655,"$50,119.33 "," (50,119.33)",317655,2026 GMC ACADIA         4/08/26  1GKENKKS4TJ317655,G36700
2026 GMC Truck GMC ACAD ELV,1GKENKKS9TJ318607,318607,"$50,119.33 "," (50,119.33)",318607,2026 GMC ACADIA         4/14/26  1GKENKKS9TJ318607,G36723
2026 Subaru ASCENTSUVTOUR,4S4WMAKD1T3412933,412933,"$50,405.00 "," (50,405.00)",412933,2026 SUBARU ASCENT      2/24/26  4S4WMAKD1T3412933,R5002
2026 GMC Truck GMC ACAD ELV,1GKENKKS6TJ244496,244496,"$50,493.95 "," (50,493.95)",244496,"WILDERMAN, HOWARD OTI  12/30/25  1GKENKKS6TJ244496",G36113
2026 GMC Truck GMC ACAD ELV,1GKENKKS6TJ245941,245941,"$50,493.95 "," (50,493.95)",245941,2026 GMC ACADIA        12/29/25  1GKENKKS6TJ245941,G36099
2026 Subaru ASCENTSUVONYX,4S4WMALD5T3411461,411461,"$50,593.00 "," (50,593.00)",411461,2026 SUBARU ASCENT      2/20/26  4S4WMALD5T3411461,R4989
2026 Subaru ASCENTSUVONYX,4S4WMALD2T3413118,413118,"$50,593.00 "," (50,593.00)",413118,2026 SUBARU ASCENT      2/24/26  4S4WMALD2T3413118,R5003
2026 Subaru ASCENTSUVONYX,4S4WMALD8T3415620,415620,"$50,593.00 "," (50,593.00)",415620,2026 SUBARU ASCENT      3/06/26  4S4WMALD8T3415620,R5052
2026 Subaru ASCENTSUVONYX,4S4WMALDXT3415635,415635,"$50,593.00 "," (50,593.00)",415635,2026 SUBARU ASCENT      3/06/26  4S4WMALDXT3415635,R5051
2026 Subaru ASCENTSUVONYX,4S4WMALD5T3416028,416028,"$50,593.00 "," (50,593.00)",416028,2026 SUBARU ASCENT      3/06/26  4S4WMALD5T3416028,R5049
2026 Subaru ASCENTSUVONYX,4S4WMALD8T3416850,416850,"$50,593.00 "," (50,593.00)",416850,2026 SUBARU ASCENT      3/25/26  4S4WMALD8T3416850,R5159
2026 GMC Truck GMC SIER 15P,1GTPUAEK8TZ325515,325515,"$50,637.63 "," (50,637.63)",325515,2026 GMC SIERRA 1500    3/27/26  1GTPUAEK8TZ325515,G36620
2026 GMC Truck GMC SIER 15P,1GTPUAEK0TZ325749,325749,"$50,637.63 "," (50,637.63)",325749,2026 GMC SIERRA 1500    3/27/26  1GTPUAEK0TZ325749,G36622
2026 Subaru ASCENTSUVONYX,4S4WMALD0T3420732,420732,"$50,907.00 "," (50,907.00)",420732,2026 SUBARU ASCENT      4/14/26  4S4WMALD0T3420732,R5258
2026 Subaru ASCENTSUVONYX,4S4WMALD6T3420749,420749,"$50,907.00 "," (50,907.00)",420749,2026 SUBARU ASCENT      4/22/26  4S4WMALD6T3420749,R5277
,,,," (50,907.00)",422750,2026 SUBARU ASCENT      4/30/26  4S4WMALD1T3422750,R5309
2026 Buick ENCLAVE,5GAERBKS3TJ259474,259474,"$51,000.00 "," (51,000.00)",259474,2026 BUICK ENCLAVE      4/22/26  5GAERBKS3TJ259474,B36195
2026 GMC Truck GMC ACAD ELV,1GKENKKS8TJ244547,244547,"$51,090.58 "," (51,090.58)",244547,2026 GMC ACADIA        12/30/25  1GKENKKS8TJ244547,G36114
2026 GMC Truck GMC SIER 15P,1GTPUAEKXTZ325192,325192,"$51,095.50 "," (51,095.50)",325192,2026 GMC SIERRA 1500    3/27/26  1GTPUAEKXTZ325192,G36616
2026 GMC Truck GMC SIER 15P,1GTPUAEK7TZ325392,325392,"$51,095.50 "," (51,095.50)",325392,"WILSON, CODY LEON       3/27/26  1GTPUAEK7TZ325392",G36617
2026 GMC Truck GMC SIER 15P,1GTPUAEK8TZ331802,331802,"$51,095.50 "," (51,095.50)",331802,"MOORE, ALFRED EUGENE    4/01/26  1GTPUAEK8TZ331802",G36657
2026 Buick BUCK ENVSN A,LRBFZSR42TD024863,024863,"$51,143.30 "," (51,143.30)",024863,2026 BUICK ENVISION     2/06/26  LRBFZSR42TD024863,B36217
,,,," (51,356.00)",402066,SUBARU LOANER          11/24/25  4S4WMALD9T3402066,R4678
2026 Subaru ASCENTSUVONYX,4S4WMALD5T3402145,402145,"$51,356.00 "," (51,356.00)",402145,2026 SUBARU ASCENT     11/24/25  4S4WMALD5T3402145,R4686
2026 GMC Truck GMC SIER 15E,1GTRUJEK2TZ321727,321727,"$51,376.30 "," (51,376.30)",321727,2026 GMC SIERRA 1500    3/24/26  1GTRUJEK2TZ321727,G36548
2026 GMC Truck GMC SIER 15E,1GTRUJEKXTZ321734,321734,"$51,376.30 "," (51,376.30)",321734,2026 GMC SIERRA 1500    3/24/26  1GTRUJEKXTZ321734,G36549
2026 GMC Truck GMC SIER 15E,1GTRUJEK3TZ322630,322630,"$51,376.30 "," (51,376.30)",322630,2026 GMC SIERRA 1500    3/24/26  1GTRUJEK3TZ322630,G36550
2026 Buick BUCK ENCLV S,5GAERBKS7TJ266833,266833,"$51,380.98 "," (51,380.98)",266833,2026 BUICK ENCLAVE      2/23/26  5GAERBKS7TJ266833,B36335
2026 Buick BUCK ENVSN A,LRBFZSR44TD024699,024699,"$51,698.30 "," (51,698.30)",024699,"WOLFE, MADISON N        2/06/26  LRBFZSR44TD024699",B36218
2026 GMC Truck GMC SIER 15E,1GTRUJEKXTZ318915,318915,"$51,834.18 "," (51,834.18)",318915,2026 GMC SIERRA 1500    3/18/26  1GTRUJEKXTZ318915,G36477
2026 GMC Truck GMC SIER 15E,1GTRUJEK3TZ318920,318920,"$51,834.18 "," (51,834.18)",318920,2026 GMC SIERRA 1500    3/20/26  1GTRUJEK3TZ318920,G36506
2026 GMC Truck GMC SIER 15E,1GTRUJEK9TZ318954,318954,"$51,834.18 "," (51,834.18)",318954,2026 GMC SIERRA 1500    3/18/26  1GTRUJEK9TZ318954,G36476
2026 GMC Truck GMC SIER 15E,1GTRUJEK1TZ321668,321668,"$51,834.18 "," (51,834.18)",321668,"GOODE, JILLIAN ELIZAB   3/24/26  1GTRUJEK1TZ321668",G36547
2026 GMC Truck GMC SIER 15E,1GTRUJEK1TZ321721,321721,"$51,834.18 "," (51,834.18)",321721,"YSASI, RUBEN MARCELIN   3/26/26  1GTRUJEK1TZ321721",G36583
2026 GMC Truck GMC SIER 15E,1GTRUJEK2TZ321744,321744,"$51,834.18 "," (51,834.18)",321744,2026 GMC SIERRA 1500    3/23/26  1GTRUJEK2TZ321744,G36536
2026 Buick BUCK ENCLV S,5GAERBKS2TJ336786,336786,"$52,874.85 ",,,,
2026 Buick BUCK ENCLV S,5GAERBKS3TJ337025,337025,"$52,874.85 "," (52,874.85)",337025,"DUNN III, GEORGE ARTH   4/30/26  5GAERBKS3TJ337025",B36794
2026 Buick BUCK ENCLV S,5GAERBKS9TJ337496,337496,"$52,874.85 ",,,,
2026 Buick BUCK ENCLV S,5GAERBKS8TJ337795,337795,"$52,874.85 ",,,,
2026 Buick BUCK ENCLV S,5GAERBKS0TJ337855,337855,"$52,874.85 ",,,,
2026 Buick ENCLAVE,5GAERBRS4SJ106039,106039,"$53,000.00 "," (53,000.00)",106039,2025 BUICK ENCLAVE      4/22/26  5GAERBRS4SJ106039,B34054
2026 GMC TRUCK ACADIA,1GKENPKS5TJ229307,229307,"$53,000.00 "," (53,000.00)",229307,2026 GMC ACADIA         4/22/26  1GKENPKS5TJ229307,G36106
2026 Buick BUCK ENCLV S,5GAERBKS9TJ337272,337272,"$53,013.60 ",,,,
2026 GMC Truck GMC CNYN AT4,1GTP2EEK0T1130228,130228,"$53,153.00 "," (53,153.00)",130228,2026 GMC CANYON        12/08/25  1GTP2EEK0T1130228,G35995
2026 Buick BUCK ENCLV S,5GAERBKS9TJ264758,264758,"$53,429.85 "," (53,429.85)",264758,2026 BUICK ENCLAVE      2/09/26  5GAERBKS9TJ264758,B36226
2026 Buick BUCK ENCLV S,5GAERBKS4TJ337194,337194,"$53,429.85 "," (53,429.85)",337194,2026 BUICK ENCLAVE      4/30/26  5GAERBKS4TJ337194,B36795
2026 Buick BUCK ENCLV S,5GAERBKS1TJ338187,338187,"$53,429.85 ",,,,
2026 Buick BUCK ENCLV S,5GAERBKS3TJ196442,196442,"$54,238.10 "," (54,238.10)",196442,2026 BUICK ENCLAVE     10/30/25  5GAERBKS3TJ196442,B35751
2026 GMC Truck GMC ACAD AT4,1GKENPKS4TJ139615,139615,"$54,651.15 "," (54,651.15)",139615,2026 GMC ACADIA        12/08/25  1GKENPKS4TJ139615,G36005
2026 GMC Truck GMC ACAD AT4,1GKENPKS4TJ139663,139663,"$54,651.15 "," (54,651.15)",139663,"RAINWATER, NORMAN EUG  12/08/25  1GKENPKS4TJ139663",G36006
2026 GMC Truck GMC ACAD AT4,1GKENPKS9TJ180449,180449,"$54,707.05 "," (54,707.05)",180449,2026 GMC ACADIA        10/14/25  1GKENPKS9TJ180449,G35627
2025 GMC Truck GMC SIER 15E,1GTRHCED8SZ287373,287373,"$54,820.05 "," (54,820.05)",287373,2025 GMC SIERRA 1500    5/21/25  1GTRHCED8SZ287373,G34669
2026 GMC Truck GMC SIER 15E,1GTRHCED4TZ233456,233456,"$55,329.50 "," (55,329.50)",233456,2026 GMC SIERRA 1500   11/25/25  1GTRHCED4TZ233456,G35910
2026 Buick BUCK ENCLV S,5GAEVBKS8TJ138984,138984,"$55,344.35 "," (55,344.35)",138984,2026 BUICK ENCLAVE     12/05/25  5GAEVBKS8TJ138984,B35980
2026 Buick BUCK ENCLV S,5GAEVBKS6TJ139647,139647,"$55,478.60 "," (55,478.60)",139647,2026 BUICK ENCLAVE     12/05/25  5GAEVBKS6TJ139647,B35981
2026 Buick BUCK ENCLV S,5GAEVBKS8TJ139116,139116,"$55,881.35 "," (55,881.35)",139116,2026 BUICK ENCLAVE     12/16/25  5GAEVBKS8TJ139116,B36052
2026 GMC Truck GMC SIER 15E,1GTRHCED6TZ182915,182915,"$56,856.85 "," (56,856.85)",182915,2026 GMC SIERRA 1500   10/06/25  1GTRHCED6TZ182915,G35551
2026 GMC Truck GMC SIER 15E,1GTRHCED3TZ183830,183830,"$56,856.85 "," (56,856.85)",183830,2026 GMC SIERRA 1500   10/06/25  1GTRHCED3TZ183830,G35552
2026 GMC Truck GMC SIER 15E,1GTRHCED6TZ180386,180386,"$57,317.20 "," (57,317.20)",180386,2026 GMC SIERRA 1500   10/06/25  1GTRHCED6TZ180386,G35537
2026 GMC Truck GMC SIER 15E,1GTRHCED0TZ182778,182778,"$57,317.20 "," (57,317.20)",182778,2026 GMC SIERRA 1500   10/06/25  1GTRHCED0TZ182778,G35578
2026 GMC Truck GMC SIER 15E,1GTRHCED4TZ302050,302050,"$57,966.88 "," (57,966.88)",302050,2026 GMC SIERRA 1500    4/08/26  1GTRHCED4TZ302050,G36696
2026 GMC Truck GMC ACAD DEN,1GKENLKS1TJ139130,139130,"$59,006.23 "," (59,006.23)",139130,"GARY, MICHELLE RENEE   12/08/25  1GKENLKS1TJ139130",G36007
2026 GMC Truck GMC SIER 15E,1GTPHCED3TZ162127,162127,"$60,113.40 "," (60,113.40)",162127,2026 GMC SIERRA 1500    9/12/25  1GTPHCED3TZ162127,G35375
2026 GMC Truck GMC SIER 15E,1GTPHCEDXTZ162190,162190,"$60,113.40 "," (60,113.40)",162190,2026 GMC SIERRA 1500    9/15/25  1GTPHCEDXTZ162190,G35386
2026 GMC Truck GMC SIER 15E,1GTPHCED0TZ204043,204043,"$60,187.80 "," (60,187.80)",204043,2026 GMC SIERRA 1500   10/23/25  1GTPHCED0TZ204043,G35669
2026 GMC Truck GMC SIER 15E,3GTPHCEDXTG294821,294821,"$60,204.30 "," (60,204.30)",294821,2026 GMC SIERRA 1500    3/26/26  3GTPHCEDXTG294821,G36587
2026 GMC Truck GMC SIER 15E,3GTPHCED8TG294882,294882,"$60,204.30 "," (60,204.30)",294882,2026 GMC SIERRA 1500    3/30/26  3GTPHCED8TG294882,G36637
2026 GMC Truck GMC SIER 15E,3GTPHCED0TG295136,295136,"$60,204.30 "," (60,204.30)",295136,2026 GMC SIERRA 1500    4/02/26  3GTPHCED0TG295136,G36673
2026 GMC Truck GMC SIER 15E,3GTPHCED9TG301807,301807,"$60,204.30 "," (60,204.30)",301807,2026 GMC SIERRA 1500    3/23/26  3GTPHCED9TG301807,G36533
2026 GMC Truck GMC SIER 15E,3GTPHCED3TG302757,302757,"$60,204.30 "," (60,204.30)",302757,2026 GMC SIERRA 1500    3/26/26  3GTPHCED3TG302757,G36599
2026 GMC Truck GMC SIER 15E,3GTPHCED0TG302814,302814,"$60,204.30 "," (60,204.30)",302814,2026 GMC SIERRA 1500    3/24/26  3GTPHCED0TG302814,G36566
2026 GMC Truck GMC SIER 15E,3GTPHCED8TG303144,303144,"$60,204.30 "," (60,204.30)",303144,2026 GMC SIERRA 1500    3/30/26  3GTPHCED8TG303144,G36634
2026 GMC Truck GMC SIER 15E,3GTPHCED8TG303208,303208,"$60,204.30 "," (60,204.30)",303208,2026 GMC SIERRA 1500    3/25/26  3GTPHCED8TG303208,G36574
2026 GMC Truck GMC SIER 15E,1GTPHCED8TZ159417,159417,"$60,573.75 "," (60,573.75)",159417,2026 GMC SIERRA 1500   10/01/25  1GTPHCED8TZ159417,G35473
2026 GMC Truck GMC SIER 15E,1GTPHCED3TZ141942,141942,"$60,610.95 "," (60,610.95)",141942,2026 GMC SIERRA 1500    8/21/25  1GTPHCED3TZ141942,G35179
2026 GMC Truck GMC SIER 15E,1GTPHCED6TZ141966,141966,"$60,610.95 "," (60,610.95)",141966,2026 GMC SIERRA 1500    8/21/25  1GTPHCED6TZ141966,G35180
2026 GMC Truck GMC SIER 15E,1GTPHCED1TZ142376,142376,"$60,610.95 "," (60,610.95)",142376,2026 GMC SIERRA 1500    8/28/25  1GTPHCED1TZ142376,G35245
2026 GMC Truck GMC SIER 15E,1GTPHCED3TZ142377,142377,"$60,610.95 "," (60,610.95)",142377,2026 GMC SIERRA 1500    8/28/25  1GTPHCED3TZ142377,G35246
2026 GMC Truck GMC SIER 15E,1GTPHCEDXTZ142411,142411,"$60,610.95 "," (60,610.95)",142411,2026 GMC SIERRA 1500    8/21/25  1GTPHCEDXTZ142411,G35169
2026 GMC Truck GMC SIER 15E,1GTPHCED0TZ142501,142501,"$60,610.95 "," (60,610.95)",142501,2026 GMC SIERRA 1500    8/28/25  1GTPHCED0TZ142501,G35247
2026 GMC Truck GMC SIER 15E,1GTPHCEDXTZ169060,169060,"$60,610.95 "," (60,610.95)",169060,2026 GMC SIERRA 1500    9/22/25  1GTPHCEDXTZ169060,G35434
2026 GMC Truck GMC SIER 15E,1GTPHCED9TZ169230,169230,"$60,610.95 "," (60,610.95)",169230,2026 GMC SIERRA 1500    9/19/25  1GTPHCED9TZ169230,G35411
2026 GMC Truck GMC SIER 15E,1GTPHCED9TZ170751,170751,"$60,610.95 "," (60,610.95)",170751,2026 GMC SIERRA 1500    9/22/25  1GTPHCED9TZ170751,G35435
2026 GMC Truck GMC SIER 15E,1GTPHCED8TZ170837,170837,"$60,610.95 "," (60,610.95)",170837,2026 GMC SIERRA 1500    9/22/25  1GTPHCED8TZ170837,G35436
2026 GMC Truck GMC SIER 15E,1GTPHCED4TZ176280,176280,"$60,610.95 "," (60,610.95)",176280,2026 GMC SIERRA 1500   10/06/25  1GTPHCED4TZ176280,G35542
2026 GMC Truck GMC SIER 15E,1GTPHCED3TZ176318,176318,"$60,610.95 "," (60,610.95)",176318,2026 GMC SIERRA 1500   10/06/25  1GTPHCED3TZ176318,G35543
2026 GMC Truck GMC SIER 15E,1GTPHCED4TZ176344,176344,"$60,610.95 "," (60,610.95)",176344,2026 GMC SIERRA 1500   10/06/25  1GTPHCED4TZ176344,G35544
2026 GMC Truck GMC SIER 15E,1GTPHCED9TZ176405,176405,"$60,610.95 "," (60,610.95)",176405,2026 GMC SIERRA 1500   10/01/25  1GTPHCED9TZ176405,G35486
2026 GMC Truck GMC SIER 15E,1GTPHCED6TZ176409,176409,"$60,610.95 "," (60,610.95)",176409,2026 GMC SIERRA 1500   10/01/25  1GTPHCED6TZ176409,G35487
2026 GMC Truck GMC SIER 15E,1GTPHCED1TZ176494,176494,"$60,610.95 "," (60,610.95)",176494,2026 GMC SIERRA 1500   10/01/25  1GTPHCED1TZ176494,G35488
2026 GMC Truck GMC SIER 15E,1GTPHCED1TZ176835,176835,"$60,610.95 "," (60,610.95)",176835,2026 GMC SIERRA 1500   10/08/25  1GTPHCED1TZ176835,G35601
2026 GMC Truck GMC SIER 15E,1GTPHCED6TZ339754,339754,"$60,615.93 "," (60,615.93)",339754,2026 GMC SIERRA 1500    4/13/26  1GTPHCED6TZ339754,G36720
2026 GMC Truck GMC SIER 15E,3GTPHCED1TG350404,350404,"$60,615.93 ",,,,
2026 GMC Truck GMC SIER 15E,3GTPHCED5TG350891,350891,"$60,615.93 ",,,,
2026 GMC Truck GMC SIER 15E,3GTPHCED4TG350896,350896,"$60,615.93 ",,,,
2026 GMC Truck GMC SIER 15E,3GTPHCED0TG294827,294827,"$60,662.18 "," (60,662.18)",294827,2026 GMC SIERRA 1500    3/27/26  3GTPHCED0TG294827,G36625
2026 GMC Truck GMC SIER 15E,3GTPHCED4TG294944,294944,"$60,662.18 "," (60,662.18)",294944,2026 GMC SIERRA 1500    3/12/26  3GTPHCED4TG294944,G36436
2026 GMC Truck GMC SIER 15E,3GTPHCED5TG295021,295021,"$60,662.18 "," (60,662.18)",295021,2026 GMC SIERRA 1500    3/26/26  3GTPHCED5TG295021,G36602
2026 GMC Truck GMC SIER 15E,3GTPHCED3TG295132,295132,"$60,662.18 "," (60,662.18)",295132,2026 GMC SIERRA 1500    3/26/26  3GTPHCED3TG295132,G36586
2026 GMC Truck GMC SIER 15E,3GTPHCED0TG302117,302117,"$60,662.18 "," (60,662.18)",302117,2026 GMC SIERRA 1500    3/18/26  3GTPHCED0TG302117,G36491
2026 GMC Truck GMC SIER 15E,3GTPHCED2TG303043,303043,"$60,662.18 "," (60,662.18)",303043,2026 GMC SIERRA 1500    4/07/26  3GTPHCED2TG303043,G36688
2026 GMC Truck GMC SIER 15E,3GTPHCED7TG303362,303362,"$60,662.18 "," (60,662.18)",303362,2026 GMC SIERRA 1500    3/24/26  3GTPHCED7TG303362,G36562
2026 GMC Truck GMC SIER 15E,3GTPHCED5TG303375,303375,"$60,662.18 "," (60,662.18)",303375,2026 GMC SIERRA 1500    3/26/26  3GTPHCED5TG303375,G36604
2026 GMC Truck GMC SIER 15E,3GTPHCED2TG303639,303639,"$60,662.18 "," (60,662.18)",303639,2026 GMC SIERRA 1500    3/26/26  3GTPHCED2TG303639,G36603
2026 GMC Truck GMC SIER 15E,3GTPHCED1TG303714,303714,"$60,662.18 "," (60,662.18)",303714,2026 GMC SIERRA 1500    3/23/26  3GTPHCED1TG303714,G36523
2026 GMC Truck GMC SIER 15E,3GTPHCED7TG303815,303815,"$60,662.18 "," (60,662.18)",303815,"MARQUEZ, CARLOS ENRIQ   3/24/26  3GTPHCED7TG303815",G36556
2026 GMC Truck GMC SIER 15E,3GTPHCED0TG303817,303817,"$60,662.18 "," (60,662.18)",303817,2026 GMC SIERRA 1500    3/24/26  3GTPHCED0TG303817,G36565
2026 GMC Truck GMC SIER 15E,3GTPHCE85TG302875,302875,"$60,939.68 "," (60,939.68)",302875,2026 GMC SIERRA 1500    3/20/26  3GTPHCE85TG302875,G36507
2026 GMC Truck GMC SIER 15E,3GTPHCE81TG302968,302968,"$60,939.68 "," (60,939.68)",302968,2026 GMC SIERRA 1500    3/26/26  3GTPHCE81TG302968,G36589
2026 GMC Truck GMC SIER 15E,3GTPHCE84TG303225,303225,"$60,939.68 "," (60,939.68)",303225,2026 GMC SIERRA 1500    3/24/26  3GTPHCE84TG303225,G36558
2026 GMC Truck GMC SIER 15E,3GTPHCE8XTG303357,303357,"$60,939.68 "," (60,939.68)",303357,2026 GMC SIERRA 1500    4/07/26  3GTPHCE8XTG303357,G36689
2026 GMC Truck GMC SIER 15E,3GTPHCE87TG303462,303462,"$60,939.68 "," (60,939.68)",303462,2026 GMC SIERRA 1500    3/24/26  3GTPHCE87TG303462,G36559
2026 GMC Truck GMC SIER 15E,3GTPHCED7TG109432,109432,"$61,024.80 "," (61,024.80)",109432,2026 GMC SIERRA 1500    8/12/25  3GTPHCED7TG109432,G35110
2026 GMC Truck GMC SIER 15E,3GTPHCED0TG109496,109496,"$61,024.80 "," (61,024.80)",109496,2026 GMC SIERRA 1500    8/12/25  3GTPHCED0TG109496,G35111
2026 GMC Truck GMC SIER 15E,1GTPHCED1TZ131491,131491,"$61,024.80 "," (61,024.80)",131491,2026 GMC SIERRA 1500    8/16/25  1GTPHCED1TZ131491,G35132
2026 GMC Truck GMC SIER 15E,1GTPHCED8TZ138888,138888,"$61,071.30 "," (61,071.30)",138888,2026 GMC SIERRA 1500    8/19/25  1GTPHCED8TZ138888,G35147
2026 GMC Truck GMC SIER 15E,1GTPHCED1TZ139025,139025,"$61,071.30 "," (61,071.30)",139025,2026 GMC SIERRA 1500    8/19/25  1GTPHCED1TZ139025,G35148
2026 GMC Truck GMC SIER 15E,1GTPHCED4TZ141917,141917,"$61,071.30 "," (61,071.30)",141917,2026 GMC SIERRA 1500    8/21/25  1GTPHCED4TZ141917,G35177
2026 GMC Truck GMC SIER 15E,1GTPHCED6TZ141949,141949,"$61,071.30 "," (61,071.30)",141949,2026 GMC SIERRA 1500    8/28/25  1GTPHCED6TZ141949,G35234
2026 GMC Truck GMC SIER 15E,1GTPHCED7TZ141989,141989,"$61,071.30 "," (61,071.30)",141989,2026 GMC SIERRA 1500    8/28/25  1GTPHCED7TZ141989,G35236
2026 GMC Truck GMC SIER 15E,1GTPHCED2TZ164306,164306,"$61,071.30 "," (61,071.30)",164306,2026 GMC SIERRA 1500    9/22/25  1GTPHCED2TZ164306,G35428
2026 GMC Truck GMC SIER 15E,1GTPHCED9TZ164545,164545,"$61,071.30 "," (61,071.30)",164545,2026 GMC SIERRA 1500    9/23/25  1GTPHCED9TZ164545,G35442
2026 GMC Truck GMC SIER 15E,1GTPHCED3TZ165450,165450,"$61,071.30 "," (61,071.30)",165450,2026 GMC SIERRA 1500    9/18/25  1GTPHCED3TZ165450,G35396
2026 GMC Truck GMC SIER 15E,1GTPHCED5TZ168947,168947,"$61,071.30 "," (61,071.30)",168947,2026 GMC SIERRA 1500    9/22/25  1GTPHCED5TZ168947,G35430
2026 GMC Truck GMC SIER 15E,1GTPHCED6TZ169038,169038,"$61,071.30 "," (61,071.30)",169038,2026 GMC SIERRA 1500    9/22/25  1GTPHCED6TZ169038,G35431
2026 GMC Truck GMC SIER 15E,1GTPHCED9TZ172872,172872,"$61,071.30 "," (61,071.30)",172872,2026 GMC SIERRA 1500   10/01/25  1GTPHCED9TZ172872,G35480
2026 GMC Truck GMC SIER 15E,1GTPHCED2TZ173135,173135,"$61,071.30 "," (61,071.30)",173135,2026 GMC SIERRA 1500    9/26/25  1GTPHCED2TZ173135,G35459
2026 GMC Truck GMC SIER 15E,1GTPHCED0TZ173585,173585,"$61,071.30 "," (61,071.30)",173585,"VALADEZ, CARLOS GREGO   9/26/25  1GTPHCED0TZ173585",G35461
2026 GMC Truck GMC SIER 15E,1GTPHCED7TZ173941,173941,"$61,071.30 "," (61,071.30)",173941,2026 GMC SIERRA 1500   10/01/25  1GTPHCED7TZ173941,G35477
2026 GMC Truck GMC SIER 15E,1GTPHCED4TZ176425,176425,"$61,071.30 "," (61,071.30)",176425,2026 GMC SIERRA 1500   10/06/25  1GTPHCED4TZ176425,G35570
2026 GMC Truck GMC SIER 15E,3GTPHCEDXTG316817,316817,"$61,073.80 "," (61,073.80)",316817,2026 GMC SIERRA 1500    3/31/26  3GTPHCEDXTG316817,G36647
2026 GMC Truck GMC SIER 15E,3GTPHCED5TG316823,316823,"$61,073.80 "," (61,073.80)",316823,"WEATHERS, GREGORY DEW   3/30/26  3GTPHCED5TG316823",G36635
2026 GMC Truck GMC SIER 15E,3GTPHCED1TG317080,317080,"$61,073.80 "," (61,073.80)",317080,2026 GMC SIERRA 1500    4/02/26  3GTPHCED1TG317080,G36667
2026 GMC Truck GMC SIER 15E,3GTPHCED5TG317082,317082,"$61,073.80 "," (61,073.80)",317082,2026 GMC SIERRA 1500    3/31/26  3GTPHCED5TG317082,G36646
2026 GMC Truck GMC SIER 15E,1GTPHCED5TZ334402,334402,"$61,073.80 "," (61,073.80)",334402,2026 GMC SIERRA 1500    4/20/26  1GTPHCED5TZ334402,G36735
2026 GMC Truck GMC SIER 15E,1GTPHCED8TZ335012,335012,"$61,073.80 "," (61,073.80)",335012,2026 GMC SIERRA 1500    4/09/26  1GTPHCED8TZ335012,G36707
2026 GMC Truck GMC SIER 15E,1GTPHCED7TZ335843,335843,"$61,073.80 "," (61,073.80)",335843,2026 GMC SIERRA 1500    4/14/26  1GTPHCED7TZ335843,G36724
2026 GMC Truck GMC SIER 15E,1GTPHCED7TZ338466,338466,"$61,073.80 "," (61,073.80)",338466,"NIEMAN, BOBBY RAY       4/09/26  1GTPHCED7TZ338466",G36711
2026 GMC Truck GMC SIER 15E,1GTPHCED5TZ338515,338515,"$61,073.80 "," (61,073.80)",338515,2026 GMC SIERRA 1500    4/09/26  1GTPHCED5TZ338515,G36706
2026 GMC Truck GMC SIER 15E,1GTPHCED6TZ339821,339821,"$61,073.80 "," (61,073.80)",339821,2026 GMC SIERRA 1500    4/09/26  1GTPHCED6TZ339821,G36710
2026 GMC Truck GMC SIER 15E,3GTPHCED8TG350982,350982,"$61,073.80 ",,,,
2026 GMC Truck GMC SIER 15E,3GTPHCED1TG350998,350998,"$61,073.80 ",,,,
2026 GMC Truck GMC SIER 15E,3GTPHCEDXTG351065,351065,"$61,073.80 ",,,,
2026 GMC Truck GMC SIER 15E,3GTPHCED3TG351067,351067,"$61,073.80 ",,,,
2026 GMC Truck GMC SIER 15E,3GTPHCED4TG351143,351143,"$61,073.80 ",,,,
2026 GMC Truck GMC SIER 15E,3GTPHCED5TG351149,351149,"$61,073.80 ",,,,
2026 GMC Truck GMC SIER 15E,1GTPHCED1TZ361967,361967,"$61,073.80 ",,,,
2026 GMC Truck GMC SIER 15E,1GTPHCED8TZ278147,278147,"$61,110.80 "," (61,110.80)",278147,2026 GMC SIERRA 1500    2/06/26  1GTPHCED8TZ278147,G36222
2026 GMC Truck GMC SIER 15E,3GTPHCE82TG302803,302803,"$61,397.55 "," (61,397.55)",302803,2026 GMC SIERRA 1500    4/02/26  3GTPHCE82TG302803,G36670
2026 GMC Truck GMC SIER 15E,3GTPHCE80TG302895,302895,"$61,397.55 "," (61,397.55)",302895,2026 GMC SIERRA 1500    3/24/26  3GTPHCE80TG302895,G36561
2026 GMC Truck GMC SIER 15E,3GTPHCE85TG303508,303508,"$61,397.55 "," (61,397.55)",303508,2026 GMC SIERRA 1500    4/10/26  3GTPHCE85TG303508,G36717
2026 GMC Truck GMC SIER 15E,3GTPHCE80TG303528,303528,"$61,397.55 "," (61,397.55)",303528,2026 GMC SIERRA 1500    3/26/26  3GTPHCE80TG303528,G36600
2026 GMC Truck GMC SIER 15E,3GTPHCE87TG303607,303607,"$61,397.55 "," (61,397.55)",303607,2026 GMC SIERRA 1500    3/31/26  3GTPHCE87TG303607,G36643
2026 GMC Truck GMC SIER 15E,3GTPHCE84TG303614,303614,"$61,397.55 "," (61,397.55)",303614,2026 GMC SIERRA 1500    3/24/26  3GTPHCE84TG303614,G36553
2026 GMC Truck GMC SIER 15E,3GTPHCE86TG303646,303646,"$61,397.55 "," (61,397.55)",303646,2026 GMC SIERRA 1500    3/24/26  3GTPHCE86TG303646,G36554
2026 GMC Truck GMC SIER 15E,3GTPHCE83TG303653,303653,"$61,397.55 "," (61,397.55)",303653,2026 GMC SIERRA 1500    3/26/26  3GTPHCE83TG303653,G36605
2026 GMC Truck GMC SIER 15E,3GTPHCE80TG303805,303805,"$61,397.55 "," (61,397.55)",303805,2026 GMC SIERRA 1500    3/24/26  3GTPHCE80TG303805,G36555
2026 Buick BUCK ENCLV A,5GAERCKS9TJ311146,311146,"$62,943.88 "," (62,943.88)",311146,2026 BUICK ENCLAVE      4/08/26  5GAERCKS9TJ311146,B36702
2026 Buick BUCK ENCLV A,5GAERCKS9TJ337567,337567,"$62,943.88 ",,,,
2026 Buick ENCLAVE,5GAEVCKS6TJ307129,307129,"$63,000.00 "," (63,000.00)",307129,2026 BUICK ENCLAVE      4/22/26  5GAEVCKS6TJ307129,B36731
2026 Buick BUCK ENCLV A,5GAERCKS1TJ303381,303381,"$63,498.88 "," (63,498.88)",303381,2026 BUICK ENCLAVE      3/25/26  5GAERCKS1TJ303381,B36577
2026 GMC Truck GMC SIER 15L,1GTUUDE89TZ356037,356037,"$63,533.58 "," (63,533.58)",356037,2026 GMC SIERRA 1500    4/29/26  1GTUUDE89TZ356037,G36770
2026 GMC Truck GMC SIER EV,1GT1ESEH9TU405206,405206,"$63,543.42 "," (63,543.42)",405206,2026 GMC SIERRA EV      8/18/25  1GT1ESEH9TU405206,G35141
2026 GMC Truck GMC SIER 15E,1GTUUCED8TZ162347,162347,"$63,889.20 "," (63,889.20)",162347,2026 GMC SIERRA 1500    9/15/25  1GTUUCED8TZ162347,G35388
2026 GMC Truck GMC SIER 15E,1GTUUCED9TZ162535,162535,"$63,889.20 "," (63,889.20)",162535,2026 GMC SIERRA 1500    9/15/25  1GTUUCED9TZ162535,G35389
2026 GMC Truck GMC SIER 15E,3GTUUCED8TG294315,294315,"$63,960.35 "," (63,960.35)",294315,2026 GMC SIERRA 1500    3/18/26  3GTUUCED8TG294315,G36492
2026 GMC Truck GMC SIER 15E,3GTUUCED2TG294410,294410,"$63,960.35 "," (63,960.35)",294410,2026 GMC SIERRA 1500    3/30/26  3GTUUCED2TG294410,G36633
2026 GMC Truck GMC SIER 15E,1GTUUCED2TZ204186,204186,"$64,000.80 "," (64,000.80)",204186,2026 GMC SIERRA 1500   10/30/25  1GTUUCED2TZ204186,G35760
2026 GMC Truck GMC SIER 15E,1GTUUCED6TZ198490,198490,"$64,191.45 "," (64,191.45)",198490,2026 GMC SIERRA 1500   10/23/25  1GTUUCED6TZ198490,G35667
2026 GMC Truck GMC SIER 15E,1GTUUCED1TZ143414,143414,"$64,386.75 "," (64,386.75)",143414,2026 GMC SIERRA 1500    8/30/25  1GTUUCED1TZ143414,G35268
2026 GMC Truck GMC SIER 15E,1GTUUCED9TZ143421,143421,"$64,386.75 "," (64,386.75)",143421,2026 GMC SIERRA 1500    8/28/25  1GTUUCED9TZ143421,G35248
2026 GMC Truck GMC SIER 15E,1GTUUCED5TZ143450,143450,"$64,386.75 "," (64,386.75)",143450,2026 GMC SIERRA 1500    8/28/25  1GTUUCED5TZ143450,G35249
2026 GMC Truck GMC SIER 15E,1GTUUCED0TZ143565,143565,"$64,386.75 "," (64,386.75)",143565,2026 GMC SIERRA 1500    8/28/25  1GTUUCED0TZ143565,G35250
2026 GMC Truck GMC SIER 15E,1GTUUCED3TZ143849,143849,"$64,386.75 "," (64,386.75)",143849,2026 GMC SIERRA 1500    9/02/25  1GTUUCED3TZ143849,G35280
2026 GMC Truck GMC SIER 15E,1GTUUCED8TZ176653,176653,"$64,386.75 "," (64,386.75)",176653,2026 GMC SIERRA 1500   10/14/25  1GTUUCED8TZ176653,G35624
2026 GMC Truck GMC SIER 15E,1GTUUCED7TZ176708,176708,"$64,386.75 "," (64,386.75)",176708,"SALMERON JR, RICHARD   10/06/25  1GTUUCED7TZ176708",G35547
2026 GMC Truck GMC SIER 15E,1GTUUCED8TZ176748,176748,"$64,386.75 "," (64,386.75)",176748,2026 GMC SIERRA 1500   10/01/25  1GTUUCED8TZ176748,G35490
2026 GMC Truck GMC SIER 15E,3GTUUCEDXTG295143,295143,"$64,418.23 "," (64,418.23)",295143,2026 GMC SIERRA 1500    3/26/26  3GTUUCEDXTG295143,G36590
2026 GMC Truck GMC SIER 15E,3GTUUCEDXTG327301,327301,"$64,422.85 "," (64,422.85)",327301,2026 GMC SIERRA 1500    4/20/26  3GTUUCEDXTG327301,G36736
2026 GMC Truck GMC SIER 15E,3GTUUCED3TG327575,327575,"$64,422.85 ",,,,
2026 GMC Truck GMC SIER 15E,3GTUUCED3TG327785,327785,"$64,422.85 "," (64,422.85)",327785,2026 GMC SIERRA 1500    4/10/26  3GTUUCED3TG327785,G36718
2026 GMC Truck GMC SIER 15E,3GTUUCED7TG327854,327854,"$64,422.85 ",,,,
2026 GMC Truck GMC SIER 15E,3GTUUCED6TG327862,327862,"$64,422.85 ",,,,
2026 GMC Truck GMC SIER 15E,3GTUUCEDXTG340954,340954,"$64,422.85 ",,,,
2026 GMC Truck GMC SIER 15E,3GTUUCED2TG340995,340995,"$64,422.85 "," (64,422.85)",340995,2026 GMC SIERRA 1500    4/29/26  3GTUUCED2TG340995,G36769
2026 GMC Truck GMC SIER 15E,1GTUUCED8TZ356912,356912,"$64,422.85 ",,,,
2026 GMC Truck GMC SIER 15E,3GTUUCED9TG352366,352366,"$64,834.48 ",,,,
2026 GMC Truck GMC SIER 15E,3GTUUCED4TG352369,352369,"$64,834.48 ",,,,
2026 GMC Truck GMC SIER 15E,3GTUUCED4TG352372,352372,"$64,834.48 ",,,,
2026 GMC Truck GMC SIER 15E,3GTUUCED7TG352429,352429,"$64,834.48 ",,,,
2026 GMC Truck GMC SIER 15E,3GTUUCED0TG352434,352434,"$64,834.48 ",,,,
2026 GMC Truck GMC SIER 15E,3GTUUCED6TG352437,352437,"$64,834.48 ",,,,
2026 GMC Truck GMC SIER 15E,3GTUUCEDXTG327542,327542,"$64,880.73 ",,,,
2026 GMC Truck GMC SIER 15E,3GTUUCED7TG327644,327644,"$64,880.73 ",,,,
2026 GMC Truck GMC SIER 15E,3GTUUCED4TG327648,327648,"$64,880.73 ",,,,
2026 GMC Truck GMC SIER 15E,3GTUUCED7TG327787,327787,"$64,880.73 ",,,,
2026 GMC Truck GMC SIER 15E,3GTUUCED3TG327799,327799,"$64,880.73 ",,,,
2026 GMC Truck GMC SIER 15E,3GTUUCED0TG327856,327856,"$64,880.73 ",,,,
2026 GMC Truck GMC SIER 15E,3GTUUCEDXTG327928,327928,"$64,880.73 ",,,,
2026 GMC Truck GMC SIER 15E,3GTUUCED7TG327935,327935,"$64,880.73 "," (64,880.73)",327935,2026 GMC SIERRA 1500    4/22/26  3GTUUCED7TG327935,G36745
2026 GMC Truck GMC SIER 15E,3GTUUCEDXTG327993,327993,"$64,880.73 ",,,,
2026 GMC Truck GMC SIER 15E,3GTUUCED2TG341418,341418,"$64,880.73 ",,,,
2026 GMC Truck GMC SIER 15E,3GTUUCED5TG341574,341574,"$64,880.73 "," (64,880.73)",341574,2026 GMC SIERRA 1500    4/22/26  3GTUUCED5TG341574,G36746
2026 GMC Truck GMC SIER 15E,3GTUUCED0TG341580,341580,"$64,880.73 "," (64,880.73)",341580,2026 GMC SIERRA 1500    4/30/26  3GTUUCED0TG341580,G36788
2026 GMC Truck GMC SIER 15E,3GTUUCED0TG341644,341644,"$64,880.73 "," (64,880.73)",341644,2026 GMC SIERRA 1500    4/20/26  3GTUUCED0TG341644,G36737
2026 GMC Truck GMC SIER 15E,3GTUUCED0TG341806,341806,"$64,880.73 "," (64,880.73)",341806,2026 GMC SIERRA 1500    4/23/26  3GTUUCED0TG341806,G36750
2026 GMC Truck GMC SIER 15E,1GTUUCEDXTZ352408,352408,"$64,880.73 "," (64,880.73)",352408,2026 GMC SIERRA 1500    4/29/26  1GTUUCEDXTZ352408,G36772
2026 GMC Truck GMC SIER 15E,1GTUUCED0TZ356161,356161,"$64,880.73 "," (64,880.73)",356161,2026 GMC SIERRA 1500    4/29/26  1GTUUCED0TZ356161,G36771
2026 GMC Truck GMC SIER 15E,1GTUUCED5TZ356303,356303,"$64,880.73 "," (64,880.73)",356303,2026 GMC SIERRA 1500    4/29/26  1GTUUCED5TZ356303,G36787
2026 GMC Truck GMC SIER 15E,1GTUUCED5TZ356916,356916,"$64,880.73 "," (64,880.73)",356916,2026 GMC SIERRA 1500    4/30/26  1GTUUCED5TZ356916,G36796
2026 GMC Truck GMC SIER 15E,3GTUUCE86TG317478,317478,"$65,107.35 "," (65,107.35)",317478,"J7 TRUCKING, LLC        3/30/26  3GTUUCE86TG317478",G36638
2026 GMC Truck GMC SIER 15E,3GTUUCE81TG317484,317484,"$65,107.35 "," (65,107.35)",317484,2026 GMC SIERRA 1500    4/03/26  3GTUUCE81TG317484,G36675
2026 GMC Truck GMC SIER 15E,3GTUUCE83TG317681,317681,"$65,107.35 "," (65,107.35)",317681,"J7 TRUCKING, LLC        4/09/26  3GTUUCE83TG317681",G36714
2026 GMC Truck GMC SIER 15E,3GTUUCE89TG317684,317684,"$65,107.35 "," (65,107.35)",317684,2026 GMC SIERRA 1500    4/07/26  3GTUUCE89TG317684,G36690
2026 GMC Truck GMC SIER 15E,3GTUUCED8TG317091,317091,"$65,292.35 "," (65,292.35)",317091,2026 GMC SIERRA 1500    4/09/26  3GTUUCED8TG317091,G36715
2026 GMC Truck GMC SIER 15E,3GTUUCED7TG352995,352995,"$65,292.35 ",,,,
2026 GMC Truck GMC SIER 15E,3GTUUCED9TG352996,352996,"$65,292.35 ",,,,
2026 GMC Truck GMC SIER 15E,3GTUUCED3TG353058,353058,"$65,292.35 ",,,,
2026 GMC Truck GMC SIER 15E,3GTUUCED1TG353060,353060,"$65,292.35 ",,,,
2026 GMC Truck GMC SIER 15E,3GTUUCED3TG353061,353061,"$65,292.35 ",,,,
2026 GMC Truck GMC SIER 15E,3GTUUCED9TG353064,353064,"$65,292.35 ",,,,
2026 GMC Truck GMC SIER 15E,3GTUUCED9TG353078,353078,"$65,292.35 ",,,,
2026 GMC Truck GMC SIER 15E,1GTUUCED8TZ361902,361902,"$65,292.35 ",,,,
2026 GMC Truck GMC SIER 15E,1GTUUCED7TZ361938,361938,"$65,292.35 "," (65,292.35)",361938,2026 GMC SIERRA 1500    4/30/26  1GTUUCED7TZ361938,G36789
2026 GMC Truck GMC SIER 15E,1GTUUCE84TZ284450,284450,"$65,565.23 "," (65,565.23)",284450,2026 GMC SIERRA 1500    2/24/26  1GTUUCE84TZ284450,G36340
2026 GMC Truck GMC SIER 15E,3GTUUCE87TG318087,318087,"$65,565.23 "," (65,565.23)",318087,2026 GMC SIERRA 1500    4/23/26  3GTUUCE87TG318087,G36751
2026 GMC Truck GMC SIER 15E,3GTUUCE89TG318088,318088,"$65,565.23 "," (65,565.23)",318088,2026 GMC SIERRA 1500    4/09/26  3GTUUCE89TG318088,G36716
2026 GMC Truck GMC SIER 15E,3GTUUCE87TG318090,318090,"$65,565.23 "," (65,565.23)",318090,2026 GMC SIERRA 1500    4/03/26  3GTUUCE87TG318090,G36676
2026 GMC Truck GMC SIER 15E,3GTUUCE82TG318093,318093,"$65,565.23 "," (65,565.23)",318093,"BLANKENSHIP, CURTIS J   4/03/26  3GTUUCE82TG318093",G36677
2026 GMC Truck GMC SIER 15E,3GTUUCE86TG318100,318100,"$65,565.23 "," (65,565.23)",318100,2026 GMC SIERRA 1500    4/07/26  3GTUUCE86TG318100,G36694
2026 GMC Truck GMC SIER 15E,3GTUUCE82TG318109,318109,"$65,565.23 "," (65,565.23)",318109,2026 GMC SIERRA 1500    3/31/26  3GTUUCE82TG318109,G36645
2026 GMC Truck GMC SIER EV,1GT1ETED9TU409825,409825,"$65,951.94 "," (65,951.94)",409825,2026 GMC SIERRA EV      1/13/26  1GT1ETED9TU409825,G36153
2026 GMC Truck GMC SIER 15A,3GTUUEE83TG331611,331611,"$69,208.38 "," (69,208.38)",331611,2026 GMC SIERRA 1500    4/20/26  3GTUUEE83TG331611,G36739
2026 GMC Truck GMC YUK 2ELE,1GKS1BKD8TR303436,303436,"$70,820.98 "," (70,820.98)",303436,"NOTTINGHAM, JONATHON    3/26/26  1GKS1BKD8TR303436",G36597
2026 GMC Truck GMC SIER 15A,1GTUUEEL3TZ353273,353273,"$71,271.13 "," (71,271.13)",353273,"PORRAS ALVARADO, OSCA   4/29/26  1GTUUEEL3TZ353273",G36786
2026 GMC Truck GMC SIER 15A,1GTUUEEL1TZ358780,358780,"$71,451.50 ",,,,
2026 GMC Truck GMC SIER 15A,1GTUUEEL8TZ357674,357674,"$71,729.00 "," (71,729.00)",357674,"NICHOLS, MICHAEL GLEN   4/30/26  1GTUUEEL8TZ357674",G36797
2026 GMC Truck GMC SIER 15A,3GTUUEEL4TG330178,330178,"$72,371.88 "," (72,371.88)",330178,2026 GMC SIERRA 1500    4/22/26  3GTUUEEL4TG330178,G36747
2026 GMC Truck GMC SIER 15A,3GTUUEEL1TG330395,330395,"$72,371.88 "," (72,371.88)",330395,2026 GMC SIERRA 1500    4/20/26  3GTUUEEL1TG330395,G36740
2026 GMC Truck GMC SIER EV,1GT1ETED2TU407219,407219,"$72,617.86 "," (72,617.86)",407219,2026 GMC SIERRA EV     12/05/25  1GT1ETED2TU407219,G35990
2026 GMC Truck GMC SIER 15D,3GTUUGEL9TG343066,343066,"$73,024.40 ",,,,
2026 GMC Truck GMC SIER 15D,3GTUUGEL7TG343146,343146,"$73,024.40 "," (73,024.40)",343146,"BAZE, DEBORAH SCARBRO   4/22/26  3GTUUGEL7TG343146",G36748
2026 GMC Truck GMC SIER 15D,1GTUUGEL5TZ355778,355778,"$73,024.40 "," (73,024.40)",355778,2026 GMC SIERRA 1500    4/30/26  1GTUUGEL5TZ355778,G36790
2026 GMC Truck GMC SIER 15D,3GTUUGELXTG347112,347112,"$73,283.40 ",,,,
2026 GMC Truck GMC SIER 15D,3GTUUGEL1TG347192,347192,"$73,283.40 ",,,,
2026 GMC Truck GMC SIER 15D,3GTUUGEL3TG347226,347226,"$73,283.40 ",,,,
2026 GMC Truck GMC SIER 15D,3GTUUGEL9TG347229,347229,"$73,283.40 ",,,,
2026 GMC Truck GMC SIER 15D,3GTUUGEL6TG342408,342408,"$73,579.40 ",,,,
2026 GMC Truck GMC SIER 15D,3GTUUGELXTG346994,346994,"$73,838.40 ",,,,
2026 GMC Truck GMC SIER 15D,3GTUUGEL1TG347189,347189,"$73,838.40 ",,,,
2026 GMC Truck GMC SIER 15D,3GTUUGEL8TG298864,298864,"$74,203.78 "," (74,203.78)",298864,2026 GMC SIERRA 1500    3/16/26  3GTUUGEL8TG298864,G36459
2026 GMC Truck GMC SIER 15D,3GTUUGELXTG298865,298865,"$74,203.78 "," (74,203.78)",298865,2026 GMC SIERRA 1500    3/24/26  3GTUUGELXTG298865,G36570
2026 GMC Truck GMC SIER 15D,3GTUUGEL3TG298867,298867,"$74,203.78 "," (74,203.78)",298867,"MEJIA VARGAS, JOAQUIN   3/24/26  3GTUUGEL3TG298867",G36552
2026 GMC Truck GMC SIER 15D,1GTUUGE80TZ243739,243739,"$75,241.70 "," (75,241.70)",243739,2026 GMC SIERRA 1500   12/02/25  1GTUUGE80TZ243739,G35940
2026 GMC Truck GMC SIER 15D,3GTUUGEL2TG126894,126894,"$75,855.20 "," (75,855.20)",126894,2026 GMC SIERRA 1500    9/15/25  3GTUUGEL2TG126894,G35379
2026 GMC Truck GMC SIER 15D,3GTUUGEL8TG126916,126916,"$75,855.20 "," (75,855.20)",126916,2026 GMC SIERRA 1500    9/15/25  3GTUUGEL8TG126916,G35380
2026 GMC Truck GMC SIER 15D,3GTUUGEL5TG126923,126923,"$75,855.20 "," (75,855.20)",126923,"BORRELLO, VINCENT      10/01/25  3GTUUGEL5TG126923",G35470
2026 GMC Truck GMC SIER 15D,3GTUUGEL4TG126928,126928,"$75,855.20 "," (75,855.20)",126928,2026 GMC SIERRA 1500    9/12/25  3GTUUGEL4TG126928,G35366
2026 GMC Truck GMC SIER 15D,3GTUUGEL2TG142125,142125,"$75,855.20 "," (75,855.20)",142125,2026 GMC SIERRA 1500   10/09/25  3GTUUGEL2TG142125,G35609
,,,," (75,864.15)",362259,2026 GMC SIERRA 1500    4/30/26  1GTUUGEL5TZ362259,G36791
,,,," (75,864.15)",362298,2026 GMC SIERRA 1500    4/30/26  1GTUUGEL4TZ362298,G36792
2026 GMC TRUCK SIERRA 1500,3GTUUGEL6TG156108,156108,"$76,000.00 "," (76,000.00)",156108,2026 GMC SIERRA 1500    4/22/26  3GTUUGEL6TG156108,G35618
2026 GMC Truck GMC SIER 15D,1GTUUGEL6TZ352386,352386,"$76,238.78 "," (76,238.78)",352386,2026 GMC SIERRA 1500    4/29/26  1GTUUGEL6TZ352386,G36773
2026 GMC Truck GMC SIER 15D,1GTUUGEL3TZ352412,352412,"$76,238.78 "," (76,238.78)",352412,2026 GMC SIERRA 1500    4/21/26  1GTUUGEL3TZ352412,G36742
2026 GMC Truck GMC SIER 15D,1GTUUGEL1TZ356944,356944,"$76,793.78 "," (76,793.78)",356944,2026 GMC SIERRA 1500    4/29/26  1GTUUGEL1TZ356944,G36776
2026 GMC Truck GMC SIER 15D,1GTUUGEL0TZ357308,357308,"$76,793.78 "," (76,793.78)",357308,2026 GMC SIERRA 1500    4/30/26  1GTUUGEL0TZ357308,G36793
2026 GMC Truck GMC YUK 4ELE,1GKS2BKD9TR310697,310697,"$76,890.60 "," (76,890.60)",310697,MCKINNEY BUICK GMC      4/01/26  1GKS2BKD9TR310697,G36655
2026 GMC Truck GMC SIER EV,1GT1ETED6TU408955,408955,"$77,172.57 "," (77,172.57)",408955,2026 GMC SIERRA EV     10/07/25  1GT1ETED6TU408955,G35590
2026 GMC Truck GMC SIER EV,1GT1ETED1TU408958,408958,"$77,172.57 "," (77,172.57)",408958,2026 GMC SIERRA EV     10/06/25  1GT1ETED1TU408958,G35582
2026 GMC Truck GMC SIER EV,1GT1ETED3TU408959,408959,"$77,172.57 "," (77,172.57)",408959,2026 GMC SIERRA EV     10/07/25  1GT1ETED3TU408959,G35588
2026 GMC Truck GMC SIER 15D,3GTUUGEL8TG156112,156112,"$77,710.55 "," (77,710.55)",156112,2026 GMC SIERRA 1500   10/23/25  3GTUUGEL8TG156112,G35689
2026 GMC Truck GMC SIER 15D,3GTUUGEL5TG170758,170758,"$77,710.55 "," (77,710.55)",170758,2026 GMC SIERRA 1500   10/20/25  3GTUUGEL5TG170758,G35660
2026 GMC Truck GMC YUK 2LEL,1GKS1GKD4TR275891,275891,"$77,769.35 "," (77,769.35)",275891,2026 GMC YUKON XL       3/03/26  1GKS1GKD4TR275891,G36359
2026 GMC Truck GMC SIER 15D,3GTUUGEL2TG155537,155537,"$78,175.55 "," (78,175.55)",155537,2026 GMC SIERRA 1500   10/17/25  3GTUUGEL2TG155537,G35649
2026 GMC Truck GMC YUK 4ELE,1GKS2BKD4TR340464,340464,"$78,393.73 ",,,,
2026 GMC Truck GMC YUK 4ELE,1GKS2BKD8TR340502,340502,"$78,393.73 ",,,,
2026 GMC Truck GMC SIER 15D,1GTUUGEL5TZ188421,188421,"$78,682.40 "," (78,682.40)",188421,2026 GMC SIERRA 1500   10/30/25  1GTUUGEL5TZ188421,G35768
2026 GMC Truck GMC SIER 15D,1GTUUGELXTZ188463,188463,"$78,682.40 "," (78,682.40)",188463,"REPETTO, FRANCO LUCIA  10/30/25  1GTUUGELXTZ188463",G35769
2026 GMC Truck GMC SIER 15D,1GTUUGEL3TZ190362,190362,"$78,733.55 "," (78,733.55)",190362,2026 GMC SIERRA 1500   10/23/25  1GTUUGEL3TZ190362,G35670
2026 GMC Truck GMC SIER EV,1GT1ETED8TU410111,410111,"$79,321.97 "," (79,321.97)",410111,2026 GMC SIERRA EV     10/28/25  1GT1ETED8TU410111,G35747
2026 GMC Truck GMC SIER EV,1GT1ETED5TU410115,410115,"$79,321.97 "," (79,321.97)",410115,2026 GMC SIERRA EV     10/15/25  1GT1ETED5TU410115,G35634
2026 GMC Truck GMC SIER EV,1GT1ETED7TU410116,410116,"$79,321.97 "," (79,321.97)",410116,BEACHSIDE CAPITAL LLC  10/23/25  1GT1ETED7TU410116,G35686
2024 GMC Truck GMC SIER EV,1GT401EL4RU401521,401521,"$79,596.00 "," (79,596.00)",401521,"MIHELICH, MATTHEW DAN   4/14/26  1GT401EL4RU401521",G33968
2026 GMC Truck GMC SIER EV,1GT1ETEDXTU410112,410112,"$79,805.59 "," (79,805.59)",410112,2026 GMC SIERRA EV     10/24/25  1GT1ETEDXTU410112,G35732
2026 GMC Truck GMC SIER EV,1GT1ETED1TU410113,410113,"$79,805.59 "," (79,805.59)",410113,2026 GMC SIERRA EV     10/24/25  1GT1ETED1TU410113,G35733
2026 GMC Truck GMC SIER EV,1GT1ETED3TU410114,410114,"$79,805.59 "," (79,805.59)",410114,2026 GMC SIERRA EV     10/23/25  1GT1ETED3TU410114,G35681
2026 GMC Truck GMC SIER EV,1GT1ETED4TU410123,410123,"$79,805.59 "," (79,805.59)",410123,2026 GMC SIERRA EV     10/23/25  1GT1ETED4TU410123,G35685
2026 GMC Truck GMC SIER EV,1GT1ETED8TU410125,410125,"$79,805.59 "," (79,805.59)",410125,2026 GMC SIERRA EV     10/23/25  1GT1ETED8TU410125,G35682
2026 GMC Truck GMC SIER 15A,3GTUUFE89TG346913,346913,"$80,472.35 ",,,,
2026 GMC Truck GMC SIER 15A,3GTUUFE8XTG347083,347083,"$80,472.35 ",,,,
2026 GMC Truck GMC YUK 4XEL,1GKS2GKD1TR287784,287784,"$81,276.73 "," (81,276.73)",287784,"WEBER, ALEX CHARLES     3/10/26  1GKS2GKD1TR287784",G36429
2026 GMC Truck GMC YUK 4XEL,1GKS2GKD8TR241899,241899,"$81,734.60 "," (81,734.60)",241899,2026 GMC YUKON XL       2/04/26  1GKS2GKD8TR241899,G36207
2026 GMC Truck GMC YUK 4XEL,1GKS2GKD8TR286602,286602,"$81,734.60 "," (81,734.60)",286602,"ANDREWS, JUSTIN MERED   3/10/26  1GKS2GKD8TR286602",G36425
2026 GMC Truck GMC SIER 15A,3GTUUFEL1TG342441,342441,"$81,767.35 ",,,,
2026 GMC Truck GMC SIER 15A,3GTUUFEL7TG342444,342444,"$81,767.35 ",,,,
2026 GMC Truck GMC SIER 15A,3GTUUFEL2TG342447,342447,"$81,767.35 ",,,,
2026 GMC TRUCK YUKON,1GKS2DKL4TR235877,235877,"$82,000.00 "," (82,000.00)",235877,"CRUM, DOUGLAS KEITH     4/22/26  1GKS2DKL4TR235877",G36316
2026 GMC Truck GMC SIER 15A,3GTUUFEL7TG343612,343612,"$82,225.23 "," (82,225.23)",343612,2026 GMC SIERRA 1500    4/27/26  3GTUUFEL7TG343612,G36757
2026 GMC Truck GMC SIER 15A,3GTUUFEL4TG343616,343616,"$82,225.23 "," (82,225.23)",343616,2026 GMC SIERRA 1500    4/27/26  3GTUUFEL4TG343616,G36758
2026 GMC Truck GMC SIER 15A,3GTUUFEL8TG343828,343828,"$82,225.23 "," (82,225.23)",343828,2026 GMC SIERRA 1500    4/23/26  3GTUUFEL8TG343828,G36752
2026 GMC Truck GMC SIER 15A,3GTUUFELXTG343832,343832,"$82,225.23 ",,,,
2026 GMC Truck GMC SIER 15A,3GTUUFEL1TG343833,343833,"$82,225.23 "," (82,225.23)",343833,SEWELL BUICK GMC        4/27/26  3GTUUFEL1TG343833,G36759
2026 GMC Truck GMC SIER 15A,3GTUUFEL3TG343834,343834,"$82,225.23 "," (82,225.23)",343834,2026 GMC SIERRA 1500    4/23/26  3GTUUFEL3TG343834,G36754
2026 GMC Truck GMC SIER 15A,3GTUUFEL7TG344128,344128,"$82,225.23 ",,,,
2026 GMC Truck GMC SIER 15A,3GTUUFEL9TG344129,344129,"$82,225.23 ",,,,
2026 GMC Truck GMC SIER 15A,3GTUUFEL9TG344132,344132,"$82,225.23 ",,,,
2026 GMC Truck GMC SIER 15A,3GTUUFEL0TG344133,344133,"$82,225.23 ",,,,
2026 GMC Truck GMC SIER 15A,3GTUUFEL4TG344135,344135,"$82,225.23 ",,,,
2026 GMC Truck GMC SIER 15A,3GTUUFEL6TG344136,344136,"$82,225.23 ",,,,
2026 GMC Truck GMC YUK 4DEN,1GKS2DKL0TR337970,337970,"$83,093.03 ",,,,
2026 GMC Truck GMC YUK 4XEL,1GKS2GKD4TR185539,185539,"$83,462.70 "," (83,462.70)",185539,2026 GMC YUKON XL      11/14/25  1GKS2GKD4TR185539,G35847
2026 GMC Truck GMC YUK 4XEL,1GKS2GKD1TR209778,209778,"$83,462.70 "," (83,462.70)",209778,2026 GMC YUKON XL       1/08/26  1GKS2GKD1TR209778,G36134
2026 GMC Truck GMC YUK 4XEL,1GKS2GKD3TR209832,209832,"$83,462.70 "," (83,462.70)",209832,2026 GMC YUKON XL      12/31/25  1GKS2GKD3TR209832,G36117
2026 GMC Truck GMC YUK 4XEL,1GKS2GKD9TR275639,275639,"$84,047.10 "," (84,047.10)",275639,2026 GMC YUKON XL       3/03/26  1GKS2GKD9TR275639,G36358
2026 GMC Truck GMC SIER 25D,1GT4UREY1TF214585,214585,"$86,226.83 "," (86,226.83)",214585,2026 GMC SIERRA 2500H   3/20/26  1GT4UREY1TF214585,G36509
2026 GMC Truck GMC SIER 25D,1GT4UREY8TF214728,214728,"$86,226.83 "," (86,226.83)",214728,2026 GMC SIERRA 2500H   2/17/26  1GT4UREY8TF214728,G36313
2026 GMC Truck GMC SIER 25D,1GT4UREY7TF186095,186095,"$86,720.00 "," (86,720.00)",186095,2026 GMC SIERRA 2500H  12/22/25  1GT4UREY7TF186095,G36081
2026 GMC Truck GMC SIER 25D,1GT4UREY3TF186501,186501,"$86,720.00 "," (86,720.00)",186501,"CZAPLICKI, SCOTT WILS  12/11/25  1GT4UREY3TF186501",G36029
2026 GMC Truck GMC SIER 25D,1GT4UREY7TF186582,186582,"$86,720.00 "," (86,720.00)",186582,"TANKERSLEY, VICTOR VA  12/15/25  1GT4UREY7TF186582",G36040
2026 GMC Truck GMC SIER 25D,1GT4UREYXTF186933,186933,"$86,720.00 "," (86,720.00)",186933,2026 GMC SIERRA 2500H  12/11/25  1GT4UREYXTF186933,G36030
2026 GMC Truck GMC SIER 25D,1GT4UREY1TF214456,214456,"$86,781.83 "," (86,781.83)",214456,2026 GMC SIERRA 2500H   2/16/26  1GT4UREY1TF214456,G36303
2026 GMC Truck GMC SIER 25D,1GT4UREY0TF214626,214626,"$86,781.83 "," (86,781.83)",214626,2026 GMC SIERRA 2500H   2/16/26  1GT4UREY0TF214626,G36289
2026 GMC Truck GMC SIER 25D,1GT4UREY1TF214781,214781,"$86,781.83 "," (86,781.83)",214781,2026 GMC SIERRA 2500H   2/18/26  1GT4UREY1TF214781,G36323
2026 GMC Truck GMC SIER 25A,1GT4UPEY9TF224155,224155,"$86,930.45 "," (86,930.45)",224155,EWING BUICK GMC         4/29/26  1GT4UPEY9TF224155,G36774
2026 GMC Truck GMC SIER 25D,1GT4UREY4TF183414,183414,"$87,224.13 "," (87,224.13)",183414,2026 GMC SIERRA 2500H  12/05/25  1GT4UREY4TF183414,G35965
2026 GMC Truck GMC SIER 25D,1GT4UREY4TF191044,191044,"$87,224.13 "," (87,224.13)",191044,2026 GMC SIERRA 2500H  12/18/25  1GT4UREY4TF191044,G36069
2026 GMC Truck GMC SIER 25D,1GT4UREY3TF185753,185753,"$87,275.00 "," (87,275.00)",185753,2026 GMC SIERRA 2500H  12/11/25  1GT4UREY3TF185753,G36028
2026 GMC Truck GMC SIER 25D,1GT4UREY1TF185881,185881,"$87,275.00 "," (87,275.00)",185881,2026 GMC SIERRA 2500H  12/10/25  1GT4UREY1TF185881,G36024
2026 GMC Truck GMC SIER 25D,1GT4UREY5TF183504,183504,"$87,779.13 "," (87,779.13)",183504,2026 GMC SIERRA 2500H  12/11/25  1GT4UREY5TF183504,G36027
2026 GMC Truck GMC SIER 25D,1GT4UREY0TF191266,191266,"$87,779.13 "," (87,779.13)",191266,2026 GMC SIERRA 2500H  12/18/25  1GT4UREY0TF191266,G36075
2026 GMC Truck GMC SIER 25D,1GT4UREY8TF191306,191306,"$87,779.13 "," (87,779.13)",191306,2026 GMC SIERRA 2500H  12/18/25  1GT4UREY8TF191306,G36070
2026 GMC Truck GMC SIER 25D,1GT4UREY4TF191612,191612,"$87,779.13 "," (87,779.13)",191612,2026 GMC SIERRA 2500H  12/16/25  1GT4UREY4TF191612,G36045
2026 GMC Truck GMC SIER 25D,1GT4UREY5TF223466,223466,"$88,534.70 "," (88,534.70)",223466,2026 GMC SIERRA 2500H   3/27/26  1GT4UREY5TF223466,G36612
2026 GMC Truck GMC SIER 25D,1GT4UREY5TF224018,224018,"$88,534.70 "," (88,534.70)",224018,"ORTEGA, SERGIO          4/29/26  1GT4UREY5TF224018",G36777
2026 GMC Truck GMC SIER 25D,1GT4UREY7TF224506,224506,"$88,534.70 "," (88,534.70)",224506,2026 GMC SIERRA 2500H   4/21/26  1GT4UREY7TF224506,G36743
2026 GMC Truck GMC SIER 25D,1GT4UREY4TF224575,224575,"$88,534.70 "," (88,534.70)",224575,2026 GMC SIERRA 2500H   4/29/26  1GT4UREY4TF224575,G36775
2026 GMC Truck GMC YUK 4DEN,1GKS2DKL4TR294590,294590,"$88,911.28 "," (88,911.28)",294590,"LEAT, EMILY LYNNE       3/17/26  1GKS2DKL4TR294590",G36474
2026 GMC Truck GMC YUK 4DEN,1GKS2DKL6TR294803,294803,"$88,911.28 "," (88,911.28)",294803,2026 GMC YUKON          3/19/26  1GKS2DKL6TR294803,G36501
2026 GMC Truck GMC SIER 25D,1GT4UREY2TF223604,223604,"$89,089.70 "," (89,089.70)",223604,"HORTON, KENNETH SCOTT   4/29/26  1GT4UREY2TF223604",G36778
2026 GMC Truck GMC SIER 25D,1GT4UREY2TF224073,224073,"$89,089.70 "," (89,089.70)",224073,2026 GMC SIERRA 2500H   3/20/26  1GT4UREY2TF224073,G36511
2026 GMC Truck GMC SIER 25D,1GT4UREY9TF224149,224149,"$89,089.70 "," (89,089.70)",224149,2026 GMC SIERRA 2500H   3/20/26  1GT4UREY9TF224149,G36503
2026 GMC Truck GMC YUK 4XDE,1GKS2JKL7TR154581,154581,"$89,165.70 "," (89,165.70)",154581,2026 GMC YUKON XL      10/23/25  1GKS2JKL7TR154581,G35696
2026 GMC Truck GMC YUK 4XDE,1GKS2JKL5TR283984,283984,"$89,301.40 "," (89,301.40)",283984,2026 GMC YUKON XL       3/09/26  1GKS2JKL5TR283984,G36408
2026 GMC Truck GMC YUK 4DEN,1GKS2DKL0TR295428,295428,"$89,466.28 "," (89,466.28)",295428,"STURR, TIMOTHY PAUL     3/19/26  1GKS2DKL0TR295428",G36502
2026 GMC Truck GMC YUK 4DEN,1GKS2DKL6TR295448,295448,"$89,466.28 "," (89,466.28)",295448,2026 GMC YUKON          3/19/26  1GKS2DKL6TR295448,G36500
2026 GMC TRUCK YUKON,1GKS2DKLXTR247578,247578,"$90,000.00 "," (90,000.00)",247578,2026 GMC YUKON          4/22/26  1GKS2DKLXTR247578,G36456
2026 GMC TRUCK SIERRA EV,1GT10MED2SU409992,409992,"$90,900.00 "," (90,900.00)",409992,2025 GMC SIERRA EV      4/22/26  1GT10MED2SU409992,G34351
2026 GMC Truck GMC YUK 4XDE,1GKS2JKL3TR154559,154559,"$90,923.13 "," (90,923.13)",154559,2026 GMC YUKON XL       4/01/26  1GKS2JKL3TR154559,G36649
2026 GMC Truck GMC YUK 4XDE,1GKS2JKL5TR154577,154577,"$91,132.65 "," (91,132.65)",154577,2026 GMC YUKON XL      10/23/25  1GKS2JKL5TR154577,G35694
2026 GMC Truck GMC YUK 4XDE,1GKS2JKL1TR292875,292875,"$91,174.53 "," (91,174.53)",292875,2026 GMC YUKON XL       3/16/26  1GKS2JKL1TR292875,G36460
2026 GMC Truck GMC YUK 4XDE,1GKS2JKL3TR294868,294868,"$91,267.03 "," (91,267.03)",294868,"KNIGHT, KATELYN PAIGE   3/18/26  1GKS2JKL3TR294868",G36486
2026 GMC Truck GMC YUK 4XDE,1GKS2JKL0TR284590,284590,"$91,794.28 "," (91,794.28)",284590,2026 GMC YUKON XL       3/10/26  1GKS2JKL0TR284590,G36426
2026 GMC Truck GMC YUK 4XDE,1GKS2JKL5TR284956,284956,"$91,794.28 "," (91,794.28)",284956,2026 GMC YUKON XL       3/06/26  1GKS2JKL5TR284956,G36381
2026 GMC Truck GMC YUK 4XDE,1GKS2JKLXTR285150,285150,"$91,794.28 "," (91,794.28)",285150,2026 GMC YUKON XL       3/06/26  1GKS2JKLXTR285150,G36384
2026 GMC Truck GMC YUK 4DEN,1GKS2DKL6TR282344,282344,"$92,190.40 "," (92,190.40)",282344,"WALDEN, JOHN BARTON     3/27/26  1GKS2DKL6TR282344",G36626
2026 GMC Truck GMC YUK 2XDE,1GKS1JKL5TR262748,262748,"$92,440.15 "," (92,440.15)",262748,2026 GMC YUKON XL       2/18/26  1GKS1JKL5TR262748,G36328
2026 GMC Truck GMC YUK 2XDE,1GKS1JKL1TR267347,267347,"$92,440.15 "," (92,440.15)",267347,2026 GMC YUKON XL       2/23/26  1GKS1JKL1TR267347,G36337
2026 GMC Truck GMC YUK 2XDE,1GKS1JKL8TR265434,265434,"$92,995.15 "," (92,995.15)",265434,2026 GMC YUKON XL       2/23/26  1GKS1JKL8TR265434,G36336
2026 GMC Truck GMC YUK 4DEN,1GKS2DKL8TR338980,338980,"$94,216.15 ",,,,
2026 GMC Truck GMC YUK 4XDE,1GKS2JKL4TR317283,317283,"$97,654.15 "," (97,654.15)",317283,"SEARS, DIANE HARRIET    4/06/26  1GKS2JKL4TR317283",G36682
2026 GMC Truck GMC YUK 4XDE,1GKS2JKL0TR245871,245871,"$97,816.03 "," (97,816.03)",245871,2026 GMC YUKON XL       2/06/26  1GKS2JKL0TR245871,G36219
2026 GMC Truck GMC YUK 4XDE,1GKS2JKL4TR246778,246778,"$97,816.03 "," (97,816.03)",246778,2026 GMC YUKON XL       2/06/26  1GKS2JKL4TR246778,G36220
2026 GMC TRUCK YUKON,1GKS2EKL8TR267964,267964,"$99,000.00 "," (99,000.00)",267964,2026 GMC YUKON          4/22/26  1GKS2EKL8TR267964,G36734
2026 GMC Truck GMC YUK 4XAT,1GKS2WKL7TR260445,260445,"$100,234.28 "," (100,234.28)",260445,2026 GMC YUKON XL       2/23/26  1GKS2WKL7TR260445,G36338
2025 GMC Truck GMC HMER EV3,1GT40DDBXSU115236,115236,"$109,696.50 ",,,,
,,,," (121,885.00)",115236,2025 GMC HUMMER EV PI   3/24/25  1GT40DDBXSU115236,G34234
,,,"$40,348,201.96 "," (35,997,028.41)",otals:,Final Totals:,
