Dealer Billing Statement for: February 2026,,,,,,,,,,,,,,,,,,,,,,,,,,,,,,,
"Hiley Cars Fort Worth, LP",,,,,,,,,,,,,,,,,,,,,,,,,,,,,,,
Location,Manufacturer Name,Plant Name,Invoice Date,Invoice Number,Interest Start Date,Maturity Date,Description,Type,Model Number,Serial No/VIN,Stock/Lease No,Original Amount,Beginning Balance,Advances,Last Advance Date,Principal Payments,Principal Adjustments,Monthly Activity,Ending Balance,Current Curtailments,Past Due Curtailments,Current Maturities,Past Due Maturities,Total Principal Due,Interest Amount,Prior Period Interest Billed Current Month,Flat Charges Amount,Item Fee Amount,Total Interest / Charges / Fees Due,Inception to Date Interest,Average Daily Billing Balance
"3535 West Loop 820 South  Fort Worth, TX 76116",Buick,Auto - Buick Plant - New - E,2/26/2026,24474,2/26/2026,9/26/2027,2026 Buick BUCK ENVSN S,Automobile,BUCK ENVSN S,LRBFZPR46TD024474,,"$45,415.25 ",$0.00 ,"$45,415.25 ",2/26/2026,$0.00 ,$0.00 ,"$45,415.25 ","$45,415.25 ",$0.00 ,$0.00 ,$0.00 ,$0.00 ,$0.00 ,$18.81 ,$0.00 ,$0.00 ,$0.00 ,$18.81 ,$18.81 ,"$4,865.92 "
"3535 West Loop 820 South  Fort Worth, TX 76116",Buick,Auto - Buick Plant - New - E,4/7/2025,25577,4/7/2025,11/7/2026,2025 Buick ENVISION,Automobile,ENVISION,LRBFZLE43SD025577,B34178,"$41,198.96 ","$41,198.96 ",$0.00 ,,$0.00 ,$0.00 ,$0.00 ,"$41,198.96 ",$0.00 ,$0.00 ,$0.00 ,$0.00 ,$0.00 ,$159.33 ,$0.00 ,$0.00 ,$0.00 ,$159.33 ,"$2,033.98 ","$41,198.96 "
"3535 West Loop 820 South  Fort Worth, TX 76116",Buick,Auto - Buick Plant - New - E,7/9/2025,27144,7/9/2025,2/9/2027,2026 Buick BUCK ENCOR G,Automobile,BUCK ENCOR G,KL4AMBSL5TB027144,B35001,"$28,835.00 ","$28,835.00 ",$0.00 ,,$0.00 ,$0.00 ,$0.00 ,"$28,835.00 ",$0.00 ,$0.00 ,$0.00 ,$0.00 ,$0.00 ,$111.51 ,$0.00 ,$0.00 ,$0.00 ,$111.51 ,"$1,004.60 ","$28,835.00 "
"3535 West Loop 820 South  Fort Worth, TX 76116",Buick,Auto - Buick Plant - New - E,7/9/2025,28884,7/9/2025,2/9/2027,2026 Buick BUCK ENCOR G,Automobile,BUCK ENCOR G,KL4AMBSL6TB028884,B35021,"$28,374.65 ","$28,374.65 ",$0.00 ,,"($28,374.65)",$0.00 ,"($28,374.65)",$0.00 ,$0.00 ,$0.00 ,$0.00 ,$0.00 ,$0.00 ,$31.37 ,$0.00 ,$0.00 ,$0.00 ,$31.37 ,$910.21 ,"$8,107.04 "
"3535 West Loop 820 South  Fort Worth, TX 76116",Buick,Auto - Buick Plant - New - E,7/21/2025,34554,7/21/2025,2/21/2027,2026 Buick BUCK ENCOR G,Automobile,BUCK ENCOR G,KL4AMDSLXTB034554,B35056,"$29,648.45 ","$29,648.45 ",$0.00 ,,$0.00 ,$0.00 ,$0.00 ,"$29,648.45 ",$0.00 ,$0.00 ,$0.00 ,$0.00 ,$0.00 ,$114.66 ,$0.00 ,$0.00 ,$0.00 ,$114.66 ,$977.30 ,"$29,648.45 "
"3535 West Loop 820 South  Fort Worth, TX 76116",Buick,Auto - Buick Plant - New - E,2/17/2026,40911,2/17/2026,9/17/2027,2026 Buick ENCORE,Automobile,ENCORE,KL4AMBSLXTB040911,B36280,"$29,150.00 ",$0.00 ,"$29,150.00 ",2/17/2026,$0.00 ,$0.00 ,"$29,150.00 ","$29,150.00 ",$0.00 ,$0.00 ,$0.00 ,$0.00 ,$0.00 ,$48.30 ,$0.00 ,$0.00 ,$0.00 ,$48.30 ,$48.30 ,"$12,492.86 "
"3535 West Loop 820 South  Fort Worth, TX 76116",Buick,Auto - Buick Plant - New - E,8/29/2025,46443,8/29/2025,3/29/2027,2026 Buick BUCK ENCOR G,Automobile,BUCK ENCOR G,KL4AMBSL0TB046443,B35302,"$28,506.45 ","$28,506.45 ",$0.00 ,,"($28,506.45)",$0.00 ,"($28,506.45)",$0.00 ,$0.00 ,$0.00 ,$0.00 ,$0.00 ,$0.00 ,$39.39 ,$0.00 ,$0.00 ,$0.00 ,$39.39 ,$694.45 ,"$10,180.88 "
"3535 West Loop 820 South  Fort Worth, TX 76116",Buick,Auto - Buick Plant - New - E,2/17/2026,51589,2/17/2026,9/17/2027,2026 Buick ENCORE,Automobile,ENCORE,KL4AMBSL9TB051589,B36279,"$29,518.00 ",$0.00 ,"$29,518.00 ",2/17/2026,$0.00 ,$0.00 ,"$29,518.00 ","$29,518.00 ",$0.00 ,$0.00 ,$0.00 ,$0.00 ,$0.00 ,$48.91 ,$0.00 ,$0.00 ,$0.00 ,$48.91 ,$48.91 ,"$12,650.57 "
"3535 West Loop 820 South  Fort Worth, TX 76116",Buick,Auto - Buick Plant - New - E,8/25/2025,51953,8/25/2025,3/25/2027,2026 Buick BUCK ENVIST,Automobile,BUCK ENVIST,KL47LBEPXTB051953,B35282,"$28,390.10 ","$28,390.10 ",$0.00 ,,$0.00 ,$0.00 ,$0.00 ,"$28,390.10 ",$0.00 ,$0.00 ,$0.00 ,$0.00 ,$0.00 ,$109.79 ,$0.00 ,$0.00 ,$0.00 ,$109.79 ,$780.00 ,"$28,390.10 "
"3535 West Loop 820 South  Fort Worth, TX 76116",Buick,Auto - Buick Plant - New - E,2/17/2026,53463,2/17/2026,9/17/2027,2026 Buick ENCORE,Automobile,ENCORE,KL4AMBSL8TB053463,B36278,"$29,518.00 ",$0.00 ,"$29,518.00 ",2/17/2026,$0.00 ,$0.00 ,"$29,518.00 ","$29,518.00 ",$0.00 ,$0.00 ,$0.00 ,$0.00 ,$0.00 ,$48.91 ,$0.00 ,$0.00 ,$0.00 ,$48.91 ,$48.91 ,"$12,650.57 "
"3535 West Loop 820 South  Fort Worth, TX 76116",Buick,Auto - Buick Plant - New - E,2/17/2026,53542,2/17/2026,9/17/2027,2026 Buick ENCORE,Automobile,ENCORE,KL4AMBSL4TB053542,B36276,"$29,518.00 ",$0.00 ,"$29,518.00 ",2/17/2026,"($29,518.00)",$0.00 ,$0.00 ,$0.00 ,$0.00 ,$0.00 ,$0.00 ,$0.00 ,$0.00 ,$36.69 ,$0.00 ,$0.00 ,$0.00 ,$36.69 ,$36.69 ,"$9,487.93 "
"3535 West Loop 820 South  Fort Worth, TX 76116",Buick,Auto - Buick Plant - New - E,8/25/2025,55818,8/25/2025,3/25/2027,2026 Buick BUCK ENCOR G,Automobile,BUCK ENCOR G,KL4AMDSL2TB055818,B35287,"$29,319.90 ","$29,319.90 ",$0.00 ,,"($29,319.90)",$0.00 ,"($29,319.90)",$0.00 ,$0.00 ,$0.00 ,$0.00 ,$0.00 ,$0.00 ,$20.27 ,$0.00 ,$0.00 ,$0.00 ,$20.27 ,$712.41 ,"$5,235.70 "
"3535 West Loop 820 South  Fort Worth, TX 76116",Buick,Auto - Buick Plant - New - E,8/21/2025,60457,8/21/2025,3/21/2027,2026 Buick BUCK ENCOR G,Automobile,BUCK ENCOR G,KL4AMBSL4TB060457,B35217,"$28,506.45 ","$28,506.45 ",$0.00 ,,"($28,506.45)",$0.00 ,"($28,506.45)",$0.00 ,$0.00 ,$0.00 ,$0.00 ,$0.00 ,$0.00 ,$31.52 ,$0.00 ,$0.00 ,$0.00 ,$31.52 ,$722.39 ,"$8,144.70 "
"3535 West Loop 820 South  Fort Worth, TX 76116",Buick,Auto - Buick Plant - New - E,9/25/2025,60718,9/25/2025,4/25/2027,2026 Buick BUCK ENCOR G,Automobile,BUCK ENCOR G,KL4AMDSL1TB060718,B35494,"$28,859.55 ","$28,859.55 ",$0.00 ,,$0.00 ,$0.00 ,$0.00 ,"$28,859.55 ",$0.00 ,$0.00 ,$0.00 ,$0.00 ,$0.00 ,$111.61 ,$0.00 ,$0.00 ,$0.00 ,$111.61 ,$653.76 ,"$28,859.55 "
"3535 West Loop 820 South  Fort Worth, TX 76116",Buick,Auto - Buick Plant - New - E,10/2/2025,63117,10/2/2025,5/2/2027,2026 Buick BUCK ENVIST,Automobile,BUCK ENVIST,KL47LBEP1TB063117,B35519,"$29,496.80 ","$29,496.80 ",$0.00 ,,"($29,496.80)",$0.00 ,"($29,496.80)",$0.00 ,$0.00 ,$0.00 ,$0.00 ,$0.00 ,$0.00 ,$8.17 ,$0.00 ,$0.00 ,$0.00 ,$8.17 ,$530.41 ,"$2,106.91 "
"3535 West Loop 820 South  Fort Worth, TX 76116",Buick,Auto - Buick Plant - New - E,10/3/2025,63551,10/3/2025,5/3/2027,2026 Buick BUCK ENVIST,Automobile,BUCK ENVIST,KL47LBEP6TB063551,B35520,"$29,496.80 ","$29,496.80 ",$0.00 ,,$0.00 ,$0.00 ,$0.00 ,"$29,496.80 ",$0.00 ,$0.00 ,$0.00 ,$0.00 ,$0.00 ,$114.08 ,$0.00 ,$0.00 ,$0.00 ,$114.08 ,$631.87 ,"$29,496.80 "
"3535 West Loop 820 South  Fort Worth, TX 76116",Buick,Auto - Buick Plant - New - E,10/3/2025,63742,10/3/2025,5/3/2027,2026 Buick BUCK ENVIST,Automobile,BUCK ENVIST,KL47LBEP2TB063742,,"$29,496.80 ","$29,496.80 ",$0.00 ,,$0.00 ,$0.00 ,$0.00 ,"$29,496.80 ",$0.00 ,$0.00 ,$0.00 ,$0.00 ,$0.00 ,$114.08 ,$0.00 ,$0.00 ,$0.00 ,$114.08 ,$631.87 ,"$29,496.80 "
"3535 West Loop 820 South  Fort Worth, TX 76116",Buick,Auto - Buick Plant - New - E,2/17/2026,68648,2/17/2026,9/17/2027,2026 Buick ENVISTA,Automobile,ENVISTA,KL47LAEPXTB068648,B36263,"$26,925.61 ",$0.00 ,"$26,925.61 ",2/17/2026,$0.00 ,$0.00 ,"$26,925.61 ","$26,925.61 ",$0.00 ,$0.00 ,$0.00 ,$0.00 ,$0.00 ,$44.62 ,$0.00 ,$0.00 ,$0.00 ,$44.62 ,$44.62 ,"$11,539.55 "
"3535 West Loop 820 South  Fort Worth, TX 76116",Buick,Auto - Buick Plant - New - E,2/17/2026,68701,2/17/2026,9/17/2027,2026 Buick ENVISTA,Automobile,ENVISTA,KL47LAEPXTB068701,B36264,"$26,378.20 ",$0.00 ,"$26,378.20 ",2/17/2026,$0.00 ,$0.00 ,"$26,378.20 ","$26,378.20 ",$0.00 ,$0.00 ,$0.00 ,$0.00 ,$0.00 ,$43.71 ,$0.00 ,$0.00 ,$0.00 ,$43.71 ,$43.71 ,"$11,304.94 "
"3535 West Loop 820 South  Fort Worth, TX 76116",Buick,Auto - Buick Plant - New - E,2/17/2026,74637,2/17/2026,9/17/2027,2026 Buick ENCORE,Automobile,ENCORE,KL4AMDSL5TB074637,B36282,"$29,518.00 ",$0.00 ,"$29,518.00 ",2/17/2026,"($29,518.00)",$0.00 ,$0.00 ,$0.00 ,$0.00 ,$0.00 ,$0.00 ,$0.00 ,$0.00 ,$36.69 ,$0.00 ,$0.00 ,$0.00 ,$36.69 ,$36.69 ,"$9,487.93 "
"3535 West Loop 820 South  Fort Worth, TX 76116",Buick,Auto - Buick Plant - New - E,2/17/2026,74816,2/17/2026,9/17/2027,2026 Buick ENCORE,Automobile,ENCORE,KL4AMDSL5TB074816,B36283,"$29,955.41 ",$0.00 ,"$29,955.41 ",2/17/2026,"($29,955.41)",$0.00 ,$0.00 ,$0.00 ,$0.00 ,$0.00 ,$0.00 ,$0.00 ,$0.00 ,$28.96 ,$0.00 ,$0.00 ,$0.00 ,$28.96 ,$28.96 ,"$7,488.85 "
"3535 West Loop 820 South  Fort Worth, TX 76116",Buick,Auto - Buick Plant - New - E,2/17/2026,74830,2/17/2026,9/17/2027,2026 Buick ENCORE,Automobile,ENCORE,KL4AMDSLXTB074830,B36284,"$29,500.00 ",$0.00 ,"$29,500.00 ",2/17/2026,"($29,500.00)",$0.00 ,$0.00 ,$0.00 ,$0.00 ,$0.00 ,$0.00 ,$0.00 ,$0.00 ,$40.74 ,$0.00 ,$0.00 ,$0.00 ,$40.74 ,$40.74 ,"$10,535.71 "
"3535 West Loop 820 South  Fort Worth, TX 76116",Buick,Auto - Buick Plant - New - E,11/13/2025,81642,11/13/2025,6/13/2027,2026 Buick BUCK ENVIST,Automobile,BUCK ENVIST,KL47LAEP8TB081642,,"$27,560.45 ","$27,560.45 ",$0.00 ,,$0.00 ,$0.00 ,$0.00 ,"$27,560.45 ",$0.00 ,$0.00 ,$0.00 ,$0.00 ,$0.00 ,$106.59 ,$0.00 ,$0.00 ,$0.00 ,$106.59 ,$420.94 ,"$27,560.45 "
"3535 West Loop 820 South  Fort Worth, TX 76116",Buick,Auto - Buick Plant - New - E,2/17/2026,82007,2/17/2026,9/17/2027,2026 Buick ENVISTA,Automobile,ENVISTA,KL47LCEP4TB082007,B36274,"$31,531.58 ",$0.00 ,"$31,531.58 ",2/17/2026,$0.00 ,$0.00 ,"$31,531.58 ","$31,531.58 ",$0.00 ,$0.00 ,$0.00 ,$0.00 ,$0.00 ,$52.25 ,$0.00 ,$0.00 ,$0.00 ,$52.25 ,$52.25 ,"$13,513.53 "
"3535 West Loop 820 South  Fort Worth, TX 76116",Buick,Auto - Buick Plant - New - E,11/14/2025,83263,11/14/2025,6/14/2027,2026 Buick BUCK ENVIST,Automobile,BUCK ENVIST,KL47LBEP2TB083263,B35871,"$28,943.45 ","$28,943.45 ",$0.00 ,,"($28,943.45)",$0.00 ,"($28,943.45)",$0.00 ,$0.00 ,$0.00 ,$0.00 ,$0.00 ,$0.00 ,$75.96 ,$0.00 ,$0.00 ,$0.00 ,$75.96 ,$401.85 ,"$19,640.20 "
"3535 West Loop 820 South  Fort Worth, TX 76116",Buick,Auto - Buick Plant - New - E,2/17/2026,83784,2/17/2026,9/17/2027,2026 Buick ENCORE,Automobile,ENCORE,KL4AMESL0TB083784,B36285,"$32,521.20 ",$0.00 ,"$32,521.20 ",2/17/2026,$0.00 ,$0.00 ,"$32,521.20 ","$32,521.20 ",$0.00 ,$0.00 ,$0.00 ,$0.00 ,$0.00 ,$53.89 ,$0.00 ,$0.00 ,$0.00 ,$53.89 ,$53.89 ,"$13,937.66 "
"3535 West Loop 820 South  Fort Worth, TX 76116",Buick,Auto - Buick Plant - New - E,2/17/2026,86459,2/17/2026,9/17/2027,2026 Buick ENCORE,Automobile,ENCORE,KL4AMBSL6TB086459,B36277,"$29,518.00 ",$0.00 ,"$29,518.00 ",2/17/2026,$0.00 ,$0.00 ,"$29,518.00 ","$29,518.00 ",$0.00 ,$0.00 ,$0.00 ,$0.00 ,$0.00 ,$48.91 ,$0.00 ,$0.00 ,$0.00 ,$48.91 ,$48.91 ,"$12,650.57 "
"3535 West Loop 820 South  Fort Worth, TX 76116",Buick,Auto - Buick Plant - New - E,2/17/2026,86529,2/17/2026,9/17/2027,2026 Buick ENCORE,Automobile,ENCORE,KL4AMBSL1TB086529,B36275,"$29,518.00 ",$0.00 ,"$29,518.00 ",2/17/2026,$0.00 ,$0.00 ,"$29,518.00 ","$29,518.00 ",$0.00 ,$0.00 ,$0.00 ,$0.00 ,$0.00 ,$48.91 ,$0.00 ,$0.00 ,$0.00 ,$48.91 ,$48.91 ,"$12,650.57 "
"3535 West Loop 820 South  Fort Worth, TX 76116",Buick,Auto - Buick Plant - New - E,2/17/2026,86707,2/17/2026,9/17/2027,2026 Buick ENCORE,Automobile,ENCORE,KL4AMBSLXTB086707,B36281,"$29,518.00 ",$0.00 ,"$29,518.00 ",2/17/2026,$0.00 ,$0.00 ,"$29,518.00 ","$29,518.00 ",$0.00 ,$0.00 ,$0.00 ,$0.00 ,$0.00 ,$48.91 ,$0.00 ,$0.00 ,$0.00 ,$48.91 ,$48.91 ,"$12,650.57 "
"3535 West Loop 820 South  Fort Worth, TX 76116",Buick,Auto - Buick Plant - New - E,2/17/2026,88010,2/17/2026,9/17/2027,2026 Buick ENVISTA,Automobile,ENVISTA,KL47LCEP1TB088010,B36273,"$32,404.20 ",$0.00 ,"$32,404.20 ",2/17/2026,$0.00 ,$0.00 ,"$32,404.20 ","$32,404.20 ",$0.00 ,$0.00 ,$0.00 ,$0.00 ,$0.00 ,$53.70 ,$0.00 ,$0.00 ,$0.00 ,$53.70 ,$53.70 ,"$13,887.51 "
"3535 West Loop 820 South  Fort Worth, TX 76116",Buick,Auto - Buick Plant - New - E,2/17/2026,89144,2/17/2026,9/17/2027,2026 Buick ENCORE,Automobile,ENCORE,KL4AMFSL8TB089144,B36286,"$22,964.20 ",$0.00 ,"$22,964.20 ",2/17/2026,$0.00 ,$0.00 ,"$22,964.20 ","$22,964.20 ",$0.00 ,$0.00 ,$0.00 ,$0.00 ,$0.00 ,$38.05 ,$0.00 ,$0.00 ,$0.00 ,$38.05 ,$38.05 ,"$9,841.80 "
"3535 West Loop 820 South  Fort Worth, TX 76116",Buick,Auto - Buick Plant - New - E,12/1/2025,93464,12/1/2025,7/1/2027,2026 Buick BUCK ENVIST,Automobile,BUCK ENVIST,KL47LAEP4TB093464,,"$27,427.03 ","$27,427.03 ",$0.00 ,,$0.00 ,$0.00 ,$0.00 ,"$27,427.03 ",$0.00 ,$0.00 ,$0.00 ,$0.00 ,$0.00 ,$106.07 ,$0.00 ,$0.00 ,$0.00 ,$106.07 ,$346.45 ,"$27,427.03 "
"3535 West Loop 820 South  Fort Worth, TX 76116",Buick,Auto - Buick Plant - New - E,12/12/2025,101277,12/12/2025,7/12/2027,2026 Buick BUCK ENCOR G,Automobile,BUCK ENCOR G,KL4AMBSL0TB101277,B36042,"$29,110.53 ","$29,110.53 ",$0.00 ,,"($29,110.53)",$0.00 ,"($29,110.53)",$0.00 ,$0.00 ,$0.00 ,$0.00 ,$0.00 ,$0.00 ,$20.12 ,$0.00 ,$0.00 ,$0.00 ,$20.12 ,$229.24 ,"$5,198.31 "
"3535 West Loop 820 South  Fort Worth, TX 76116",Buick,Auto - Buick Plant - New - E,1/2/2026,102154,1/2/2026,8/2/2027,2026 Buick BUCK ENVIST,Automobile,BUCK ENVIST,KL47LAEP3TB102154,,"$27,467.05 ","$27,467.05 ",$0.00 ,,$0.00 ,$0.00 ,$0.00 ,"$27,467.05 ",$0.00 ,$0.00 ,$0.00 ,$0.00 ,$0.00 ,$106.22 ,$0.00 ,$0.00 ,$0.00 ,$106.22 ,$220.65 ,"$27,467.05 "
"3535 West Loop 820 South  Fort Worth, TX 76116",Buick,Auto - Buick Plant - New - E,2/17/2026,102572,2/17/2026,9/17/2027,2026 Buick ENVISTA,Automobile,ENVISTA,KL47LBEP2TB102572,B36268,"$30,438.81 ",$0.00 ,"$30,438.81 ",2/17/2026,$0.00 ,$0.00 ,"$30,438.81 ","$30,438.81 ",$0.00 ,$0.00 ,$0.00 ,$0.00 ,$0.00 ,$50.44 ,$0.00 ,$0.00 ,$0.00 ,$50.44 ,$50.44 ,"$13,045.20 "
"3535 West Loop 820 South  Fort Worth, TX 76116",Buick,Auto - Buick Plant - New - E,12/31/2025,104485,12/31/2025,7/31/2027,2026 Buick BUCK ENVIST,Automobile,BUCK ENVIST,KL47LAEP3TB104485,,"$27,924.93 ","$27,924.93 ",$0.00 ,,$0.00 ,$0.00 ,$0.00 ,"$27,924.93 ",$0.00 ,$0.00 ,$0.00 ,$0.00 ,$0.00 ,$108.00 ,$0.00 ,$0.00 ,$0.00 ,$108.00 ,$232.36 ,"$27,924.93 "
"3535 West Loop 820 South  Fort Worth, TX 76116",Buick,Auto - Buick Plant - New - E,9/23/2024,106039,9/23/2024,4/23/2026,2025 Buick BUCK ENCLV E,Automobile,BUCK ENCLV E,5GAERBRS4SJ106039,,"$54,687.80 ","$32,812.68 ",$0.00 ,,"($5,468.78)",$0.00 ,"($5,468.78)","$27,343.90 ","$5,468.78 ",$0.00 ,$0.00 ,$0.00 ,"$5,468.78 ",$113.31 ,$0.00 ,$0.00 ,$0.00 ,$113.31 ,"$4,129.50 ","$29,297.04 "
"3535 West Loop 820 South  Fort Worth, TX 76116",Buick,Auto - Buick Plant - New - E,1/8/2026,106494,1/8/2026,8/8/2027,2026 Buick BUCK ENVIST,Automobile,BUCK ENVIST,KL47LAEP3TB106494,,"$27,924.93 ","$27,924.93 ",$0.00 ,,$0.00 ,$0.00 ,$0.00 ,"$27,924.93 ",$0.00 ,$0.00 ,$0.00 ,$0.00 ,$0.00 ,$108.00 ,$0.00 ,$0.00 ,$0.00 ,$108.00 ,$201.07 ,"$27,924.93 "
"3535 West Loop 820 South  Fort Worth, TX 76116",Buick,Auto - Buick Plant - New - E,1/14/2026,109029,1/14/2026,8/14/2027,2026 Buick BUCK ENVIST,Automobile,BUCK ENVIST,KL47LAEP2TB109029,,"$27,924.93 ","$27,924.93 ",$0.00 ,,$0.00 ,$0.00 ,$0.00 ,"$27,924.93 ",$0.00 ,$0.00 ,$0.00 ,$0.00 ,$0.00 ,$108.00 ,$0.00 ,$0.00 ,$0.00 ,$108.00 ,$177.81 ,"$27,924.93 "
"3535 West Loop 820 South  Fort Worth, TX 76116",Buick,Auto - Buick Plant - New - E,1/12/2026,109045,1/12/2026,8/12/2027,2026 Buick BUCK ENVIST,Automobile,BUCK ENVIST,KL47LAEP0TB109045,B36164,"$27,924.93 ","$27,924.93 ",$0.00 ,,"($27,924.93)",$0.00 ,"($27,924.93)",$0.00 ,$0.00 ,$0.00 ,$0.00 ,$0.00 ,$0.00 ,$69.44 ,$0.00 ,$0.00 ,$0.00 ,$69.44 ,$147.00 ,"$17,951.74 "
"3535 West Loop 820 South  Fort Worth, TX 76116",Buick,Auto - Buick Plant - New - E,2/17/2026,109357,2/17/2026,9/17/2027,2026 Buick ENVISTA,Automobile,ENVISTA,KL47LBEP0TB109357,B36265,"$30,438.81 ",$0.00 ,"$30,438.81 ",2/17/2026,$0.00 ,$0.00 ,"$30,438.81 ","$30,438.81 ",$0.00 ,$0.00 ,$0.00 ,$0.00 ,$0.00 ,$50.44 ,$0.00 ,$0.00 ,$0.00 ,$50.44 ,$50.44 ,"$13,045.20 "
"3535 West Loop 820 South  Fort Worth, TX 76116",Buick,Auto - Buick Plant - New - E,2/17/2026,109942,2/17/2026,9/17/2027,2026 Buick ENVISTA,Automobile,ENVISTA,KL47LBEP0TB109942,B36266,"$29,891.40 ",$0.00 ,"$29,891.40 ",2/17/2026,$0.00 ,$0.00 ,"$29,891.40 ","$29,891.40 ",$0.00 ,$0.00 ,$0.00 ,$0.00 ,$0.00 ,$49.53 ,$0.00 ,$0.00 ,$0.00 ,$49.53 ,$49.53 ,"$12,810.60 "
"3535 West Loop 820 South  Fort Worth, TX 76116",Buick,Auto - Buick Plant - New - E,2/17/2026,110488,2/17/2026,9/17/2027,2026 Buick ENVISTA,Automobile,ENVISTA,KL47LBEP9TB110488,B36271,"$29,436.01 ",$0.00 ,"$29,436.01 ",2/17/2026,$0.00 ,$0.00 ,"$29,436.01 ","$29,436.01 ",$0.00 ,$0.00 ,$0.00 ,$0.00 ,$0.00 ,$48.78 ,$0.00 ,$0.00 ,$0.00 ,$48.78 ,$48.78 ,"$12,615.43 "
"3535 West Loop 820 South  Fort Worth, TX 76116",Buick,Auto - Buick Plant - New - E,1/12/2026,110719,1/12/2026,8/12/2027,2026 Buick BUCK ENVIST,Automobile,BUCK ENVIST,KL47LAEPXTB110719,,"$27,924.93 ","$27,924.93 ",$0.00 ,,$0.00 ,$0.00 ,$0.00 ,"$27,924.93 ",$0.00 ,$0.00 ,$0.00 ,$0.00 ,$0.00 ,$108.00 ,$0.00 ,$0.00 ,$0.00 ,$108.00 ,$185.56 ,"$27,924.93 "
"3535 West Loop 820 South  Fort Worth, TX 76116",Buick,Auto - Buick Plant - New - E,2/17/2026,110824,2/17/2026,9/17/2027,2026 Buick ENVISTA,Automobile,ENVISTA,KL47LBEPXTB110824,B36272,"$30,438.81 ",$0.00 ,"$30,438.81 ",2/17/2026,$0.00 ,$0.00 ,"$30,438.81 ","$30,438.81 ",$0.00 ,$0.00 ,$0.00 ,$0.00 ,$0.00 ,$50.44 ,$0.00 ,$0.00 ,$0.00 ,$50.44 ,$50.44 ,"$13,045.20 "
"3535 West Loop 820 South  Fort Worth, TX 76116",Buick,Auto - Buick Plant - New - E,2/17/2026,113071,2/17/2026,9/17/2027,2026 Buick ENVISTA,Automobile,ENVISTA,KL47LBEP2TB113071,B36269,"$29,891.40 ",$0.00 ,"$29,891.40 ",2/17/2026,$0.00 ,$0.00 ,"$29,891.40 ","$29,891.40 ",$0.00 ,$0.00 ,$0.00 ,$0.00 ,$0.00 ,$49.53 ,$0.00 ,$0.00 ,$0.00 ,$49.53 ,$49.53 ,"$12,810.60 "
"3535 West Loop 820 South  Fort Worth, TX 76116",Buick,Auto - Buick Plant - New - E,12/26/2025,113609,12/26/2025,7/26/2027,2026 Buick BUCK ENVIST,Automobile,BUCK ENVIST,KL47LAEP7TB113609,,"$27,467.05 ","$27,467.05 ",$0.00 ,,$0.00 ,$0.00 ,$0.00 ,"$27,467.05 ",$0.00 ,$0.00 ,$0.00 ,$0.00 ,$0.00 ,$106.22 ,$0.00 ,$0.00 ,$0.00 ,$106.22 ,$248.28 ,"$27,467.05 "
"3535 West Loop 820 South  Fort Worth, TX 76116",Buick,Auto - Buick Plant - New - E,2/6/2026,115132,2/6/2026,9/6/2027,2026 Buick BUCK ENVIST,Automobile,BUCK ENVIST,KL47LAEP3TB115132,,"$27,924.93 ",$0.00 ,"$27,924.93 ",2/6/2026,$0.00 ,$0.00 ,"$27,924.93 ","$27,924.93 ",$0.00 ,$0.00 ,$0.00 ,$0.00 ,$0.00 ,$88.69 ,$0.00 ,$0.00 ,$0.00 ,$88.69 ,$88.69 ,"$22,938.34 "
"3535 West Loop 820 South  Fort Worth, TX 76116",Buick,Auto - Buick Plant - New - E,2/6/2026,115137,2/6/2026,9/6/2027,2026 Buick BUCK ENVIST,Automobile,BUCK ENVIST,KL47LAEP2TB115137,,"$27,924.93 ",$0.00 ,"$27,924.93 ",2/6/2026,$0.00 ,$0.00 ,"$27,924.93 ","$27,924.93 ",$0.00 ,$0.00 ,$0.00 ,$0.00 ,$0.00 ,$88.69 ,$0.00 ,$0.00 ,$0.00 ,$88.69 ,$88.69 ,"$22,938.34 "
"3535 West Loop 820 South  Fort Worth, TX 76116",Buick,Auto - Buick Plant - New - E,2/6/2026,115138,2/6/2026,9/6/2027,2026 Buick BUCK ENVIST,Automobile,BUCK ENVIST,KL47LAEP4TB115138,,"$27,924.93 ",$0.00 ,"$27,924.93 ",2/6/2026,$0.00 ,$0.00 ,"$27,924.93 ","$27,924.93 ",$0.00 ,$0.00 ,$0.00 ,$0.00 ,$0.00 ,$88.69 ,$0.00 ,$0.00 ,$0.00 ,$88.69 ,$88.69 ,"$22,938.34 "
"3535 West Loop 820 South  Fort Worth, TX 76116",Buick,Auto - Buick Plant - New - E,12/26/2025,116510,12/26/2025,7/26/2027,2026 Buick BUCK ENVIST,Automobile,BUCK ENVIST,KL47LAEP3TB116510,,"$27,924.93 ","$27,924.93 ",$0.00 ,,$0.00 ,$0.00 ,$0.00 ,"$27,924.93 ",$0.00 ,$0.00 ,$0.00 ,$0.00 ,$0.00 ,$108.00 ,$0.00 ,$0.00 ,$0.00 ,$108.00 ,$252.42 ,"$27,924.93 "
"3535 West Loop 820 South  Fort Worth, TX 76116",Buick,Auto - Buick Plant - New - E,12/26/2025,116521,12/26/2025,7/26/2027,2026 Buick BUCK ENVIST,Automobile,BUCK ENVIST,KL47LAEP8TB116521,,"$27,924.93 ","$27,924.93 ",$0.00 ,,$0.00 ,$0.00 ,$0.00 ,"$27,924.93 ",$0.00 ,$0.00 ,$0.00 ,$0.00 ,$0.00 ,$108.00 ,$0.00 ,$0.00 ,$0.00 ,$108.00 ,$252.42 ,"$27,924.93 "
"3535 West Loop 820 South  Fort Worth, TX 76116",Buick,Auto - Buick Plant - New - E,12/26/2025,116571,12/26/2025,7/26/2027,2026 Buick BUCK ENVIST,Automobile,BUCK ENVIST,KL47LAEP1TB116571,,"$27,924.93 ","$27,924.93 ",$0.00 ,,$0.00 ,$0.00 ,$0.00 ,"$27,924.93 ",$0.00 ,$0.00 ,$0.00 ,$0.00 ,$0.00 ,$108.00 ,$0.00 ,$0.00 ,$0.00 ,$108.00 ,$252.42 ,"$27,924.93 "
"3535 West Loop 820 South  Fort Worth, TX 76116",Buick,Auto - Buick Plant - New - E,12/26/2025,117215,12/26/2025,7/26/2027,2026 Buick BUCK ENVIST,Automobile,BUCK ENVIST,KL47LAEP6TB117215,,"$27,467.05 ","$27,467.05 ",$0.00 ,,$0.00 ,$0.00 ,$0.00 ,"$27,467.05 ",$0.00 ,$0.00 ,$0.00 ,$0.00 ,$0.00 ,$106.22 ,$0.00 ,$0.00 ,$0.00 ,$106.22 ,$248.28 ,"$27,467.05 "
"3535 West Loop 820 South  Fort Worth, TX 76116",Buick,Auto - Buick Plant - New - E,12/26/2025,117232,12/26/2025,7/26/2027,2026 Buick BUCK ENVIST,Automobile,BUCK ENVIST,KL47LAEP6TB117232,,"$27,467.05 ","$27,467.05 ",$0.00 ,,$0.00 ,$0.00 ,$0.00 ,"$27,467.05 ",$0.00 ,$0.00 ,$0.00 ,$0.00 ,$0.00 ,$106.22 ,$0.00 ,$0.00 ,$0.00 ,$106.22 ,$248.28 ,"$27,467.05 "
"3535 West Loop 820 South  Fort Worth, TX 76116",Buick,Auto - Buick Plant - New - E,12/29/2025,117367,12/29/2025,7/29/2027,2026 Buick BUCK ENVIST,Automobile,BUCK ENVIST,KL47LAEP7TB117367,B36121,"$27,467.05 ","$27,467.05 ",$0.00 ,,"($27,467.05)",$0.00 ,"($27,467.05)",$0.00 ,$0.00 ,$0.00 ,$0.00 ,$0.00 ,$0.00 ,$64.50 ,$0.00 ,$0.00 ,$0.00 ,$64.50 ,$194.72 ,"$16,676.42 "
"3535 West Loop 820 South  Fort Worth, TX 76116",Buick,Auto - Buick Plant - New - E,8/7/2025,117752,8/7/2025,3/7/2027,2026 Buick BUCK ENCLV S,Automobile,BUCK ENCLV S,5GAERBKS8TJ117752,B35078,"$54,238.10 ","$54,238.10 ",$0.00 ,,"($54,238.10)",$0.00 ,"($54,238.10)",$0.00 ,$0.00 ,$0.00 ,$0.00 ,$0.00 ,$0.00 ,$172.31 ,$0.00 ,$0.00 ,$0.00 ,$172.31 ,"$1,606.02 ","$44,552.73 "
"3535 West Loop 820 South  Fort Worth, TX 76116",Buick,Auto - Buick Plant - New - E,2/17/2026,119872,2/17/2026,9/17/2027,2026 Buick ENVISTA,Automobile,ENVISTA,KL47LBEP0TB119872,B36267,"$29,160.01 ",$0.00 ,"$29,160.01 ",2/17/2026,$0.00 ,$0.00 ,"$29,160.01 ","$29,160.01 ",$0.00 ,$0.00 ,$0.00 ,$0.00 ,$0.00 ,$48.32 ,$0.00 ,$0.00 ,$0.00 ,$48.32 ,$48.32 ,"$12,497.15 "
"3535 West Loop 820 South  Fort Worth, TX 76116",Buick,Auto - Buick Plant - New - E,2/17/2026,119887,2/17/2026,9/17/2027,2026 Buick ENVISTA,Automobile,ENVISTA,KL47LBEP2TB119887,B36270,"$29,615.40 ",$0.00 ,"$29,615.40 ",2/17/2026,$0.00 ,$0.00 ,"$29,615.40 ","$29,615.40 ",$0.00 ,$0.00 ,$0.00 ,$0.00 ,$0.00 ,$49.08 ,$0.00 ,$0.00 ,$0.00 ,$49.08 ,$49.08 ,"$12,692.31 "
"3535 West Loop 820 South  Fort Worth, TX 76116",Buick,Auto - Buick Plant - New - E,11/4/2024,120342,11/4/2024,6/4/2026,2025 Buick BUCK ENCLV P,Automobile,BUCK ENCLV P,5GAERARS6SJ120342,B33671,"$45,705.35 ","$36,564.27 ",$0.00 ,,"($36,564.27)",$0.00 ,"($36,564.27)",$0.00 ,$0.00 ,$0.00 ,$0.00 ,$0.00 ,$0.00 ,$116.79 ,$0.00 ,$0.00 ,$0.00 ,$116.79 ,"$3,270.91 ","$30,198.17 "
"3535 West Loop 820 South  Fort Worth, TX 76116",Buick,Auto - Buick Plant - New - E,2/6/2026,120667,2/6/2026,9/6/2027,2026 Buick BUCK ENVIST,Automobile,BUCK ENVIST,KL47LAEP1TB120667,,"$28,475.30 ",$0.00 ,"$28,475.30 ",2/6/2026,$0.00 ,$0.00 ,"$28,475.30 ","$28,475.30 ",$0.00 ,$0.00 ,$0.00 ,$0.00 ,$0.00 ,$90.44 ,$0.00 ,$0.00 ,$0.00 ,$90.44 ,$90.44 ,"$23,390.43 "
"3535 West Loop 820 South  Fort Worth, TX 76116",Buick,Auto - Buick Plant - New - E,2/4/2026,120705,2/4/2026,9/4/2027,2026 Buick BUCK ENVIST,Automobile,BUCK ENVIST,KL47LAEP5TB120705,,"$28,475.30 ",$0.00 ,"$28,475.30 ",2/4/2026,$0.00 ,$0.00 ,"$28,475.30 ","$28,475.30 ",$0.00 ,$0.00 ,$0.00 ,$0.00 ,$0.00 ,$98.31 ,$0.00 ,$0.00 ,$0.00 ,$98.31 ,$98.31 ,"$25,424.38 "
"3535 West Loop 820 South  Fort Worth, TX 76116",Buick,Auto - Buick Plant - New - E,2/6/2026,120719,2/6/2026,9/6/2027,2026 Buick BUCK ENVIST,Automobile,BUCK ENVIST,KL47LAEP5TB120719,,"$28,475.30 ",$0.00 ,"$28,475.30 ",2/6/2026,$0.00 ,$0.00 ,"$28,475.30 ","$28,475.30 ",$0.00 ,$0.00 ,$0.00 ,$0.00 ,$0.00 ,$90.44 ,$0.00 ,$0.00 ,$0.00 ,$90.44 ,$90.44 ,"$23,390.43 "
"3535 West Loop 820 South  Fort Worth, TX 76116",Buick,Auto - Buick Plant - New - E,1/30/2026,120749,1/30/2026,8/30/2027,2026 Buick BUCK ENVIST,Automobile,BUCK ENVIST,KL47LAEP3TB120749,,"$28,475.30 ","$28,475.30 ",$0.00 ,,$0.00 ,$0.00 ,$0.00 ,"$28,475.30 ",$0.00 ,$0.00 ,$0.00 ,$0.00 ,$0.00 ,$110.12 ,$0.00 ,$0.00 ,$0.00 ,$110.12 ,$118.03 ,"$28,475.30 "
"3535 West Loop 820 South  Fort Worth, TX 76116",Buick,Auto - Buick Plant - New - E,1/30/2026,120756,1/30/2026,8/30/2027,2026 Buick BUCK ENVIST,Automobile,BUCK ENVIST,KL47LAEP0TB120756,,"$28,475.30 ","$28,475.30 ",$0.00 ,,$0.00 ,$0.00 ,$0.00 ,"$28,475.30 ",$0.00 ,$0.00 ,$0.00 ,$0.00 ,$0.00 ,$110.12 ,$0.00 ,$0.00 ,$0.00 ,$110.12 ,$118.03 ,"$28,475.30 "
"3535 West Loop 820 South  Fort Worth, TX 76116",Buick,Auto - Buick Plant - New - E,2/4/2026,120757,2/4/2026,9/4/2027,2026 Buick BUCK ENVIST,Automobile,BUCK ENVIST,KL47LAEP2TB120757,,"$28,475.30 ",$0.00 ,"$28,475.30 ",2/4/2026,$0.00 ,$0.00 ,"$28,475.30 ","$28,475.30 ",$0.00 ,$0.00 ,$0.00 ,$0.00 ,$0.00 ,$98.31 ,$0.00 ,$0.00 ,$0.00 ,$98.31 ,$98.31 ,"$25,424.38 "
"3535 West Loop 820 South  Fort Worth, TX 76116",Buick,Auto - Buick Plant - New - E,1/30/2026,121091,1/30/2026,8/30/2027,2026 Buick BUCK ENVIST,Automobile,BUCK ENVIST,KL47LAEP1TB121091,,"$28,475.30 ","$28,475.30 ",$0.00 ,,$0.00 ,$0.00 ,$0.00 ,"$28,475.30 ",$0.00 ,$0.00 ,$0.00 ,$0.00 ,$0.00 ,$110.12 ,$0.00 ,$0.00 ,$0.00 ,$110.12 ,$118.03 ,"$28,475.30 "
"3535 West Loop 820 South  Fort Worth, TX 76116",Buick,Auto - Buick Plant - New - E,2/4/2026,121098,2/4/2026,9/4/2027,2026 Buick BUCK ENVIST,Automobile,BUCK ENVIST,KL47LAEP4TB121098,,"$28,475.30 ",$0.00 ,"$28,475.30 ",2/4/2026,$0.00 ,$0.00 ,"$28,475.30 ","$28,475.30 ",$0.00 ,$0.00 ,$0.00 ,$0.00 ,$0.00 ,$98.31 ,$0.00 ,$0.00 ,$0.00 ,$98.31 ,$98.31 ,"$25,424.38 "
"3535 West Loop 820 South  Fort Worth, TX 76116",Buick,Auto - Buick Plant - New - E,1/30/2026,121143,1/30/2026,8/30/2027,2026 Buick BUCK ENVIST,Automobile,BUCK ENVIST,KL47LAEP5TB121143,,"$28,475.30 ","$28,475.30 ",$0.00 ,,$0.00 ,$0.00 ,$0.00 ,"$28,475.30 ",$0.00 ,$0.00 ,$0.00 ,$0.00 ,$0.00 ,$110.12 ,$0.00 ,$0.00 ,$0.00 ,$110.12 ,$118.03 ,"$28,475.30 "
"3535 West Loop 820 South  Fort Worth, TX 76116",Buick,Auto - Buick Plant - New - E,1/30/2026,121162,1/30/2026,8/30/2027,2026 Buick BUCK ENVIST,Automobile,BUCK ENVIST,KL47LAEP9TB121162,,"$28,475.30 ","$28,475.30 ",$0.00 ,,$0.00 ,$0.00 ,$0.00 ,"$28,475.30 ",$0.00 ,$0.00 ,$0.00 ,$0.00 ,$0.00 ,$110.12 ,$0.00 ,$0.00 ,$0.00 ,$110.12 ,$118.03 ,"$28,475.30 "
"3535 West Loop 820 South  Fort Worth, TX 76116",Buick,Auto - Buick Plant - New - E,2/4/2026,121677,2/4/2026,9/4/2027,2026 Buick BUCK ENVIST,Automobile,BUCK ENVIST,KL47LAEP9TB121677,,"$28,017.43 ",$0.00 ,"$28,017.43 ",2/4/2026,$0.00 ,$0.00 ,"$28,017.43 ","$28,017.43 ",$0.00 ,$0.00 ,$0.00 ,$0.00 ,$0.00 ,$96.72 ,$0.00 ,$0.00 ,$0.00 ,$96.72 ,$96.72 ,"$25,015.56 "
"3535 West Loop 820 South  Fort Worth, TX 76116",Buick,Auto - Buick Plant - New - E,2/4/2026,121691,2/4/2026,9/4/2027,2026 Buick BUCK ENVIST,Automobile,BUCK ENVIST,KL47LAEP3TB121691,,"$28,017.43 ",$0.00 ,"$28,017.43 ",2/4/2026,$0.00 ,$0.00 ,"$28,017.43 ","$28,017.43 ",$0.00 ,$0.00 ,$0.00 ,$0.00 ,$0.00 ,$96.72 ,$0.00 ,$0.00 ,$0.00 ,$96.72 ,$96.72 ,"$25,015.56 "
"3535 West Loop 820 South  Fort Worth, TX 76116",Buick,Auto - Buick Plant - New - E,2/5/2026,121703,2/5/2026,9/5/2027,2026 Buick BUCK ENVIST,Automobile,BUCK ENVIST,KL47LAEP6TB121703,,"$28,017.43 ",$0.00 ,"$28,017.43 ",2/5/2026,$0.00 ,$0.00 ,"$28,017.43 ","$28,017.43 ",$0.00 ,$0.00 ,$0.00 ,$0.00 ,$0.00 ,$92.86 ,$0.00 ,$0.00 ,$0.00 ,$92.86 ,$92.86 ,"$24,014.94 "
"3535 West Loop 820 South  Fort Worth, TX 76116",Buick,Auto - Buick Plant - New - E,2/6/2026,121704,2/6/2026,9/6/2027,2026 Buick BUCK ENVIST,Automobile,BUCK ENVIST,KL47LAEP8TB121704,,"$28,017.43 ",$0.00 ,"$28,017.43 ",2/6/2026,$0.00 ,$0.00 ,"$28,017.43 ","$28,017.43 ",$0.00 ,$0.00 ,$0.00 ,$0.00 ,$0.00 ,$88.99 ,$0.00 ,$0.00 ,$0.00 ,$88.99 ,$88.99 ,"$23,014.32 "
"3535 West Loop 820 South  Fort Worth, TX 76116",Buick,Auto - Buick Plant - New - E,2/6/2026,121710,2/6/2026,9/6/2027,2026 Buick BUCK ENVIST,Automobile,BUCK ENVIST,KL47LAEP3TB121710,,"$28,017.43 ",$0.00 ,"$28,017.43 ",2/6/2026,$0.00 ,$0.00 ,"$28,017.43 ","$28,017.43 ",$0.00 ,$0.00 ,$0.00 ,$0.00 ,$0.00 ,$88.99 ,$0.00 ,$0.00 ,$0.00 ,$88.99 ,$88.99 ,"$23,014.32 "
"3535 West Loop 820 South  Fort Worth, TX 76116",Buick,Auto - Buick Plant - New - E,2/6/2026,121717,2/6/2026,9/6/2027,2026 Buick BUCK ENVIST,Automobile,BUCK ENVIST,KL47LAEP6TB121717,,"$28,017.43 ",$0.00 ,"$28,017.43 ",2/6/2026,$0.00 ,$0.00 ,"$28,017.43 ","$28,017.43 ",$0.00 ,$0.00 ,$0.00 ,$0.00 ,$0.00 ,$88.99 ,$0.00 ,$0.00 ,$0.00 ,$88.99 ,$88.99 ,"$23,014.32 "
"3535 West Loop 820 South  Fort Worth, TX 76116",Buick,Auto - Buick Plant - New - E,2/4/2026,123669,2/4/2026,9/4/2027,2026 Buick BUCK ENVIST,Automobile,BUCK ENVIST,KL47LBEP1TB123669,,"$30,309.18 ",$0.00 ,"$30,309.18 ",2/4/2026,$0.00 ,$0.00 ,"$30,309.18 ","$30,309.18 ",$0.00 ,$0.00 ,$0.00 ,$0.00 ,$0.00 ,$104.64 ,$0.00 ,$0.00 ,$0.00 ,$104.64 ,$104.64 ,"$27,061.77 "
"3535 West Loop 820 South  Fort Worth, TX 76116",Buick,Auto - Buick Plant - New - E,2/5/2026,123755,2/5/2026,9/5/2027,2026 Buick BUCK ENVIST,Automobile,BUCK ENVIST,KL47LBEP5TB123755,,"$30,309.18 ",$0.00 ,"$30,309.18 ",2/5/2026,$0.00 ,$0.00 ,"$30,309.18 ","$30,309.18 ",$0.00 ,$0.00 ,$0.00 ,$0.00 ,$0.00 ,$100.45 ,$0.00 ,$0.00 ,$0.00 ,$100.45 ,$100.45 ,"$25,979.30 "
"3535 West Loop 820 South  Fort Worth, TX 76116",Buick,Auto - Buick Plant - New - E,2/4/2026,123792,2/4/2026,9/4/2027,2026 Buick BUCK ENVIST,Automobile,BUCK ENVIST,KL47LBEP0TB123792,,"$30,309.18 ",$0.00 ,"$30,309.18 ",2/4/2026,$0.00 ,$0.00 ,"$30,309.18 ","$30,309.18 ",$0.00 ,$0.00 ,$0.00 ,$0.00 ,$0.00 ,$104.64 ,$0.00 ,$0.00 ,$0.00 ,$104.64 ,$104.64 ,"$27,061.77 "
"3535 West Loop 820 South  Fort Worth, TX 76116",Buick,Auto - Buick Plant - New - E,1/20/2026,123827,1/20/2026,8/20/2027,2026 Buick BUCK ENVIST,Automobile,BUCK ENVIST,KL47LBEP4TB123827,,"$30,309.18 ","$30,309.18 ",$0.00 ,,$0.00 ,$0.00 ,$0.00 ,"$30,309.18 ",$0.00 ,$0.00 ,$0.00 ,$0.00 ,$0.00 ,$117.22 ,$0.00 ,$0.00 ,$0.00 ,$117.22 ,$167.73 ,"$30,309.18 "
"3535 West Loop 820 South  Fort Worth, TX 76116",Buick,Auto - Buick Plant - New - E,2/4/2026,123837,2/4/2026,9/4/2027,2026 Buick BUCK ENVIST,Automobile,BUCK ENVIST,KL47LBEP7TB123837,,"$30,309.18 ",$0.00 ,"$30,309.18 ",2/4/2026,$0.00 ,$0.00 ,"$30,309.18 ","$30,309.18 ",$0.00 ,$0.00 ,$0.00 ,$0.00 ,$0.00 ,$104.64 ,$0.00 ,$0.00 ,$0.00 ,$104.64 ,$104.64 ,"$27,061.77 "
"3535 West Loop 820 South  Fort Worth, TX 76116",Buick,Auto - Buick Plant - New - E,1/16/2026,125716,1/16/2026,8/16/2027,2026 Buick BUCK ENVIST,Automobile,BUCK ENVIST,KL47LBEP5TB125716,B36167,"$30,309.18 ","$30,309.18 ",$0.00 ,,"($30,309.18)",$0.00 ,"($30,309.18)",$0.00 ,$0.00 ,$0.00 ,$0.00 ,$0.00 ,$0.00 ,$8.40 ,$0.00 ,$0.00 ,$0.00 ,$8.40 ,$75.75 ,"$2,164.94 "
"3535 West Loop 820 South  Fort Worth, TX 76116",Buick,Auto - Buick Plant - New - E,1/16/2026,125792,1/16/2026,8/16/2027,2026 Buick BUCK ENVIST,Automobile,BUCK ENVIST,KL47LBEPXTB125792,B36180,"$30,309.18 ","$30,309.18 ",$0.00 ,,"($30,309.18)",$0.00 ,"($30,309.18)",$0.00 ,$0.00 ,$0.00 ,$0.00 ,$0.00 ,$0.00 ,$8.40 ,$0.00 ,$0.00 ,$0.00 ,$8.40 ,$75.75 ,"$2,164.94 "
"3535 West Loop 820 South  Fort Worth, TX 76116",Buick,Auto - Buick Plant - New - E,1/16/2026,125846,1/16/2026,8/16/2027,2026 Buick BUCK ENVIST,Automobile,BUCK ENVIST,KL47LBEP7TB125846,B36175,"$30,309.18 ","$30,309.18 ",$0.00 ,,"($30,309.18)",$0.00 ,"($30,309.18)",$0.00 ,$0.00 ,$0.00 ,$0.00 ,$0.00 ,$0.00 ,$104.66 ,$0.00 ,$0.00 ,$0.00 ,$104.66 ,$172.01 ,"$27,061.77 "
"3535 West Loop 820 South  Fort Worth, TX 76116",Buick,Auto - Buick Plant - New - E,1/16/2026,125942,1/16/2026,8/16/2027,2026 Buick BUCK ENVIST,Automobile,BUCK ENVIST,KL47LBEP3TB125942,B36176,"$30,309.18 ","$30,309.18 ",$0.00 ,,"($30,309.18)",$0.00 ,"($30,309.18)",$0.00 ,$0.00 ,$0.00 ,$0.00 ,$0.00 ,$0.00 ,$16.77 ,$0.00 ,$0.00 ,$0.00 ,$16.77 ,$84.12 ,"$4,329.88 "
"3535 West Loop 820 South  Fort Worth, TX 76116",Buick,Auto - Buick Plant - New - E,1/16/2026,125980,1/16/2026,8/16/2027,2026 Buick BUCK ENVIST,Automobile,BUCK ENVIST,KL47LBEP0TB125980,B36178,"$30,309.18 ","$30,309.18 ",$0.00 ,,"($30,309.18)",$0.00 ,"($30,309.18)",$0.00 ,$0.00 ,$0.00 ,$0.00 ,$0.00 ,$0.00 ,$108.85 ,$0.00 ,$0.00 ,$0.00 ,$108.85 ,$176.20 ,"$28,144.24 "
"3535 West Loop 820 South  Fort Worth, TX 76116",Buick,Auto - Buick Plant - New - E,1/16/2026,126007,1/16/2026,8/16/2027,2026 Buick BUCK ENVIST,Automobile,BUCK ENVIST,KL47LBEP3TB126007,B36162,"$30,309.18 ","$30,309.18 ",$0.00 ,,"($30,309.18)",$0.00 ,"($30,309.18)",$0.00 ,$0.00 ,$0.00 ,$0.00 ,$0.00 ,$0.00 ,$71.18 ,$0.00 ,$0.00 ,$0.00 ,$71.18 ,$138.53 ,"$18,402.00 "
"3535 West Loop 820 South  Fort Worth, TX 76116",Buick,Auto - Buick Plant - New - E,1/16/2026,126111,1/16/2026,8/16/2027,2026 Buick BUCK ENVIST,Automobile,BUCK ENVIST,KL47LBEP9TB126111,,"$30,309.18 ","$30,309.18 ",$0.00 ,,$0.00 ,$0.00 ,$0.00 ,"$30,309.18 ",$0.00 ,$0.00 ,$0.00 ,$0.00 ,$0.00 ,$117.22 ,$0.00 ,$0.00 ,$0.00 ,$117.22 ,$184.57 ,"$30,309.18 "
"3535 West Loop 820 South  Fort Worth, TX 76116",Buick,Auto - Buick Plant - New - E,1/16/2026,126112,1/16/2026,8/16/2027,2026 Buick BUCK ENVIST,Automobile,BUCK ENVIST,KL47LBEP0TB126112,,"$30,309.18 ","$30,309.18 ",$0.00 ,,$0.00 ,$0.00 ,$0.00 ,"$30,309.18 ",$0.00 ,$0.00 ,$0.00 ,$0.00 ,$0.00 ,$117.22 ,$0.00 ,$0.00 ,$0.00 ,$117.22 ,$184.57 ,"$30,309.18 "
"3535 West Loop 820 South  Fort Worth, TX 76116",Buick,Auto - Buick Plant - New - E,2/2/2026,126811,2/2/2026,9/2/2027,2026 Buick BUCK ENVIST,Automobile,BUCK ENVIST,KL47LBEP4TB126811,B36230,"$29,851.30 ",$0.00 ,"$29,851.30 ",2/2/2026,"($29,851.30)",$0.00 ,$0.00 ,$0.00 ,$0.00 ,$0.00 ,$0.00 ,$0.00 ,$0.00 ,$90.69 ,$0.00 ,$0.00 ,$0.00 ,$90.69 ,$90.69 ,"$23,454.59 "
"3535 West Loop 820 South  Fort Worth, TX 76116",Buick,Auto - Buick Plant - New - E,2/5/2026,126842,2/5/2026,9/5/2027,2026 Buick BUCK ENVIST,Automobile,BUCK ENVIST,KL47LBEP4TB126842,,"$29,851.30 ",$0.00 ,"$29,851.30 ",2/5/2026,$0.00 ,$0.00 ,"$29,851.30 ","$29,851.30 ",$0.00 ,$0.00 ,$0.00 ,$0.00 ,$0.00 ,$98.93 ,$0.00 ,$0.00 ,$0.00 ,$98.93 ,$98.93 ,"$25,586.83 "
"3535 West Loop 820 South  Fort Worth, TX 76116",Buick,Auto - Buick Plant - New - E,2/4/2026,126848,2/4/2026,9/4/2027,2026 Buick BUCK ENVIST,Automobile,BUCK ENVIST,KL47LBEP5TB126848,,"$29,851.30 ",$0.00 ,"$29,851.30 ",2/4/2026,$0.00 ,$0.00 ,"$29,851.30 ","$29,851.30 ",$0.00 ,$0.00 ,$0.00 ,$0.00 ,$0.00 ,$103.06 ,$0.00 ,$0.00 ,$0.00 ,$103.06 ,$103.06 ,"$26,652.95 "
"3535 West Loop 820 South  Fort Worth, TX 76116",Buick,Auto - Buick Plant - New - E,2/4/2026,126935,2/4/2026,9/4/2027,2026 Buick BUCK ENVIST,Automobile,BUCK ENVIST,KL47LBEP0TB126935,,"$29,851.30 ",$0.00 ,"$29,851.30 ",2/4/2026,$0.00 ,$0.00 ,"$29,851.30 ","$29,851.30 ",$0.00 ,$0.00 ,$0.00 ,$0.00 ,$0.00 ,$103.06 ,$0.00 ,$0.00 ,$0.00 ,$103.06 ,$103.06 ,"$26,652.95 "
"3535 West Loop 820 South  Fort Worth, TX 76116",Buick,Auto - Buick Plant - New - E,2/2/2026,126979,2/2/2026,9/2/2027,2026 Buick BUCK ENVIST,Automobile,BUCK ENVIST,KL47LBEP9TB126979,,"$29,851.30 ",$0.00 ,"$29,851.30 ",2/2/2026,$0.00 ,$0.00 ,"$29,851.30 ","$29,851.30 ",$0.00 ,$0.00 ,$0.00 ,$0.00 ,$0.00 ,$111.30 ,$0.00 ,$0.00 ,$0.00 ,$111.30 ,$111.30 ,"$28,785.18 "
"3535 West Loop 820 South  Fort Worth, TX 76116",Buick,Auto - Buick Plant - New - E,2/5/2026,127007,2/5/2026,9/5/2027,2026 Buick BUCK ENVIST,Automobile,BUCK ENVIST,KL47LBEP8TB127007,,"$29,851.30 ",$0.00 ,"$29,851.30 ",2/5/2026,$0.00 ,$0.00 ,"$29,851.30 ","$29,851.30 ",$0.00 ,$0.00 ,$0.00 ,$0.00 ,$0.00 ,$98.93 ,$0.00 ,$0.00 ,$0.00 ,$98.93 ,$98.93 ,"$25,586.83 "
"3535 West Loop 820 South  Fort Worth, TX 76116",Buick,Auto - Buick Plant - New - E,1/16/2026,127019,1/16/2026,8/16/2027,2026 Buick BUCK ENVIST,Automobile,BUCK ENVIST,KL47LBEP4TB127019,B36174,"$29,851.30 ","$29,851.30 ",$0.00 ,,"($29,851.30)",$0.00 ,"($29,851.30)",$0.00 ,$0.00 ,$0.00 ,$0.00 ,$0.00 ,$0.00 ,$90.72 ,$0.00 ,$0.00 ,$0.00 ,$90.72 ,$157.05 ,"$23,454.59 "
"3535 West Loop 820 South  Fort Worth, TX 76116",Buick,Auto - Buick Plant - New - E,2/4/2026,127084,2/4/2026,9/4/2027,2026 Buick BUCK ENVIST,Automobile,BUCK ENVIST,KL47LBEP4TB127084,,"$29,851.30 ",$0.00 ,"$29,851.30 ",2/4/2026,$0.00 ,$0.00 ,"$29,851.30 ","$29,851.30 ",$0.00 ,$0.00 ,$0.00 ,$0.00 ,$0.00 ,$103.06 ,$0.00 ,$0.00 ,$0.00 ,$103.06 ,$103.06 ,"$26,652.95 "
"3535 West Loop 820 South  Fort Worth, TX 76116",Buick,Auto - Buick Plant - New - E,2/9/2026,135640,2/9/2026,9/9/2027,2026 Buick BUCK ENVIST,Automobile,BUCK ENVIST,KL47LAEP1TB135640,,"$28,475.30 ",$0.00 ,"$28,475.30 ",2/9/2026,$0.00 ,$0.00 ,"$28,475.30 ","$28,475.30 ",$0.00 ,$0.00 ,$0.00 ,$0.00 ,$0.00 ,$78.64 ,$0.00 ,$0.00 ,$0.00 ,$78.64 ,$78.64 ,"$20,339.50 "
"3535 West Loop 820 South  Fort Worth, TX 76116",Buick,Auto - Buick Plant - New - E,2/9/2026,136321,2/9/2026,9/9/2027,2026 Buick BUCK ENVIST,Automobile,BUCK ENVIST,KL47LAEP1TB136321,,"$28,475.30 ",$0.00 ,"$28,475.30 ",2/9/2026,$0.00 ,$0.00 ,"$28,475.30 ","$28,475.30 ",$0.00 ,$0.00 ,$0.00 ,$0.00 ,$0.00 ,$78.64 ,$0.00 ,$0.00 ,$0.00 ,$78.64 ,$78.64 ,"$20,339.50 "
"3535 West Loop 820 South  Fort Worth, TX 76116",Buick,Auto - Buick Plant - New - E,2/6/2026,136379,2/6/2026,9/6/2027,2026 Buick BUCK ENVIST,Automobile,BUCK ENVIST,KL47LAEPXTB136379,,"$28,017.43 ",$0.00 ,"$28,017.43 ",2/6/2026,$0.00 ,$0.00 ,"$28,017.43 ","$28,017.43 ",$0.00 ,$0.00 ,$0.00 ,$0.00 ,$0.00 ,$88.99 ,$0.00 ,$0.00 ,$0.00 ,$88.99 ,$88.99 ,"$23,014.32 "
"3535 West Loop 820 South  Fort Worth, TX 76116",Buick,Auto - Buick Plant - New - E,2/9/2026,136385,2/9/2026,9/9/2027,2026 Buick BUCK ENVIST,Automobile,BUCK ENVIST,KL47LAEP5TB136385,,"$28,017.43 ",$0.00 ,"$28,017.43 ",2/9/2026,$0.00 ,$0.00 ,"$28,017.43 ","$28,017.43 ",$0.00 ,$0.00 ,$0.00 ,$0.00 ,$0.00 ,$77.38 ,$0.00 ,$0.00 ,$0.00 ,$77.38 ,$77.38 ,"$20,012.45 "
"3535 West Loop 820 South  Fort Worth, TX 76116",Buick,Auto - Buick Plant - New - E,11/28/2025,138984,11/28/2025,6/28/2027,2026 Buick BUCK ENCLV S,Automobile,BUCK ENCLV S,5GAEVBKS8TJ138984,,"$55,344.35 ","$55,344.35 ",$0.00 ,,$0.00 ,$0.00 ,$0.00 ,"$55,344.35 ",$0.00 ,$0.00 ,$0.00 ,$0.00 ,$0.00 ,$214.04 ,$0.00 ,$0.00 ,$0.00 ,$214.04 ,$723.46 ,"$55,344.35 "
"3535 West Loop 820 South  Fort Worth, TX 76116",Buick,Auto - Buick Plant - New - E,2/9/2026,139072,2/9/2026,9/9/2027,2026 Buick BUCK ENVIST,Automobile,BUCK ENVIST,KL47LAEPXTB139072,,"$28,475.30 ",$0.00 ,"$28,475.30 ",2/9/2026,$0.00 ,$0.00 ,"$28,475.30 ","$28,475.30 ",$0.00 ,$0.00 ,$0.00 ,$0.00 ,$0.00 ,$78.64 ,$0.00 ,$0.00 ,$0.00 ,$78.64 ,$78.64 ,"$20,339.50 "
"3535 West Loop 820 South  Fort Worth, TX 76116",Buick,Auto - Buick Plant - New - E,2/9/2026,139078,2/9/2026,9/9/2027,2026 Buick BUCK ENVIST,Automobile,BUCK ENVIST,KL47LAEP0TB139078,,"$28,475.30 ",$0.00 ,"$28,475.30 ",2/9/2026,$0.00 ,$0.00 ,"$28,475.30 ","$28,475.30 ",$0.00 ,$0.00 ,$0.00 ,$0.00 ,$0.00 ,$78.64 ,$0.00 ,$0.00 ,$0.00 ,$78.64 ,$78.64 ,"$20,339.50 "
"3535 West Loop 820 South  Fort Worth, TX 76116",Buick,Auto - Buick Plant - New - E,11/28/2025,139116,11/28/2025,6/28/2027,2026 Buick BUCK ENCLV S,Automobile,BUCK ENCLV S,5GAEVBKS8TJ139116,,"$55,881.35 ","$55,881.35 ",$0.00 ,,$0.00 ,$0.00 ,$0.00 ,"$55,881.35 ",$0.00 ,$0.00 ,$0.00 ,$0.00 ,$0.00 ,$216.11 ,$0.00 ,$0.00 ,$0.00 ,$216.11 ,$730.48 ,"$55,881.35 "
"3535 West Loop 820 South  Fort Worth, TX 76116",Buick,Auto - Buick Plant - New - E,11/28/2025,139151,11/28/2025,6/28/2027,2026 Buick BUCK ENCLV A,Automobile,BUCK ENCLV A,5GAEVCKS2TJ139151,B35982,"$59,801.18 ","$59,801.18 ",$0.00 ,,"($59,801.18)",$0.00 ,"($59,801.18)",$0.00 ,$0.00 ,$0.00 ,$0.00 ,$0.00 ,$0.00 ,$41.33 ,$0.00 ,$0.00 ,$0.00 ,$41.33 ,$591.77 ,"$10,678.78 "
"3535 West Loop 820 South  Fort Worth, TX 76116",Buick,Auto - Buick Plant - New - E,11/28/2025,139647,11/28/2025,6/28/2027,2026 Buick BUCK ENCLV S,Automobile,BUCK ENCLV S,5GAEVBKS6TJ139647,,"$55,478.60 ","$55,478.60 ",$0.00 ,,$0.00 ,$0.00 ,$0.00 ,"$55,478.60 ",$0.00 ,$0.00 ,$0.00 ,$0.00 ,$0.00 ,$214.55 ,$0.00 ,$0.00 ,$0.00 ,$214.55 ,$725.21 ,"$55,478.60 "
"3535 West Loop 820 South  Fort Worth, TX 76116",Buick,Auto - Buick Plant - New - E,11/28/2025,139716,11/28/2025,6/28/2027,2026 Buick BUCK ENCLV A,Automobile,BUCK ENCLV A,5GAEVCKS2TJ139716,B35983,"$59,957.80 ","$59,957.80 ",$0.00 ,,"($59,957.80)",$0.00 ,"($59,957.80)",$0.00 ,$0.00 ,$0.00 ,$0.00 ,$0.00 ,$0.00 ,$24.89 ,$0.00 ,$0.00 ,$0.00 ,$24.89 ,$576.78 ,"$6,424.05 "
"3535 West Loop 820 South  Fort Worth, TX 76116",Buick,Auto - Buick Plant - New - E,2/9/2026,140504,2/9/2026,9/9/2027,2026 Buick BUCK ENVIST,Automobile,BUCK ENVIST,KL47LAEP7TB140504,,"$28,017.43 ",$0.00 ,"$28,017.43 ",2/9/2026,$0.00 ,$0.00 ,"$28,017.43 ","$28,017.43 ",$0.00 ,$0.00 ,$0.00 ,$0.00 ,$0.00 ,$77.38 ,$0.00 ,$0.00 ,$0.00 ,$77.38 ,$77.38 ,"$20,012.45 "
"3535 West Loop 820 South  Fort Worth, TX 76116",Buick,Auto - Buick Plant - New - E,2/12/2026,145616,2/12/2026,9/12/2027,2026 Buick BUCK ENVIST,Automobile,BUCK ENVIST,KL47LBEP2TB145616,,"$29,300.93 ",$0.00 ,"$29,300.93 ",2/12/2026,$0.00 ,$0.00 ,"$29,300.93 ","$29,300.93 ",$0.00 ,$0.00 ,$0.00 ,$0.00 ,$0.00 ,$68.79 ,$0.00 ,$0.00 ,$0.00 ,$68.79 ,$68.79 ,"$17,789.85 "
"3535 West Loop 820 South  Fort Worth, TX 76116",Buick,Auto - Buick Plant - New - E,2/20/2026,145825,2/20/2026,9/20/2027,2026 Buick BUCK ENVIST,Automobile,BUCK ENVIST,KL47LBEP0TB145825,,"$29,300.93 ",$0.00 ,"$29,300.93 ",2/20/2026,$0.00 ,$0.00 ,"$29,300.93 ","$29,300.93 ",$0.00 ,$0.00 ,$0.00 ,$0.00 ,$0.00 ,$36.42 ,$0.00 ,$0.00 ,$0.00 ,$36.42 ,$36.42 ,"$9,418.16 "
"3535 West Loop 820 South  Fort Worth, TX 76116",Buick,Auto - Buick Plant - New - E,2/20/2026,145826,2/20/2026,9/20/2027,2026 Buick BUCK ENVIST,Automobile,BUCK ENVIST,KL47LBEP2TB145826,,"$29,300.93 ",$0.00 ,"$29,300.93 ",2/20/2026,$0.00 ,$0.00 ,"$29,300.93 ","$29,300.93 ",$0.00 ,$0.00 ,$0.00 ,$0.00 ,$0.00 ,$36.42 ,$0.00 ,$0.00 ,$0.00 ,$36.42 ,$36.42 ,"$9,418.16 "
"3535 West Loop 820 South  Fort Worth, TX 76116",Buick,Auto - Buick Plant - New - E,2/19/2026,145831,2/19/2026,9/19/2027,2026 Buick BUCK ENVIST,Automobile,BUCK ENVIST,KL47LBEP6TB145831,,"$29,300.93 ",$0.00 ,"$29,300.93 ",2/19/2026,$0.00 ,$0.00 ,"$29,300.93 ","$29,300.93 ",$0.00 ,$0.00 ,$0.00 ,$0.00 ,$0.00 ,$40.46 ,$0.00 ,$0.00 ,$0.00 ,$40.46 ,$40.46 ,"$10,464.62 "
"3535 West Loop 820 South  Fort Worth, TX 76116",Buick,Auto - Buick Plant - New - E,2/20/2026,146202,2/20/2026,9/20/2027,2026 Buick BUCK ENVIST,Automobile,BUCK ENVIST,KL47LBEP2TB146202,,"$28,843.05 ",$0.00 ,"$28,843.05 ",2/20/2026,$0.00 ,$0.00 ,"$28,843.05 ","$28,843.05 ",$0.00 ,$0.00 ,$0.00 ,$0.00 ,$0.00 ,$35.85 ,$0.00 ,$0.00 ,$0.00 ,$35.85 ,$35.85 ,"$9,270.98 "
"3535 West Loop 820 South  Fort Worth, TX 76116",Buick,Auto - Buick Plant - New - E,2/19/2026,146572,2/19/2026,9/19/2027,2026 Buick BUCK ENVIST,Automobile,BUCK ENVIST,KL47LBEP2TB146572,,"$29,300.93 ",$0.00 ,"$29,300.93 ",2/19/2026,$0.00 ,$0.00 ,"$29,300.93 ","$29,300.93 ",$0.00 ,$0.00 ,$0.00 ,$0.00 ,$0.00 ,$40.46 ,$0.00 ,$0.00 ,$0.00 ,$40.46 ,$40.46 ,"$10,464.62 "
"3535 West Loop 820 South  Fort Worth, TX 76116",Buick,Auto - Buick Plant - New - E,2/20/2026,146672,2/20/2026,9/20/2027,2026 Buick BUCK ENVIST,Automobile,BUCK ENVIST,KL47LBEP6TB146672,,"$29,300.93 ",$0.00 ,"$29,300.93 ",2/20/2026,$0.00 ,$0.00 ,"$29,300.93 ","$29,300.93 ",$0.00 ,$0.00 ,$0.00 ,$0.00 ,$0.00 ,$36.42 ,$0.00 ,$0.00 ,$0.00 ,$36.42 ,$36.42 ,"$9,418.16 "
"3535 West Loop 820 South  Fort Worth, TX 76116",Buick,Auto - Buick Plant - New - E,2/17/2026,146684,2/17/2026,9/17/2027,2026 Buick BUCK ENVIST,Automobile,BUCK ENVIST,KL47LBEP2TB146684,,"$29,300.93 ",$0.00 ,"$29,300.93 ",2/17/2026,$0.00 ,$0.00 ,"$29,300.93 ","$29,300.93 ",$0.00 ,$0.00 ,$0.00 ,$0.00 ,$0.00 ,$48.55 ,$0.00 ,$0.00 ,$0.00 ,$48.55 ,$48.55 ,"$12,557.54 "
"3535 West Loop 820 South  Fort Worth, TX 76116",Buick,Auto - Buick Plant - New - E,2/12/2026,147565,2/12/2026,9/12/2027,2026 Buick BUCK ENCOR G,Automobile,BUCK ENCOR G,KL4AMDSLXTB147565,B36298,"$30,572.85 ",$0.00 ,"$30,572.85 ",2/12/2026,"($30,572.85)",$0.00 ,$0.00 ,$0.00 ,$0.00 ,$0.00 ,$0.00 ,$0.00 ,$0.00 ,$33.77 ,$0.00 ,$0.00 ,$0.00 ,$33.77 ,$33.77 ,"$8,735.10 "
"3535 West Loop 820 South  Fort Worth, TX 76116",Buick,Auto - Buick Plant - New - E,2/12/2026,147988,2/12/2026,9/12/2027,2026 Buick BUCK ENCOR G,Automobile,BUCK ENCOR G,KL4AMDSL5TB147988,B36307,"$31,030.73 ",$0.00 ,"$31,030.73 ",2/12/2026,"($31,030.73)",$0.00 ,$0.00 ,$0.00 ,$0.00 ,$0.00 ,$0.00 ,$0.00 ,$0.00 ,$51.42 ,$0.00 ,$0.00 ,$0.00 ,$51.42 ,$51.42 ,"$13,298.88 "
"3535 West Loop 820 South  Fort Worth, TX 76116",Buick,Auto - Buick Plant - New - E,2/13/2026,148521,2/13/2026,9/13/2027,2026 Buick BUCK ENVIST,Automobile,BUCK ENVIST,KL47LBEP6TB148521,,"$29,393.43 ",$0.00 ,"$29,393.43 ",2/13/2026,$0.00 ,$0.00 ,"$29,393.43 ","$29,393.43 ",$0.00 ,$0.00 ,$0.00 ,$0.00 ,$0.00 ,$64.94 ,$0.00 ,$0.00 ,$0.00 ,$64.94 ,$64.94 ,"$16,796.25 "
"3535 West Loop 820 South  Fort Worth, TX 76116",Buick,Auto - Buick Plant - New - E,2/18/2026,149023,2/18/2026,9/18/2027,2026 Buick BUCK ENCOR G,Automobile,BUCK ENCOR G,KL4AMDSL6TB149023,,"$31,030.73 ",$0.00 ,"$31,030.73 ",2/18/2026,$0.00 ,$0.00 ,"$31,030.73 ","$31,030.73 ",$0.00 ,$0.00 ,$0.00 ,$0.00 ,$0.00 ,$47.14 ,$0.00 ,$0.00 ,$0.00 ,$47.14 ,$47.14 ,"$12,190.64 "
"3535 West Loop 820 South  Fort Worth, TX 76116",Buick,Auto - Buick Plant - New - E,2/18/2026,149088,2/18/2026,9/18/2027,2026 Buick BUCK ENCOR G,Automobile,BUCK ENCOR G,KL4AMDSL1TB149088,B36284,"$30,572.85 ",$0.00 ,"$30,572.85 ",2/18/2026,"($30,572.85)",$0.00 ,$0.00 ,$0.00 ,$0.00 ,$0.00 ,$0.00 ,$0.00 ,$0.00 ,$38.00 ,$0.00 ,$0.00 ,$0.00 ,$38.00 ,$38.00 ,"$9,826.99 "
"3535 West Loop 820 South  Fort Worth, TX 76116",Buick,Auto - Buick Plant - New - E,2/13/2026,149160,2/13/2026,9/13/2027,2026 Buick BUCK ENCOR G,Automobile,BUCK ENCOR G,KL4AMDSL5TB149160,B36308,"$31,030.73 ",$0.00 ,"$31,030.73 ",2/13/2026,"($31,030.73)",$0.00 ,$0.00 ,$0.00 ,$0.00 ,$0.00 ,$0.00 ,$0.00 ,$0.00 ,$55.71 ,$0.00 ,$0.00 ,$0.00 ,$55.71 ,$55.71 ,"$14,407.12 "
"3535 West Loop 820 South  Fort Worth, TX 76116",Buick,Auto - Buick Plant - New - E,2/13/2026,149489,2/13/2026,9/13/2027,2026 Buick BUCK ENCOR G,Automobile,BUCK ENCOR G,KL4AMDSL8TB149489,B36306,"$30,572.85 ",$0.00 ,"$30,572.85 ",2/13/2026,"($30,572.85)",$0.00 ,$0.00 ,$0.00 ,$0.00 ,$0.00 ,$0.00 ,$0.00 ,$0.00 ,$46.44 ,$0.00 ,$0.00 ,$0.00 ,$46.44 ,$46.44 ,"$12,010.76 "
"3535 West Loop 820 South  Fort Worth, TX 76116",Buick,Auto - Buick Plant - New - E,2/13/2026,150695,2/13/2026,9/13/2027,2026 Buick BUCK ENVIST,Automobile,BUCK ENVIST,KL47LBEP5TB150695,,"$29,851.30 ",$0.00 ,"$29,851.30 ",2/13/2026,$0.00 ,$0.00 ,"$29,851.30 ","$29,851.30 ",$0.00 ,$0.00 ,$0.00 ,$0.00 ,$0.00 ,$65.96 ,$0.00 ,$0.00 ,$0.00 ,$65.96 ,$65.96 ,"$17,057.89 "
"3535 West Loop 820 South  Fort Worth, TX 76116",Buick,Auto - Buick Plant - New - E,2/13/2026,150701,2/13/2026,9/13/2027,2026 Buick BUCK ENVIST,Automobile,BUCK ENVIST,KL47LBEP7TB150701,,"$29,851.30 ",$0.00 ,"$29,851.30 ",2/13/2026,$0.00 ,$0.00 ,"$29,851.30 ","$29,851.30 ",$0.00 ,$0.00 ,$0.00 ,$0.00 ,$0.00 ,$65.96 ,$0.00 ,$0.00 ,$0.00 ,$65.96 ,$65.96 ,"$17,057.89 "
"3535 West Loop 820 South  Fort Worth, TX 76116",Buick,Auto - Buick Plant - New - E,2/13/2026,151532,2/13/2026,9/13/2027,2026 Buick BUCK ENVIST,Automobile,BUCK ENVIST,KL47LBEP4TB151532,,"$29,851.30 ",$0.00 ,"$29,851.30 ",2/13/2026,$0.00 ,$0.00 ,"$29,851.30 ","$29,851.30 ",$0.00 ,$0.00 ,$0.00 ,$0.00 ,$0.00 ,$65.96 ,$0.00 ,$0.00 ,$0.00 ,$65.96 ,$65.96 ,"$17,057.89 "
"3535 West Loop 820 South  Fort Worth, TX 76116",Buick,Auto - Buick Plant - New - E,2/17/2026,151533,2/17/2026,9/17/2027,2026 Buick BUCK ENVIST,Automobile,BUCK ENVIST,KL47LBEP6TB151533,,"$29,851.30 ",$0.00 ,"$29,851.30 ",2/17/2026,$0.00 ,$0.00 ,"$29,851.30 ","$29,851.30 ",$0.00 ,$0.00 ,$0.00 ,$0.00 ,$0.00 ,$49.47 ,$0.00 ,$0.00 ,$0.00 ,$49.47 ,$49.47 ,"$12,793.41 "
"3535 West Loop 820 South  Fort Worth, TX 76116",Buick,Auto - Buick Plant - New - E,2/23/2026,157842,2/23/2026,9/23/2027,2026 Buick BUCK ENCOR G,Automobile,BUCK ENCOR G,KL4AMDSL5TB157842,,"$30,110.35 ",$0.00 ,"$30,110.35 ",2/23/2026,$0.00 ,$0.00 ,"$30,110.35 ","$30,110.35 ",$0.00 ,$0.00 ,$0.00 ,$0.00 ,$0.00 ,$24.95 ,$0.00 ,$0.00 ,$0.00 ,$24.95 ,$24.95 ,"$6,452.22 "
"3535 West Loop 820 South  Fort Worth, TX 76116",Buick,Auto - Buick Plant - New - E,2/23/2026,158392,2/23/2026,9/23/2027,2026 Buick BUCK ENCOR G,Automobile,BUCK ENCOR G,KL4AMDSL5TB158392,,"$29,652.48 ",$0.00 ,"$29,652.48 ",2/23/2026,$0.00 ,$0.00 ,"$29,652.48 ","$29,652.48 ",$0.00 ,$0.00 ,$0.00 ,$0.00 ,$0.00 ,$24.57 ,$0.00 ,$0.00 ,$0.00 ,$24.57 ,$24.57 ,"$6,354.10 "
"3535 West Loop 820 South  Fort Worth, TX 76116",Buick,Auto - Buick Plant - New - E,2/26/2026,158808,2/26/2026,9/26/2027,2026 Buick BUCK ENCOR G,Automobile,BUCK ENCOR G,KL4AMDSLXTB158808,,"$29,652.48 ",$0.00 ,"$29,652.48 ",2/26/2026,$0.00 ,$0.00 ,"$29,652.48 ","$29,652.48 ",$0.00 ,$0.00 ,$0.00 ,$0.00 ,$0.00 ,$12.28 ,$0.00 ,$0.00 ,$0.00 ,$12.28 ,$12.28 ,"$3,177.05 "
"3535 West Loop 820 South  Fort Worth, TX 76116",Buick,Auto - Buick Plant - New - E,9/23/2025,158907,9/23/2025,4/23/2027,2026 Buick BUCK ENCLV P,Automobile,BUCK ENCLV P,5GAERAKS4TJ158907,B35406,"$47,374.15 ","$47,374.15 ",$0.00 ,,$0.00 ,$0.00 ,$0.00 ,"$47,374.15 ",$0.00 ,$0.00 ,$0.00 ,$0.00 ,$0.00 ,$183.21 ,$0.00 ,$0.00 ,$0.00 ,$183.21 ,"$1,087.85 ","$47,374.15 "
"3535 West Loop 820 South  Fort Worth, TX 76116",Buick,Auto - Buick Plant - New - E,9/24/2025,159500,9/24/2025,4/24/2027,2026 Buick BUCK ENCLV P,Automobile,BUCK ENCLV P,5GAERAKS1TJ159500,,"$47,374.15 ","$47,374.15 ",$0.00 ,,$0.00 ,$0.00 ,$0.00 ,"$47,374.15 ",$0.00 ,$0.00 ,$0.00 ,$0.00 ,$0.00 ,$183.21 ,$0.00 ,$0.00 ,$0.00 ,$183.21 ,"$1,080.50 ","$47,374.15 "
"3535 West Loop 820 South  Fort Worth, TX 76116",Buick,Auto - Buick Plant - New - E,9/23/2025,159943,9/23/2025,4/23/2027,2026 Buick BUCK ENCLV S,Automobile,BUCK ENCLV S,5GAERBKS5TJ159943,B35419,"$50,322.80 ","$50,322.80 ",$0.00 ,,"($50,322.80)",$0.00 ,"($50,322.80)",$0.00 ,$0.00 ,$0.00 ,$0.00 ,$0.00 ,$0.00 ,$13.94 ,$0.00 ,$0.00 ,$0.00 ,$13.94 ,$974.88 ,"$3,594.49 "
"3535 West Loop 820 South  Fort Worth, TX 76116",Buick,Auto - Buick Plant - New - E,2/23/2026,160330,2/23/2026,9/23/2027,2026 Buick BUCK ENVIST,Automobile,BUCK ENVIST,KL47LBEP4TB160330,,"$29,300.93 ",$0.00 ,"$29,300.93 ",2/23/2026,$0.00 ,$0.00 ,"$29,300.93 ","$29,300.93 ",$0.00 ,$0.00 ,$0.00 ,$0.00 ,$0.00 ,$24.28 ,$0.00 ,$0.00 ,$0.00 ,$24.28 ,$24.28 ,"$6,278.77 "
"3535 West Loop 820 South  Fort Worth, TX 76116",Buick,Auto - Buick Plant - New - E,2/23/2026,160471,2/23/2026,9/23/2027,2026 Buick BUCK ENVIST,Automobile,BUCK ENVIST,KL47LBEP0TB160471,,"$28,843.05 ",$0.00 ,"$28,843.05 ",2/23/2026,$0.00 ,$0.00 ,"$28,843.05 ","$28,843.05 ",$0.00 ,$0.00 ,$0.00 ,$0.00 ,$0.00 ,$23.90 ,$0.00 ,$0.00 ,$0.00 ,$23.90 ,$23.90 ,"$6,180.65 "
"3535 West Loop 820 South  Fort Worth, TX 76116",Buick,Auto - Buick Plant - New - E,2/23/2026,160590,2/23/2026,9/23/2027,2026 Buick BUCK ENVIST,Automobile,BUCK ENVIST,KL47LBEP8TB160590,,"$28,843.05 ",$0.00 ,"$28,843.05 ",2/23/2026,$0.00 ,$0.00 ,"$28,843.05 ","$28,843.05 ",$0.00 ,$0.00 ,$0.00 ,$0.00 ,$0.00 ,$23.90 ,$0.00 ,$0.00 ,$0.00 ,$23.90 ,$23.90 ,"$6,180.65 "
"3535 West Loop 820 South  Fort Worth, TX 76116",Buick,Auto - Buick Plant - New - E,2/27/2026,164372,2/27/2026,9/27/2027,2026 Buick BUCK ENVIST,Automobile,BUCK ENVIST,KL47LBEP7TB164372,,"$28,843.05 ",$0.00 ,"$28,843.05 ",2/27/2026,$0.00 ,$0.00 ,"$28,843.05 ","$28,843.05 ",$0.00 ,$0.00 ,$0.00 ,$0.00 ,$0.00 ,$7.97 ,$0.00 ,$0.00 ,$0.00 ,$7.97 ,$7.97 ,"$2,060.22 "
"3535 West Loop 820 South  Fort Worth, TX 76116",Buick,Auto - Buick Plant - New - E,2/27/2026,164519,2/27/2026,9/27/2027,2026 Buick BUCK ENVIST,Automobile,BUCK ENVIST,KL47LBEP0TB164519,,"$29,300.93 ",$0.00 ,"$29,300.93 ",2/27/2026,$0.00 ,$0.00 ,"$29,300.93 ","$29,300.93 ",$0.00 ,$0.00 ,$0.00 ,$0.00 ,$0.00 ,$8.09 ,$0.00 ,$0.00 ,$0.00 ,$8.09 ,$8.09 ,"$2,092.92 "
"3535 West Loop 820 South  Fort Worth, TX 76116",Buick,Auto - Buick Plant - New - E,2/27/2026,164693,2/27/2026,9/27/2027,2026 Buick BUCK ENVIST,Automobile,BUCK ENVIST,KL47LBEP5TB164693,,"$29,851.30 ",$0.00 ,"$29,851.30 ",2/27/2026,$0.00 ,$0.00 ,"$29,851.30 ","$29,851.30 ",$0.00 ,$0.00 ,$0.00 ,$0.00 ,$0.00 ,$8.24 ,$0.00 ,$0.00 ,$0.00 ,$8.24 ,$8.24 ,"$2,132.24 "
"3535 West Loop 820 South  Fort Worth, TX 76116",Buick,Auto - Buick Plant - New - E,9/29/2025,165310,9/29/2025,4/29/2027,2026 Buick BUCK ENCLV P,Automobile,BUCK ENCLV P,5GAERAKS4TJ165310,B35447,"$49,434.10 ","$49,434.10 ",$0.00 ,,$0.00 ,$0.00 ,$0.00 ,"$49,434.10 ",$0.00 ,$0.00 ,$0.00 ,$0.00 ,$0.00 ,$191.18 ,$0.00 ,$0.00 ,$0.00 ,$191.18 ,"$1,089.16 ","$49,434.10 "
"3535 West Loop 820 South  Fort Worth, TX 76116",Buick,Auto - Buick Plant - New - E,9/30/2025,165675,9/30/2025,4/30/2027,2026 Buick BUCK ENCLV P,Automobile,BUCK ENCLV P,5GAERAKS0TJ165675,,"$49,992.10 ","$49,992.10 ",$0.00 ,,$0.00 ,$0.00 ,$0.00 ,"$49,992.10 ",$0.00 ,$0.00 ,$0.00 ,$0.00 ,$0.00 ,$193.33 ,$0.00 ,$0.00 ,$0.00 ,$193.33 ,"$1,093.71 ","$49,992.10 "
"3535 West Loop 820 South  Fort Worth, TX 76116",Buick,Auto - Buick Plant - New - E,9/30/2025,165762,9/30/2025,4/30/2027,2026 Buick BUCK ENCLV P,Automobile,BUCK ENCLV P,5GAERAKS6TJ165762,B35518,"$49,434.10 ","$49,434.10 ",$0.00 ,,"($49,434.10)",$0.00 ,"($49,434.10)",$0.00 ,$0.00 ,$0.00 ,$0.00 ,$0.00 ,$0.00 ,$13.70 ,$0.00 ,$0.00 ,$0.00 ,$13.70 ,$904.01 ,"$3,531.01 "
"3535 West Loop 820 South  Fort Worth, TX 76116",Buick,Auto - Buick Plant - New - E,2/27/2026,166157,2/27/2026,9/27/2027,2026 Buick BUCK ENCOR G,Automobile,BUCK ENCOR G,KL4AMDSL2TB166157,,"$29,559.98 ",$0.00 ,"$29,559.98 ",2/27/2026,$0.00 ,$0.00 ,"$29,559.98 ","$29,559.98 ",$0.00 ,$0.00 ,$0.00 ,$0.00 ,$0.00 ,$8.16 ,$0.00 ,$0.00 ,$0.00 ,$8.16 ,$8.16 ,"$2,111.43 "
"3535 West Loop 820 South  Fort Worth, TX 76116",Buick,Auto - Buick Plant - New - E,2/27/2026,166330,2/27/2026,9/27/2027,2026 Buick BUCK ENCOR G,Automobile,BUCK ENCOR G,KL4AMDSL1TB166330,,"$30,017.85 ",$0.00 ,"$30,017.85 ",2/27/2026,$0.00 ,$0.00 ,"$30,017.85 ","$30,017.85 ",$0.00 ,$0.00 ,$0.00 ,$0.00 ,$0.00 ,$8.29 ,$0.00 ,$0.00 ,$0.00 ,$8.29 ,$8.29 ,"$2,144.13 "
"3535 West Loop 820 South  Fort Worth, TX 76116",Buick,Auto - Buick Plant - New - E,2/27/2026,166422,2/27/2026,9/27/2027,2026 Buick BUCK ENCOR G,Automobile,BUCK ENCOR G,KL4AMDSL6TB166422,,"$30,017.85 ",$0.00 ,"$30,017.85 ",2/27/2026,$0.00 ,$0.00 ,"$30,017.85 ","$30,017.85 ",$0.00 ,$0.00 ,$0.00 ,$0.00 ,$0.00 ,$8.29 ,$0.00 ,$0.00 ,$0.00 ,$8.29 ,$8.29 ,"$2,144.13 "
"3535 West Loop 820 South  Fort Worth, TX 76116",Buick,Auto - Buick Plant - New - E,2/27/2026,166493,2/27/2026,9/27/2027,2026 Buick BUCK ENCOR G,Automobile,BUCK ENCOR G,KL4AMDSL7TB166493,,"$31,030.73 ",$0.00 ,"$31,030.73 ",2/27/2026,$0.00 ,$0.00 ,"$31,030.73 ","$31,030.73 ",$0.00 ,$0.00 ,$0.00 ,$0.00 ,$0.00 ,$8.57 ,$0.00 ,$0.00 ,$0.00 ,$8.57 ,$8.57 ,"$2,216.48 "
"3535 West Loop 820 South  Fort Worth, TX 76116",Buick,Auto - Buick Plant - New - E,2/27/2026,166626,2/27/2026,9/27/2027,2026 Buick BUCK ENCOR G,Automobile,BUCK ENCOR G,KL4AMDSL0TB166626,,"$31,030.73 ",$0.00 ,"$31,030.73 ",2/27/2026,$0.00 ,$0.00 ,"$31,030.73 ","$31,030.73 ",$0.00 ,$0.00 ,$0.00 ,$0.00 ,$0.00 ,$8.57 ,$0.00 ,$0.00 ,$0.00 ,$8.57 ,$8.57 ,"$2,216.48 "
"3535 West Loop 820 South  Fort Worth, TX 76116",Buick,Auto - Buick Plant - New - E,2/27/2026,166633,2/27/2026,9/27/2027,2026 Buick BUCK ENCOR G,Automobile,BUCK ENCOR G,KL4AMBSL2TB166633,,"$29,208.43 ",$0.00 ,"$29,208.43 ",2/27/2026,$0.00 ,$0.00 ,"$29,208.43 ","$29,208.43 ",$0.00 ,$0.00 ,$0.00 ,$0.00 ,$0.00 ,$8.07 ,$0.00 ,$0.00 ,$0.00 ,$8.07 ,$8.07 ,"$2,086.32 "
"3535 West Loop 820 South  Fort Worth, TX 76116",Buick,Auto - Buick Plant - New - E,2/27/2026,166674,2/27/2026,9/27/2027,2026 Buick BUCK ENCOR G,Automobile,BUCK ENCOR G,KL4AMDSL0TB166674,,"$30,017.85 ",$0.00 ,"$30,017.85 ",2/27/2026,$0.00 ,$0.00 ,"$30,017.85 ","$30,017.85 ",$0.00 ,$0.00 ,$0.00 ,$0.00 ,$0.00 ,$8.29 ,$0.00 ,$0.00 ,$0.00 ,$8.29 ,$8.29 ,"$2,144.13 "
"3535 West Loop 820 South  Fort Worth, TX 76116",Buick,Auto - Buick Plant - New - E,2/27/2026,166705,2/27/2026,9/27/2027,2026 Buick BUCK ENVIST,Automobile,BUCK ENVIST,KL47LBEP7TB166705,,"$29,393.43 ",$0.00 ,"$29,393.43 ",2/27/2026,$0.00 ,$0.00 ,"$29,393.43 ","$29,393.43 ",$0.00 ,$0.00 ,$0.00 ,$0.00 ,$0.00 ,$8.12 ,$0.00 ,$0.00 ,$0.00 ,$8.12 ,$8.12 ,"$2,099.53 "
"3535 West Loop 820 South  Fort Worth, TX 76116",Buick,Auto - Buick Plant - New - E,2/27/2026,166755,2/27/2026,9/27/2027,2026 Buick BUCK ENVIST,Automobile,BUCK ENVIST,KL47LBEP0TB166755,,"$29,393.43 ",$0.00 ,"$29,393.43 ",2/27/2026,$0.00 ,$0.00 ,"$29,393.43 ","$29,393.43 ",$0.00 ,$0.00 ,$0.00 ,$0.00 ,$0.00 ,$8.12 ,$0.00 ,$0.00 ,$0.00 ,$8.12 ,$8.12 ,"$2,099.53 "
"3535 West Loop 820 South  Fort Worth, TX 76116",Buick,Auto - Buick Plant - New - E,2/27/2026,167154,2/27/2026,9/27/2027,2026 Buick BUCK ENCOR G,Automobile,BUCK ENCOR G,KL4AMDSL1TB167154,,"$30,017.85 ",$0.00 ,"$30,017.85 ",2/27/2026,$0.00 ,$0.00 ,"$30,017.85 ","$30,017.85 ",$0.00 ,$0.00 ,$0.00 ,$0.00 ,$0.00 ,$8.29 ,$0.00 ,$0.00 ,$0.00 ,$8.29 ,$8.29 ,"$2,144.13 "
"3535 West Loop 820 South  Fort Worth, TX 76116",Buick,Auto - Buick Plant - New - E,2/27/2026,167370,2/27/2026,9/27/2027,2026 Buick BUCK ENVIST,Automobile,BUCK ENVIST,KL47LAEP4TB167370,,"$28,475.30 ",$0.00 ,"$28,475.30 ",2/27/2026,$0.00 ,$0.00 ,"$28,475.30 ","$28,475.30 ",$0.00 ,$0.00 ,$0.00 ,$0.00 ,$0.00 ,$7.86 ,$0.00 ,$0.00 ,$0.00 ,$7.86 ,$7.86 ,"$2,033.95 "
"3535 West Loop 820 South  Fort Worth, TX 76116",Buick,Auto - Buick Plant - New - E,2/27/2026,167544,2/27/2026,9/27/2027,2026 Buick BUCK ENCOR G,Automobile,BUCK ENCOR G,KL4AMDSL3TB167544,,"$30,017.85 ",$0.00 ,"$30,017.85 ",2/27/2026,$0.00 ,$0.00 ,"$30,017.85 ","$30,017.85 ",$0.00 ,$0.00 ,$0.00 ,$0.00 ,$0.00 ,$8.29 ,$0.00 ,$0.00 ,$0.00 ,$8.29 ,$8.29 ,"$2,144.13 "
"3535 West Loop 820 South  Fort Worth, TX 76116",Buick,Auto - Buick Plant - New - E,2/27/2026,167600,2/27/2026,9/27/2027,2026 Buick BUCK ENCOR G,Automobile,BUCK ENCOR G,KL4AMDSL9TB167600,,"$29,559.98 ",$0.00 ,"$29,559.98 ",2/27/2026,$0.00 ,$0.00 ,"$29,559.98 ","$29,559.98 ",$0.00 ,$0.00 ,$0.00 ,$0.00 ,$0.00 ,$8.16 ,$0.00 ,$0.00 ,$0.00 ,$8.16 ,$8.16 ,"$2,111.43 "
"3535 West Loop 820 South  Fort Worth, TX 76116",Buick,Auto - Buick Plant - New - E,2/27/2026,167754,2/27/2026,9/27/2027,2026 Buick BUCK ENVIST,Automobile,BUCK ENVIST,KL47LAEP0TB167754,,"$28,475.30 ",$0.00 ,"$28,475.30 ",2/27/2026,$0.00 ,$0.00 ,"$28,475.30 ","$28,475.30 ",$0.00 ,$0.00 ,$0.00 ,$0.00 ,$0.00 ,$7.86 ,$0.00 ,$0.00 ,$0.00 ,$7.86 ,$7.86 ,"$2,033.95 "
"3535 West Loop 820 South  Fort Worth, TX 76116",Buick,Auto - Buick Plant - New - E,2/27/2026,167810,2/27/2026,9/27/2027,2026 Buick BUCK ENVIST,Automobile,BUCK ENVIST,KL47LBEP9TB167810,,"$29,851.30 ",$0.00 ,"$29,851.30 ",2/27/2026,$0.00 ,$0.00 ,"$29,851.30 ","$29,851.30 ",$0.00 ,$0.00 ,$0.00 ,$0.00 ,$0.00 ,$8.24 ,$0.00 ,$0.00 ,$0.00 ,$8.24 ,$8.24 ,"$2,132.24 "
"3535 West Loop 820 South  Fort Worth, TX 76116",Buick,Auto - Buick Plant - New - E,2/27/2026,167811,2/27/2026,9/27/2027,2026 Buick BUCK ENVIST,Automobile,BUCK ENVIST,KL47LBEP0TB167811,,"$29,851.30 ",$0.00 ,"$29,851.30 ",2/27/2026,$0.00 ,$0.00 ,"$29,851.30 ","$29,851.30 ",$0.00 ,$0.00 ,$0.00 ,$0.00 ,$0.00 ,$8.24 ,$0.00 ,$0.00 ,$0.00 ,$8.24 ,$8.24 ,"$2,132.24 "
"3535 West Loop 820 South  Fort Worth, TX 76116",Buick,Auto - Buick Plant - New - E,2/27/2026,167846,2/27/2026,9/27/2027,2026 Buick BUCK ENVIST,Automobile,BUCK ENVIST,KL47LBEP8TB167846,,"$29,851.30 ",$0.00 ,"$29,851.30 ",2/27/2026,$0.00 ,$0.00 ,"$29,851.30 ","$29,851.30 ",$0.00 ,$0.00 ,$0.00 ,$0.00 ,$0.00 ,$8.24 ,$0.00 ,$0.00 ,$0.00 ,$8.24 ,$8.24 ,"$2,132.24 "
"3535 West Loop 820 South  Fort Worth, TX 76116",Buick,Auto - Buick Plant - New - E,2/27/2026,167859,2/27/2026,9/27/2027,2026 Buick BUCK ENVIST,Automobile,BUCK ENVIST,KL47LBEP6TB167859,,"$29,851.30 ",$0.00 ,"$29,851.30 ",2/27/2026,$0.00 ,$0.00 ,"$29,851.30 ","$29,851.30 ",$0.00 ,$0.00 ,$0.00 ,$0.00 ,$0.00 ,$8.24 ,$0.00 ,$0.00 ,$0.00 ,$8.24 ,$8.24 ,"$2,132.24 "
"3535 West Loop 820 South  Fort Worth, TX 76116",Buick,Auto - Buick Plant - New - E,2/27/2026,167884,2/27/2026,9/27/2027,2026 Buick BUCK ENCOR G,Automobile,BUCK ENCOR G,KL4AMDSL5TB167884,,"$29,559.98 ",$0.00 ,"$29,559.98 ",2/27/2026,$0.00 ,$0.00 ,"$29,559.98 ","$29,559.98 ",$0.00 ,$0.00 ,$0.00 ,$0.00 ,$0.00 ,$8.16 ,$0.00 ,$0.00 ,$0.00 ,$8.16 ,$8.16 ,"$2,111.43 "
"3535 West Loop 820 South  Fort Worth, TX 76116",Buick,Auto - Buick Plant - New - E,2/27/2026,167892,2/27/2026,9/27/2027,2026 Buick BUCK ENCOR G,Automobile,BUCK ENCOR G,KL4AMDSL4TB167892,,"$29,559.98 ",$0.00 ,"$29,559.98 ",2/27/2026,$0.00 ,$0.00 ,"$29,559.98 ","$29,559.98 ",$0.00 ,$0.00 ,$0.00 ,$0.00 ,$0.00 ,$8.16 ,$0.00 ,$0.00 ,$0.00 ,$8.16 ,$8.16 ,"$2,111.43 "
"3535 West Loop 820 South  Fort Worth, TX 76116",Buick,Auto - Buick Plant - New - E,2/27/2026,168226,2/27/2026,9/27/2027,2026 Buick BUCK ENCOR G,Automobile,BUCK ENCOR G,KL4AMDSL5TB168226,,"$29,559.98 ",$0.00 ,"$29,559.98 ",2/27/2026,$0.00 ,$0.00 ,"$29,559.98 ","$29,559.98 ",$0.00 ,$0.00 ,$0.00 ,$0.00 ,$0.00 ,$8.16 ,$0.00 ,$0.00 ,$0.00 ,$8.16 ,$8.16 ,"$2,111.43 "
"3535 West Loop 820 South  Fort Worth, TX 76116",Buick,Auto - Buick Plant - New - E,2/27/2026,168287,2/27/2026,9/27/2027,2026 Buick BUCK ENCOR G,Automobile,BUCK ENCOR G,KL4AMDSL3TB168287,,"$29,559.98 ",$0.00 ,"$29,559.98 ",2/27/2026,$0.00 ,$0.00 ,"$29,559.98 ","$29,559.98 ",$0.00 ,$0.00 ,$0.00 ,$0.00 ,$0.00 ,$8.16 ,$0.00 ,$0.00 ,$0.00 ,$8.16 ,$8.16 ,"$2,111.43 "
"3535 West Loop 820 South  Fort Worth, TX 76116",Buick,Auto - Buick Plant - New - E,2/27/2026,168387,2/27/2026,9/27/2027,2026 Buick BUCK ENCOR G,Automobile,BUCK ENCOR G,KL4AMBSL1TB168387,,"$29,208.43 ",$0.00 ,"$29,208.43 ",2/27/2026,$0.00 ,$0.00 ,"$29,208.43 ","$29,208.43 ",$0.00 ,$0.00 ,$0.00 ,$0.00 ,$0.00 ,$8.07 ,$0.00 ,$0.00 ,$0.00 ,$8.07 ,$8.07 ,"$2,086.32 "
"3535 West Loop 820 South  Fort Worth, TX 76116",Buick,Auto - Buick Plant - New - E,2/27/2026,168392,2/27/2026,9/27/2027,2026 Buick BUCK ENVIST,Automobile,BUCK ENVIST,KL47LBEP0TB168392,,"$29,851.30 ",$0.00 ,"$29,851.30 ",2/27/2026,$0.00 ,$0.00 ,"$29,851.30 ","$29,851.30 ",$0.00 ,$0.00 ,$0.00 ,$0.00 ,$0.00 ,$8.24 ,$0.00 ,$0.00 ,$0.00 ,$8.24 ,$8.24 ,"$2,132.24 "
"3535 West Loop 820 South  Fort Worth, TX 76116",Buick,Auto - Buick Plant - New - E,2/27/2026,168529,2/27/2026,9/27/2027,2026 Buick BUCK ENCOR G,Automobile,BUCK ENCOR G,KL4AMDSL1TB168529,,"$30,017.85 ",$0.00 ,"$30,017.85 ",2/27/2026,$0.00 ,$0.00 ,"$30,017.85 ","$30,017.85 ",$0.00 ,$0.00 ,$0.00 ,$0.00 ,$0.00 ,$8.29 ,$0.00 ,$0.00 ,$0.00 ,$8.29 ,$8.29 ,"$2,144.13 "
"3535 West Loop 820 South  Fort Worth, TX 76116",Buick,Auto - Buick Plant - New - E,2/27/2026,168540,2/27/2026,9/27/2027,2026 Buick BUCK ENVIST,Automobile,BUCK ENVIST,KL47LAEP8TB168540,,"$28,017.43 ",$0.00 ,"$28,017.43 ",2/27/2026,$0.00 ,$0.00 ,"$28,017.43 ","$28,017.43 ",$0.00 ,$0.00 ,$0.00 ,$0.00 ,$0.00 ,$7.74 ,$0.00 ,$0.00 ,$0.00 ,$7.74 ,$7.74 ,"$2,001.25 "
"3535 West Loop 820 South  Fort Worth, TX 76116",Buick,Auto - Buick Plant - New - E,2/27/2026,168621,2/27/2026,9/27/2027,2026 Buick BUCK ENVIST,Automobile,BUCK ENVIST,KL47LBEP0TB168621,,"$29,393.43 ",$0.00 ,"$29,393.43 ",2/27/2026,$0.00 ,$0.00 ,"$29,393.43 ","$29,393.43 ",$0.00 ,$0.00 ,$0.00 ,$0.00 ,$0.00 ,$8.12 ,$0.00 ,$0.00 ,$0.00 ,$8.12 ,$8.12 ,"$2,099.53 "
"3535 West Loop 820 South  Fort Worth, TX 76116",Buick,Auto - Buick Plant - New - E,1/22/2025,168742,1/22/2025,8/22/2026,2025 Buick BUCK ENCLV P,Automobile,BUCK ENCLV P,5GAERARS9SJ168742,B33974,"$45,245.00 ","$45,245.00 ",$0.00 ,,"($4,524.50)",$0.00 ,"($4,524.50)","$40,720.50 ","$4,524.50 ",$0.00 ,$0.00 ,$0.00 ,"$4,524.50 ",$163.73 ,$0.00 ,$0.00 ,$0.00 ,$163.73 ,"$2,752.20 ","$42,336.39 "
"3535 West Loop 820 South  Fort Worth, TX 76116",Buick,Auto - Buick Plant - New - E,10/14/2025,177340,10/14/2025,5/14/2027,2026 Buick BUCK ENCLV P,Automobile,BUCK ENCLV P,5GAERAKS7TJ177340,B35658,"$49,434.10 ","$49,434.10 ",$0.00 ,,"($49,434.10)",$0.00 ,"($49,434.10)",$0.00 ,$0.00 ,$0.00 ,$0.00 ,$0.00 ,$0.00 ,$109.27 ,$0.00 ,$0.00 ,$0.00 ,$109.27 ,$894.91 ,"$28,248.06 "
"3535 West Loop 820 South  Fort Worth, TX 76116",Buick,Auto - Buick Plant - New - E,10/14/2025,177843,10/14/2025,5/14/2027,2026 Buick BUCK ENCLV P,Automobile,BUCK ENCLV P,5GAERAKS0TJ177843,,"$49,434.10 ","$49,434.10 ",$0.00 ,,$0.00 ,$0.00 ,$0.00 ,"$49,434.10 ",$0.00 ,$0.00 ,$0.00 ,$0.00 ,$0.00 ,$191.18 ,$0.00 ,$0.00 ,$0.00 ,$191.18 ,$976.82 ,"$49,434.10 "
"3535 West Loop 820 South  Fort Worth, TX 76116",Buick,Auto - Buick Plant - New - E,10/14/2025,178870,10/14/2025,5/14/2027,2026 Buick BUCK ENCLV P,Automobile,BUCK ENCLV P,5GAERAKS8TJ178870,B35664,"$49,992.10 ","$49,992.10 ",$0.00 ,,"($49,992.10)",$0.00 ,"($49,992.10)",$0.00 ,$0.00 ,$0.00 ,$0.00 ,$0.00 ,$0.00 ,$179.53 ,$0.00 ,$0.00 ,$0.00 ,$179.53 ,$974.06 ,"$46,421.24 "
"3535 West Loop 820 South  Fort Worth, TX 76116",Buick,Auto - Buick Plant - New - E,10/20/2025,183287,10/20/2025,5/20/2027,2026 Buick BUCK ENCLV S,Automobile,BUCK ENCLV S,5GAERBKS7TJ183287,,"$50,783.15 ","$50,783.15 ",$0.00 ,,$0.00 ,$0.00 ,$0.00 ,"$50,783.15 ",$0.00 ,$0.00 ,$0.00 ,$0.00 ,$0.00 ,$196.39 ,$0.00 ,$0.00 ,$0.00 ,$196.39 ,$957.50 ,"$50,783.15 "
"3535 West Loop 820 South  Fort Worth, TX 76116",Buick,Auto - Buick Plant - New - E,10/29/2025,191432,10/29/2025,5/29/2027,2026 Buick BUCK ENCLV P,Automobile,BUCK ENCLV P,5GAERAKS5TJ191432,B35717,"$49,434.10 ","$49,434.10 ",$0.00 ,,$0.00 ,$0.00 ,$0.00 ,"$49,434.10 ",$0.00 ,$0.00 ,$0.00 ,$0.00 ,$0.00 ,$191.18 ,$0.00 ,$0.00 ,$0.00 ,$191.18 ,$864.89 ,"$49,434.10 "
"3535 West Loop 820 South  Fort Worth, TX 76116",Buick,Auto - Buick Plant - New - E,11/4/2025,196442,11/4/2025,6/4/2027,2026 Buick BUCK ENCLV S,Automobile,BUCK ENCLV S,5GAERBKS3TJ196442,B35751,"$54,238.10 ","$54,238.10 ",$0.00 ,,$0.00 ,$0.00 ,$0.00 ,"$54,238.10 ",$0.00 ,$0.00 ,$0.00 ,$0.00 ,$0.00 ,$209.76 ,$0.00 ,$0.00 ,$0.00 ,$209.76 ,$900.06 ,"$54,238.10 "
"3535 West Loop 820 South  Fort Worth, TX 76116",Buick,Auto - Buick Plant - New - E,11/4/2025,196541,11/4/2025,6/4/2027,2026 Buick BUCK ENCLV S,Automobile,BUCK ENCLV S,5GAERBKS5TJ196541,B35752,"$54,238.10 ","$54,238.10 ",$0.00 ,,"($54,238.10)",$0.00 ,"($54,238.10)",$0.00 ,$0.00 ,$0.00 ,$0.00 ,$0.00 ,$0.00 ,$15.02 ,$0.00 ,$0.00 ,$0.00 ,$15.02 ,$705.32 ,"$3,874.15 "
"3535 West Loop 820 South  Fort Worth, TX 76116",Buick,Auto - Buick Plant - New - E,12/19/2025,235489,12/19/2025,7/19/2027,2026 Buick BUCK ENCLV A,Automobile,BUCK ENCLV A,5GAERCKS9TJ235489,,"$62,456.28 ","$62,456.28 ",$0.00 ,,$0.00 ,$0.00 ,$0.00 ,"$62,456.28 ",$0.00 ,$0.00 ,$0.00 ,$0.00 ,$0.00 ,$241.54 ,$0.00 ,$0.00 ,$0.00 ,$241.54 ,$627.38 ,"$62,456.28 "
"3535 West Loop 820 South  Fort Worth, TX 76116",Buick,Auto - Buick Plant - New - E,1/23/2026,254726,1/23/2026,8/23/2027,2026 Buick BUCK ENCLV S,Automobile,BUCK ENCLV S,5GAERBKS1TJ254726,B36168,"$54,262.35 ","$54,262.35 ",$0.00 ,,"($54,262.35)",$0.00 ,"($54,262.35)",$0.00 ,$0.00 ,$0.00 ,$0.00 ,$0.00 ,$0.00 ,$172.39 ,$0.00 ,$0.00 ,$0.00 ,$172.39 ,$240.21 ,"$44,572.64 "
"3535 West Loop 820 South  Fort Worth, TX 76116",Buick,Auto - Buick Plant - New - E,1/26/2026,255386,1/26/2026,8/26/2027,2026 Buick BUCK ENCLV S,Automobile,BUCK ENCLV S,5GAERBKS8TJ255386,,"$54,817.35 ","$54,817.35 ",$0.00 ,,$0.00 ,$0.00 ,$0.00 ,"$54,817.35 ",$0.00 ,$0.00 ,$0.00 ,$0.00 ,$0.00 ,$212.00 ,$0.00 ,$0.00 ,$0.00 ,$212.00 ,$257.68 ,"$54,817.35 "
"3535 West Loop 820 South  Fort Worth, TX 76116",Buick,Auto - Buick Plant - New - E,1/30/2026,258484,1/30/2026,8/30/2027,2026 Buick BUCK ENCLV S,Automobile,BUCK ENCLV S,5GAERBKS1TJ258484,,"$53,429.85 ","$53,429.85 ",$0.00 ,,$0.00 ,$0.00 ,$0.00 ,"$53,429.85 ",$0.00 ,$0.00 ,$0.00 ,$0.00 ,$0.00 ,$206.63 ,$0.00 ,$0.00 ,$0.00 ,$206.63 ,$221.47 ,"$53,429.85 "
"3535 West Loop 820 South  Fort Worth, TX 76116",Buick,Auto - Buick Plant - New - E,1/30/2026,259474,1/30/2026,8/30/2027,2026 Buick BUCK ENCLV S,Automobile,BUCK ENCLV S,5GAERBKS3TJ259474,,"$52,874.85 ","$52,874.85 ",$0.00 ,,$0.00 ,$0.00 ,$0.00 ,"$52,874.85 ",$0.00 ,$0.00 ,$0.00 ,$0.00 ,$0.00 ,$204.48 ,$0.00 ,$0.00 ,$0.00 ,$204.48 ,$219.17 ,"$52,874.85 "
"3535 West Loop 820 South  Fort Worth, TX 76116",Buick,Auto - Buick Plant - New - E,2/6/2026,264758,2/6/2026,9/6/2027,2026 Buick BUCK ENCLV S,Automobile,BUCK ENCLV S,5GAERBKS9TJ264758,,"$53,429.85 ",$0.00 ,"$53,429.85 ",2/6/2026,$0.00 ,$0.00 ,"$53,429.85 ","$53,429.85 ",$0.00 ,$0.00 ,$0.00 ,$0.00 ,$0.00 ,$169.70 ,$0.00 ,$0.00 ,$0.00 ,$169.70 ,$169.70 ,"$43,888.81 "
"3535 West Loop 820 South  Fort Worth, TX 76116",Buick,Auto - Buick Plant - New - E,2/9/2026,266833,2/9/2026,9/9/2027,2026 Buick BUCK ENCLV S,Automobile,BUCK ENCLV S,5GAERBKS7TJ266833,,"$51,380.98 ",$0.00 ,"$51,380.98 ",2/9/2026,$0.00 ,$0.00 ,"$51,380.98 ","$51,380.98 ",$0.00 ,$0.00 ,$0.00 ,$0.00 ,$0.00 ,$141.91 ,$0.00 ,$0.00 ,$0.00 ,$141.91 ,$141.91 ,"$36,700.70 "
"3535 West Loop 820 South  Fort Worth, TX 76116",Buick,Auto - Buick Plant - New - E,2/10/2026,269045,2/10/2026,9/10/2027,2026 Buick BUCK ENCLV P,Automobile,BUCK ENCLV P,5GAERAKS5TJ269045,,"$47,434.48 ",$0.00 ,"$47,434.48 ",2/10/2026,$0.00 ,$0.00 ,"$47,434.48 ","$47,434.48 ",$0.00 ,$0.00 ,$0.00 ,$0.00 ,$0.00 ,$124.46 ,$0.00 ,$0.00 ,$0.00 ,$124.46 ,$124.46 ,"$32,187.68 "
"3535 West Loop 820 South  Fort Worth, TX 76116",Buick,Auto - Buick Plant - New - E,2/20/2026,277696,2/20/2026,9/20/2027,2026 Buick BUCK ENCLV P,Automobile,BUCK ENCLV P,5GAERAKS9TJ277696,,"$49,483.35 ",$0.00 ,"$49,483.35 ",2/20/2026,$0.00 ,$0.00 ,"$49,483.35 ","$49,483.35 ",$0.00 ,$0.00 ,$0.00 ,$0.00 ,$0.00 ,$61.50 ,$0.00 ,$0.00 ,$0.00 ,$61.50 ,$61.50 ,"$15,905.36 "
"3535 West Loop 820 South  Fort Worth, TX 76116",Subaru,Auto - Subaru Plant (Floorplan-New) - East,11/14/2025,7658,11/14/2025,6/14/2027,2026 Subaru FORESTERSUVSP,Automobile,FORESTERSUVSP,4S4SLDF69T3007658,,"$34,690.00 ","$34,690.00 ",$0.00 ,,$0.00 ,$0.00 ,$0.00 ,"$34,690.00 ",$0.00 ,$0.00 ,$0.00 ,$0.00 ,$0.00 ,$134.16 ,$0.00 ,$0.00 ,$0.00 ,$134.16 ,$524.75 ,"$34,690.00 "
"3535 West Loop 820 South  Fort Worth, TX 76116",Subaru,Auto - Subaru Plant (Floorplan-New) - East,11/7/2025,7666,11/7/2025,6/7/2027,2026 Subaru FORESTERSUVPR,Automobile,FORESTERSUVPR,4S4SLDD64T3007666,,"$32,724.00 ","$32,724.00 ",$0.00 ,,$0.00 ,$0.00 ,$0.00 ,"$32,724.00 ",$0.00 ,$0.00 ,$0.00 ,$0.00 ,$0.00 ,$126.55 ,$0.00 ,$0.00 ,$0.00 ,$126.55 ,$528.63 ,"$32,724.00 "
"3535 West Loop 820 South  Fort Worth, TX 76116",Subaru,Auto - Subaru Plant (Floorplan-New) - East,11/7/2025,8010,11/7/2025,6/7/2027,2026 Subaru FORESTERSUVPR,Automobile,FORESTERSUVPR,4S4SLDD62T3008010,,"$32,365.00 ","$32,365.00 ",$0.00 ,,$0.00 ,$0.00 ,$0.00 ,"$32,365.00 ",$0.00 ,$0.00 ,$0.00 ,$0.00 ,$0.00 ,$125.16 ,$0.00 ,$0.00 ,$0.00 ,$125.16 ,$522.82 ,"$32,365.00 "
"3535 West Loop 820 South  Fort Worth, TX 76116",Subaru,Auto - Subaru Plant (Floorplan-New) - East,11/7/2025,8273,11/7/2025,6/7/2027,2026 Subaru FORESTERSUVPR,Automobile,FORESTERSUVPR,4S4SLDD61T3008273,,"$32,365.00 ","$32,365.00 ",$0.00 ,,$0.00 ,$0.00 ,$0.00 ,"$32,365.00 ",$0.00 ,$0.00 ,$0.00 ,$0.00 ,$0.00 ,$125.16 ,$0.00 ,$0.00 ,$0.00 ,$125.16 ,$522.82 ,"$32,365.00 "
"3535 West Loop 820 South  Fort Worth, TX 76116",Subaru,Auto - Subaru Plant (Floorplan-New) - East,11/25/2025,10502,11/25/2025,6/25/2027,2026 Subaru FORESTERSUVSP,Automobile,FORESTERSUVSP,4S4SLDF64T3010502,,"$36,509.00 ","$36,509.00 ",$0.00 ,,$0.00 ,$0.00 ,$0.00 ,"$36,509.00 ",$0.00 ,$0.00 ,$0.00 ,$0.00 ,$0.00 ,$141.19 ,$0.00 ,$0.00 ,$0.00 ,$141.19 ,$493.32 ,"$36,509.00 "
"3535 West Loop 820 South  Fort Worth, TX 76116",Subaru,Auto - Subaru Plant (Floorplan-New) - East,11/25/2025,10749,11/25/2025,6/25/2027,2026 Subaru FORESTERSUVSP,Automobile,FORESTERSUVSP,4S4SLDH69T3010749,R4671,"$37,926.00 ","$37,926.00 ",$0.00 ,,"($37,926.00)",$0.00 ,"($37,926.00)",$0.00 ,$0.00 ,$0.00 ,$0.00 ,$0.00 ,$0.00 ,$115.25 ,$0.00 ,$0.00 ,$0.00 ,$115.25 ,$481.04 ,"$29,799.00 "
"3535 West Loop 820 South  Fort Worth, TX 76116",Subaru,Auto - Subaru Plant (Floorplan-New) - East,11/19/2025,11369,11/19/2025,6/19/2027,2026 Subaru FORESTERSUVLI,Automobile,FORESTERSUVLI,4S4SLDR66T3011369,,"$38,659.00 ","$38,659.00 ",$0.00 ,,$0.00 ,$0.00 ,$0.00 ,"$38,659.00 ",$0.00 ,$0.00 ,$0.00 ,$0.00 ,$0.00 ,$149.51 ,$0.00 ,$0.00 ,$0.00 ,$149.51 ,$556.41 ,"$38,659.00 "
"3535 West Loop 820 South  Fort Worth, TX 76116",Subaru,Auto - Subaru Plant (Floorplan-New) - East,1/26/2026,11776,1/26/2026,8/26/2027,2026 Subaru FORESTERSUVLI,Automobile,FORESTERSUVLI,4S4SLDR68T3011776,,"$36,212.00 ","$36,212.00 ",$0.00 ,,$0.00 ,$0.00 ,$0.00 ,"$36,212.00 ",$0.00 ,$0.00 ,$0.00 ,$0.00 ,$0.00 ,$140.05 ,$0.00 ,$0.00 ,$0.00 ,$140.05 ,$170.22 ,"$36,212.00 "
"3535 West Loop 820 South  Fort Worth, TX 76116",Subaru,Auto - Subaru Plant (Floorplan-New) - East,11/25/2025,12962,11/25/2025,6/25/2027,2026 Subaru FORESTERSUVLI,Automobile,FORESTERSUVLI,4S4SLDR6XT3012962,,"$38,659.00 ","$38,659.00 ",$0.00 ,,$0.00 ,$0.00 ,$0.00 ,"$38,659.00 ",$0.00 ,$0.00 ,$0.00 ,$0.00 ,$0.00 ,$149.51 ,$0.00 ,$0.00 ,$0.00 ,$149.51 ,$522.37 ,"$38,659.00 "
"3535 West Loop 820 South  Fort Worth, TX 76116",Subaru,Auto - Subaru Plant (Floorplan-New) - East,12/9/2025,24179,12/9/2025,7/9/2027,2026 Subaru FORESTERSUVPR,Automobile,FORESTERSUVPR,4S4SLDB68T3024179,,"$33,182.00 ","$33,182.00 ",$0.00 ,,$0.00 ,$0.00 ,$0.00 ,"$33,182.00 ",$0.00 ,$0.00 ,$0.00 ,$0.00 ,$0.00 ,$128.33 ,$0.00 ,$0.00 ,$0.00 ,$128.33 ,$381.00 ,"$33,182.00 "
"3535 West Loop 820 South  Fort Worth, TX 76116",Subaru,Auto - Subaru Plant (Floorplan-New) - East,12/22/2025,24228,12/22/2025,7/22/2027,2026 Subaru FORESTERSUVLI,Automobile,FORESTERSUVLI,4S4SLDR69T3024228,,"$39,221.00 ","$39,221.00 ",$0.00 ,,$0.00 ,$0.00 ,$0.00 ,"$39,221.00 ",$0.00 ,$0.00 ,$0.00 ,$0.00 ,$0.00 ,$151.68 ,$0.00 ,$0.00 ,$0.00 ,$151.68 ,$377.08 ,"$39,221.00 "
"3535 West Loop 820 South  Fort Worth, TX 76116",Subaru,Auto - Subaru Plant (Floorplan-New) - East,1/2/2026,24312,1/2/2026,8/2/2027,2026 Subaru FORESTERSUVSP,Automobile,FORESTERSUVSP,4S4SLDH67T3024312,R4771,"$37,341.00 ","$37,341.00 ",$0.00 ,,"($37,341.00)",$0.00 ,"($37,341.00)",$0.00 ,$0.00 ,$0.00 ,$0.00 ,$0.00 ,$0.00 ,$82.54 ,$0.00 ,$0.00 ,$0.00 ,$82.54 ,$238.11 ,"$21,337.71 "
"3535 West Loop 820 South  Fort Worth, TX 76116",Subaru,Auto - Subaru Plant (Floorplan-New) - East,10/22/2025,25440,10/22/2025,5/22/2027,2025 Subaru LEGACYSEDANPR,Automobile,LEGACYSEDANPR,4S3BWAF65S3025440,R4129,"$29,084.00 ","$29,084.00 ",$0.00 ,,$0.00 ,$0.00 ,$0.00 ,"$29,084.00 ",$0.00 ,$0.00 ,$0.00 ,$0.00 ,$0.00 ,$112.48 ,$0.00 ,$0.00 ,$0.00 ,$112.48 ,$539.59 ,"$29,084.00 "
"3535 West Loop 820 South  Fort Worth, TX 76116",Subaru,Auto - Subaru Plant (Floorplan-New) - East,10/22/2025,25483,10/22/2025,5/22/2027,2025 Subaru LEGACYSEDANPR,Automobile,LEGACYSEDANPR,4S3BWAD68S3025483,,"$27,819.00 ","$27,819.00 ",$0.00 ,,$0.00 ,$0.00 ,$0.00 ,"$27,819.00 ",$0.00 ,$0.00 ,$0.00 ,$0.00 ,$0.00 ,$107.58 ,$0.00 ,$0.00 ,$0.00 ,$107.58 ,$516.11 ,"$27,819.00 "
"3535 West Loop 820 South  Fort Worth, TX 76116",Subaru,Auto - Subaru Plant (Floorplan-New) - East,1/2/2026,25542,1/2/2026,8/2/2027,2026 Subaru FORESTERSUVLI,Automobile,FORESTERSUVLI,4S4SLDR69T3025542,R4773,"$39,596.00 ","$39,596.00 ",$0.00 ,,$0.00 ,$0.00 ,$0.00 ,"$39,596.00 ",$0.00 ,$0.00 ,$0.00 ,$0.00 ,$0.00 ,$153.13 ,$0.00 ,$0.00 ,$0.00 ,$153.13 ,$318.10 ,"$39,596.00 "
"3535 West Loop 820 South  Fort Worth, TX 76116",Subaru,Auto - Subaru Plant (Floorplan-New) - East,1/26/2026,26066,1/26/2026,8/26/2027,2026 Subaru FORESTERSUVLI,Automobile,FORESTERSUVLI,4S4SLDR68T3026066,,"$37,133.00 ","$37,133.00 ",$0.00 ,,$0.00 ,$0.00 ,$0.00 ,"$37,133.00 ",$0.00 ,$0.00 ,$0.00 ,$0.00 ,$0.00 ,$143.61 ,$0.00 ,$0.00 ,$0.00 ,$143.61 ,$174.55 ,"$37,133.00 "
"3535 West Loop 820 South  Fort Worth, TX 76116",Subaru,Auto - Subaru Plant (Floorplan-New) - East,1/5/2026,26147,1/5/2026,8/5/2027,2026 Subaru FORESTERSUVLI,Automobile,FORESTERSUVLI,4S4SLDR68T3026147,,"$39,596.00 ","$39,596.00 ",$0.00 ,,$0.00 ,$0.00 ,$0.00 ,"$39,596.00 ",$0.00 ,$0.00 ,$0.00 ,$0.00 ,$0.00 ,$153.13 ,$0.00 ,$0.00 ,$0.00 ,$153.13 ,$301.60 ,"$39,596.00 "
"3535 West Loop 820 South  Fort Worth, TX 76116",Subaru,Auto - Subaru Plant (Floorplan-New) - East,12/22/2025,26348,12/22/2025,7/22/2027,2026 Subaru FORESTERSUVSP,Automobile,FORESTERSUVSP,4S4SLDH65T3026348,,"$37,341.00 ","$37,341.00 ",$0.00 ,,$0.00 ,$0.00 ,$0.00 ,"$37,341.00 ",$0.00 ,$0.00 ,$0.00 ,$0.00 ,$0.00 ,$144.41 ,$0.00 ,$0.00 ,$0.00 ,$144.41 ,$359.00 ,"$37,341.00 "
"3535 West Loop 820 South  Fort Worth, TX 76116",Subaru,Auto - Subaru Plant (Floorplan-New) - East,1/5/2026,30863,1/5/2026,8/5/2027,2026 Subaru FORESTERSUVWI,Automobile,FORESTERSUVWI,4S4SLDL69T3030863,R4781,"$40,399.00 ","$40,399.00 ",$0.00 ,,"($40,399.00)",$0.00 ,"($40,399.00)",$0.00 ,$0.00 ,$0.00 ,$0.00 ,$0.00 ,$0.00 ,$94.87 ,$0.00 ,$0.00 ,$0.00 ,$94.87 ,$246.35 ,"$24,527.96 "
"3535 West Loop 820 South  Fort Worth, TX 76116",Subaru,Auto - Subaru Plant (Floorplan-New) - East,1/26/2026,31082,1/26/2026,8/26/2027,2026 Subaru FORESTERSUVWI,Automobile,FORESTERSUVWI,4S4SLDL68T3031082,,"$37,900.00 ","$37,900.00 ",$0.00 ,,$0.00 ,$0.00 ,$0.00 ,"$37,900.00 ",$0.00 ,$0.00 ,$0.00 ,$0.00 ,$0.00 ,$146.57 ,$0.00 ,$0.00 ,$0.00 ,$146.57 ,$178.15 ,"$37,900.00 "
"3535 West Loop 820 South  Fort Worth, TX 76116",Subaru,Auto - Subaru Plant (Floorplan-New) - East,1/5/2026,31223,1/5/2026,8/5/2027,2026 Subaru FORESTERSUVSP,Automobile,FORESTERSUVSP,4S4SLDH6XT3031223,,"$37,341.00 ","$37,341.00 ",$0.00 ,,$0.00 ,$0.00 ,$0.00 ,"$37,341.00 ",$0.00 ,$0.00 ,$0.00 ,$0.00 ,$0.00 ,$144.41 ,$0.00 ,$0.00 ,$0.00 ,$144.41 ,$284.42 ,"$37,341.00 "
"3535 West Loop 820 South  Fort Worth, TX 76116",Subaru,Auto - Subaru Plant (Floorplan-New) - East,1/2/2026,31740,1/2/2026,8/2/2027,2026 Subaru FORESTERSUVLI,Automobile,FORESTERSUVLI,4S4SLDR6XT3031740,R4771,"$39,221.00 ","$39,221.00 ",$0.00 ,,"($39,221.00)",$0.00 ,"($39,221.00)",$0.00 ,$0.00 ,$0.00 ,$0.00 ,$0.00 ,$0.00 ,$102.94 ,$0.00 ,$0.00 ,$0.00 ,$102.94 ,$266.34 ,"$26,614.25 "
"3535 West Loop 820 South  Fort Worth, TX 76116",Subaru,Auto - Subaru Plant (Floorplan-New) - East,1/12/2026,37189,1/12/2026,8/12/2027,2026 Subaru FORESTERSUVPR,Automobile,FORESTERSUVPR,4S4SLDB6XT3037189,R4827,"$32,817.00 ","$32,817.00 ",$0.00 ,,"($32,817.00)",$0.00 ,"($32,817.00)",$0.00 ,$0.00 ,$0.00 ,$0.00 ,$0.00 ,$0.00 ,$54.41 ,$0.00 ,$0.00 ,$0.00 ,$54.41 ,$145.56 ,"$14,064.43 "
"3535 West Loop 820 South  Fort Worth, TX 76116",Subaru,Auto - Subaru Plant (Floorplan-New) - East,1/9/2026,37844,1/9/2026,8/9/2027,2026 Subaru FORESTERSUVPR,Automobile,FORESTERSUVPR,4S4SLDB65T3037844,,"$33,184.00 ","$33,184.00 ",$0.00 ,,$0.00 ,$0.00 ,$0.00 ,"$33,184.00 ",$0.00 ,$0.00 ,$0.00 ,$0.00 ,$0.00 ,$128.34 ,$0.00 ,$0.00 ,$0.00 ,$128.34 ,$234.33 ,"$33,184.00 "
"3535 West Loop 820 South  Fort Worth, TX 76116",Subaru,Auto - Subaru Plant (Floorplan-New) - East,1/14/2026,38436,1/14/2026,8/14/2027,2026 Subaru FORESTERSUVPR,Automobile,FORESTERSUVPR,4S4SLDD6XT3038436,,"$34,184.00 ","$34,184.00 ",$0.00 ,,$0.00 ,$0.00 ,$0.00 ,"$34,184.00 ",$0.00 ,$0.00 ,$0.00 ,$0.00 ,$0.00 ,$132.20 ,$0.00 ,$0.00 ,$0.00 ,$132.20 ,$217.65 ,"$34,184.00 "
"3535 West Loop 820 South  Fort Worth, TX 76116",Subaru,Auto - Subaru Plant (Floorplan-New) - East,1/9/2026,38712,1/9/2026,8/9/2027,2026 Subaru FORESTERSUVPR,Automobile,FORESTERSUVPR,4S4SLDD68T3038712,R4812,"$33,817.00 ","$33,817.00 ",$0.00 ,,"($33,817.00)",$0.00 ,"($33,817.00)",$0.00 ,$0.00 ,$0.00 ,$0.00 ,$0.00 ,$0.00 ,$9.37 ,$0.00 ,$0.00 ,$0.00 ,$9.37 ,$117.39 ,"$2,415.50 "
"3535 West Loop 820 South  Fort Worth, TX 76116",Subaru,Auto - Subaru Plant (Floorplan-New) - East,1/12/2026,39466,1/12/2026,8/12/2027,2026 Subaru FORESTERSUV-,Automobile,FORESTERSUV-,4S4SLDA67T3039466,R4830,"$29,949.00 ","$29,949.00 ",$0.00 ,,"($29,949.00)",$0.00 ,"($29,949.00)",$0.00 ,$0.00 ,$0.00 ,$0.00 ,$0.00 ,$0.00 ,$70.33 ,$0.00 ,$0.00 ,$0.00 ,$70.33 ,$153.51 ,"$18,183.32 "
"3535 West Loop 820 South  Fort Worth, TX 76116",Subaru,Auto - Subaru Plant (Floorplan-New) - East,1/12/2026,39644,1/12/2026,8/12/2027,2026 Subaru FORESTERSUVSP,Automobile,FORESTERSUVSP,4S4SLDH68T3039644,,"$37,420.00 ","$37,420.00 ",$0.00 ,,$0.00 ,$0.00 ,$0.00 ,"$37,420.00 ",$0.00 ,$0.00 ,$0.00 ,$0.00 ,$0.00 ,$144.72 ,$0.00 ,$0.00 ,$0.00 ,$144.72 ,$248.65 ,"$37,420.00 "
"3535 West Loop 820 South  Fort Worth, TX 76116",Subaru,Auto - Subaru Plant (Floorplan-New) - East,1/12/2026,39651,1/12/2026,8/12/2027,2026 Subaru FORESTERSUVWI,Automobile,FORESTERSUVWI,4S4SLDL66T3039651,,"$40,297.00 ","$40,297.00 ",$0.00 ,,$0.00 ,$0.00 ,$0.00 ,"$40,297.00 ",$0.00 ,$0.00 ,$0.00 ,$0.00 ,$0.00 ,$155.85 ,$0.00 ,$0.00 ,$0.00 ,$155.85 ,$267.77 ,"$40,297.00 "
"3535 West Loop 820 South  Fort Worth, TX 76116",Subaru,Auto - Subaru Plant (Floorplan-New) - East,1/8/2026,39684,1/8/2026,8/8/2027,2026 Subaru FORESTERSUVSP,Automobile,FORESTERSUVSP,4S4SLDH69T3039684,R4806,"$37,420.00 ","$37,420.00 ",$0.00 ,,"($37,420.00)",$0.00 ,"($37,420.00)",$0.00 ,$0.00 ,$0.00 ,$0.00 ,$0.00 ,$0.00 ,$134.38 ,$0.00 ,$0.00 ,$0.00 ,$134.38 ,$259.10 ,"$34,747.14 "
"3535 West Loop 820 South  Fort Worth, TX 76116",Subaru,Auto - Subaru Plant (Floorplan-New) - East,1/8/2026,39740,1/8/2026,8/8/2027,2026 Subaru FORESTERSUVLI,Automobile,FORESTERSUVLI,4S4SLDR66T3039740,,"$38,000.00 ","$38,000.00 ",$0.00 ,,$0.00 ,$0.00 ,$0.00 ,"$38,000.00 ",$0.00 ,$0.00 ,$0.00 ,$0.00 ,$0.00 ,$146.96 ,$0.00 ,$0.00 ,$0.00 ,$146.96 ,$273.61 ,"$38,000.00 "
"3535 West Loop 820 South  Fort Worth, TX 76116",Subaru,Auto - Subaru Plant (Floorplan-New) - East,1/12/2026,39834,1/12/2026,8/12/2027,2026 Subaru FORESTERSUVLI,Automobile,FORESTERSUVLI,4S4SLDR64T3039834,,"$39,142.00 ","$39,142.00 ",$0.00 ,,$0.00 ,$0.00 ,$0.00 ,"$39,142.00 ",$0.00 ,$0.00 ,$0.00 ,$0.00 ,$0.00 ,$151.38 ,$0.00 ,$0.00 ,$0.00 ,$151.38 ,$260.10 ,"$39,142.00 "
"3535 West Loop 820 South  Fort Worth, TX 76116",Subaru,Auto - Subaru Plant (Floorplan-New) - East,1/12/2026,39983,1/12/2026,8/12/2027,2026 Subaru FORESTERSUVLI,Automobile,FORESTERSUVLI,4S4SLDR6XT3039983,,"$38,767.00 ","$38,767.00 ",$0.00 ,,$0.00 ,$0.00 ,$0.00 ,"$38,767.00 ",$0.00 ,$0.00 ,$0.00 ,$0.00 ,$0.00 ,$149.92 ,$0.00 ,$0.00 ,$0.00 ,$149.92 ,$257.60 ,"$38,767.00 "
"3535 West Loop 820 South  Fort Worth, TX 76116",Subaru,Auto - Subaru Plant (Floorplan-New) - East,1/8/2026,40008,1/8/2026,8/8/2027,2026 Subaru FORESTERSUVSP,Automobile,FORESTERSUVSP,4S4SLDH67T3040008,R4801,"$37,420.00 ","$37,420.00 ",$0.00 ,,"($37,420.00)",$0.00 ,"($37,420.00)",$0.00 ,$0.00 ,$0.00 ,$0.00 ,$0.00 ,$0.00 ,$113.72 ,$0.00 ,$0.00 ,$0.00 ,$113.72 ,$238.44 ,"$29,401.43 "
"3535 West Loop 820 South  Fort Worth, TX 76116",Subaru,Auto - Subaru Plant (Floorplan-New) - East,1/12/2026,40158,1/12/2026,8/12/2027,2026 Subaru FORESTERSUVLI,Automobile,FORESTERSUVLI,4S4SLDR66T3040158,,"$38,767.00 ","$38,767.00 ",$0.00 ,,$0.00 ,$0.00 ,$0.00 ,"$38,767.00 ",$0.00 ,$0.00 ,$0.00 ,$0.00 ,$0.00 ,$149.92 ,$0.00 ,$0.00 ,$0.00 ,$149.92 ,$257.60 ,"$38,767.00 "
"3535 West Loop 820 South  Fort Worth, TX 76116",Subaru,Auto - Subaru Plant (Floorplan-New) - East,1/9/2026,40180,1/9/2026,8/9/2027,2026 Subaru FORESTERSUVLI,Automobile,FORESTERSUVLI,4S4SLDR6XT3040180,,"$38,767.00 ","$38,767.00 ",$0.00 ,,$0.00 ,$0.00 ,$0.00 ,"$38,767.00 ",$0.00 ,$0.00 ,$0.00 ,$0.00 ,$0.00 ,$149.92 ,$0.00 ,$0.00 ,$0.00 ,$149.92 ,$273.75 ,"$38,767.00 "
"3535 West Loop 820 South  Fort Worth, TX 76116",Subaru,Auto - Subaru Plant (Floorplan-New) - East,1/9/2026,40228,1/9/2026,8/9/2027,2026 Subaru FORESTERSUVSP,Automobile,FORESTERSUVSP,4S4SLDH6XT3040228,R4813,"$37,795.00 ","$37,795.00 ",$0.00 ,,"($37,795.00)",$0.00 ,"($37,795.00)",$0.00 ,$0.00 ,$0.00 ,$0.00 ,$0.00 ,$0.00 ,$83.54 ,$0.00 ,$0.00 ,$0.00 ,$83.54 ,$204.26 ,"$21,597.14 "
"3535 West Loop 820 South  Fort Worth, TX 76116",Subaru,Auto - Subaru Plant (Floorplan-New) - East,1/8/2026,40235,1/8/2026,8/8/2027,2026 Subaru FORESTERSUVWI,Automobile,FORESTERSUVWI,4S4SLDL68T3040235,R4805,"$40,672.00 ","$40,672.00 ",$0.00 ,,"($40,672.00)",$0.00 ,"($40,672.00)",$0.00 ,$0.00 ,$0.00 ,$0.00 ,$0.00 ,$0.00 ,$101.13 ,$0.00 ,$0.00 ,$0.00 ,$101.13 ,$236.69 ,"$26,146.29 "
"3535 West Loop 820 South  Fort Worth, TX 76116",Subaru,Auto - Subaru Plant (Floorplan-New) - East,1/12/2026,40250,1/12/2026,8/12/2027,2026 Subaru FORESTERSUVWI,Automobile,FORESTERSUVWI,4S4SLDL64T3040250,R4831,"$40,297.00 ","$40,297.00 ",$0.00 ,,"($40,297.00)",$0.00 ,"($40,297.00)",$0.00 ,$0.00 ,$0.00 ,$0.00 ,$0.00 ,$0.00 ,$105.76 ,$0.00 ,$0.00 ,$0.00 ,$105.76 ,$217.68 ,"$27,344.39 "
"3535 West Loop 820 South  Fort Worth, TX 76116",Subaru,Auto - Subaru Plant (Floorplan-New) - East,1/9/2026,40258,1/9/2026,8/9/2027,2026 Subaru FORESTERSUVLI,Automobile,FORESTERSUVLI,4S4SLDR6XT3040258,R4816,"$38,767.00 ","$38,767.00 ",$0.00 ,,"($38,767.00)",$0.00 ,"($38,767.00)",$0.00 ,$0.00 ,$0.00 ,$0.00 ,$0.00 ,$0.00 ,$53.56 ,$0.00 ,$0.00 ,$0.00 ,$53.56 ,$177.39 ,"$13,845.36 "
"3535 West Loop 820 South  Fort Worth, TX 76116",Subaru,Auto - Subaru Plant (Floorplan-New) - East,1/12/2026,40683,1/12/2026,8/12/2027,2026 Subaru FORESTERSUVLI,Automobile,FORESTERSUVLI,4S4SLDR63T3040683,,"$38,000.00 ","$38,000.00 ",$0.00 ,,$0.00 ,$0.00 ,$0.00 ,"$38,000.00 ",$0.00 ,$0.00 ,$0.00 ,$0.00 ,$0.00 ,$146.96 ,$0.00 ,$0.00 ,$0.00 ,$146.96 ,$252.50 ,"$38,000.00 "
"3535 West Loop 820 South  Fort Worth, TX 76116",Subaru,Auto - Subaru Plant (Floorplan-New) - East,1/26/2026,42775,1/26/2026,8/26/2027,2026 Subaru FORESTERSUVPR,Automobile,FORESTERSUVPR,4S4SLDD68T3042775,,"$34,184.00 ","$34,184.00 ",$0.00 ,,$0.00 ,$0.00 ,$0.00 ,"$34,184.00 ",$0.00 ,$0.00 ,$0.00 ,$0.00 ,$0.00 ,$132.20 ,$0.00 ,$0.00 ,$0.00 ,$132.20 ,$160.68 ,"$34,184.00 "
"3535 West Loop 820 South  Fort Worth, TX 76116",Subaru,Auto - Subaru Plant (Floorplan-New) - East,1/21/2026,42826,1/21/2026,8/21/2027,2026 Subaru FORESTERSUVPR,Automobile,FORESTERSUVPR,4S4SLDD6XT3042826,,"$34,184.00 ","$34,184.00 ",$0.00 ,,$0.00 ,$0.00 ,$0.00 ,"$34,184.00 ",$0.00 ,$0.00 ,$0.00 ,$0.00 ,$0.00 ,$132.20 ,$0.00 ,$0.00 ,$0.00 ,$132.20 ,$184.42 ,"$34,184.00 "
"3535 West Loop 820 South  Fort Worth, TX 76116",Subaru,Auto - Subaru Plant (Floorplan-New) - East,1/26/2026,43059,1/26/2026,8/26/2027,2026 Subaru FORESTERSUVPR,Automobile,FORESTERSUVPR,4S4SLDD69T3043059,,"$34,559.00 ","$34,559.00 ",$0.00 ,,$0.00 ,$0.00 ,$0.00 ,"$34,559.00 ",$0.00 ,$0.00 ,$0.00 ,$0.00 ,$0.00 ,$133.65 ,$0.00 ,$0.00 ,$0.00 ,$133.65 ,$162.45 ,"$34,559.00 "
"3535 West Loop 820 South  Fort Worth, TX 76116",Subaru,Auto - Subaru Plant (Floorplan-New) - East,1/26/2026,43108,1/26/2026,8/26/2027,2026 Subaru FORESTERSUVPR,Automobile,FORESTERSUVPR,4S4SLDD67T3043108,,"$33,817.00 ","$33,817.00 ",$0.00 ,,$0.00 ,$0.00 ,$0.00 ,"$33,817.00 ",$0.00 ,$0.00 ,$0.00 ,$0.00 ,$0.00 ,$130.79 ,$0.00 ,$0.00 ,$0.00 ,$130.79 ,$158.97 ,"$33,817.00 "
"3535 West Loop 820 South  Fort Worth, TX 76116",Subaru,Auto - Subaru Plant (Floorplan-New) - East,1/26/2026,43453,1/26/2026,8/26/2027,2026 Subaru FORESTERSUVTO,Automobile,FORESTERSUVTO,4S4SLDT60T3043453,,"$40,310.00 ","$40,310.00 ",$0.00 ,,$0.00 ,$0.00 ,$0.00 ,"$40,310.00 ",$0.00 ,$0.00 ,$0.00 ,$0.00 ,$0.00 ,$155.89 ,$0.00 ,$0.00 ,$0.00 ,$155.89 ,$189.48 ,"$40,310.00 "
"3535 West Loop 820 South  Fort Worth, TX 76116",Subaru,Auto - Subaru Plant (Floorplan-New) - East,2/2/2026,44256,2/2/2026,9/2/2027,2026 Subaru FORESTERSUVSP,Automobile,FORESTERSUVSP,4S4SLDF69T3044256,,"$36,003.00 ",$0.00 ,"$36,003.00 ",2/2/2026,$0.00 ,$0.00 ,"$36,003.00 ","$36,003.00 ",$0.00 ,$0.00 ,$0.00 ,$0.00 ,$0.00 ,$134.24 ,$0.00 ,$0.00 ,$0.00 ,$134.24 ,$134.24 ,"$34,717.18 "
"3535 West Loop 820 South  Fort Worth, TX 76116",Subaru,Auto - Subaru Plant (Floorplan-New) - East,2/9/2026,46651,2/9/2026,9/9/2027,2026 Subaru FORESTERSUVPR,Automobile,FORESTERSUVPR,4S4SLDD6XT3046651,,"$34,184.00 ",$0.00 ,"$34,184.00 ",2/9/2026,$0.00 ,$0.00 ,"$34,184.00 ","$34,184.00 ",$0.00 ,$0.00 ,$0.00 ,$0.00 ,$0.00 ,$94.41 ,$0.00 ,$0.00 ,$0.00 ,$94.41 ,$94.41 ,"$24,417.14 "
"3535 West Loop 820 South  Fort Worth, TX 76116",Subaru,Auto - Subaru Plant (Floorplan-New) - East,2/9/2026,49662,2/9/2026,9/9/2027,2026 Subaru FORESTERSUVLI,Automobile,FORESTERSUVLI,4S4SLDR67T3049662,,"$38,906.00 ",$0.00 ,"$38,906.00 ",2/9/2026,$0.00 ,$0.00 ,"$38,906.00 ","$38,906.00 ",$0.00 ,$0.00 ,$0.00 ,$0.00 ,$0.00 ,$107.45 ,$0.00 ,$0.00 ,$0.00 ,$107.45 ,$107.45 ,"$27,790.00 "
"3535 West Loop 820 South  Fort Worth, TX 76116",Subaru,Auto - Subaru Plant (Floorplan-New) - East,2/18/2026,51141,2/18/2026,9/18/2027,2026 Subaru FORESTERSUVSP,Automobile,FORESTERSUVSP,4S4SLDH69T3051141,,"$37,543.00 ",$0.00 ,"$37,543.00 ",2/18/2026,$0.00 ,$0.00 ,"$37,543.00 ","$37,543.00 ",$0.00 ,$0.00 ,$0.00 ,$0.00 ,$0.00 ,$57.03 ,$0.00 ,$0.00 ,$0.00 ,$57.03 ,$57.03 ,"$14,749.04 "
"3535 West Loop 820 South  Fort Worth, TX 76116",Subaru,Auto - Subaru Plant (Floorplan-New) - East,2/9/2026,51213,2/9/2026,9/9/2027,2026 Subaru FORESTERSUVSP,Automobile,FORESTERSUVSP,4S4SLDF64T3051213,,"$36,126.00 ",$0.00 ,"$36,126.00 ",2/9/2026,$0.00 ,$0.00 ,"$36,126.00 ","$36,126.00 ",$0.00 ,$0.00 ,$0.00 ,$0.00 ,$0.00 ,$99.77 ,$0.00 ,$0.00 ,$0.00 ,$99.77 ,$99.77 ,"$25,804.29 "
"3535 West Loop 820 South  Fort Worth, TX 76116",Subaru,Auto - Subaru Plant (Floorplan-New) - East,2/18/2026,51467,2/18/2026,9/18/2027,2026 Subaru FORESTERSUVPR,Automobile,FORESTERSUVPR,4S4SLDD69T3051467,,"$34,624.00 ",$0.00 ,"$34,624.00 ",2/18/2026,$0.00 ,$0.00 ,"$34,624.00 ","$34,624.00 ",$0.00 ,$0.00 ,$0.00 ,$0.00 ,$0.00 ,$52.59 ,$0.00 ,$0.00 ,$0.00 ,$52.59 ,$52.59 ,"$13,602.29 "
"3535 West Loop 820 South  Fort Worth, TX 76116",Subaru,Auto - Subaru Plant (Floorplan-New) - East,2/18/2026,51493,2/18/2026,9/18/2027,2026 Subaru FORESTERSUVSP,Automobile,FORESTERSUVSP,4S4SLDH67T3051493,,"$37,543.00 ",$0.00 ,"$37,543.00 ",2/18/2026,$0.00 ,$0.00 ,"$37,543.00 ","$37,543.00 ",$0.00 ,$0.00 ,$0.00 ,$0.00 ,$0.00 ,$57.03 ,$0.00 ,$0.00 ,$0.00 ,$57.03 ,$57.03 ,"$14,749.04 "
"3535 West Loop 820 South  Fort Worth, TX 76116",Subaru,Auto - Subaru Plant (Floorplan-New) - East,2/20/2026,51534,2/20/2026,9/20/2027,2026 Subaru FORESTERSUVWI,Automobile,FORESTERSUVWI,4S4SLDL67T3051534,,"$39,506.00 ",$0.00 ,"$39,506.00 ",2/20/2026,$0.00 ,$0.00 ,"$39,506.00 ","$39,506.00 ",$0.00 ,$0.00 ,$0.00 ,$0.00 ,$0.00 ,$49.10 ,$0.00 ,$0.00 ,$0.00 ,$49.10 ,$49.10 ,"$12,698.36 "
"3535 West Loop 820 South  Fort Worth, TX 76116",Subaru,Auto - Subaru Plant (Floorplan-New) - East,2/9/2026,51579,2/9/2026,9/9/2027,2026 Subaru FORESTERSUVLI,Automobile,FORESTERSUVLI,4S4SLDR68T3051579,R4929,"$38,152.00 ",$0.00 ,"$38,152.00 ",2/9/2026,"($38,152.00)",$0.00 ,$0.00 ,$0.00 ,$0.00 ,$0.00 ,$0.00 ,$0.00 ,$0.00 ,$94.83 ,$0.00 ,$0.00 ,$0.00 ,$94.83 ,$94.83 ,"$24,526.29 "
"3535 West Loop 820 South  Fort Worth, TX 76116",Subaru,Auto - Subaru Plant (Floorplan-New) - East,2/9/2026,51582,2/9/2026,9/9/2027,2026 Subaru FORESTERSUVPR,Automobile,FORESTERSUVPR,4S4SLDD69T3051582,,"$34,249.00 ",$0.00 ,"$34,249.00 ",2/9/2026,$0.00 ,$0.00 ,"$34,249.00 ","$34,249.00 ",$0.00 ,$0.00 ,$0.00 ,$0.00 ,$0.00 ,$94.59 ,$0.00 ,$0.00 ,$0.00 ,$94.59 ,$94.59 ,"$24,463.57 "
"3535 West Loop 820 South  Fort Worth, TX 76116",Subaru,Auto - Subaru Plant (Floorplan-New) - East,2/26/2026,51714,2/26/2026,9/26/2027,2026 Subaru FORESTERSUVSP,Automobile,FORESTERSUVSP,4S4SLDF64T3051714,,"$36,501.00 ",$0.00 ,"$36,501.00 ",2/26/2026,$0.00 ,$0.00 ,"$36,501.00 ","$36,501.00 ",$0.00 ,$0.00 ,$0.00 ,$0.00 ,$0.00 ,$15.12 ,$0.00 ,$0.00 ,$0.00 ,$15.12 ,$15.12 ,"$3,910.82 "
"3535 West Loop 820 South  Fort Worth, TX 76116",Subaru,Auto - Subaru Plant (Floorplan-New) - East,2/18/2026,51848,2/18/2026,9/18/2027,2026 Subaru FORESTERSUVWI,Automobile,FORESTERSUVWI,4S4SLDL68T3051848,,"$39,506.00 ",$0.00 ,"$39,506.00 ",2/18/2026,$0.00 ,$0.00 ,"$39,506.00 ","$39,506.00 ",$0.00 ,$0.00 ,$0.00 ,$0.00 ,$0.00 ,$60.01 ,$0.00 ,$0.00 ,$0.00 ,$60.01 ,$60.01 ,"$15,520.21 "
"3535 West Loop 820 South  Fort Worth, TX 76116",Subaru,Auto - Subaru Plant (Floorplan-New) - East,2/27/2026,52023,2/27/2026,9/27/2027,2026 Subaru FORESTERSUVTO,Automobile,FORESTERSUVTO,4S4SLDT69T3052023,,"$42,040.00 ",$0.00 ,"$42,040.00 ",2/27/2026,$0.00 ,$0.00 ,"$42,040.00 ","$42,040.00 ",$0.00 ,$0.00 ,$0.00 ,$0.00 ,$0.00 ,$11.61 ,$0.00 ,$0.00 ,$0.00 ,$11.61 ,$11.61 ,"$3,002.86 "
"3535 West Loop 820 South  Fort Worth, TX 76116",Subaru,Auto - Subaru Plant (Floorplan-New) - East,2/25/2026,52442,2/25/2026,9/25/2027,2026 Subaru FORESTERSUVWI,Automobile,FORESTERSUVWI,4S4SLDL67T3052442,,"$39,506.00 ",$0.00 ,"$39,506.00 ",2/25/2026,$0.00 ,$0.00 ,"$39,506.00 ","$39,506.00 ",$0.00 ,$0.00 ,$0.00 ,$0.00 ,$0.00 ,$21.82 ,$0.00 ,$0.00 ,$0.00 ,$21.82 ,$21.82 ,"$5,643.71 "
"3535 West Loop 820 South  Fort Worth, TX 76116",Subaru,Auto - Subaru Plant (Floorplan-New) - East,2/25/2026,52488,2/25/2026,9/25/2027,2026 Subaru FORESTERSUVTO,Automobile,FORESTERSUVTO,4S4SLDT69T3052488,R4979,"$41,665.00 ",$0.00 ,"$41,665.00 ",2/25/2026,"($41,665.00)",$0.00 ,$0.00 ,$0.00 ,$0.00 ,$0.00 ,$0.00 ,$0.00 ,$0.00 ,$5.75 ,$0.00 ,$0.00 ,$0.00 ,$5.75 ,$5.75 ,"$1,488.04 "
"3535 West Loop 820 South  Fort Worth, TX 76116",Subaru,Auto - Subaru Plant (Floorplan-New) - East,2/18/2026,52951,2/18/2026,9/18/2027,2026 Subaru FORESTERSUVTO,Automobile,FORESTERSUVTO,4S4SLDT66T3052951,,"$41,665.00 ",$0.00 ,"$41,665.00 ",2/18/2026,$0.00 ,$0.00 ,"$41,665.00 ","$41,665.00 ",$0.00 ,$0.00 ,$0.00 ,$0.00 ,$0.00 ,$63.29 ,$0.00 ,$0.00 ,$0.00 ,$63.29 ,$63.29 ,"$16,368.39 "
"3535 West Loop 820 South  Fort Worth, TX 76116",Subaru,Auto - Subaru Plant (Floorplan-New) - East,2/20/2026,52976,2/20/2026,9/20/2027,2026 Subaru FORESTERSUVPR,Automobile,FORESTERSUVPR,4S4SLDB69T3052976,,"$33,249.00 ",$0.00 ,"$33,249.00 ",2/20/2026,$0.00 ,$0.00 ,"$33,249.00 ","$33,249.00 ",$0.00 ,$0.00 ,$0.00 ,$0.00 ,$0.00 ,$41.32 ,$0.00 ,$0.00 ,$0.00 ,$41.32 ,$41.32 ,"$10,687.18 "
"3535 West Loop 820 South  Fort Worth, TX 76116",Subaru,Auto - Subaru Plant (Floorplan-New) - East,2/26/2026,57172,2/26/2026,9/26/2027,2026 Subaru FORESTERSUVLI,Automobile,FORESTERSUVLI,4S4SLDR68T3057172,,"$38,527.00 ",$0.00 ,"$38,527.00 ",2/26/2026,$0.00 ,$0.00 ,"$38,527.00 ","$38,527.00 ",$0.00 ,$0.00 ,$0.00 ,$0.00 ,$0.00 ,$15.96 ,$0.00 ,$0.00 ,$0.00 ,$15.96 ,$15.96 ,"$4,127.89 "
"3535 West Loop 820 South  Fort Worth, TX 76116",Subaru,Auto - Subaru Plant (Floorplan-New) - East,2/26/2026,57915,2/26/2026,9/26/2027,2026 Subaru FORESTERSUVPR,Automobile,FORESTERSUVPR,4S4SLDD67T3057915,,"$34,249.00 ",$0.00 ,"$34,249.00 ",2/26/2026,$0.00 ,$0.00 ,"$34,249.00 ","$34,249.00 ",$0.00 ,$0.00 ,$0.00 ,$0.00 ,$0.00 ,$14.19 ,$0.00 ,$0.00 ,$0.00 ,$14.19 ,$14.19 ,"$3,669.54 "
"3535 West Loop 820 South  Fort Worth, TX 76116",Subaru,Auto - Subaru Plant (Floorplan-New) - East,2/27/2026,63825,2/27/2026,9/27/2027,2026 Subaru FORESTERSUVPR,Automobile,FORESTERSUVPR,4S4SLDD63T3063825,,"$34,249.00 ",$0.00 ,"$34,249.00 ",2/27/2026,$0.00 ,$0.00 ,"$34,249.00 ","$34,249.00 ",$0.00 ,$0.00 ,$0.00 ,$0.00 ,$0.00 ,$9.46 ,$0.00 ,$0.00 ,$0.00 ,$9.46 ,$9.46 ,"$2,446.36 "
"3535 West Loop 820 South  Fort Worth, TX 76116",Subaru,Auto - Subaru Plant (Floorplan-New) - East,12/18/2025,215156,12/18/2025,7/18/2027,2026 Subaru CROSSTREK5 DO,Automobile,CROSSTREK5 DO,JF2GUSND6T8215156,,"$36,745.00 ","$36,745.00 ",$0.00 ,,$0.00 ,$0.00 ,$0.00 ,"$36,745.00 ",$0.00 ,$0.00 ,$0.00 ,$0.00 ,$0.00 ,$142.10 ,$0.00 ,$0.00 ,$0.00 ,$142.10 ,$374.39 ,"$36,745.00 "
"3535 West Loop 820 South  Fort Worth, TX 76116",Subaru,Auto - Subaru Plant (Floorplan-New) - East,12/24/2025,216146,12/24/2025,7/24/2027,2026 Subaru IMPREZA5 DOOR,Automobile,IMPREZA5 DOOR,JF1GUAFC2T8216146,R4756,"$28,939.00 ","$28,939.00 ",$0.00 ,,"($28,939.00)",$0.00 ,"($28,939.00)",$0.00 ,$0.00 ,$0.00 ,$0.00 ,$0.00 ,$0.00 ,$67.96 ,$0.00 ,$0.00 ,$0.00 ,$67.96 ,$225.96 ,"$17,570.11 "
"3535 West Loop 820 South  Fort Worth, TX 76116",Subaru,Auto - Subaru Plant (Floorplan-New) - East,1/16/2026,217964,1/16/2026,8/16/2027,2026 Subaru IMPREZA5 DOOR,Automobile,IMPREZA5 DOOR,JF1GUHJC8T8217964,,"$31,667.00 ","$31,667.00 ",$0.00 ,,$0.00 ,$0.00 ,$0.00 ,"$31,667.00 ",$0.00 ,$0.00 ,$0.00 ,$0.00 ,$0.00 ,$122.47 ,$0.00 ,$0.00 ,$0.00 ,$122.47 ,$192.83 ,"$31,667.00 "
"3535 West Loop 820 South  Fort Worth, TX 76116",Subaru,Auto - Subaru Plant (Floorplan-New) - East,2/9/2026,218896,2/9/2026,9/9/2027,2026 Subaru CROSSTREK5 DO,Automobile,CROSSTREK5 DO,JF2GUSND6T8218896,,"$35,554.00 ",$0.00 ,"$35,554.00 ",2/9/2026,$0.00 ,$0.00 ,"$35,554.00 ","$35,554.00 ",$0.00 ,$0.00 ,$0.00 ,$0.00 ,$0.00 ,$98.19 ,$0.00 ,$0.00 ,$0.00 ,$98.19 ,$98.19 ,"$25,395.71 "
"3535 West Loop 820 South  Fort Worth, TX 76116",Subaru,Auto - Subaru Plant (Floorplan-New) - East,1/21/2026,218945,1/21/2026,8/21/2027,2026 Subaru IMPREZA5 DOOR,Automobile,IMPREZA5 DOOR,JF1GUAFC9T8218945,,"$28,813.00 ","$28,813.00 ",$0.00 ,,$0.00 ,$0.00 ,$0.00 ,"$28,813.00 ",$0.00 ,$0.00 ,$0.00 ,$0.00 ,$0.00 ,$111.43 ,$0.00 ,$0.00 ,$0.00 ,$111.43 ,$155.45 ,"$28,813.00 "
"3535 West Loop 820 South  Fort Worth, TX 76116",Subaru,Auto - Subaru Plant (Floorplan-New) - East,2/11/2026,220237,2/11/2026,9/11/2027,2026 Subaru CROSSTREK5 DO,Automobile,CROSSTREK5 DO,JF2GUSND9T8220237,R4945,"$36,975.00 ",$0.00 ,"$36,975.00 ",2/11/2026,"($36,975.00)",$0.00 ,$0.00 ,$0.00 ,$0.00 ,$0.00 ,$0.00 ,$0.00 ,$0.00 ,$35.74 ,$0.00 ,$0.00 ,$0.00 ,$35.74 ,$35.74 ,"$9,243.75 "
"3535 West Loop 820 South  Fort Worth, TX 76116",Subaru,Auto - Subaru Plant (Floorplan-New) - East,2/11/2026,220629,2/11/2026,9/11/2027,2026 Subaru CROSSTREK5 DO,Automobile,CROSSTREK5 DO,JF2GUSND4T8220629,,"$36,975.00 ",$0.00 ,"$36,975.00 ",2/11/2026,$0.00 ,$0.00 ,"$36,975.00 ","$36,975.00 ",$0.00 ,$0.00 ,$0.00 ,$0.00 ,$0.00 ,$91.91 ,$0.00 ,$0.00 ,$0.00 ,$91.91 ,$91.91 ,"$23,769.64 "
"3535 West Loop 820 South  Fort Worth, TX 76116",Subaru,Auto - Subaru Plant (Floorplan-New) - East,2/9/2026,221166,2/9/2026,9/9/2027,2026 Subaru CROSSTREK5 DO,Automobile,CROSSTREK5 DO,JF2GUSND6T8221166,,"$36,975.00 ",$0.00 ,"$36,975.00 ",2/9/2026,$0.00 ,$0.00 ,"$36,975.00 ","$36,975.00 ",$0.00 ,$0.00 ,$0.00 ,$0.00 ,$0.00 ,$102.12 ,$0.00 ,$0.00 ,$0.00 ,$102.12 ,$102.12 ,"$26,410.71 "
"3535 West Loop 820 South  Fort Worth, TX 76116",Subaru,Auto - Subaru Plant (Floorplan-New) - East,2/9/2026,222993,2/9/2026,9/9/2027,2026 Subaru IMPREZA5 DOOR,Automobile,IMPREZA5 DOOR,JF1GUAFC7T8222993,,"$27,501.00 ",$0.00 ,"$27,501.00 ",2/9/2026,$0.00 ,$0.00 ,"$27,501.00 ","$27,501.00 ",$0.00 ,$0.00 ,$0.00 ,$0.00 ,$0.00 ,$75.95 ,$0.00 ,$0.00 ,$0.00 ,$75.95 ,$75.95 ,"$19,643.57 "
"3535 West Loop 820 South  Fort Worth, TX 76116",Subaru,Auto - Subaru Plant (Floorplan-New) - East,2/9/2026,223875,2/9/2026,9/9/2027,2026 Subaru CROSSTREK5 DO,Automobile,CROSSTREK5 DO,JF2GUSGD5T8223875,R4931,"$34,251.00 ",$0.00 ,"$34,251.00 ",2/9/2026,"($34,251.00)",$0.00 ,$0.00 ,$0.00 ,$0.00 ,$0.00 ,$0.00 ,$0.00 ,$0.00 ,$42.57 ,$0.00 ,$0.00 ,$0.00 ,$42.57 ,$42.57 ,"$11,009.25 "
"3535 West Loop 820 South  Fort Worth, TX 76116",Subaru,Auto - Subaru Plant (Floorplan-New) - East,2/27/2026,226643,2/27/2026,9/27/2027,2026 Subaru CROSSTREK5 DO,Automobile,CROSSTREK5 DO,JF2GUSND6T8226643,,"$36,384.00 ",$0.00 ,"$36,384.00 ",2/27/2026,$0.00 ,$0.00 ,"$36,384.00 ","$36,384.00 ",$0.00 ,$0.00 ,$0.00 ,$0.00 ,$0.00 ,$10.05 ,$0.00 ,$0.00 ,$0.00 ,$10.05 ,$10.05 ,"$2,598.86 "
"3535 West Loop 820 South  Fort Worth, TX 76116",Subaru,Auto - Subaru Plant (Floorplan-New) - East,2/17/2026,227824,2/17/2026,9/17/2027,2026 Subaru IMPREZA5 DOOR,Automobile,IMPREZA5 DOOR,JF1GUHHC1T8227824,,"$30,033.00 ",$0.00 ,"$30,033.00 ",2/17/2026,$0.00 ,$0.00 ,"$30,033.00 ","$30,033.00 ",$0.00 ,$0.00 ,$0.00 ,$0.00 ,$0.00 ,$49.77 ,$0.00 ,$0.00 ,$0.00 ,$49.77 ,$49.77 ,"$12,871.29 "
"3535 West Loop 820 South  Fort Worth, TX 76116",Subaru,Auto - Subaru Plant (Floorplan-New) - East,2/17/2026,228003,2/17/2026,9/17/2027,2026 Subaru IMPREZA5 DOOR,Automobile,IMPREZA5 DOOR,JF1GUAFC7T8228003,,"$28,767.00 ",$0.00 ,"$28,767.00 ",2/17/2026,$0.00 ,$0.00 ,"$28,767.00 ","$28,767.00 ",$0.00 ,$0.00 ,$0.00 ,$0.00 ,$0.00 ,$47.67 ,$0.00 ,$0.00 ,$0.00 ,$47.67 ,$47.67 ,"$12,328.71 "
"3535 West Loop 820 South  Fort Worth, TX 76116",Subaru,Auto - Subaru Plant (Floorplan-New) - East,2/20/2026,228239,2/20/2026,9/20/2027,2026 Subaru CROSSTREK5 DO,Automobile,CROSSTREK5 DO,JF2GUSND9T8228239,,"$36,384.00 ",$0.00 ,"$36,384.00 ",2/20/2026,$0.00 ,$0.00 ,"$36,384.00 ","$36,384.00 ",$0.00 ,$0.00 ,$0.00 ,$0.00 ,$0.00 ,$45.22 ,$0.00 ,$0.00 ,$0.00 ,$45.22 ,$45.22 ,"$11,694.86 "
"3535 West Loop 820 South  Fort Worth, TX 76116",Subaru,Auto - Subaru Plant (Floorplan-New) - East,8/21/2025,255131,8/21/2025,3/21/2027,2025 Subaru OUTBACKWAGONL,Automobile,OUTBACKWAGONL,4S4BTANC8S3255131,R4005,"$35,195.00 ","$35,195.00 ",$0.00 ,,"($35,195.00)",$0.00 ,"($35,195.00)",$0.00 ,$0.00 ,$0.00 ,$0.00 ,$0.00 ,$0.00 ,$58.35 ,$0.00 ,$0.00 ,$0.00 ,$58.35 ,$911.32 ,"$15,083.57 "
"3535 West Loop 820 South  Fort Worth, TX 76116",Subaru,Auto - Subaru Plant (Floorplan-New) - East,9/24/2025,264159,9/24/2025,4/24/2027,2025 Subaru OUTBACKWAGONL,Automobile,OUTBACKWAGONL,4S4BTGND4S3264159,R4069,"$39,146.00 ","$39,146.00 ",$0.00 ,,$0.00 ,$0.00 ,$0.00 ,"$39,146.00 ",$0.00 ,$0.00 ,$0.00 ,$0.00 ,$0.00 ,$151.39 ,$0.00 ,$0.00 ,$0.00 ,$151.39 ,$892.83 ,"$39,146.00 "
"3535 West Loop 820 South  Fort Worth, TX 76116",Subaru,Auto - Subaru Plant (Floorplan-New) - East,9/24/2025,264677,9/24/2025,4/24/2027,2025 Subaru OUTBACKWAGONT,Automobile,OUTBACKWAGONT,4S4BTGPD8S3264677,R4962,"$41,491.00 ","$41,491.00 ",$0.00 ,,$0.00 ,$0.00 ,$0.00 ,"$41,491.00 ",$0.00 ,$0.00 ,$0.00 ,$0.00 ,$0.00 ,$160.46 ,$0.00 ,$0.00 ,$0.00 ,$160.46 ,$946.32 ,"$41,491.00 "
"3535 West Loop 820 South  Fort Worth, TX 76116",Subaru,Auto - Subaru Plant (Floorplan-New) - East,8/21/2025,265301,8/21/2025,3/21/2027,2025 Subaru OUTBACKWAGONO,Automobile,OUTBACKWAGONO,4S4BTALC9S3265301,R4088,"$35,321.00 ","$35,321.00 ",$0.00 ,,"($35,321.00)",$0.00 ,"($35,321.00)",$0.00 ,$0.00 ,$0.00 ,$0.00 ,$0.00 ,$0.00 ,$58.56 ,$0.00 ,$0.00 ,$0.00 ,$58.56 ,$914.58 ,"$15,137.57 "
"3535 West Loop 820 South  Fort Worth, TX 76116",Subaru,Auto - Subaru Plant (Floorplan-New) - East,10/22/2025,281276,10/22/2025,5/22/2027,2025 Subaru OUTBACKWAGONL,Automobile,OUTBACKWAGONL,4S4BTANCXS3281276,,"$36,660.00 ","$36,660.00 ",$0.00 ,,$0.00 ,$0.00 ,$0.00 ,"$36,660.00 ",$0.00 ,$0.00 ,$0.00 ,$0.00 ,$0.00 ,$141.78 ,$0.00 ,$0.00 ,$0.00 ,$141.78 ,$680.14 ,"$36,660.00 "
"3535 West Loop 820 South  Fort Worth, TX 76116",Subaru,Auto - Subaru Plant (Floorplan-New) - East,9/24/2025,284245,9/24/2025,4/24/2027,2025 Subaru CROSSTREK5 DO,Automobile,CROSSTREK5 DO,JF2GUHDC6SH284245,R4157,"$28,860.00 ","$28,860.00 ",$0.00 ,,$0.00 ,$0.00 ,$0.00 ,"$28,860.00 ",$0.00 ,$0.00 ,$0.00 ,$0.00 ,$0.00 ,$111.61 ,$0.00 ,$0.00 ,$0.00 ,$111.61 ,$658.23 ,"$28,860.00 "
"3535 West Loop 820 South  Fort Worth, TX 76116",Subaru,Auto - Subaru Plant (Floorplan-New) - East,10/22/2025,286822,10/22/2025,5/22/2027,2025 Subaru OUTBACKWAGONO,Automobile,OUTBACKWAGONO,4S4BTALCXS3286822,R4100,"$35,463.00 ","$35,463.00 ",$0.00 ,,$0.00 ,$0.00 ,$0.00 ,"$35,463.00 ",$0.00 ,$0.00 ,$0.00 ,$0.00 ,$0.00 ,$137.14 ,$0.00 ,$0.00 ,$0.00 ,$137.14 ,$657.94 ,"$35,463.00 "
"3535 West Loop 820 South  Fort Worth, TX 76116",Subaru,Auto - Subaru Plant (Floorplan-New) - East,12/22/2025,293057,12/22/2025,7/22/2027,2025 Subaru OUTBACKWAGONP,Automobile,OUTBACKWAGONP,4S4BTADC1S3293057,R4367,"$32,228.00 ","$32,228.00 ",$0.00 ,,$0.00 ,$0.00 ,$0.00 ,"$32,228.00 ",$0.00 ,$0.00 ,$0.00 ,$0.00 ,$0.00 ,$124.64 ,$0.00 ,$0.00 ,$0.00 ,$124.64 ,$309.85 ,"$32,228.00 "
"3535 West Loop 820 South  Fort Worth, TX 76116",Subaru,Auto - Subaru Plant (Floorplan-New) - East,12/22/2025,293579,12/22/2025,7/22/2027,2025 Subaru OUTBACKWAGONP,Automobile,OUTBACKWAGONP,4S4BTADC9S3293579,,"$32,228.00 ","$32,228.00 ",$0.00 ,,$0.00 ,$0.00 ,$0.00 ,"$32,228.00 ",$0.00 ,$0.00 ,$0.00 ,$0.00 ,$0.00 ,$124.64 ,$0.00 ,$0.00 ,$0.00 ,$124.64 ,$309.85 ,"$32,228.00 "
"3535 West Loop 820 South  Fort Worth, TX 76116",Subaru,Auto - Subaru Plant (Floorplan-New) - East,11/25/2025,293721,11/25/2025,6/25/2027,2025 Subaru OUTBACKWAGONP,Automobile,OUTBACKWAGONP,4S4BTADC8S3293721,,"$32,228.00 ","$32,228.00 ",$0.00 ,,$0.00 ,$0.00 ,$0.00 ,"$32,228.00 ",$0.00 ,$0.00 ,$0.00 ,$0.00 ,$0.00 ,$124.64 ,$0.00 ,$0.00 ,$0.00 ,$124.64 ,$435.47 ,"$32,228.00 "
"3535 West Loop 820 South  Fort Worth, TX 76116",Subaru,Auto - Subaru Plant (Floorplan-New) - East,12/22/2025,312823,12/22/2025,7/22/2027,2025 Subaru OUTBACKWAGONL,Automobile,OUTBACKWAGONL,4S4BTANC5S3312823,R4415,"$36,833.00 ","$36,833.00 ",$0.00 ,,$0.00 ,$0.00 ,$0.00 ,"$36,833.00 ",$0.00 ,$0.00 ,$0.00 ,$0.00 ,$0.00 ,$142.45 ,$0.00 ,$0.00 ,$0.00 ,$142.45 ,$354.12 ,"$36,833.00 "
"3535 West Loop 820 South  Fort Worth, TX 76116",Subaru,Auto - Subaru Plant (Floorplan-New) - East,11/25/2025,330436,11/25/2025,6/25/2027,2025 Subaru OUTBACKWAGONP,Automobile,OUTBACKWAGONP,4S4BTADC9S3330436,,"$32,279.00 ","$32,279.00 ",$0.00 ,,$0.00 ,$0.00 ,$0.00 ,"$32,279.00 ",$0.00 ,$0.00 ,$0.00 ,$0.00 ,$0.00 ,$124.83 ,$0.00 ,$0.00 ,$0.00 ,$124.83 ,$436.16 ,"$32,279.00 "
"3535 West Loop 820 South  Fort Worth, TX 76116",Subaru,Auto - Subaru Plant (Floorplan-New) - East,11/3/2025,336302,11/3/2025,6/3/2027,2025 Subaru OUTBACKWAGONP,Automobile,OUTBACKWAGONP,4S4BTADC7S3336302,R4587,"$31,786.00 ","$31,786.00 ",$0.00 ,,$0.00 ,$0.00 ,$0.00 ,"$31,786.00 ",$0.00 ,$0.00 ,$0.00 ,$0.00 ,$0.00 ,$122.92 ,$0.00 ,$0.00 ,$0.00 ,$122.92 ,$532.13 ,"$31,786.00 "
"3535 West Loop 820 South  Fort Worth, TX 76116",Subaru,Auto - Subaru Plant (Floorplan-New) - East,11/3/2025,336683,11/3/2025,6/3/2027,2025 Subaru OUTBACKWAGONL,Automobile,OUTBACKWAGONL,4S4BTANC3S3336683,R4588,"$36,476.00 ","$36,476.00 ",$0.00 ,,$0.00 ,$0.00 ,$0.00 ,"$36,476.00 ",$0.00 ,$0.00 ,$0.00 ,$0.00 ,$0.00 ,$141.07 ,$0.00 ,$0.00 ,$0.00 ,$141.07 ,$610.66 ,"$36,476.00 "
"3535 West Loop 820 South  Fort Worth, TX 76116",Subaru,Auto - Subaru Plant (Floorplan-New) - East,11/21/2025,401516,11/21/2025,6/21/2027,2026 Subaru ASCENTSUVLIMI,Automobile,ASCENTSUVLIMI,4S4WMAGD6T3401516,,"$47,080.00 ","$47,080.00 ",$0.00 ,,$0.00 ,$0.00 ,$0.00 ,"$47,080.00 ",$0.00 ,$0.00 ,$0.00 ,$0.00 ,$0.00 ,$182.08 ,$0.00 ,$0.00 ,$0.00 ,$182.08 ,$663.80 ,"$47,080.00 "
"3535 West Loop 820 South  Fort Worth, TX 76116",Subaru,Auto - Subaru Plant (Floorplan-New) - East,11/25/2025,402023,11/25/2025,6/25/2027,2026 Subaru ASCENTSUVLIMI,Automobile,ASCENTSUVLIMI,4S4WMAHD1T3402023,,"$48,066.00 ","$48,066.00 ",$0.00 ,,$0.00 ,$0.00 ,$0.00 ,"$48,066.00 ",$0.00 ,$0.00 ,$0.00 ,$0.00 ,$0.00 ,$185.89 ,$0.00 ,$0.00 ,$0.00 ,$185.89 ,$649.48 ,"$48,066.00 "
"3535 West Loop 820 South  Fort Worth, TX 76116",Subaru,Auto - Subaru Plant (Floorplan-New) - East,11/25/2025,402066,11/25/2025,6/25/2027,2026 Subaru ASCENTSUVONYX,Automobile,ASCENTSUVONYX,4S4WMALD9T3402066,,"$51,356.00 ","$51,356.00 ",$0.00 ,,$0.00 ,$0.00 ,$0.00 ,"$51,356.00 ",$0.00 ,$0.00 ,$0.00 ,$0.00 ,$0.00 ,$198.61 ,$0.00 ,$0.00 ,$0.00 ,$198.61 ,$693.93 ,"$51,356.00 "
"3535 West Loop 820 South  Fort Worth, TX 76116",Subaru,Auto - Subaru Plant (Floorplan-New) - East,11/26/2025,402145,11/26/2025,6/26/2027,2026 Subaru ASCENTSUVONYX,Automobile,ASCENTSUVONYX,4S4WMALD5T3402145,,"$51,356.00 ","$51,356.00 ",$0.00 ,,$0.00 ,$0.00 ,$0.00 ,"$51,356.00 ",$0.00 ,$0.00 ,$0.00 ,$0.00 ,$0.00 ,$198.61 ,$0.00 ,$0.00 ,$0.00 ,$198.61 ,$686.39 ,"$51,356.00 "
"3535 West Loop 820 South  Fort Worth, TX 76116",Subaru,Auto - Subaru Plant (Floorplan-New) - East,12/5/2025,402965,12/5/2025,7/5/2027,2026 Subaru ASCENTSUVPREM,Automobile,ASCENTSUVPREM,4S4WMAAD6T3402965,,"$40,557.00 ","$40,557.00 ",$0.00 ,,$0.00 ,$0.00 ,$0.00 ,"$40,557.00 ",$0.00 ,$0.00 ,$0.00 ,$0.00 ,$0.00 ,$156.85 ,$0.00 ,$0.00 ,$0.00 ,$156.85 ,$488.99 ,"$40,557.00 "
"3535 West Loop 820 South  Fort Worth, TX 76116",Subaru,Auto - Subaru Plant (Floorplan-New) - East,1/26/2026,404998,1/26/2026,8/26/2027,2026 Subaru ASCENTSUVPREM,Automobile,ASCENTSUVPREM,4S4WMAAD9T3404998,,"$36,686.00 ","$36,686.00 ",$0.00 ,,$0.00 ,$0.00 ,$0.00 ,"$36,686.00 ",$0.00 ,$0.00 ,$0.00 ,$0.00 ,$0.00 ,$141.87 ,$0.00 ,$0.00 ,$0.00 ,$141.87 ,$172.44 ,"$36,686.00 "
"3535 West Loop 820 South  Fort Worth, TX 76116",Subaru,Auto - Subaru Plant (Floorplan-New) - East,8/21/2025,406061,8/21/2025,3/21/2027,2025 Subaru FORESTERSUVLI,Automobile,FORESTERSUVLI,JF2SLSRD0SH406061,R3953,"$36,700.00 ","$36,700.00 ",$0.00 ,,"($36,700.00)",$0.00 ,"($36,700.00)",$0.00 ,$0.00 ,$0.00 ,$0.00 ,$0.00 ,$0.00 ,$60.85 ,$0.00 ,$0.00 ,$0.00 ,$60.85 ,$950.27 ,"$15,728.57 "
"3535 West Loop 820 South  Fort Worth, TX 76116",Subaru,Auto - Subaru Plant (Floorplan-New) - East,1/26/2026,406409,1/26/2026,8/26/2027,2026 Subaru ASCENTSUVLIMI,Automobile,ASCENTSUVLIMI,4S4WMAGD8T3406409,,"$43,223.00 ","$43,223.00 ",$0.00 ,,$0.00 ,$0.00 ,$0.00 ,"$43,223.00 ",$0.00 ,$0.00 ,$0.00 ,$0.00 ,$0.00 ,$167.16 ,$0.00 ,$0.00 ,$0.00 ,$167.16 ,$203.18 ,"$43,223.00 "
"3535 West Loop 820 South  Fort Worth, TX 76116",Subaru,Auto - Subaru Plant (Floorplan-New) - East,12/22/2025,406477,12/22/2025,7/22/2027,2026 Subaru ASCENTSUVLIMI,Automobile,ASCENTSUVLIMI,4S4WMAGD3T3406477,,"$47,039.00 ","$47,039.00 ",$0.00 ,,$0.00 ,$0.00 ,$0.00 ,"$47,039.00 ",$0.00 ,$0.00 ,$0.00 ,$0.00 ,$0.00 ,$181.91 ,$0.00 ,$0.00 ,$0.00 ,$181.91 ,$452.24 ,"$47,039.00 "
"3535 West Loop 820 South  Fort Worth, TX 76116",Subaru,Auto - Subaru Plant (Floorplan-New) - East,1/6/2026,408079,1/6/2026,8/6/2027,2026 Subaru ASCENTSUVLIMI,Automobile,ASCENTSUVLIMI,4S4WMAGD1T3408079,,"$47,248.00 ","$47,248.00 ",$0.00 ,,$0.00 ,$0.00 ,$0.00 ,"$47,248.00 ",$0.00 ,$0.00 ,$0.00 ,$0.00 ,$0.00 ,$182.72 ,$0.00 ,$0.00 ,$0.00 ,$182.72 ,$353.32 ,"$47,248.00 "
"3535 West Loop 820 South  Fort Worth, TX 76116",Subaru,Auto - Subaru Plant (Floorplan-New) - East,1/6/2026,408316,1/6/2026,8/6/2027,2026 Subaru ASCENTSUVPREM,Automobile,ASCENTSUVPREM,4S4WMAADXT3408316,,"$39,973.00 ","$39,973.00 ",$0.00 ,,$0.00 ,$0.00 ,$0.00 ,"$39,973.00 ",$0.00 ,$0.00 ,$0.00 ,$0.00 ,$0.00 ,$154.59 ,$0.00 ,$0.00 ,$0.00 ,$154.59 ,$298.92 ,"$39,973.00 "
"3535 West Loop 820 South  Fort Worth, TX 76116",Subaru,Auto - Subaru Plant (Floorplan-New) - East,1/12/2026,408399,1/12/2026,8/12/2027,2026 Subaru ASCENTSUVTOUR,Automobile,ASCENTSUVTOUR,4S4WMAKD9T3408399,,"$50,101.00 ","$50,101.00 ",$0.00 ,,$0.00 ,$0.00 ,$0.00 ,"$50,101.00 ",$0.00 ,$0.00 ,$0.00 ,$0.00 ,$0.00 ,$193.76 ,$0.00 ,$0.00 ,$0.00 ,$193.76 ,$332.92 ,"$50,101.00 "
"3535 West Loop 820 South  Fort Worth, TX 76116",Subaru,Auto - Subaru Plant (Floorplan-New) - East,1/6/2026,408427,1/6/2026,8/6/2027,2026 Subaru ASCENTSUVTOUR,Automobile,ASCENTSUVTOUR,4S4WMAKDXT3408427,,"$50,101.00 ","$50,101.00 ",$0.00 ,,$0.00 ,$0.00 ,$0.00 ,"$50,101.00 ",$0.00 ,$0.00 ,$0.00 ,$0.00 ,$0.00 ,$193.76 ,$0.00 ,$0.00 ,$0.00 ,$193.76 ,$374.66 ,"$50,101.00 "
"3535 West Loop 820 South  Fort Worth, TX 76116",Subaru,Auto - Subaru Plant (Floorplan-New) - East,1/26/2026,409178,1/26/2026,8/26/2027,2026 Subaru ASCENTSUVPREM,Automobile,ASCENTSUVPREM,4S4WMABD9T3409178,R4875,"$39,973.00 ","$39,973.00 ",$0.00 ,,"($39,973.00)",$0.00 ,"($39,973.00)",$0.00 ,$0.00 ,$0.00 ,$0.00 ,$0.00 ,$0.00 ,$93.87 ,$0.00 ,$0.00 ,$0.00 ,$93.87 ,$127.18 ,"$24,269.32 "
"3535 West Loop 820 South  Fort Worth, TX 76116",Subaru,Auto - Subaru Plant (Floorplan-New) - East,2/2/2026,409324,2/2/2026,9/2/2027,2026 Subaru ASCENTSUVONYX,Automobile,ASCENTSUVONYX,4S4WMALD7T3409324,R4907,"$50,929.00 ",$0.00 ,"$50,929.00 ",2/2/2026,"($50,929.00)",$0.00 ,$0.00 ,$0.00 ,$0.00 ,$0.00 ,$0.00 ,$0.00 ,$0.00 ,$7.03 ,$0.00 ,$0.00 ,$0.00 ,$7.03 ,$7.03 ,"$1,818.89 "
"3535 West Loop 820 South  Fort Worth, TX 76116",Subaru,Auto - Subaru Plant (Floorplan-New) - East,1/26/2026,409509,1/26/2026,8/26/2027,2026 Subaru ASCENTSUVLIMI,Automobile,ASCENTSUVLIMI,4S4WMAGD5T3409509,,"$47,248.00 ","$47,248.00 ",$0.00 ,,$0.00 ,$0.00 ,$0.00 ,"$47,248.00 ",$0.00 ,$0.00 ,$0.00 ,$0.00 ,$0.00 ,$182.72 ,$0.00 ,$0.00 ,$0.00 ,$182.72 ,$222.09 ,"$47,248.00 "
"3535 West Loop 820 South  Fort Worth, TX 76116",Subaru,Auto - Subaru Plant (Floorplan-New) - East,1/26/2026,409561,1/26/2026,8/26/2027,2026 Subaru ASCENTSUVTOUR,Automobile,ASCENTSUVTOUR,4S4WMAKD8T3409561,,"$50,101.00 ","$50,101.00 ",$0.00 ,,$0.00 ,$0.00 ,$0.00 ,"$50,101.00 ",$0.00 ,$0.00 ,$0.00 ,$0.00 ,$0.00 ,$193.76 ,$0.00 ,$0.00 ,$0.00 ,$193.76 ,$235.51 ,"$50,101.00 "
"3535 West Loop 820 South  Fort Worth, TX 76116",Subaru,Auto - Subaru Plant (Floorplan-New) - East,2/2/2026,409628,2/2/2026,9/2/2027,2026 Subaru ASCENTSUVPREM,Automobile,ASCENTSUVPREM,4S4WMABD3T3409628,,"$39,973.00 ",$0.00 ,"$39,973.00 ",2/2/2026,$0.00 ,$0.00 ,"$39,973.00 ","$39,973.00 ",$0.00 ,$0.00 ,$0.00 ,$0.00 ,$0.00 ,$149.04 ,$0.00 ,$0.00 ,$0.00 ,$149.04 ,$149.04 ,"$38,545.39 "
"3535 West Loop 820 South  Fort Worth, TX 76116",Subaru,Auto - Subaru Plant (Floorplan-New) - East,2/18/2026,411169,2/18/2026,9/18/2027,2026 Subaru ASCENTSUVLIMI,Automobile,ASCENTSUVLIMI,4S4WMAHD8T3411169,,"$47,610.00 ",$0.00 ,"$47,610.00 ",2/18/2026,$0.00 ,$0.00 ,"$47,610.00 ","$47,610.00 ",$0.00 ,$0.00 ,$0.00 ,$0.00 ,$0.00 ,$72.32 ,$0.00 ,$0.00 ,$0.00 ,$72.32 ,$72.32 ,"$18,703.93 "
"3535 West Loop 820 South  Fort Worth, TX 76116",Subaru,Auto - Subaru Plant (Floorplan-New) - East,1/30/2026,411182,1/30/2026,8/30/2027,2026 Subaru ASCENTSUVPREM,Automobile,ASCENTSUVPREM,4S4WMABDXT3411182,R4904,"$40,536.00 ","$40,536.00 ",$0.00 ,,"($40,536.00)",$0.00 ,"($40,536.00)",$0.00 ,$0.00 ,$0.00 ,$0.00 ,$0.00 ,$0.00 ,$89.60 ,$0.00 ,$0.00 ,$0.00 ,$89.60 ,$100.86 ,"$23,163.43 "
"3535 West Loop 820 South  Fort Worth, TX 76116",Subaru,Auto - Subaru Plant (Floorplan-New) - East,2/6/2026,411241,2/6/2026,9/6/2027,2026 Subaru ASCENTSUVLIMI,Automobile,ASCENTSUVLIMI,4S4WMAGDXT3411241,,"$46,368.00 ",$0.00 ,"$46,368.00 ",2/6/2026,$0.00 ,$0.00 ,"$46,368.00 ","$46,368.00 ",$0.00 ,$0.00 ,$0.00 ,$0.00 ,$0.00 ,$147.27 ,$0.00 ,$0.00 ,$0.00 ,$147.27 ,$147.27 ,"$38,088.00 "
"3535 West Loop 820 South  Fort Worth, TX 76116",Subaru,Auto - Subaru Plant (Floorplan-New) - East,2/6/2026,411263,2/6/2026,9/6/2027,2026 Subaru ASCENTSUVLIMI,Automobile,ASCENTSUVLIMI,4S4WMAGD9T3411263,,"$46,368.00 ",$0.00 ,"$46,368.00 ",2/6/2026,$0.00 ,$0.00 ,"$46,368.00 ","$46,368.00 ",$0.00 ,$0.00 ,$0.00 ,$0.00 ,$0.00 ,$147.27 ,$0.00 ,$0.00 ,$0.00 ,$147.27 ,$147.27 ,"$38,088.00 "
"3535 West Loop 820 South  Fort Worth, TX 76116",Subaru,Auto - Subaru Plant (Floorplan-New) - East,2/24/2026,411461,2/24/2026,9/24/2027,2026 Subaru ASCENTSUVONYX,Automobile,ASCENTSUVONYX,4S4WMALD5T3411461,,"$50,593.00 ",$0.00 ,"$50,593.00 ",2/24/2026,$0.00 ,$0.00 ,"$50,593.00 ","$50,593.00 ",$0.00 ,$0.00 ,$0.00 ,$0.00 ,$0.00 ,$34.93 ,$0.00 ,$0.00 ,$0.00 ,$34.93 ,$34.93 ,"$9,034.46 "
"3535 West Loop 820 South  Fort Worth, TX 76116",Subaru,Auto - Subaru Plant (Floorplan-New) - East,2/20/2026,412800,2/20/2026,9/20/2027,2026 Subaru ASCENTSUVPREM,Automobile,ASCENTSUVPREM,4S4WMABD4T3412800,,"$40,536.00 ",$0.00 ,"$40,536.00 ",2/20/2026,$0.00 ,$0.00 ,"$40,536.00 ","$40,536.00 ",$0.00 ,$0.00 ,$0.00 ,$0.00 ,$0.00 ,$50.38 ,$0.00 ,$0.00 ,$0.00 ,$50.38 ,$50.38 ,"$13,029.43 "
"3535 West Loop 820 South  Fort Worth, TX 76116",Subaru,Auto - Subaru Plant (Floorplan-New) - East,2/26/2026,412933,2/26/2026,9/26/2027,2026 Subaru ASCENTSUVTOUR,Automobile,ASCENTSUVTOUR,4S4WMAKD1T3412933,,"$50,405.00 ",$0.00 ,"$50,405.00 ",2/26/2026,$0.00 ,$0.00 ,"$50,405.00 ","$50,405.00 ",$0.00 ,$0.00 ,$0.00 ,$0.00 ,$0.00 ,$20.88 ,$0.00 ,$0.00 ,$0.00 ,$20.88 ,$20.88 ,"$5,400.54 "
"3535 West Loop 820 South  Fort Worth, TX 76116",Subaru,Auto - Subaru Plant (Floorplan-New) - East,2/20/2026,413015,2/20/2026,9/20/2027,2026 Subaru ASCENTSUVONYX,Automobile,ASCENTSUVONYX,4S4WMALD3T3413015,,"$50,593.00 ",$0.00 ,"$50,593.00 ",2/20/2026,$0.00 ,$0.00 ,"$50,593.00 ","$50,593.00 ",$0.00 ,$0.00 ,$0.00 ,$0.00 ,$0.00 ,$62.88 ,$0.00 ,$0.00 ,$0.00 ,$62.88 ,$62.88 ,"$16,262.04 "
"3535 West Loop 820 South  Fort Worth, TX 76116",Subaru,Auto - Subaru Plant (Floorplan-New) - East,2/26/2026,413058,2/26/2026,9/26/2027,2026 Subaru ASCENTSUVONYX,Automobile,ASCENTSUVONYX,4S4WMALDXT3413058,,"$50,593.00 ",$0.00 ,"$50,593.00 ",2/26/2026,$0.00 ,$0.00 ,"$50,593.00 ","$50,593.00 ",$0.00 ,$0.00 ,$0.00 ,$0.00 ,$0.00 ,$20.96 ,$0.00 ,$0.00 ,$0.00 ,$20.96 ,$20.96 ,"$5,420.68 "
"3535 West Loop 820 South  Fort Worth, TX 76116",Subaru,Auto - Subaru Plant (Floorplan-New) - East,2/26/2026,413118,2/26/2026,9/26/2027,2026 Subaru ASCENTSUVONYX,Automobile,ASCENTSUVONYX,4S4WMALD2T3413118,,"$50,593.00 ",$0.00 ,"$50,593.00 ",2/26/2026,$0.00 ,$0.00 ,"$50,593.00 ","$50,593.00 ",$0.00 ,$0.00 ,$0.00 ,$0.00 ,$0.00 ,$20.96 ,$0.00 ,$0.00 ,$0.00 ,$20.96 ,$20.96 ,"$5,420.68 "
"3535 West Loop 820 South  Fort Worth, TX 76116",Subaru,Auto - Subaru Plant (Floorplan-New) - East,11/25/2025,427487,11/25/2025,6/25/2027,2025 Subaru FORESTERSUVLI,Automobile,FORESTERSUVLI,JF2SLSRD7SH427487,R4404,"$37,828.00 ","$37,828.00 ",$0.00 ,,$0.00 ,$0.00 ,$0.00 ,"$37,828.00 ",$0.00 ,$0.00 ,$0.00 ,$0.00 ,$0.00 ,$146.29 ,$0.00 ,$0.00 ,$0.00 ,$146.29 ,$511.14 ,"$37,828.00 "
"3535 West Loop 820 South  Fort Worth, TX 76116",Subaru,Auto - Subaru Plant (Floorplan-New) - East,10/22/2025,432467,10/22/2025,5/22/2027,2025 Subaru ASCENTSUVONYX,Automobile,ASCENTSUVONYX,4S4WMAWD9S3432467,R4215,"$47,623.00 ","$47,623.00 ",$0.00 ,,$0.00 ,$0.00 ,$0.00 ,"$47,623.00 ",$0.00 ,$0.00 ,$0.00 ,$0.00 ,$0.00 ,$184.17 ,$0.00 ,$0.00 ,$0.00 ,$184.17 ,$883.54 ,"$47,623.00 "
"3535 West Loop 820 South  Fort Worth, TX 76116",Subaru,Auto - Subaru Plant (Floorplan-New) - East,10/20/2025,435019,10/20/2025,5/20/2027,2025 Subaru FORESTERSUVLI,Automobile,FORESTERSUVLI,JF2SLSRD3SH435019,R4565,"$40,709.00 ","$40,709.00 ",$0.00 ,,"($40,709.00)",$0.00 ,"($40,709.00)",$0.00 ,$0.00 ,$0.00 ,$0.00 ,$0.00 ,$0.00 ,$95.60 ,$0.00 ,$0.00 ,$0.00 ,$95.60 ,$705.71 ,"$24,716.18 "
"3535 West Loop 820 South  Fort Worth, TX 76116",Subaru,Auto - Subaru Plant (Floorplan-New) - East,11/25/2025,435256,11/25/2025,6/25/2027,2025 Subaru ASCENTSUVTOUR,Automobile,ASCENTSUVTOUR,4S4WMAUD7S3435256,,"$46,633.00 ","$46,633.00 ",$0.00 ,,$0.00 ,$0.00 ,$0.00 ,"$46,633.00 ",$0.00 ,$0.00 ,$0.00 ,$0.00 ,$0.00 ,$180.35 ,$0.00 ,$0.00 ,$0.00 ,$180.35 ,$630.12 ,"$46,633.00 "
"3535 West Loop 820 South  Fort Worth, TX 76116",Subaru,Auto - Subaru Plant (Floorplan-New) - East,11/7/2025,437615,11/7/2025,6/7/2027,2025 Subaru FORESTERSUVLI,Automobile,FORESTERSUVLI,JF2SLSRD7SH437615,R4621,"$40,236.00 ","$40,236.00 ",$0.00 ,,"($40,236.00)",$0.00 ,"($40,236.00)",$0.00 ,$0.00 ,$0.00 ,$0.00 ,$0.00 ,$0.00 ,$122.27 ,$0.00 ,$0.00 ,$0.00 ,$122.27 ,$616.64 ,"$31,614.00 "
"3535 West Loop 820 South  Fort Worth, TX 76116",Subaru,Auto - Subaru Plant (Floorplan-New) - East,11/6/2025,437762,11/6/2025,6/6/2027,2025 Subaru FORESTERSUVLI,Automobile,FORESTERSUVLI,JF2SLSRD9SH437762,R4604,"$40,611.00 ","$40,611.00 ",$0.00 ,,"($40,611.00)",$0.00 ,"($40,611.00)",$0.00 ,$0.00 ,$0.00 ,$0.00 ,$0.00 ,$0.00 ,$95.37 ,$0.00 ,$0.00 ,$0.00 ,$95.37 ,$600.32 ,"$24,656.68 "
"3535 West Loop 820 South  Fort Worth, TX 76116",Subaru,Auto - Subaru Plant (Floorplan-New) - East,12/22/2025,439473,12/22/2025,7/22/2027,2025 Subaru ASCENTSUVONYX,Automobile,ASCENTSUVONYX,4S4WMAFD6S3439473,,"$40,196.00 ","$40,196.00 ",$0.00 ,,$0.00 ,$0.00 ,$0.00 ,"$40,196.00 ",$0.00 ,$0.00 ,$0.00 ,$0.00 ,$0.00 ,$155.45 ,$0.00 ,$0.00 ,$0.00 ,$155.45 ,$386.46 ,"$40,196.00 "
"3535 West Loop 820 South  Fort Worth, TX 76116",Subaru,Auto - Subaru Plant (Floorplan-New) - East,11/25/2025,439709,11/25/2025,6/25/2027,2025 Subaru ASCENTSUVONYX,Automobile,ASCENTSUVONYX,4S4WMAWD9S3439709,,"$47,576.00 ","$47,576.00 ",$0.00 ,,$0.00 ,$0.00 ,$0.00 ,"$47,576.00 ",$0.00 ,$0.00 ,$0.00 ,$0.00 ,$0.00 ,$184.00 ,$0.00 ,$0.00 ,$0.00 ,$184.00 ,$642.87 ,"$47,576.00 "
"3535 West Loop 820 South  Fort Worth, TX 76116",Subaru,Auto - Subaru Plant (Floorplan-New) - East,12/22/2025,440470,12/22/2025,7/22/2027,2025 Subaru ASCENTSUVBRON,Automobile,ASCENTSUVBRON,4S4WMARD0S3440470,,"$44,759.00 ","$44,759.00 ",$0.00 ,,$0.00 ,$0.00 ,$0.00 ,"$44,759.00 ",$0.00 ,$0.00 ,$0.00 ,$0.00 ,$0.00 ,$173.10 ,$0.00 ,$0.00 ,$0.00 ,$173.10 ,$430.32 ,"$44,759.00 "
"3535 West Loop 820 South  Fort Worth, TX 76116",Subaru,Auto - Subaru Plant (Floorplan-New) - East,11/21/2025,443775,11/21/2025,6/21/2027,2025 Subaru FORESTERSUVLI,Automobile,FORESTERSUVLI,JF2SLSRD4SH443775,R4660,"$40,236.00 ","$40,236.00 ",$0.00 ,,"($40,236.00)",$0.00 ,"($40,236.00)",$0.00 ,$0.00 ,$0.00 ,$0.00 ,$0.00 ,$0.00 ,$55.60 ,$0.00 ,$0.00 ,$0.00 ,$55.60 ,$467.29 ,"$14,370.00 "
"3535 West Loop 820 South  Fort Worth, TX 76116",Subaru,Auto - Subaru Plant (Floorplan-New) - East,1/2/2026,450475,1/2/2026,8/2/2027,2025 Subaru FORESTERSUVLI,Automobile,FORESTERSUVLI,JF2SLSRD5SH450475,,"$40,394.00 ","$40,394.00 ",$0.00 ,,$0.00 ,$0.00 ,$0.00 ,"$40,394.00 ",$0.00 ,$0.00 ,$0.00 ,$0.00 ,$0.00 ,$156.22 ,$0.00 ,$0.00 ,$0.00 ,$156.22 ,$324.51 ,"$40,394.00 "
"3535 West Loop 820 South  Fort Worth, TX 76116",Subaru,Auto - Subaru Plant (Floorplan-New) - East,1/6/2026,451250,1/6/2026,8/6/2027,2025 Subaru FORESTERSUVPR,Automobile,FORESTERSUVPR,JF2SLSED0SH451250,R4789,"$37,128.00 ","$37,128.00 ",$0.00 ,,"($37,128.00)",$0.00 ,"($37,128.00)",$0.00 ,$0.00 ,$0.00 ,$0.00 ,$0.00 ,$0.00 ,$25.67 ,$0.00 ,$0.00 ,$0.00 ,$25.67 ,$159.73 ,"$6,630.00 "
"3535 West Loop 820 South  Fort Worth, TX 76116",Subaru,Auto - Subaru Plant (Floorplan-New) - East,2/2/2026,451283,2/2/2026,9/2/2027,2025 Subaru FORESTERSUVLI,Automobile,FORESTERSUVLI,JF2SLSRD1SH451283,,"$37,879.00 ",$0.00 ,"$37,879.00 ",2/2/2026,$0.00 ,$0.00 ,"$37,879.00 ","$37,879.00 ",$0.00 ,$0.00 ,$0.00 ,$0.00 ,$0.00 ,$141.23 ,$0.00 ,$0.00 ,$0.00 ,$141.23 ,$141.23 ,"$36,526.18 "
"3535 West Loop 820 South  Fort Worth, TX 76116",Subaru,Auto - Subaru Plant (Floorplan-New) - East,12/24/2025,451283,12/24/2025,7/24/2027,2025 Subaru FORESTERSUVLI,Automobile,FORESTERSUVLI,JF2SLSRD1SH451283,,"$40,394.00 ","$40,394.00 ",$0.00 ,,$0.00 ,"($40,394.00)","($40,394.00)",$0.00 ,$0.00 ,$0.00 ,$0.00 ,$0.00 ,$0.00 ,$0.00 ,($11.22),$0.00 ,$0.00 ,$0.00 ,$209.30 ,$0.00 
"3535 West Loop 820 South  Fort Worth, TX 76116",Subaru,Auto - Subaru Plant (Floorplan-New) - East,1/20/2026,452673,1/20/2026,8/20/2027,2025 Subaru FORESTERSUVTO,Automobile,FORESTERSUVTO,JF2SLSTD7SH452673,R4860,"$42,630.00 ","$42,630.00 ",$0.00 ,,"($42,630.00)",$0.00 ,"($42,630.00)",$0.00 ,$0.00 ,$0.00 ,$0.00 ,$0.00 ,$0.00 ,$29.47 ,$0.00 ,$0.00 ,$0.00 ,$29.47 ,$100.51 ,"$7,612.50 "
"3535 West Loop 820 South  Fort Worth, TX 76116",Subaru,Auto - Subaru Plant (Floorplan-New) - East,1/16/2026,454500,1/16/2026,8/16/2027,2025 Subaru FORESTERSUVLI,Automobile,FORESTERSUVLI,JF2SLSRD9SH454500,R4847,"$39,989.00 ","$39,989.00 ",$0.00 ,,"($39,989.00)",$0.00 ,"($39,989.00)",$0.00 ,$0.00 ,$0.00 ,$0.00 ,$0.00 ,$0.00 ,$11.07 ,$0.00 ,$0.00 ,$0.00 ,$11.07 ,$99.93 ,"$2,856.36 "
"3535 West Loop 820 South  Fort Worth, TX 76116",Subaru,Auto - Subaru Plant (Floorplan-New) - East,1/26/2026,455396,1/26/2026,8/26/2027,2025 Subaru FORESTERSUVTO,Automobile,FORESTERSUVTO,JF2SLSTD0SH455396,R4877,"$42,261.00 ","$42,261.00 ",$0.00 ,,"($42,261.00)",$0.00 ,"($42,261.00)",$0.00 ,$0.00 ,$0.00 ,$0.00 ,$0.00 ,$0.00 ,$17.54 ,$0.00 ,$0.00 ,$0.00 ,$17.54 ,$52.75 ,"$4,527.96 "
"3535 West Loop 820 South  Fort Worth, TX 76116",Subaru,Auto - Subaru Plant (Floorplan-New) - East,1/26/2026,455483,1/26/2026,8/26/2027,2025 Subaru FORESTERSUVSP,Automobile,FORESTERSUVSP,JF2SLSJD2SH455483,R4895,"$38,993.00 ","$38,993.00 ",$0.00 ,,"($38,993.00)",$0.00 ,"($38,993.00)",$0.00 ,$0.00 ,$0.00 ,$0.00 ,$0.00 ,$0.00 ,$91.57 ,$0.00 ,$0.00 ,$0.00 ,$91.57 ,$124.06 ,"$23,674.32 "
"3535 West Loop 820 South  Fort Worth, TX 76116",Subaru,Auto - Subaru Plant (Floorplan-New) - East,1/26/2026,455809,1/26/2026,8/26/2027,2025 Subaru FORESTERSUVPR,Automobile,FORESTERSUVPR,JF2SLSED3SH455809,R4893,"$36,534.00 ","$36,534.00 ",$0.00 ,,"($36,534.00)",$0.00 ,"($36,534.00)",$0.00 ,$0.00 ,$0.00 ,$0.00 ,$0.00 ,$0.00 ,$10.12 ,$0.00 ,$0.00 ,$0.00 ,$10.12 ,$40.56 ,"$2,609.57 "
"3535 West Loop 820 South  Fort Worth, TX 76116",Subaru,Auto - Subaru Plant (Floorplan-New) - East,1/26/2026,456017,1/26/2026,8/26/2027,2025 Subaru FORESTERSUVLI,Automobile,FORESTERSUVLI,JF2SLSRD5SH456017,R4879,"$40,090.00 ","$40,090.00 ",$0.00 ,,"($40,090.00)",$0.00 ,"($40,090.00)",$0.00 ,$0.00 ,$0.00 ,$0.00 ,$0.00 ,$0.00 ,$94.15 ,$0.00 ,$0.00 ,$0.00 ,$94.15 ,$127.55 ,"$24,340.36 "
"3535 West Loop 820 South  Fort Worth, TX 76116",Subaru,Auto - Subaru Plant (Floorplan-New) - East,1/20/2026,456204,1/20/2026,8/20/2027,2025 Subaru FORESTERSUVTO,Automobile,FORESTERSUVTO,JF2SLSTD3SH456204,R4864,"$42,731.00 ","$42,731.00 ",$0.00 ,,"($42,731.00)",$0.00 ,"($42,731.00)",$0.00 ,$0.00 ,$0.00 ,$0.00 ,$0.00 ,$0.00 ,$70.84 ,$0.00 ,$0.00 ,$0.00 ,$70.84 ,$142.05 ,"$18,313.29 "
"3535 West Loop 820 South  Fort Worth, TX 76116",Subaru,Auto - Subaru Plant (Floorplan-New) - East,1/6/2026,457446,1/6/2026,8/6/2027,2026 Subaru OUTBACKWAGONL,Automobile,OUTBACKWAGONL,JF2BUPDD7TY457446,R4792,"$41,735.00 ","$41,735.00 ",$0.00 ,,"($41,735.00)",$0.00 ,"($41,735.00)",$0.00 ,$0.00 ,$0.00 ,$0.00 ,$0.00 ,$0.00 ,$11.56 ,$0.00 ,$0.00 ,$0.00 ,$11.56 ,$162.25 ,"$2,981.07 "
"3535 West Loop 820 South  Fort Worth, TX 76116",Subaru,Auto - Subaru Plant (Floorplan-New) - East,12/24/2025,457602,12/24/2025,7/24/2027,2026 Subaru OUTBACKWAGONL,Automobile,OUTBACKWAGONL,JF2BURGD7TY457602,R4757,"$44,488.00 ","$44,488.00 ",$0.00 ,,"($44,488.00)",$0.00 ,"($44,488.00)",$0.00 ,$0.00 ,$0.00 ,$0.00 ,$0.00 ,$0.00 ,$153.62 ,$0.00 ,$0.00 ,$0.00 ,$153.62 ,$396.50 ,"$39,721.43 "
"3535 West Loop 820 South  Fort Worth, TX 76116",Subaru,Auto - Subaru Plant (Floorplan-New) - East,1/26/2026,458310,1/26/2026,8/26/2027,2026 Subaru OUTBACKWAGONL,Automobile,OUTBACKWAGONL,JF2BUPDD9TY458310,,"$38,542.00 ","$38,542.00 ",$0.00 ,,$0.00 ,$0.00 ,$0.00 ,"$38,542.00 ",$0.00 ,$0.00 ,$0.00 ,$0.00 ,$0.00 ,$149.05 ,$0.00 ,$0.00 ,$0.00 ,$149.05 ,$181.17 ,"$38,542.00 "
"3535 West Loop 820 South  Fort Worth, TX 76116",Subaru,Auto - Subaru Plant (Floorplan-New) - East,1/2/2026,461843,1/2/2026,8/2/2027,2026 Subaru OUTBACKWAGONL,Automobile,OUTBACKWAGONL,JF2BURGD5TY461843,R4769,"$44,488.00 ","$44,488.00 ",$0.00 ,,"($44,488.00)",$0.00 ,"($44,488.00)",$0.00 ,$0.00 ,$0.00 ,$0.00 ,$0.00 ,$0.00 ,$104.47 ,$0.00 ,$0.00 ,$0.00 ,$104.47 ,$289.82 ,"$27,010.57 "
"3535 West Loop 820 South  Fort Worth, TX 76116",Subaru,Auto - Subaru Plant (Floorplan-New) - East,12/24/2025,462215,12/24/2025,7/24/2027,2026 Subaru OUTBACKWAGONL,Automobile,OUTBACKWAGONL,JF2BURGD3TY462215,R4745,"$44,863.00 ","$44,863.00 ",$0.00 ,,"($44,863.00)",$0.00 ,"($44,863.00)",$0.00 ,$0.00 ,$0.00 ,$0.00 ,$0.00 ,$0.00 ,$154.91 ,$0.00 ,$0.00 ,$0.00 ,$154.91 ,$399.84 ,"$40,056.25 "
"3535 West Loop 820 South  Fort Worth, TX 76116",Subaru,Auto - Subaru Plant (Floorplan-New) - East,1/26/2026,462560,1/26/2026,8/26/2027,2026 Subaru OUTBACKWAGONT,Automobile,OUTBACKWAGONT,JF2BURJD8TY462560,,"$43,817.00 ","$43,817.00 ",$0.00 ,,$0.00 ,$0.00 ,$0.00 ,"$43,817.00 ",$0.00 ,$0.00 ,$0.00 ,$0.00 ,$0.00 ,$169.46 ,$0.00 ,$0.00 ,$0.00 ,$169.46 ,$205.97 ,"$43,817.00 "
"3535 West Loop 820 South  Fort Worth, TX 76116",Subaru,Auto - Subaru Plant (Floorplan-New) - East,1/16/2026,469641,1/16/2026,8/16/2027,2026 Subaru OUTBACKWAGONT,Automobile,OUTBACKWAGONT,JF2BURJDXTY469641,R4851,"$47,077.00 ","$47,077.00 ",$0.00 ,,"($47,077.00)",$0.00 ,"($47,077.00)",$0.00 ,$0.00 ,$0.00 ,$0.00 ,$0.00 ,$0.00 ,$169.06 ,$0.00 ,$0.00 ,$0.00 ,$169.06 ,$273.67 ,"$43,714.36 "
"3535 West Loop 820 South  Fort Worth, TX 76116",Subaru,Auto - Subaru Plant (Floorplan-New) - East,1/14/2026,469890,1/14/2026,8/14/2027,2026 Subaru OUTBACKWAGONL,Automobile,OUTBACKWAGONL,JF2BUPDD9TY469890,R4842,"$41,624.00 ","$41,624.00 ",$0.00 ,,"($41,624.00)",$0.00 ,"($41,624.00)",$0.00 ,$0.00 ,$0.00 ,$0.00 ,$0.00 ,$0.00 ,$11.53 ,$0.00 ,$0.00 ,$0.00 ,$11.53 ,$115.58 ,"$2,973.14 "
"3535 West Loop 820 South  Fort Worth, TX 76116",Subaru,Auto - Subaru Plant (Floorplan-New) - East,1/26/2026,470165,1/26/2026,8/26/2027,2026 Subaru OUTBACKWAGONL,Automobile,OUTBACKWAGONL,JF2BURGDXTY470165,,"$43,749.00 ","$43,749.00 ",$0.00 ,,$0.00 ,$0.00 ,$0.00 ,"$43,749.00 ",$0.00 ,$0.00 ,$0.00 ,$0.00 ,$0.00 ,$169.20 ,$0.00 ,$0.00 ,$0.00 ,$169.20 ,$205.65 ,"$43,749.00 "
"3535 West Loop 820 South  Fort Worth, TX 76116",Subaru,Auto - Subaru Plant (Floorplan-New) - East,1/20/2026,470299,1/20/2026,8/20/2027,2026 Subaru OUTBACKWAGONT,Automobile,OUTBACKWAGONT,JF2BURJD8TY470299,R4863,"$47,077.00 ","$47,077.00 ",$0.00 ,,"($47,077.00)",$0.00 ,"($47,077.00)",$0.00 ,$0.00 ,$0.00 ,$0.00 ,$0.00 ,$0.00 ,$65.05 ,$0.00 ,$0.00 ,$0.00 ,$65.05 ,$143.50 ,"$16,813.21 "
"3535 West Loop 820 South  Fort Worth, TX 76116",Subaru,Auto - Subaru Plant (Floorplan-New) - East,1/21/2026,470519,1/21/2026,8/21/2027,2026 Subaru OUTBACKWAGONT,Automobile,OUTBACKWAGONT,JF2BURJD7TY470519,R4870,"$47,077.00 ","$47,077.00 ",$0.00 ,,"($47,077.00)",$0.00 ,"($47,077.00)",$0.00 ,$0.00 ,$0.00 ,$0.00 ,$0.00 ,$0.00 ,$149.56 ,$0.00 ,$0.00 ,$0.00 ,$149.56 ,$221.48 ,"$38,670.39 "
"3535 West Loop 820 South  Fort Worth, TX 76116",Subaru,Auto - Subaru Plant (Floorplan-New) - East,1/16/2026,471222,1/16/2026,8/16/2027,2026 Subaru OUTBACKWAGONP,Automobile,OUTBACKWAGONP,JF2BUPBD7TY471222,R4854,"$36,490.00 ","$36,490.00 ",$0.00 ,,"($36,490.00)",$0.00 ,"($36,490.00)",$0.00 ,$0.00 ,$0.00 ,$0.00 ,$0.00 ,$0.00 ,$10.11 ,$0.00 ,$0.00 ,$0.00 ,$10.11 ,$91.19 ,"$2,606.43 "
"3535 West Loop 820 South  Fort Worth, TX 76116",Subaru,Auto - Subaru Plant (Floorplan-New) - East,1/16/2026,471407,1/16/2026,8/16/2027,2026 Subaru OUTBACKWAGONP,Automobile,OUTBACKWAGONP,JF2BUPBD8TY471407,,"$37,153.00 ","$37,153.00 ",$0.00 ,,$0.00 ,$0.00 ,$0.00 ,"$37,153.00 ",$0.00 ,$0.00 ,$0.00 ,$0.00 ,$0.00 ,$143.68 ,$0.00 ,$0.00 ,$0.00 ,$143.68 ,$226.23 ,"$37,153.00 "
"3535 West Loop 820 South  Fort Worth, TX 76116",Subaru,Auto - Subaru Plant (Floorplan-New) - East,1/20/2026,471521,1/20/2026,8/20/2027,2026 Subaru OUTBACKWAGONL,Automobile,OUTBACKWAGONL,JF2BUPDDXTY471521,,"$41,999.00 ","$41,999.00 ",$0.00 ,,$0.00 ,$0.00 ,$0.00 ,"$41,999.00 ",$0.00 ,$0.00 ,$0.00 ,$0.00 ,$0.00 ,$162.42 ,$0.00 ,$0.00 ,$0.00 ,$162.42 ,$232.41 ,"$41,999.00 "
"3535 West Loop 820 South  Fort Worth, TX 76116",Subaru,Auto - Subaru Plant (Floorplan-New) - East,1/14/2026,471564,1/14/2026,8/14/2027,2026 Subaru OUTBACKWAGONP,Automobile,OUTBACKWAGONP,JF2BUPBD2TY471564,,"$37,153.00 ","$37,153.00 ",$0.00 ,,$0.00 ,$0.00 ,$0.00 ,"$37,153.00 ",$0.00 ,$0.00 ,$0.00 ,$0.00 ,$0.00 ,$143.68 ,$0.00 ,$0.00 ,$0.00 ,$143.68 ,$236.55 ,"$37,153.00 "
"3535 West Loop 820 South  Fort Worth, TX 76116",Subaru,Auto - Subaru Plant (Floorplan-New) - East,1/14/2026,471833,1/14/2026,8/14/2027,2026 Subaru OUTBACKWAGONT,Automobile,OUTBACKWAGONT,JF2BUPED9TY471833,R4843,"$44,480.00 ","$44,480.00 ",$0.00 ,,"($44,480.00)",$0.00 ,"($44,480.00)",$0.00 ,$0.00 ,$0.00 ,$0.00 ,$0.00 ,$0.00 ,$24.61 ,$0.00 ,$0.00 ,$0.00 ,$24.61 ,$135.80 ,"$6,354.29 "
"3535 West Loop 820 South  Fort Worth, TX 76116",Subaru,Auto - Subaru Plant (Floorplan-New) - East,1/21/2026,471938,1/21/2026,8/21/2027,2026 Subaru OUTBACKWAGONT,Automobile,OUTBACKWAGONT,JF2BURJDXTY471938,R4871,"$47,452.00 ","$47,452.00 ",$0.00 ,,"($47,452.00)",$0.00 ,"($47,452.00)",$0.00 ,$0.00 ,$0.00 ,$0.00 ,$0.00 ,$0.00 ,$72.12 ,$0.00 ,$0.00 ,$0.00 ,$72.12 ,$144.61 ,"$18,641.86 "
"3535 West Loop 820 South  Fort Worth, TX 76116",Subaru,Auto - Subaru Plant (Floorplan-New) - East,1/20/2026,471962,1/20/2026,8/20/2027,2026 Subaru OUTBACKWAGONP,Automobile,OUTBACKWAGONP,JF2BUPBD3TY471962,R4857,"$37,356.00 ","$37,356.00 ",$0.00 ,,"($37,356.00)",$0.00 ,"($37,356.00)",$0.00 ,$0.00 ,$0.00 ,$0.00 ,$0.00 ,$0.00 ,$92.89 ,$0.00 ,$0.00 ,$0.00 ,$92.89 ,$155.14 ,"$24,014.57 "
"3535 West Loop 820 South  Fort Worth, TX 76116",Subaru,Auto - Subaru Plant (Floorplan-New) - East,1/16/2026,472089,1/16/2026,8/16/2027,2026 Subaru OUTBACKWAGONP,Automobile,OUTBACKWAGONP,JF2BUPBD3TY472089,,"$37,153.00 ","$37,153.00 ",$0.00 ,,$0.00 ,$0.00 ,$0.00 ,"$37,153.00 ",$0.00 ,$0.00 ,$0.00 ,$0.00 ,$0.00 ,$143.68 ,$0.00 ,$0.00 ,$0.00 ,$143.68 ,$226.23 ,"$37,153.00 "
"3535 West Loop 820 South  Fort Worth, TX 76116",Subaru,Auto - Subaru Plant (Floorplan-New) - East,1/14/2026,472338,1/14/2026,8/14/2027,2026 Subaru OUTBACKWAGONT,Automobile,OUTBACKWAGONT,JF2BUPED4TY472338,R4840,"$44,855.00 ","$44,855.00 ",$0.00 ,,"($44,855.00)",$0.00 ,"($44,855.00)",$0.00 ,$0.00 ,$0.00 ,$0.00 ,$0.00 ,$0.00 ,$117.72 ,$0.00 ,$0.00 ,$0.00 ,$117.72 ,$229.85 ,"$30,437.32 "
"3535 West Loop 820 South  Fort Worth, TX 76116",Subaru,Auto - Subaru Plant (Floorplan-New) - East,1/14/2026,472457,1/14/2026,8/14/2027,2026 Subaru OUTBACKWAGONT,Automobile,OUTBACKWAGONT,JF2BURJDXTY472457,R4841,"$47,077.00 ","$47,077.00 ",$0.00 ,,"($47,077.00)",$0.00 ,"($47,077.00)",$0.00 ,$0.00 ,$0.00 ,$0.00 ,$0.00 ,$0.00 ,$143.06 ,$0.00 ,$0.00 ,$0.00 ,$143.06 ,$260.74 ,"$36,989.07 "
"3535 West Loop 820 South  Fort Worth, TX 76116",Subaru,Auto - Subaru Plant (Floorplan-New) - East,1/16/2026,472611,1/16/2026,8/16/2027,2026 Subaru OUTBACKWAGONP,Automobile,OUTBACKWAGONP,JF2BUPBD1TY472611,,"$37,153.00 ","$37,153.00 ",$0.00 ,,$0.00 ,$0.00 ,$0.00 ,"$37,153.00 ",$0.00 ,$0.00 ,$0.00 ,$0.00 ,$0.00 ,$143.68 ,$0.00 ,$0.00 ,$0.00 ,$143.68 ,$226.23 ,"$37,153.00 "
"3535 West Loop 820 South  Fort Worth, TX 76116",Subaru,Auto - Subaru Plant (Floorplan-New) - East,2/2/2026,472900,2/2/2026,9/2/2027,2026 Subaru OUTBACKWAGONP,Automobile,OUTBACKWAGONP,JF2BUPBD8TY472900,,"$37,153.00 ",$0.00 ,"$37,153.00 ",2/2/2026,$0.00 ,$0.00 ,"$37,153.00 ","$37,153.00 ",$0.00 ,$0.00 ,$0.00 ,$0.00 ,$0.00 ,$138.52 ,$0.00 ,$0.00 ,$0.00 ,$138.52 ,$138.52 ,"$35,826.11 "
"3535 West Loop 820 South  Fort Worth, TX 76116",Subaru,Auto - Subaru Plant (Floorplan-New) - East,2/2/2026,472994,2/2/2026,9/2/2027,2026 Subaru OUTBACKWAGONP,Automobile,OUTBACKWAGONP,JF2BUPBDXTY472994,,"$37,153.00 ",$0.00 ,"$37,153.00 ",2/2/2026,$0.00 ,$0.00 ,"$37,153.00 ","$37,153.00 ",$0.00 ,$0.00 ,$0.00 ,$0.00 ,$0.00 ,$138.52 ,$0.00 ,$0.00 ,$0.00 ,$138.52 ,$138.52 ,"$35,826.11 "
"3535 West Loop 820 South  Fort Worth, TX 76116",Subaru,Auto - Subaru Plant (Floorplan-New) - East,2/9/2026,473559,2/9/2026,9/9/2027,2026 Subaru OUTBACKWAGONP,Automobile,OUTBACKWAGONP,JF2BUPAD6TY473559,,"$35,436.00 ",$0.00 ,"$35,436.00 ",2/9/2026,$0.00 ,$0.00 ,"$35,436.00 ","$35,436.00 ",$0.00 ,$0.00 ,$0.00 ,$0.00 ,$0.00 ,$97.87 ,$0.00 ,$0.00 ,$0.00 ,$97.87 ,$97.87 ,"$25,311.43 "
"3535 West Loop 820 South  Fort Worth, TX 76116",Subaru,Auto - Subaru Plant (Floorplan-New) - East,2/2/2026,473662,2/2/2026,9/2/2027,2026 Subaru OUTBACKWAGONL,Automobile,OUTBACKWAGONL,JF2BUPDD5TY473662,,"$41,624.00 ",$0.00 ,"$41,624.00 ",2/2/2026,$0.00 ,$0.00 ,"$41,624.00 ","$41,624.00 ",$0.00 ,$0.00 ,$0.00 ,$0.00 ,$0.00 ,$155.19 ,$0.00 ,$0.00 ,$0.00 ,$155.19 ,$155.19 ,"$40,137.43 "
"3535 West Loop 820 South  Fort Worth, TX 76116",Subaru,Auto - Subaru Plant (Floorplan-New) - East,1/26/2026,473737,1/26/2026,8/26/2027,2026 Subaru OUTBACKWAGONP,Automobile,OUTBACKWAGONP,JF2BUPBD6TY473737,,"$37,153.00 ","$37,153.00 ",$0.00 ,,$0.00 ,$0.00 ,$0.00 ,"$37,153.00 ",$0.00 ,$0.00 ,$0.00 ,$0.00 ,$0.00 ,$143.68 ,$0.00 ,$0.00 ,$0.00 ,$143.68 ,$174.64 ,"$37,153.00 "
"3535 West Loop 820 South  Fort Worth, TX 76116",Subaru,Auto - Subaru Plant (Floorplan-New) - East,1/21/2026,473967,1/21/2026,8/21/2027,2026 Subaru OUTBACKWAGONL,Automobile,OUTBACKWAGONL,JF2BURGD6TY473967,,"$43,749.00 ","$43,749.00 ",$0.00 ,,$0.00 ,$0.00 ,$0.00 ,"$43,749.00 ",$0.00 ,$0.00 ,$0.00 ,$0.00 ,$0.00 ,$169.20 ,$0.00 ,$0.00 ,$0.00 ,$169.20 ,$236.03 ,"$43,749.00 "
"3535 West Loop 820 South  Fort Worth, TX 76116",Subaru,Auto - Subaru Plant (Floorplan-New) - East,1/16/2026,474067,1/16/2026,8/16/2027,2026 Subaru OUTBACKWAGONP,Automobile,OUTBACKWAGONP,JF2BUPAD1TY474067,,"$35,464.00 ","$35,464.00 ",$0.00 ,,$0.00 ,$0.00 ,$0.00 ,"$35,464.00 ",$0.00 ,$0.00 ,$0.00 ,$0.00 ,$0.00 ,$137.16 ,$0.00 ,$0.00 ,$0.00 ,$137.16 ,$215.96 ,"$35,464.00 "
"3535 West Loop 820 South  Fort Worth, TX 76116",Subaru,Auto - Subaru Plant (Floorplan-New) - East,1/21/2026,474076,1/21/2026,8/21/2027,2026 Subaru OUTBACKWAGONL,Automobile,OUTBACKWAGONL,JF2BUPDD8TY474076,,"$41,999.00 ","$41,999.00 ",$0.00 ,,$0.00 ,$0.00 ,$0.00 ,"$41,999.00 ",$0.00 ,$0.00 ,$0.00 ,$0.00 ,$0.00 ,$162.42 ,$0.00 ,$0.00 ,$0.00 ,$162.42 ,$226.58 ,"$41,999.00 "
"3535 West Loop 820 South  Fort Worth, TX 76116",Subaru,Auto - Subaru Plant (Floorplan-New) - East,2/2/2026,474458,2/2/2026,9/2/2027,2026 Subaru OUTBACKWAGONP,Automobile,OUTBACKWAGONP,JF2BUPBD7TY474458,,"$37,153.00 ",$0.00 ,"$37,153.00 ",2/2/2026,$0.00 ,$0.00 ,"$37,153.00 ","$37,153.00 ",$0.00 ,$0.00 ,$0.00 ,$0.00 ,$0.00 ,$138.52 ,$0.00 ,$0.00 ,$0.00 ,$138.52 ,$138.52 ,"$35,826.11 "
"3535 West Loop 820 South  Fort Worth, TX 76116",Subaru,Auto - Subaru Plant (Floorplan-New) - East,1/26/2026,475324,1/26/2026,8/26/2027,2026 Subaru OUTBACKWAGONL,Automobile,OUTBACKWAGONL,JF2BUPDD6TY475324,,"$41,624.00 ","$41,624.00 ",$0.00 ,,$0.00 ,$0.00 ,$0.00 ,"$41,624.00 ",$0.00 ,$0.00 ,$0.00 ,$0.00 ,$0.00 ,$160.97 ,$0.00 ,$0.00 ,$0.00 ,$160.97 ,$195.65 ,"$41,624.00 "
"3535 West Loop 820 South  Fort Worth, TX 76116",Subaru,Auto - Subaru Plant (Floorplan-New) - East,2/2/2026,477416,2/2/2026,9/2/2027,2026 Subaru OUTBACKWAGONP,Automobile,OUTBACKWAGONP,JF2BUPBD6TY477416,,"$37,153.00 ",$0.00 ,"$37,153.00 ",2/2/2026,$0.00 ,$0.00 ,"$37,153.00 ","$37,153.00 ",$0.00 ,$0.00 ,$0.00 ,$0.00 ,$0.00 ,$138.52 ,$0.00 ,$0.00 ,$0.00 ,$138.52 ,$138.52 ,"$35,826.11 "
"3535 West Loop 820 South  Fort Worth, TX 76116",Subaru,Auto - Subaru Plant (Floorplan-New) - East,2/17/2026,477548,2/17/2026,9/17/2027,2026 Subaru OUTBACKWAGONW,Automobile,OUTBACKWAGONW,JF2BURMD0TY477548,R4952,"$47,891.00 ",$0.00 ,"$47,891.00 ",2/17/2026,"($47,891.00)",$0.00 ,$0.00 ,$0.00 ,$0.00 ,$0.00 ,$0.00 ,$0.00 ,$0.00 ,$6.61 ,$0.00 ,$0.00 ,$0.00 ,$6.61 ,$6.61 ,"$1,710.39 "
"3535 West Loop 820 South  Fort Worth, TX 76116",Subaru,Auto - Subaru Plant (Floorplan-New) - East,1/20/2026,477843,1/20/2026,8/20/2027,2026 Subaru OUTBACKWAGONL,Automobile,OUTBACKWAGONL,JF2BUPDD7TY477843,,"$41,624.00 ","$41,624.00 ",$0.00 ,,$0.00 ,$0.00 ,$0.00 ,"$41,624.00 ",$0.00 ,$0.00 ,$0.00 ,$0.00 ,$0.00 ,$160.97 ,$0.00 ,$0.00 ,$0.00 ,$160.97 ,$230.34 ,"$41,624.00 "
"3535 West Loop 820 South  Fort Worth, TX 76116",Subaru,Auto - Subaru Plant (Floorplan-New) - East,2/2/2026,477905,2/2/2026,9/2/2027,2026 Subaru OUTBACKWAGONW,Automobile,OUTBACKWAGONW,JF2BURKD5TY477905,R4911,"$44,481.00 ",$0.00 ,"$44,481.00 ",2/2/2026,"($44,481.00)",$0.00 ,$0.00 ,$0.00 ,$0.00 ,$0.00 ,$0.00 ,$0.00 ,$0.00 ,$18.43 ,$0.00 ,$0.00 ,$0.00 ,$18.43 ,$18.43 ,"$4,765.82 "
"3535 West Loop 820 South  Fort Worth, TX 76116",Subaru,Auto - Subaru Plant (Floorplan-New) - East,2/25/2026,483726,2/25/2026,9/25/2027,2026 Subaru OUTBACKWAGONP,Automobile,OUTBACKWAGONP,JF2BUPBD7TY483726,,"$37,418.00 ",$0.00 ,"$37,418.00 ",2/25/2026,$0.00 ,$0.00 ,"$37,418.00 ","$37,418.00 ",$0.00 ,$0.00 ,$0.00 ,$0.00 ,$0.00 ,$20.67 ,$0.00 ,$0.00 ,$0.00 ,$20.67 ,$20.67 ,"$5,345.43 "
"3535 West Loop 820 South  Fort Worth, TX 76116",Subaru,Auto - Subaru Plant (Floorplan-New) - East,2/24/2026,483760,2/24/2026,9/24/2027,2026 Subaru OUTBACKWAGONP,Automobile,OUTBACKWAGONP,JF2BUPAD5TY483760,R4986,"$35,526.00 ",$0.00 ,"$35,526.00 ",2/24/2026,"($35,526.00)",$0.00 ,$0.00 ,$0.00 ,$0.00 ,$0.00 ,$0.00 ,$0.00 ,$0.00 ,$9.81 ,$0.00 ,$0.00 ,$0.00 ,$9.81 ,$9.81 ,"$2,537.57 "
"3535 West Loop 820 South  Fort Worth, TX 76116",Subaru,Auto - Subaru Plant (Floorplan-New) - East,2/17/2026,483928,2/17/2026,9/17/2027,2026 Subaru OUTBACKWAGONT,Automobile,OUTBACKWAGONT,JF2BUPED3TY483928,R4953,"$44,831.00 ",$0.00 ,"$44,831.00 ",2/17/2026,"($44,831.00)",$0.00 ,$0.00 ,$0.00 ,$0.00 ,$0.00 ,$0.00 ,$0.00 ,$0.00 ,$6.19 ,$0.00 ,$0.00 ,$0.00 ,$6.19 ,$6.19 ,"$1,601.11 "
"3535 West Loop 820 South  Fort Worth, TX 76116",Subaru,Auto - Subaru Plant (Floorplan-New) - East,2/24/2026,484028,2/24/2026,9/24/2027,2026 Subaru OUTBACKWAGONL,Automobile,OUTBACKWAGONL,JF2BURGD4TY484028,R4993,"$43,650.00 ",$0.00 ,"$43,650.00 ",2/24/2026,"($43,650.00)",$0.00 ,$0.00 ,$0.00 ,$0.00 ,$0.00 ,$0.00 ,$0.00 ,$0.00 ,$18.08 ,$0.00 ,$0.00 ,$0.00 ,$18.08 ,$18.08 ,"$4,676.79 "
"3535 West Loop 820 South  Fort Worth, TX 76116",Subaru,Auto - Subaru Plant (Floorplan-New) - East,2/25/2026,484051,2/25/2026,9/25/2027,2026 Subaru OUTBACKWAGONP,Automobile,OUTBACKWAGONP,JF2BUPAD3TY484051,,"$35,129.00 ",$0.00 ,"$35,129.00 ",2/25/2026,$0.00 ,$0.00 ,"$35,129.00 ","$35,129.00 ",$0.00 ,$0.00 ,$0.00 ,$0.00 ,$0.00 ,$19.40 ,$0.00 ,$0.00 ,$0.00 ,$19.40 ,$19.40 ,"$5,018.43 "
"3535 West Loop 820 South  Fort Worth, TX 76116",Subaru,Auto - Subaru Plant (Floorplan-New) - East,2/11/2026,484088,2/11/2026,9/11/2027,2026 Subaru OUTBACKWAGONL,Automobile,OUTBACKWAGONL,JF2BUPDDXTY484088,,"$40,724.00 ",$0.00 ,"$40,724.00 ",2/11/2026,$0.00 ,$0.00 ,"$40,724.00 ","$40,724.00 ",$0.00 ,$0.00 ,$0.00 ,$0.00 ,$0.00 ,$101.23 ,$0.00 ,$0.00 ,$0.00 ,$101.23 ,$101.23 ,"$26,179.71 "
"3535 West Loop 820 South  Fort Worth, TX 76116",Subaru,Auto - Subaru Plant (Floorplan-New) - East,2/11/2026,484261,2/11/2026,9/11/2027,2026 Subaru OUTBACKWAGONL,Automobile,OUTBACKWAGONL,JF2BUPDD9TY484261,,"$40,724.00 ",$0.00 ,"$40,724.00 ",2/11/2026,$0.00 ,$0.00 ,"$40,724.00 ","$40,724.00 ",$0.00 ,$0.00 ,$0.00 ,$0.00 ,$0.00 ,$101.23 ,$0.00 ,$0.00 ,$0.00 ,$101.23 ,$101.23 ,"$26,179.71 "
"3535 West Loop 820 South  Fort Worth, TX 76116",Subaru,Auto - Subaru Plant (Floorplan-New) - East,2/24/2026,484381,2/24/2026,9/24/2027,2026 Subaru OUTBACKWAGONL,Automobile,OUTBACKWAGONL,JF2BURGD9TY484381,,"$43,650.00 ",$0.00 ,"$43,650.00 ",2/24/2026,$0.00 ,$0.00 ,"$43,650.00 ","$43,650.00 ",$0.00 ,$0.00 ,$0.00 ,$0.00 ,$0.00 ,$30.14 ,$0.00 ,$0.00 ,$0.00 ,$30.14 ,$30.14 ,"$7,794.64 "
"3535 West Loop 820 South  Fort Worth, TX 76116",Subaru,Auto - Subaru Plant (Floorplan-New) - East,2/26/2026,484414,2/26/2026,9/26/2027,2026 Subaru OUTBACKWAGONL,Automobile,OUTBACKWAGONL,JF2BURGD9TY484414,,"$44,025.00 ",$0.00 ,"$44,025.00 ",2/26/2026,$0.00 ,$0.00 ,"$44,025.00 ","$44,025.00 ",$0.00 ,$0.00 ,$0.00 ,$0.00 ,$0.00 ,$18.24 ,$0.00 ,$0.00 ,$0.00 ,$18.24 ,$18.24 ,"$4,716.96 "
"3535 West Loop 820 South  Fort Worth, TX 76116",Subaru,Auto - Subaru Plant (Floorplan-New) - East,2/11/2026,484849,2/11/2026,9/11/2027,2026 Subaru OUTBACKWAGONL,Automobile,OUTBACKWAGONL,JF2BUPDDXTY484849,,"$41,099.00 ",$0.00 ,"$41,099.00 ",2/11/2026,$0.00 ,$0.00 ,"$41,099.00 ","$41,099.00 ",$0.00 ,$0.00 ,$0.00 ,$0.00 ,$0.00 ,$102.16 ,$0.00 ,$0.00 ,$0.00 ,$102.16 ,$102.16 ,"$26,420.79 "
"3535 West Loop 820 South  Fort Worth, TX 76116",Subaru,Auto - Subaru Plant (Floorplan-New) - East,2/26/2026,484976,2/26/2026,9/26/2027,2026 Subaru OUTBACKWAGONP,Automobile,OUTBACKWAGONP,JF2BUPBD2TY484976,,"$37,418.00 ",$0.00 ,"$37,418.00 ",2/26/2026,$0.00 ,$0.00 ,"$37,418.00 ","$37,418.00 ",$0.00 ,$0.00 ,$0.00 ,$0.00 ,$0.00 ,$15.50 ,$0.00 ,$0.00 ,$0.00 ,$15.50 ,$15.50 ,"$4,009.07 "
"3535 West Loop 820 South  Fort Worth, TX 76116",Subaru,Auto - Subaru Plant (Floorplan-New) - East,2/24/2026,485113,2/24/2026,9/24/2027,2026 Subaru OUTBACKWAGONP,Automobile,OUTBACKWAGONP,JF2BUPBD6TY485113,,"$37,418.00 ",$0.00 ,"$37,418.00 ",2/24/2026,$0.00 ,$0.00 ,"$37,418.00 ","$37,418.00 ",$0.00 ,$0.00 ,$0.00 ,$0.00 ,$0.00 ,$25.84 ,$0.00 ,$0.00 ,$0.00 ,$25.84 ,$25.84 ,"$6,681.79 "
"3535 West Loop 820 South  Fort Worth, TX 76116",Subaru,Auto - Subaru Plant (Floorplan-New) - East,2/24/2026,485145,2/24/2026,9/24/2027,2026 Subaru OUTBACKWAGONP,Automobile,OUTBACKWAGONP,JF2BUPBD8TY485145,,"$37,418.00 ",$0.00 ,"$37,418.00 ",2/24/2026,$0.00 ,$0.00 ,"$37,418.00 ","$37,418.00 ",$0.00 ,$0.00 ,$0.00 ,$0.00 ,$0.00 ,$25.84 ,$0.00 ,$0.00 ,$0.00 ,$25.84 ,$25.84 ,"$6,681.79 "
"3535 West Loop 820 South  Fort Worth, TX 76116",Subaru,Auto - Subaru Plant (Floorplan-New) - East,2/18/2026,486533,2/18/2026,9/18/2027,2026 Subaru OUTBACKWAGONW,Automobile,OUTBACKWAGONW,JF2BURMDXTY486533,R4962,"$47,990.00 ",$0.00 ,"$47,990.00 ",2/18/2026,"($47,990.00)",$0.00 ,$0.00 ,$0.00 ,$0.00 ,$0.00 ,$0.00 ,$0.00 ,$0.00 ,$6.63 ,$0.00 ,$0.00 ,$0.00 ,$6.63 ,$6.63 ,"$1,713.93 "
"3535 West Loop 820 South  Fort Worth, TX 76116",Subaru,Auto - Subaru Plant (Floorplan-New) - East,2/17/2026,486805,2/17/2026,9/17/2027,2026 Subaru OUTBACKWAGONW,Automobile,OUTBACKWAGONW,JF2BURLD4TY486805,R4948,"$46,285.00 ",$0.00 ,"$46,285.00 ",2/17/2026,"($46,285.00)",$0.00 ,$0.00 ,$0.00 ,$0.00 ,$0.00 ,$0.00 ,$0.00 ,$0.00 ,$12.78 ,$0.00 ,$0.00 ,$0.00 ,$12.78 ,$12.78 ,"$3,306.07 "
"3535 West Loop 820 South  Fort Worth, TX 76116",Subaru,Auto - Subaru Plant (Floorplan-New) - East,2/24/2026,487229,2/24/2026,9/24/2027,2026 Subaru OUTBACKWAGONL,Automobile,OUTBACKWAGONL,JF2BURGD7TY487229,,"$43,650.00 ",$0.00 ,"$43,650.00 ",2/24/2026,$0.00 ,$0.00 ,"$43,650.00 ","$43,650.00 ",$0.00 ,$0.00 ,$0.00 ,$0.00 ,$0.00 ,$30.14 ,$0.00 ,$0.00 ,$0.00 ,$30.14 ,$30.14 ,"$7,794.64 "
"3535 West Loop 820 South  Fort Worth, TX 76116",Subaru,Auto - Subaru Plant (Floorplan-New) - East,2/24/2026,487254,2/24/2026,9/24/2027,2026 Subaru OUTBACKWAGONL,Automobile,OUTBACKWAGONL,JF2BURGD6TY487254,,"$43,650.00 ",$0.00 ,"$43,650.00 ",2/24/2026,$0.00 ,$0.00 ,"$43,650.00 ","$43,650.00 ",$0.00 ,$0.00 ,$0.00 ,$0.00 ,$0.00 ,$30.14 ,$0.00 ,$0.00 ,$0.00 ,$30.14 ,$30.14 ,"$7,794.64 "
"3535 West Loop 820 South  Fort Worth, TX 76116",Subaru,Auto - Subaru Plant (Floorplan-New) - East,2/11/2026,487295,2/11/2026,9/11/2027,2026 Subaru OUTBACKWAGONL,Automobile,OUTBACKWAGONL,JF2BUPDD8TY487295,,"$40,724.00 ",$0.00 ,"$40,724.00 ",2/11/2026,$0.00 ,$0.00 ,"$40,724.00 ","$40,724.00 ",$0.00 ,$0.00 ,$0.00 ,$0.00 ,$0.00 ,$101.23 ,$0.00 ,$0.00 ,$0.00 ,$101.23 ,$101.23 ,"$26,179.71 "
"3535 West Loop 820 South  Fort Worth, TX 76116",Subaru,Auto - Subaru Plant (Floorplan-New) - East,2/11/2026,487547,2/11/2026,9/11/2027,2026 Subaru OUTBACKWAGONL,Automobile,OUTBACKWAGONL,JF2BUPDD9TY487547,,"$40,724.00 ",$0.00 ,"$40,724.00 ",2/11/2026,$0.00 ,$0.00 ,"$40,724.00 ","$40,724.00 ",$0.00 ,$0.00 ,$0.00 ,$0.00 ,$0.00 ,$101.23 ,$0.00 ,$0.00 ,$0.00 ,$101.23 ,$101.23 ,"$26,179.71 "
"3535 West Loop 820 South  Fort Worth, TX 76116",Subaru,Auto - Subaru Plant (Floorplan-New) - East,2/17/2026,487559,2/17/2026,9/17/2027,2026 Subaru OUTBACKWAGONW,Automobile,OUTBACKWAGONW,JF2BURKD7TY487559,R4949,"$44,955.00 ",$0.00 ,"$44,955.00 ",2/17/2026,"($44,955.00)",$0.00 ,$0.00 ,$0.00 ,$0.00 ,$0.00 ,$0.00 ,$0.00 ,$0.00 ,$55.87 ,$0.00 ,$0.00 ,$0.00 ,$55.87 ,$55.87 ,"$14,449.82 "
"3535 West Loop 820 South  Fort Worth, TX 76116",Subaru,Auto - Subaru Plant (Floorplan-New) - East,2/11/2026,487797,2/11/2026,9/11/2027,2026 Subaru OUTBACKWAGONL,Automobile,OUTBACKWAGONL,JF2BUPDDXTY487797,,"$41,099.00 ",$0.00 ,"$41,099.00 ",2/11/2026,$0.00 ,$0.00 ,"$41,099.00 ","$41,099.00 ",$0.00 ,$0.00 ,$0.00 ,$0.00 ,$0.00 ,$102.16 ,$0.00 ,$0.00 ,$0.00 ,$102.16 ,$102.16 ,"$26,420.79 "
"3535 West Loop 820 South  Fort Worth, TX 76116",Subaru,Auto - Subaru Plant (Floorplan-New) - East,2/25/2026,487944,2/25/2026,9/25/2027,2026 Subaru OUTBACKWAGONP,Automobile,OUTBACKWAGONP,JF2BUPAD2TY487944,R4982,"$35,901.00 ",$0.00 ,"$35,901.00 ",2/25/2026,"($35,901.00)",$0.00 ,$0.00 ,$0.00 ,$0.00 ,$0.00 ,$0.00 ,$0.00 ,$0.00 ,$4.96 ,$0.00 ,$0.00 ,$0.00 ,$4.96 ,$4.96 ,"$1,282.18 "
"3535 West Loop 820 South  Fort Worth, TX 76116",Subaru,Auto - Subaru Plant (Floorplan-New) - East,2/11/2026,487953,2/11/2026,9/11/2027,2026 Subaru OUTBACKWAGONL,Automobile,OUTBACKWAGONL,JF2BUPDD9TY487953,,"$40,724.00 ",$0.00 ,"$40,724.00 ",2/11/2026,$0.00 ,$0.00 ,"$40,724.00 ","$40,724.00 ",$0.00 ,$0.00 ,$0.00 ,$0.00 ,$0.00 ,$101.23 ,$0.00 ,$0.00 ,$0.00 ,$101.23 ,$101.23 ,"$26,179.71 "
"3535 West Loop 820 South  Fort Worth, TX 76116",Subaru,Auto - Subaru Plant (Floorplan-New) - East,2/25/2026,491294,2/25/2026,9/25/2027,2026 Subaru OUTBACKWAGONP,Automobile,OUTBACKWAGONP,JF2BUPAD9TY491294,,"$35,901.00 ",$0.00 ,"$35,901.00 ",2/25/2026,$0.00 ,$0.00 ,"$35,901.00 ","$35,901.00 ",$0.00 ,$0.00 ,$0.00 ,$0.00 ,$0.00 ,$19.83 ,$0.00 ,$0.00 ,$0.00 ,$19.83 ,$19.83 ,"$5,128.71 "
"3535 West Loop 820 South  Fort Worth, TX 76116",Subaru,Auto - Subaru Plant (Floorplan-New) - East,2/24/2026,491694,2/24/2026,9/24/2027,2026 Subaru OUTBACKWAGONL,Automobile,OUTBACKWAGONL,JF2BUPDD9TY491694,,"$40,724.00 ",$0.00 ,"$40,724.00 ",2/24/2026,$0.00 ,$0.00 ,"$40,724.00 ","$40,724.00 ",$0.00 ,$0.00 ,$0.00 ,$0.00 ,$0.00 ,$28.12 ,$0.00 ,$0.00 ,$0.00 ,$28.12 ,$28.12 ,"$7,272.14 "
"3535 West Loop 820 South  Fort Worth, TX 76116",Subaru,Auto - Subaru Plant (Floorplan-New) - East,2/25/2026,491703,2/25/2026,9/25/2027,2026 Subaru OUTBACKWAGONW,Automobile,OUTBACKWAGONW,JF2BURKD8TY491703,,"$44,580.00 ",$0.00 ,"$44,580.00 ",2/25/2026,$0.00 ,$0.00 ,"$44,580.00 ","$44,580.00 ",$0.00 ,$0.00 ,$0.00 ,$0.00 ,$0.00 ,$24.62 ,$0.00 ,$0.00 ,$0.00 ,$24.62 ,$24.62 ,"$6,368.57 "
"3535 West Loop 820 South  Fort Worth, TX 76116",Subaru,Auto - Subaru Plant (Floorplan-New) - East,9/24/2025,580305,9/24/2025,4/24/2027,2025 Subaru FORESTERSUVTO,Automobile,FORESTERSUVTO,JF2SLDTC0SH580305,R4121,"$38,542.00 ","$38,542.00 ",$0.00 ,,"($38,542.00)",$0.00 ,"($38,542.00)",$0.00 ,$0.00 ,$0.00 ,$0.00 ,$0.00 ,$0.00 ,$63.90 ,$0.00 ,$0.00 ,$0.00 ,$63.90 ,$793.92 ,"$16,518.00 "
"3535 West Loop 820 South  Fort Worth, TX 76116",Subaru,Auto - Subaru Plant (Floorplan-New) - East,9/24/2025,582759,9/24/2025,4/24/2027,2025 Subaru FORESTERSUVSP,Automobile,FORESTERSUVSP,JF2SLDHC4SH582759,R4141,"$35,779.00 ","$35,779.00 ",$0.00 ,,"($35,779.00)",$0.00 ,"($35,779.00)",$0.00 ,$0.00 ,$0.00 ,$0.00 ,$0.00 ,$0.00 ,$59.32 ,$0.00 ,$0.00 ,$0.00 ,$59.32 ,$736.98 ,"$15,333.86 "
"3535 West Loop 820 South  Fort Worth, TX 76116",Subaru,Auto - Subaru Plant (Floorplan-New) - East,11/25/2025,606029,11/25/2025,6/25/2027,2025 Subaru FORESTERSUVSP,Automobile,FORESTERSUVSP,JF2SLDFC8SH606029,R4550,"$33,892.00 ","$33,892.00 ",$0.00 ,,$0.00 ,$0.00 ,$0.00 ,"$33,892.00 ",$0.00 ,$0.00 ,$0.00 ,$0.00 ,$0.00 ,$131.08 ,$0.00 ,$0.00 ,$0.00 ,$131.08 ,$457.96 ,"$33,892.00 "
"3535 West Loop 820 South  Fort Worth, TX 76116",Subaru,Auto - Subaru Plant (Floorplan-New) - East,11/21/2025,618506,11/21/2025,6/21/2027,2025 Subaru FORESTERSUVPR,Automobile,FORESTERSUVPR,JF2SLDBC2SH618506,R4659,"$33,502.00 ","$33,502.00 ",$0.00 ,,"($33,502.00)",$0.00 ,"($33,502.00)",$0.00 ,$0.00 ,$0.00 ,$0.00 ,$0.00 ,$0.00 ,$9.28 ,$0.00 ,$0.00 ,$0.00 ,$9.28 ,$352.07 ,"$2,393.00 "
"3535 West Loop 820 South  Fort Worth, TX 76116",Subaru,Auto - Subaru Plant (Floorplan-New) - East,2/26/2026,700827,2/26/2026,9/26/2027,2026 Subaru BRZ2 DOOR COU,Automobile,BRZ2 DOOR COU,JF1ZDBS17T9700827,,"$38,130.00 ",$0.00 ,"$38,130.00 ",2/26/2026,$0.00 ,$0.00 ,"$38,130.00 ","$38,130.00 ",$0.00 ,$0.00 ,$0.00 ,$0.00 ,$0.00 ,$15.80 ,$0.00 ,$0.00 ,$0.00 ,$15.80 ,$15.80 ,"$4,085.36 "
"3535 West Loop 820 South  Fort Worth, TX 76116",Subaru,Auto - Subaru Plant (Floorplan-New) - East,10/23/2025,701616,10/23/2025,5/23/2027,2026 Subaru CROSSTREK5 DO,Automobile,CROSSTREK5 DO,4S4GUHD65T3701616,R4572,"$30,338.00 ","$30,338.00 ",$0.00 ,,"($30,338.00)",$0.00 ,"($30,338.00)",$0.00 ,$0.00 ,$0.00 ,$0.00 ,$0.00 ,$0.00 ,$41.91 ,$0.00 ,$0.00 ,$0.00 ,$41.91 ,$482.86 ,"$10,835.00 "
"3535 West Loop 820 South  Fort Worth, TX 76116",Subaru,Auto - Subaru Plant (Floorplan-New) - East,10/15/2025,703504,10/15/2025,5/15/2027,2025 Subaru BRZ2 DOOR COU,Automobile,BRZ2 DOOR COU,JF1ZDBS10S9703504,R4549,"$38,770.00 ","$38,770.00 ",$0.00 ,,"($38,770.00)",$0.00 ,"($38,770.00)",$0.00 ,$0.00 ,$0.00 ,$0.00 ,$0.00 ,$0.00 ,$53.56 ,$0.00 ,$0.00 ,$0.00 ,$53.56 ,$663.88 ,"$13,846.43 "
"3535 West Loop 820 South  Fort Worth, TX 76116",Subaru,Auto - Subaru Plant (Floorplan-New) - East,11/3/2025,704821,11/3/2025,6/3/2027,2026 Subaru CROSSTREK5 DO,Automobile,CROSSTREK5 DO,4S4GUHF63T3704821,,"$29,240.00 ","$29,240.00 ",$0.00 ,,$0.00 ,$0.00 ,$0.00 ,"$29,240.00 ",$0.00 ,$0.00 ,$0.00 ,$0.00 ,$0.00 ,$113.08 ,$0.00 ,$0.00 ,$0.00 ,$113.08 ,$489.51 ,"$29,240.00 "
"3535 West Loop 820 South  Fort Worth, TX 76116",Subaru,Auto - Subaru Plant (Floorplan-New) - East,11/6/2025,704829,11/6/2025,6/6/2027,2026 Subaru CROSSTREK5 DO,Automobile,CROSSTREK5 DO,4S4GUHB60T3704829,,"$26,212.00 ","$26,212.00 ",$0.00 ,,$0.00 ,$0.00 ,$0.00 ,"$26,212.00 ",$0.00 ,$0.00 ,$0.00 ,$0.00 ,$0.00 ,$101.37 ,$0.00 ,$0.00 ,$0.00 ,$101.37 ,$427.29 ,"$26,212.00 "
"3535 West Loop 820 South  Fort Worth, TX 76116",Subaru,Auto - Subaru Plant (Floorplan-New) - East,10/29/2025,705052,10/29/2025,5/29/2027,2026 Subaru CROSSTREK5 DO,Automobile,CROSSTREK5 DO,4S4GUHU65T3705052,R4584,"$34,441.00 ","$34,441.00 ",$0.00 ,,$0.00 ,$0.00 ,$0.00 ,"$34,441.00 ",$0.00 ,$0.00 ,$0.00 ,$0.00 ,$0.00 ,$133.19 ,$0.00 ,$0.00 ,$0.00 ,$133.19 ,$602.58 ,"$34,441.00 "
"3535 West Loop 820 South  Fort Worth, TX 76116",Subaru,Auto - Subaru Plant (Floorplan-New) - East,11/7/2025,706804,11/7/2025,6/7/2027,2026 Subaru CROSSTREK5 DO,Automobile,CROSSTREK5 DO,4S4GUHD69T3706804,,"$28,429.00 ","$28,429.00 ",$0.00 ,,$0.00 ,$0.00 ,$0.00 ,"$28,429.00 ",$0.00 ,$0.00 ,$0.00 ,$0.00 ,$0.00 ,$109.95 ,$0.00 ,$0.00 ,$0.00 ,$109.95 ,$459.25 ,"$28,429.00 "
"3535 West Loop 820 South  Fort Worth, TX 76116",Subaru,Auto - Subaru Plant (Floorplan-New) - East,1/26/2026,706986,1/26/2026,8/26/2027,2026 Subaru CROSSTREK5 DO,Automobile,CROSSTREK5 DO,4S4GUHD68T3706986,,"$26,459.00 ","$26,459.00 ",$0.00 ,,$0.00 ,$0.00 ,$0.00 ,"$26,459.00 ",$0.00 ,$0.00 ,$0.00 ,$0.00 ,$0.00 ,$102.32 ,$0.00 ,$0.00 ,$0.00 ,$102.32 ,$124.37 ,"$26,459.00 "
"3535 West Loop 820 South  Fort Worth, TX 76116",Subaru,Auto - Subaru Plant (Floorplan-New) - East,11/12/2025,707202,11/12/2025,6/12/2027,2026 Subaru CROSSTREK5 DO,Automobile,CROSSTREK5 DO,4S4GUHD68T3707202,R4634,"$28,429.00 ","$28,429.00 ",$0.00 ,,"($28,429.00)",$0.00 ,"($28,429.00)",$0.00 ,$0.00 ,$0.00 ,$0.00 ,$0.00 ,$0.00 ,$31.43 ,$0.00 ,$0.00 ,$0.00 ,$31.43 ,$359.86 ,"$8,122.57 "
"3535 West Loop 820 South  Fort Worth, TX 76116",Subaru,Auto - Subaru Plant (Floorplan-New) - East,11/10/2025,707704,11/10/2025,6/10/2027,2026 Subaru CROSSTREK5 DO,Automobile,CROSSTREK5 DO,4S4GUHD6XT3707704,R4631,"$30,798.00 ","$30,798.00 ",$0.00 ,,$0.00 ,$0.00 ,$0.00 ,"$30,798.00 ",$0.00 ,$0.00 ,$0.00 ,$0.00 ,$0.00 ,$119.11 ,$0.00 ,$0.00 ,$0.00 ,$119.11 ,$483.96 ,"$30,798.00 "
"3535 West Loop 820 South  Fort Worth, TX 76116",Subaru,Auto - Subaru Plant (Floorplan-New) - East,12/5/2025,715844,12/5/2025,7/5/2027,2026 Subaru CROSSTREK5 DO,Automobile,CROSSTREK5 DO,4S4GUHL69T3715844,,"$33,107.00 ","$33,107.00 ",$0.00 ,,$0.00 ,$0.00 ,$0.00 ,"$33,107.00 ",$0.00 ,$0.00 ,$0.00 ,$0.00 ,$0.00 ,$128.04 ,$0.00 ,$0.00 ,$0.00 ,$128.04 ,$399.17 ,"$33,107.00 "
"3535 West Loop 820 South  Fort Worth, TX 76116",Subaru,Auto - Subaru Plant (Floorplan-New) - East,12/16/2025,717777,12/16/2025,7/16/2027,2026 Subaru CROSSTREK5 DO,Automobile,CROSSTREK5 DO,4S4GUHU6XT3717777,R4716,"$36,100.00 ","$36,100.00 ",$0.00 ,,"($36,100.00)",$0.00 ,"($36,100.00)",$0.00 ,$0.00 ,$0.00 ,$0.00 ,$0.00 ,$0.00 ,$10.00 ,$0.00 ,$0.00 ,$0.00 ,$10.00 ,$248.58 ,"$2,578.57 "
"3535 West Loop 820 South  Fort Worth, TX 76116",Subaru,Auto - Subaru Plant (Floorplan-New) - East,12/9/2025,717905,12/9/2025,7/9/2027,2026 Subaru CROSSTREK5 DO,Automobile,CROSSTREK5 DO,4S4GUHF68T3717905,,"$31,210.00 ","$31,210.00 ",$0.00 ,,$0.00 ,$0.00 ,$0.00 ,"$31,210.00 ",$0.00 ,$0.00 ,$0.00 ,$0.00 ,$0.00 ,$120.70 ,$0.00 ,$0.00 ,$0.00 ,$120.70 ,$358.35 ,"$31,210.00 "
"3535 West Loop 820 South  Fort Worth, TX 76116",Subaru,Auto - Subaru Plant (Floorplan-New) - East,1/2/2026,718836,1/2/2026,8/2/2027,2026 Subaru CROSSTREK5 DO,Automobile,CROSSTREK5 DO,4S4GUHF69T3718836,,"$31,210.00 ","$31,210.00 ",$0.00 ,,$0.00 ,$0.00 ,$0.00 ,"$31,210.00 ",$0.00 ,$0.00 ,$0.00 ,$0.00 ,$0.00 ,$120.70 ,$0.00 ,$0.00 ,$0.00 ,$120.70 ,$250.73 ,"$31,210.00 "
"3535 West Loop 820 South  Fort Worth, TX 76116",Subaru,Auto - Subaru Plant (Floorplan-New) - East,1/26/2026,719099,1/26/2026,8/26/2027,2026 Subaru CROSSTREK5 DO,Automobile,CROSSTREK5 DO,4S4GUHU62T3719099,,"$33,808.00 ","$33,808.00 ",$0.00 ,,$0.00 ,$0.00 ,$0.00 ,"$33,808.00 ",$0.00 ,$0.00 ,$0.00 ,$0.00 ,$0.00 ,$130.75 ,$0.00 ,$0.00 ,$0.00 ,$130.75 ,$158.92 ,"$33,808.00 "
"3535 West Loop 820 South  Fort Worth, TX 76116",Subaru,Auto - Subaru Plant (Floorplan-New) - East,12/22/2025,723124,12/22/2025,7/22/2027,2026 Subaru CROSSTREK5 DO,Automobile,CROSSTREK5 DO,4S4GUHF6XT3723124,,"$31,210.00 ","$31,210.00 ",$0.00 ,,$0.00 ,$0.00 ,$0.00 ,"$31,210.00 ",$0.00 ,$0.00 ,$0.00 ,$0.00 ,$0.00 ,$120.70 ,$0.00 ,$0.00 ,$0.00 ,$120.70 ,$300.05 ,"$31,210.00 "
"3535 West Loop 820 South  Fort Worth, TX 76116",Subaru,Auto - Subaru Plant (Floorplan-New) - East,7/24/2025,725800,7/24/2025,2/24/2027,2025 Subaru CROSSTREK5 DO,Automobile,CROSSTREK5 DO,4S4GUHM6XS3725800,R3754,"$31,386.00 ","$31,386.00 ",$0.00 ,,"($31,386.00)",$0.00 ,"($31,386.00)",$0.00 ,$0.00 ,$0.00 ,$0.00 ,$0.00 ,$0.00 ,$52.04 ,$0.00 ,$0.00 ,$0.00 ,$52.04 ,$950.53 ,"$13,451.14 "
"3535 West Loop 820 South  Fort Worth, TX 76116",Subaru,Auto - Subaru Plant (Floorplan-New) - East,1/9/2026,727019,1/9/2026,8/9/2027,2026 Subaru CROSSTREK5 DO,Automobile,CROSSTREK5 DO,4S4GUHD67T3727019,R4819,"$30,663.00 ","$30,663.00 ",$0.00 ,,"($30,663.00)",$0.00 ,"($30,663.00)",$0.00 ,$0.00 ,$0.00 ,$0.00 ,$0.00 ,$0.00 ,$8.49 ,$0.00 ,$0.00 ,$0.00 ,$8.49 ,$106.43 ,"$2,190.21 "
"3535 West Loop 820 South  Fort Worth, TX 76116",Subaru,Auto - Subaru Plant (Floorplan-New) - East,1/9/2026,727037,1/9/2026,8/9/2027,2026 Subaru CROSSTREK5 DO,Automobile,CROSSTREK5 DO,4S4GUHD69T3727037,R4820,"$30,663.00 ","$30,663.00 ",$0.00 ,,"($30,663.00)",$0.00 ,"($30,663.00)",$0.00 ,$0.00 ,$0.00 ,$0.00 ,$0.00 ,$0.00 ,$8.49 ,$0.00 ,$0.00 ,$0.00 ,$8.49 ,$106.43 ,"$2,190.21 "
"3535 West Loop 820 South  Fort Worth, TX 76116",Subaru,Auto - Subaru Plant (Floorplan-New) - East,1/9/2026,727044,1/9/2026,8/9/2027,2026 Subaru CROSSTREK5 DO,Automobile,CROSSTREK5 DO,4S4GUHD66T3727044,R4818,"$30,663.00 ","$30,663.00 ",$0.00 ,,"($30,663.00)",$0.00 ,"($30,663.00)",$0.00 ,$0.00 ,$0.00 ,$0.00 ,$0.00 ,$0.00 ,$72.01 ,$0.00 ,$0.00 ,$0.00 ,$72.01 ,$169.95 ,"$18,616.82 "
"3535 West Loop 820 South  Fort Worth, TX 76116",Subaru,Auto - Subaru Plant (Floorplan-New) - East,1/9/2026,727238,1/9/2026,8/9/2027,2026 Subaru CROSSTREK5 DO,Automobile,CROSSTREK5 DO,4S4GUHU68T3727238,R4822,"$36,192.00 ","$36,192.00 ",$0.00 ,,"($36,192.00)",$0.00 ,"($36,192.00)",$0.00 ,$0.00 ,$0.00 ,$0.00 ,$0.00 ,$0.00 ,$20.02 ,$0.00 ,$0.00 ,$0.00 ,$20.02 ,$135.62 ,"$5,170.29 "
"3535 West Loop 820 South  Fort Worth, TX 76116",Subaru,Auto - Subaru Plant (Floorplan-New) - East,1/12/2026,728177,1/12/2026,8/12/2027,2026 Subaru CROSSTREK5 DO,Automobile,CROSSTREK5 DO,4S4GUHD68T3728177,,"$27,971.00 ","$27,971.00 ",$0.00 ,,$0.00 ,$0.00 ,$0.00 ,"$27,971.00 ",$0.00 ,$0.00 ,$0.00 ,$0.00 ,$0.00 ,$108.17 ,$0.00 ,$0.00 ,$0.00 ,$108.17 ,$185.86 ,"$27,971.00 "
"3535 West Loop 820 South  Fort Worth, TX 76116",Subaru,Auto - Subaru Plant (Floorplan-New) - East,1/8/2026,728203,1/8/2026,8/8/2027,2026 Subaru CROSSTREK5 DO,Automobile,CROSSTREK5 DO,4S4GUHD65T3728203,R4800,"$28,669.00 ","$28,669.00 ",$0.00 ,,"($28,669.00)",$0.00 ,"($28,669.00)",$0.00 ,$0.00 ,$0.00 ,$0.00 ,$0.00 ,$0.00 ,$87.12 ,$0.00 ,$0.00 ,$0.00 ,$87.12 ,$182.67 ,"$22,525.64 "
"3535 West Loop 820 South  Fort Worth, TX 76116",Subaru,Auto - Subaru Plant (Floorplan-New) - East,1/9/2026,728251,1/9/2026,8/9/2027,2026 Subaru CROSSTREK5 DO,Automobile,CROSSTREK5 DO,4S4GUHD65T3728251,,"$28,669.00 ","$28,669.00 ",$0.00 ,,$0.00 ,$0.00 ,$0.00 ,"$28,669.00 ",$0.00 ,$0.00 ,$0.00 ,$0.00 ,$0.00 ,$110.87 ,$0.00 ,$0.00 ,$0.00 ,$110.87 ,$202.44 ,"$28,669.00 "
"3535 West Loop 820 South  Fort Worth, TX 76116",Subaru,Auto - Subaru Plant (Floorplan-New) - East,1/26/2026,730549,1/26/2026,8/26/2027,2026 Subaru CROSSTREK5 DO,Automobile,CROSSTREK5 DO,4S4GUHU67T3730549,R4882,"$36,567.00 ","$36,567.00 ",$0.00 ,,"($36,567.00)",$0.00 ,"($36,567.00)",$0.00 ,$0.00 ,$0.00 ,$0.00 ,$0.00 ,$0.00 ,$126.27 ,$0.00 ,$0.00 ,$0.00 ,$126.27 ,$156.74 ,"$32,649.11 "
"3535 West Loop 820 South  Fort Worth, TX 76116",Subaru,Auto - Subaru Plant (Floorplan-New) - East,1/26/2026,730606,1/26/2026,8/26/2027,2026 Subaru CROSSTREK5 DO,Automobile,CROSSTREK5 DO,4S4GUHD64T3730606,,"$28,669.00 ","$28,669.00 ",$0.00 ,,$0.00 ,$0.00 ,$0.00 ,"$28,669.00 ",$0.00 ,$0.00 ,$0.00 ,$0.00 ,$0.00 ,$110.87 ,$0.00 ,$0.00 ,$0.00 ,$110.87 ,$134.76 ,"$28,669.00 "
"3535 West Loop 820 South  Fort Worth, TX 76116",Subaru,Auto - Subaru Plant (Floorplan-New) - East,1/26/2026,730793,1/26/2026,8/26/2027,2026 Subaru CROSSTREK5 DO,Automobile,CROSSTREK5 DO,4S4GUHD67T3730793,,"$30,663.00 ","$30,663.00 ",$0.00 ,,$0.00 ,$0.00 ,$0.00 ,"$30,663.00 ",$0.00 ,$0.00 ,$0.00 ,$0.00 ,$0.00 ,$118.59 ,$0.00 ,$0.00 ,$0.00 ,$118.59 ,$144.14 ,"$30,663.00 "
"3535 West Loop 820 South  Fort Worth, TX 76116",Subaru,Auto - Subaru Plant (Floorplan-New) - East,1/21/2026,730797,1/21/2026,8/21/2027,2026 Subaru CROSSTREK5 DO,Automobile,CROSSTREK5 DO,4S4GUHB60T3730797,R4865,"$27,327.00 ","$27,327.00 ",$0.00 ,,"($27,327.00)",$0.00 ,"($27,327.00)",$0.00 ,$0.00 ,$0.00 ,$0.00 ,$0.00 ,$0.00 ,$86.82 ,$0.00 ,$0.00 ,$0.00 ,$86.82 ,$128.57 ,"$22,447.18 "
"3535 West Loop 820 South  Fort Worth, TX 76116",Subaru,Auto - Subaru Plant (Floorplan-New) - East,2/2/2026,730837,2/2/2026,9/2/2027,2026 Subaru CROSSTREK5 DO,Automobile,CROSSTREK5 DO,4S4GUHF65T3730837,R4915,"$31,213.00 ",$0.00 ,"$31,213.00 ",2/2/2026,"($31,213.00)",$0.00 ,$0.00 ,$0.00 ,$0.00 ,$0.00 ,$0.00 ,$0.00 ,$0.00 ,$38.79 ,$0.00 ,$0.00 ,$0.00 ,$38.79 ,$38.79 ,"$10,032.75 "
"3535 West Loop 820 South  Fort Worth, TX 76116",Subaru,Auto - Subaru Plant (Floorplan-New) - East,1/26/2026,730877,1/26/2026,8/26/2027,2026 Subaru CROSSTREK5 DO,Automobile,CROSSTREK5 DO,4S4GUHU62T3730877,R4898,"$36,192.00 ","$36,192.00 ",$0.00 ,,"($36,192.00)",$0.00 ,"($36,192.00)",$0.00 ,$0.00 ,$0.00 ,$0.00 ,$0.00 ,$0.00 ,$114.98 ,$0.00 ,$0.00 ,$0.00 ,$114.98 ,$145.14 ,"$29,729.14 "
"3535 West Loop 820 South  Fort Worth, TX 76116",Subaru,Auto - Subaru Plant (Floorplan-New) - East,1/26/2026,730965,1/26/2026,8/26/2027,2026 Subaru CROSSTREK5 DO,Automobile,CROSSTREK5 DO,4S4GUHD6XT3730965,R4880,"$31,038.00 ","$31,038.00 ",$0.00 ,,"($31,038.00)",$0.00 ,"($31,038.00)",$0.00 ,$0.00 ,$0.00 ,$0.00 ,$0.00 ,$0.00 ,$42.88 ,$0.00 ,$0.00 ,$0.00 ,$42.88 ,$68.74 ,"$11,085.00 "
"3535 West Loop 820 South  Fort Worth, TX 76116",Subaru,Auto - Subaru Plant (Floorplan-New) - East,1/26/2026,731046,1/26/2026,8/26/2027,2026 Subaru CROSSTREK5 DO,Automobile,CROSSTREK5 DO,4S4GUHB64T3731046,,"$27,327.00 ","$27,327.00 ",$0.00 ,,$0.00 ,$0.00 ,$0.00 ,"$27,327.00 ",$0.00 ,$0.00 ,$0.00 ,$0.00 ,$0.00 ,$105.69 ,$0.00 ,$0.00 ,$0.00 ,$105.69 ,$128.46 ,"$27,327.00 "
"3535 West Loop 820 South  Fort Worth, TX 76116",Subaru,Auto - Subaru Plant (Floorplan-New) - East,1/26/2026,731620,1/26/2026,8/26/2027,2026 Subaru CROSSTREK5 DO,Automobile,CROSSTREK5 DO,4S4GUHU63T3731620,R4883,"$36,192.00 ","$36,192.00 ",$0.00 ,,"($36,192.00)",$0.00 ,"($36,192.00)",$0.00 ,$0.00 ,$0.00 ,$0.00 ,$0.00 ,$0.00 ,$10.03 ,$0.00 ,$0.00 ,$0.00 ,$10.03 ,$40.19 ,"$2,585.14 "
"3535 West Loop 820 South  Fort Worth, TX 76116",Subaru,Auto - Subaru Plant (Floorplan-New) - East,2/2/2026,732971,2/2/2026,9/2/2027,2026 Subaru CROSSTREK5 DO,Automobile,CROSSTREK5 DO,4S4GUHU64T3732971,,"$36,192.00 ",$0.00 ,"$36,192.00 ",2/2/2026,$0.00 ,$0.00 ,"$36,192.00 ","$36,192.00 ",$0.00 ,$0.00 ,$0.00 ,$0.00 ,$0.00 ,$134.94 ,$0.00 ,$0.00 ,$0.00 ,$134.94 ,$134.94 ,"$34,899.43 "
"3535 West Loop 820 South  Fort Worth, TX 76116",Subaru,Auto - Subaru Plant (Floorplan-New) - East,2/20/2026,733016,2/20/2026,9/20/2027,2026 Subaru CROSSTREK5 DO,Automobile,CROSSTREK5 DO,4S4GUHF62T3733016,,"$31,213.00 ",$0.00 ,"$31,213.00 ",2/20/2026,$0.00 ,$0.00 ,"$31,213.00 ","$31,213.00 ",$0.00 ,$0.00 ,$0.00 ,$0.00 ,$0.00 ,$38.79 ,$0.00 ,$0.00 ,$0.00 ,$38.79 ,$38.79 ,"$10,032.75 "
"3535 West Loop 820 South  Fort Worth, TX 76116",Subaru,Auto - Subaru Plant (Floorplan-New) - East,1/26/2026,733071,1/26/2026,8/26/2027,2026 Subaru CROSSTREK5 DO,Automobile,CROSSTREK5 DO,4S4GUHU66T3733071,,"$36,192.00 ","$36,192.00 ",$0.00 ,,$0.00 ,$0.00 ,$0.00 ,"$36,192.00 ",$0.00 ,$0.00 ,$0.00 ,$0.00 ,$0.00 ,$139.97 ,$0.00 ,$0.00 ,$0.00 ,$139.97 ,$170.13 ,"$36,192.00 "
"3535 West Loop 820 South  Fort Worth, TX 76116",Subaru,Auto - Subaru Plant (Floorplan-New) - East,1/30/2026,735745,1/30/2026,8/30/2027,2026 Subaru CROSSTREK5 DO,Automobile,CROSSTREK5 DO,4S4GUHB66T3735745,,"$27,270.00 ","$27,270.00 ",$0.00 ,,$0.00 ,$0.00 ,$0.00 ,"$27,270.00 ",$0.00 ,$0.00 ,$0.00 ,$0.00 ,$0.00 ,$105.47 ,$0.00 ,$0.00 ,$0.00 ,$105.47 ,$113.04 ,"$27,270.00 "
"3535 West Loop 820 South  Fort Worth, TX 76116",Subaru,Auto - Subaru Plant (Floorplan-New) - East,1/30/2026,735807,1/30/2026,8/30/2027,2026 Subaru CROSSTREK5 DO,Automobile,CROSSTREK5 DO,4S4GUHD66T3735807,,"$28,891.00 ","$28,891.00 ",$0.00 ,,$0.00 ,$0.00 ,$0.00 ,"$28,891.00 ",$0.00 ,$0.00 ,$0.00 ,$0.00 ,$0.00 ,$111.73 ,$0.00 ,$0.00 ,$0.00 ,$111.73 ,$119.75 ,"$28,891.00 "
"3535 West Loop 820 South  Fort Worth, TX 76116",Subaru,Auto - Subaru Plant (Floorplan-New) - East,1/30/2026,735882,1/30/2026,8/30/2027,2026 Subaru CROSSTREK5 DO,Automobile,CROSSTREK5 DO,4S4GUHD69T3735882,R4903,"$29,266.00 ","$29,266.00 ",$0.00 ,,"($29,266.00)",$0.00 ,"($29,266.00)",$0.00 ,$0.00 ,$0.00 ,$0.00 ,$0.00 ,$0.00 ,$72.76 ,$0.00 ,$0.00 ,$0.00 ,$72.76 ,$80.89 ,"$18,813.86 "
"3535 West Loop 820 South  Fort Worth, TX 76116",Subaru,Auto - Subaru Plant (Floorplan-New) - East,2/12/2026,736067,2/12/2026,9/12/2027,2026 Subaru CROSSTREK5 DO,Automobile,CROSSTREK5 DO,4S4GUHD68T3736067,R4947,"$30,885.00 ",$0.00 ,"$30,885.00 ",2/12/2026,"($30,885.00)",$0.00 ,$0.00 ,$0.00 ,$0.00 ,$0.00 ,$0.00 ,$0.00 ,$0.00 ,$25.59 ,$0.00 ,$0.00 ,$0.00 ,$25.59 ,$25.59 ,"$6,618.21 "
"3535 West Loop 820 South  Fort Worth, TX 76116",Subaru,Auto - Subaru Plant (Floorplan-New) - East,2/6/2026,736112,2/6/2026,9/6/2027,2026 Subaru CROSSTREK5 DO,Automobile,CROSSTREK5 DO,4S4GUHD69T3736112,R4934,"$30,885.00 ",$0.00 ,"$30,885.00 ",2/6/2026,"($30,885.00)",$0.00 ,$0.00 ,$0.00 ,$0.00 ,$0.00 ,$0.00 ,$0.00 ,$0.00 ,$51.18 ,$0.00 ,$0.00 ,$0.00 ,$51.18 ,$51.18 ,"$13,236.43 "
"3535 West Loop 820 South  Fort Worth, TX 76116",Subaru,Auto - Subaru Plant (Floorplan-New) - East,2/6/2026,736117,2/6/2026,9/6/2027,2026 Subaru CROSSTREK5 DO,Automobile,CROSSTREK5 DO,4S4GUHD68T3736117,R4933,"$30,885.00 ",$0.00 ,"$30,885.00 ",2/6/2026,"($30,885.00)",$0.00 ,$0.00 ,$0.00 ,$0.00 ,$0.00 ,$0.00 ,$0.00 ,$0.00 ,$51.18 ,$0.00 ,$0.00 ,$0.00 ,$51.18 ,$51.18 ,"$13,236.43 "
"3535 West Loop 820 South  Fort Worth, TX 76116",Subaru,Auto - Subaru Plant (Floorplan-New) - East,2/27/2026,737469,2/27/2026,9/27/2027,2026 Subaru CROSSTREK5 DO,Automobile,CROSSTREK5 DO,4S4GUHL69T3737469,,"$32,718.00 ",$0.00 ,"$32,718.00 ",2/27/2026,$0.00 ,$0.00 ,"$32,718.00 ","$32,718.00 ",$0.00 ,$0.00 ,$0.00 ,$0.00 ,$0.00 ,$9.04 ,$0.00 ,$0.00 ,$0.00 ,$9.04 ,$9.04 ,"$2,337.00 "
"3535 West Loop 820 South  Fort Worth, TX 76116",Subaru,Auto - Subaru Plant (Floorplan-New) - East,2/9/2026,737495,2/9/2026,9/9/2027,2026 Subaru CROSSTREK5 DO,Automobile,CROSSTREK5 DO,4S4GUHL6XT3737495,R4928,"$32,718.00 ",$0.00 ,"$32,718.00 ",2/9/2026,"($32,718.00)",$0.00 ,$0.00 ,$0.00 ,$0.00 ,$0.00 ,$0.00 ,$0.00 ,$0.00 ,$67.77 ,$0.00 ,$0.00 ,$0.00 ,$67.77 ,$67.77 ,"$17,527.50 "
"3535 West Loop 820 South  Fort Worth, TX 76116",Subaru,Auto - Subaru Plant (Floorplan-New) - East,2/9/2026,737543,2/9/2026,9/9/2027,2026 Subaru CROSSTREK5 DO,Automobile,CROSSTREK5 DO,4S4GUHL66T3737543,,"$32,718.00 ",$0.00 ,"$32,718.00 ",2/9/2026,$0.00 ,$0.00 ,"$32,718.00 ","$32,718.00 ",$0.00 ,$0.00 ,$0.00 ,$0.00 ,$0.00 ,$90.36 ,$0.00 ,$0.00 ,$0.00 ,$90.36 ,$90.36 ,"$23,370.00 "
"3535 West Loop 820 South  Fort Worth, TX 76116",Subaru,Auto - Subaru Plant (Floorplan-New) - East,2/27/2026,737625,2/27/2026,9/27/2027,2026 Subaru CROSSTREK5 DO,Automobile,CROSSTREK5 DO,4S4GUHU6XT3737625,,"$35,567.00 ",$0.00 ,"$35,567.00 ",2/27/2026,$0.00 ,$0.00 ,"$35,567.00 ","$35,567.00 ",$0.00 ,$0.00 ,$0.00 ,$0.00 ,$0.00 ,$9.82 ,$0.00 ,$0.00 ,$0.00 ,$9.82 ,$9.82 ,"$2,540.50 "
"3535 West Loop 820 South  Fort Worth, TX 76116",Subaru,Auto - Subaru Plant (Floorplan-New) - East,2/20/2026,737799,2/20/2026,9/20/2027,2026 Subaru CROSSTREK5 DO,Automobile,CROSSTREK5 DO,4S4GUHL68T3737799,,"$33,093.00 ",$0.00 ,"$33,093.00 ",2/20/2026,$0.00 ,$0.00 ,"$33,093.00 ","$33,093.00 ",$0.00 ,$0.00 ,$0.00 ,$0.00 ,$0.00 ,$41.13 ,$0.00 ,$0.00 ,$0.00 ,$41.13 ,$41.13 ,"$10,637.04 "
"3535 West Loop 820 South  Fort Worth, TX 76116",Subaru,Auto - Subaru Plant (Floorplan-New) - East,2/27/2026,740224,2/27/2026,9/27/2027,2026 Subaru CROSSTREK5 DO,Automobile,CROSSTREK5 DO,4S4GUHD67T3740224,,"$30,885.00 ",$0.00 ,"$30,885.00 ",2/27/2026,$0.00 ,$0.00 ,"$30,885.00 ","$30,885.00 ",$0.00 ,$0.00 ,$0.00 ,$0.00 ,$0.00 ,$8.53 ,$0.00 ,$0.00 ,$0.00 ,$8.53 ,$8.53 ,"$2,206.07 "
"3535 West Loop 820 South  Fort Worth, TX 76116",Subaru,Auto - Subaru Plant (Floorplan-New) - East,2/20/2026,740790,2/20/2026,9/20/2027,2026 Subaru CROSSTREK5 DO,Automobile,CROSSTREK5 DO,4S4GUHD67T3740790,R4965,"$30,885.00 ",$0.00 ,"$30,885.00 ",2/20/2026,"($30,885.00)",$0.00 ,$0.00 ,$0.00 ,$0.00 ,$0.00 ,$0.00 ,$0.00 ,$0.00 ,$25.59 ,$0.00 ,$0.00 ,$0.00 ,$25.59 ,$25.59 ,"$6,618.21 "
"3535 West Loop 820 South  Fort Worth, TX 76116",Subaru,Auto - Subaru Plant (Floorplan-New) - East,2/20/2026,741004,2/20/2026,9/20/2027,2026 Subaru CROSSTREK5 DO,Automobile,CROSSTREK5 DO,4S4GUHD69T3741004,R4966,"$30,885.00 ",$0.00 ,"$30,885.00 ",2/20/2026,"($30,885.00)",$0.00 ,$0.00 ,$0.00 ,$0.00 ,$0.00 ,$0.00 ,$0.00 ,$0.00 ,$17.06 ,$0.00 ,$0.00 ,$0.00 ,$17.06 ,$17.06 ,"$4,412.14 "
"3535 West Loop 820 South  Fort Worth, TX 76116",Subaru,Auto - Subaru Plant (Floorplan-New) - East,2/25/2026,742471,2/25/2026,9/25/2027,2026 Subaru CROSSTREK5 DO,Automobile,CROSSTREK5 DO,4S4GUHB68T3742471,,"$27,270.00 ",$0.00 ,"$27,270.00 ",2/25/2026,$0.00 ,$0.00 ,"$27,270.00 ","$27,270.00 ",$0.00 ,$0.00 ,$0.00 ,$0.00 ,$0.00 ,$15.06 ,$0.00 ,$0.00 ,$0.00 ,$15.06 ,$15.06 ,"$3,895.71 "
"3535 West Loop 820 South  Fort Worth, TX 76116",Subaru,Auto - Subaru Plant (Floorplan-New) - East,2/25/2026,742748,2/25/2026,9/25/2027,2026 Subaru CROSSTREK5 DO,Automobile,CROSSTREK5 DO,4S4GUHD67T3742748,R4984,"$30,885.00 ",$0.00 ,"$30,885.00 ",2/25/2026,"($30,885.00)",$0.00 ,$0.00 ,$0.00 ,$0.00 ,$0.00 ,$0.00 ,$0.00 ,$0.00 ,$8.53 ,$0.00 ,$0.00 ,$0.00 ,$8.53 ,$8.53 ,"$2,206.07 "
"3535 West Loop 820 South  Fort Worth, TX 76116",Subaru,Auto - Subaru Plant (Floorplan-New) - East,2/27/2026,745196,2/27/2026,9/27/2027,2026 Subaru CROSSTREK5 DO,Automobile,CROSSTREK5 DO,4S4GUHD69T3745196,,"$30,516.00 ",$0.00 ,"$30,516.00 ",2/27/2026,$0.00 ,$0.00 ,"$30,516.00 ","$30,516.00 ",$0.00 ,$0.00 ,$0.00 ,$0.00 ,$0.00 ,$8.43 ,$0.00 ,$0.00 ,$0.00 ,$8.43 ,$8.43 ,"$2,179.71 "
"3535 West Loop 820 South  Fort Worth, TX 76116",Subaru,Auto - Subaru Plant (Floorplan-New) - East,2/27/2026,745294,2/27/2026,9/27/2027,2026 Subaru CROSSTREK5 DO,Automobile,CROSSTREK5 DO,4S4GUHD69T3745294,,"$30,516.00 ",$0.00 ,"$30,516.00 ",2/27/2026,$0.00 ,$0.00 ,"$30,516.00 ","$30,516.00 ",$0.00 ,$0.00 ,$0.00 ,$0.00 ,$0.00 ,$8.43 ,$0.00 ,$0.00 ,$0.00 ,$8.43 ,$8.43 ,"$2,179.71 "
"3535 West Loop 820 South  Fort Worth, TX 76116",Subaru,Auto - Subaru Plant (Floorplan-New) - East,2/27/2026,745537,2/27/2026,9/27/2027,2026 Subaru CROSSTREK5 DO,Automobile,CROSSTREK5 DO,4S4GUHL67T3745537,,"$33,108.00 ",$0.00 ,"$33,108.00 ",2/27/2026,$0.00 ,$0.00 ,"$33,108.00 ","$33,108.00 ",$0.00 ,$0.00 ,$0.00 ,$0.00 ,$0.00 ,$9.14 ,$0.00 ,$0.00 ,$0.00 ,$9.14 ,$9.14 ,"$2,364.86 "
"3535 West Loop 820 South  Fort Worth, TX 76116",Subaru,Auto - Subaru Plant (Floorplan-New) - East,9/24/2025,752418,9/24/2025,4/24/2027,2025 Subaru CROSSTREK5 DO,Automobile,CROSSTREK5 DO,4S4GUHF69S3752418,,"$28,927.00 ","$28,927.00 ",$0.00 ,,$0.00 ,$0.00 ,$0.00 ,"$28,927.00 ",$0.00 ,$0.00 ,$0.00 ,$0.00 ,$0.00 ,$111.87 ,$0.00 ,$0.00 ,$0.00 ,$111.87 ,$659.76 ,"$28,927.00 "
"3535 West Loop 820 South  Fort Worth, TX 76116",Subaru,Auto - Subaru Plant (Floorplan-New) - East,9/24/2025,755104,9/24/2025,4/24/2027,2025 Subaru CROSSTREK5 DO,Automobile,CROSSTREK5 DO,4S4GUHU68S3755104,R4117,"$33,505.00 ","$33,505.00 ",$0.00 ,,"($33,505.00)",$0.00 ,"($33,505.00)",$0.00 ,$0.00 ,$0.00 ,$0.00 ,$0.00 ,$0.00 ,$55.54 ,$0.00 ,$0.00 ,$0.00 ,$55.54 ,$690.14 ,"$14,359.29 "
"3535 West Loop 820 South  Fort Worth, TX 76116",Subaru,Auto - Subaru Plant (Floorplan-New) - East,9/24/2025,758943,9/24/2025,4/24/2027,2025 Subaru CROSSTREK5 DO,Automobile,CROSSTREK5 DO,4S4GUHU6XS3758943,R4147,"$33,505.00 ","$33,505.00 ",$0.00 ,,"($33,505.00)",$0.00 ,"($33,505.00)",$0.00 ,$0.00 ,$0.00 ,$0.00 ,$0.00 ,$0.00 ,$55.54 ,$0.00 ,$0.00 ,$0.00 ,$55.54 ,$690.14 ,"$14,359.29 "
"3535 West Loop 820 South  Fort Worth, TX 76116",Subaru,Auto - Subaru Plant (Floorplan-New) - East,10/22/2025,759210,10/22/2025,5/22/2027,2025 Subaru CROSSTREK5 DO,Automobile,CROSSTREK5 DO,4S4GUHF69S3759210,,"$30,487.00 ","$30,487.00 ",$0.00 ,,$0.00 ,$0.00 ,$0.00 ,"$30,487.00 ",$0.00 ,$0.00 ,$0.00 ,$0.00 ,$0.00 ,$117.90 ,$0.00 ,$0.00 ,$0.00 ,$117.90 ,$565.61 ,"$30,487.00 "
"3535 West Loop 820 South  Fort Worth, TX 76116",Subaru,Auto - Subaru Plant (Floorplan-New) - East,10/22/2025,759715,10/22/2025,5/22/2027,2025 Subaru CROSSTREK5 DO,Automobile,CROSSTREK5 DO,4S4GUHF66S3759715,R4177,"$28,859.00 ","$28,859.00 ",$0.00 ,,$0.00 ,$0.00 ,$0.00 ,"$28,859.00 ",$0.00 ,$0.00 ,$0.00 ,$0.00 ,$0.00 ,$111.61 ,$0.00 ,$0.00 ,$0.00 ,$111.61 ,$535.41 ,"$28,859.00 "
"3535 West Loop 820 South  Fort Worth, TX 76116",Subaru,Auto - Subaru Plant (Floorplan-New) - East,10/22/2025,761701,10/22/2025,5/22/2027,2025 Subaru CROSSTREK5 DO,Automobile,CROSSTREK5 DO,4S4GUHN63S3761701,R4213,"$32,947.00 ","$32,947.00 ",$0.00 ,,$0.00 ,$0.00 ,$0.00 ,"$32,947.00 ",$0.00 ,$0.00 ,$0.00 ,$0.00 ,$0.00 ,$127.42 ,$0.00 ,$0.00 ,$0.00 ,$127.42 ,$611.25 ,"$32,947.00 "
"3535 West Loop 820 South  Fort Worth, TX 76116",Subaru,Auto - Subaru Plant (Floorplan-New) - East,12/22/2025,767170,12/22/2025,7/22/2027,2025 Subaru CROSSTREK5 DO,Automobile,CROSSTREK5 DO,4S4GUHF68S3767170,R4384,"$30,553.00 ","$30,553.00 ",$0.00 ,,$0.00 ,$0.00 ,$0.00 ,"$30,553.00 ",$0.00 ,$0.00 ,$0.00 ,$0.00 ,$0.00 ,$118.16 ,$0.00 ,$0.00 ,$0.00 ,$118.16 ,$293.74 ,"$30,553.00 "
"3535 West Loop 820 South  Fort Worth, TX 76116",Subaru,Auto - Subaru Plant (Floorplan-New) - East,12/22/2025,767712,12/22/2025,7/22/2027,2025 Subaru CROSSTREK5 DO,Automobile,CROSSTREK5 DO,4S4GUHF67S3767712,R4370,"$28,925.00 ","$28,925.00 ",$0.00 ,,$0.00 ,$0.00 ,$0.00 ,"$28,925.00 ",$0.00 ,$0.00 ,$0.00 ,$0.00 ,$0.00 ,$111.87 ,$0.00 ,$0.00 ,$0.00 ,$111.87 ,$278.10 ,"$28,925.00 "
"3535 West Loop 820 South  Fort Worth, TX 76116",Subaru,Auto - Subaru Plant (Floorplan-New) - East,12/22/2025,768423,12/22/2025,7/22/2027,2025 Subaru CROSSTREK5 DO,Automobile,CROSSTREK5 DO,4S4GUHL6XS3768423,,"$30,809.00 ","$30,809.00 ",$0.00 ,,$0.00 ,$0.00 ,$0.00 ,"$30,809.00 ",$0.00 ,$0.00 ,$0.00 ,$0.00 ,$0.00 ,$119.15 ,$0.00 ,$0.00 ,$0.00 ,$119.15 ,$296.21 ,"$30,809.00 "
"3535 West Loop 820 South  Fort Worth, TX 76116",Subaru,Auto - Subaru Plant (Floorplan-New) - East,11/25/2025,768475,11/25/2025,6/25/2027,2025 Subaru CROSSTREK5 DO,Automobile,CROSSTREK5 DO,4S4GUHM69S3768475,,"$32,332.00 ","$32,332.00 ",$0.00 ,,$0.00 ,$0.00 ,$0.00 ,"$32,332.00 ",$0.00 ,$0.00 ,$0.00 ,$0.00 ,$0.00 ,$125.04 ,$0.00 ,$0.00 ,$0.00 ,$125.04 ,$436.88 ,"$32,332.00 "
"3535 West Loop 820 South  Fort Worth, TX 76116",Subaru,Auto - Subaru Plant (Floorplan-New) - East,10/22/2025,768622,10/22/2025,5/22/2027,2025 Subaru CROSSTREK5 DO,Automobile,CROSSTREK5 DO,4S4GUHM67S3768622,,"$32,332.00 ","$32,332.00 ",$0.00 ,,$0.00 ,$0.00 ,$0.00 ,"$32,332.00 ",$0.00 ,$0.00 ,$0.00 ,$0.00 ,$0.00 ,$125.04 ,$0.00 ,$0.00 ,$0.00 ,$125.04 ,$599.86 ,"$32,332.00 "
"3535 West Loop 820 South  Fort Worth, TX 76116",Subaru,Auto - Subaru Plant (Floorplan-New) - East,12/22/2025,776735,12/22/2025,7/22/2027,2025 Subaru CROSSTREK5 DO,Automobile,CROSSTREK5 DO,4S4GUHL63S3776735,R4434,"$30,593.00 ","$30,593.00 ",$0.00 ,,$0.00 ,$0.00 ,$0.00 ,"$30,593.00 ",$0.00 ,$0.00 ,$0.00 ,$0.00 ,$0.00 ,$118.32 ,$0.00 ,$0.00 ,$0.00 ,$118.32 ,$294.14 ,"$30,593.00 "
"3535 West Loop 820 South  Fort Worth, TX 76116",Subaru,Auto - Subaru Plant (Floorplan-New) - East,9/10/2025,776878,9/10/2025,4/10/2027,2025 Subaru CROSSTREK5 DO,Automobile,CROSSTREK5 DO,4S4GUHM65S3776878,R4455,"$34,328.00 ","$34,328.00 ",$0.00 ,,"($34,328.00)",$0.00 ,"($34,328.00)",$0.00 ,$0.00 ,$0.00 ,$0.00 ,$0.00 ,$0.00 ,$37.95 ,$0.00 ,$0.00 ,$0.00 ,$37.95 ,$762.63 ,"$9,808.00 "
"3535 West Loop 820 South  Fort Worth, TX 76116",Subaru,Auto - Subaru Plant (Floorplan-New) - East,9/10/2025,776922,9/10/2025,4/10/2027,2025 Subaru CROSSTREK5 DO,Automobile,CROSSTREK5 DO,4S4GUHM64S3776922,R4427,"$34,328.00 ","$34,328.00 ",$0.00 ,,"($34,328.00)",$0.00 ,"($34,328.00)",$0.00 ,$0.00 ,$0.00 ,$0.00 ,$0.00 ,$0.00 ,$18.99 ,$0.00 ,$0.00 ,$0.00 ,$18.99 ,$743.67 ,"$4,904.00 "
"3535 West Loop 820 South  Fort Worth, TX 76116",Subaru,Auto - Subaru Plant (Floorplan-New) - East,12/22/2025,776942,12/22/2025,7/22/2027,2025 Subaru CROSSTREK5 DO,Automobile,CROSSTREK5 DO,4S4GUHM6XS3776942,,"$32,116.00 ","$32,116.00 ",$0.00 ,,$0.00 ,$0.00 ,$0.00 ,"$32,116.00 ",$0.00 ,$0.00 ,$0.00 ,$0.00 ,$0.00 ,$124.20 ,$0.00 ,$0.00 ,$0.00 ,$124.20 ,$308.76 ,"$32,116.00 "
"3535 West Loop 820 South  Fort Worth, TX 76116",Subaru,Auto - Subaru Plant (Floorplan-New) - East,9/10/2025,776982,9/10/2025,4/10/2027,2025 Subaru CROSSTREK5 DO,Automobile,CROSSTREK5 DO,4S4GUHM60S3776982,R4454,"$34,328.00 ","$34,328.00 ",$0.00 ,,"($34,328.00)",$0.00 ,"($34,328.00)",$0.00 ,$0.00 ,$0.00 ,$0.00 ,$0.00 ,$0.00 ,$90.10 ,$0.00 ,$0.00 ,$0.00 ,$90.10 ,$814.78 ,"$23,294.00 "
"3535 West Loop 820 South  Fort Worth, TX 76116",Subaru,Auto - Subaru Plant (Floorplan-New) - East,9/10/2025,777003,9/10/2025,4/10/2027,2025 Subaru CROSSTREK5 DO,Automobile,CROSSTREK5 DO,4S4GUHN64S3777003,,"$34,905.00 ","$34,905.00 ",$0.00 ,,$0.00 ,$0.00 ,$0.00 ,"$34,905.00 ",$0.00 ,$0.00 ,$0.00 ,$0.00 ,$0.00 ,$134.99 ,$0.00 ,$0.00 ,$0.00 ,$134.99 ,$871.86 ,"$34,905.00 "
"3535 West Loop 820 South  Fort Worth, TX 76116",Subaru,Auto - Subaru Plant (Floorplan-New) - East,9/10/2025,777181,9/10/2025,4/10/2027,2025 Subaru CROSSTREK5 DO,Automobile,CROSSTREK5 DO,4S4GUHM64S3777181,R4428,"$34,328.00 ","$34,328.00 ",$0.00 ,,"($34,328.00)",$0.00 ,"($34,328.00)",$0.00 ,$0.00 ,$0.00 ,$0.00 ,$0.00 ,$0.00 ,$80.62 ,$0.00 ,$0.00 ,$0.00 ,$80.62 ,$805.30 ,"$20,842.00 "
"3535 West Loop 820 South  Fort Worth, TX 76116",Subaru,Auto - Subaru Plant (Floorplan-New) - East,9/10/2025,777196,9/10/2025,4/10/2027,2025 Subaru CROSSTREK5 DO,Automobile,CROSSTREK5 DO,4S4GUHM66S3777196,R4438,"$34,328.00 ","$34,328.00 ",$0.00 ,,"($34,328.00)",$0.00 ,"($34,328.00)",$0.00 ,$0.00 ,$0.00 ,$0.00 ,$0.00 ,$0.00 ,$9.51 ,$0.00 ,$0.00 ,$0.00 ,$9.51 ,$734.19 ,"$2,452.00 "
"3535 West Loop 820 South  Fort Worth, TX 76116",Subaru,Auto - Subaru Plant (Floorplan-New) - East,9/17/2025,778878,9/17/2025,4/17/2027,2025 Subaru CROSSTREK5 DO,Automobile,CROSSTREK5 DO,4S4GUHN66S3778878,R4483,"$34,905.00 ","$34,905.00 ",$0.00 ,,"($34,905.00)",$0.00 ,"($34,905.00)",$0.00 ,$0.00 ,$0.00 ,$0.00 ,$0.00 ,$0.00 ,$120.53 ,$0.00 ,$0.00 ,$0.00 ,$120.53 ,$819.53 ,"$31,165.18 "
"3535 West Loop 820 South  Fort Worth, TX 76116",GMC Truck,Auto - GMC Truck Plant (Floorplan-New) - East,10/11/2024,100365,10/11/2024,5/11/2026,2025 GMC Truck GMC HMER EV3,Automobile,GMC HMER EV3,1GT40DDA2SU100365,,"$110,883.25 ","$77,618.26 ",$0.00 ,,"($11,088.33)",$0.00 ,"($11,088.33)","$66,529.93 ","$11,088.33 ",$0.00 ,$0.00 ,$0.00 ,"$11,088.33 ",$272.62 ,$0.00 ,$0.00 ,$0.00 ,$272.62 ,"$8,244.83 ","$70,490.05 "
"3535 West Loop 820 South  Fort Worth, TX 76116",GMC Truck,Auto - GMC Truck Plant (Floorplan-New) - East,11/28/2025,100478,11/28/2025,6/28/2027,2026 GMC Truck GMC SIER 15E,Automobile,GMC SIER 15E,1GTPUCEK5TZ100478,G35993,"$53,782.08 ","$53,782.08 ",$0.00 ,,"($53,782.08)",$0.00 ,"($53,782.08)",$0.00 ,$0.00 ,$0.00 ,$0.00 ,$0.00 ,$0.00 ,$14.90 ,$0.00 ,$0.00 ,$0.00 ,$14.90 ,$509.94 ,"$3,841.58 "
"3535 West Loop 820 South  Fort Worth, TX 76116",GMC Truck,Auto - GMC Truck Plant (Floorplan-New) - East,8/28/2025,101497,8/28/2025,3/28/2027,2026 GMC Truck GMC SIER 25D,Automobile,GMC SIER 25D,1GT4UREY9TF101497,G35272,"$88,135.95 ","$88,135.95 ",$0.00 ,,"($88,135.95)",$0.00 ,"($88,135.95)",$0.00 ,$0.00 ,$0.00 ,$0.00 ,$0.00 ,$0.00 ,$316.51 ,$0.00 ,$0.00 ,$0.00 ,$316.51 ,"$2,355.62 ","$81,840.53 "
"3535 West Loop 820 South  Fort Worth, TX 76116",GMC Truck,Auto - GMC Truck Plant (Floorplan-New) - East,10/24/2024,105483,10/24/2024,5/24/2026,2024 GMC Truck GMC HMMER EV,Automobile,GMC HMMER EV,1GKB0NDE2RU105483,G33700,"$112,675.00 ","$78,872.50 ",$0.00 ,,"($11,267.50)",$0.00 ,"($11,267.50)","$67,605.00 ","$11,267.50 ",$0.00 ,$0.00 ,$0.00 ,"$11,267.50 ",$277.01 ,$0.00 ,$0.00 ,$0.00 ,$277.01 ,"$8,130.60 ","$71,629.11 "
"3535 West Loop 820 South  Fort Worth, TX 76116",GMC Truck,Auto - GMC Truck Plant (Floorplan-New) - East,7/28/2025,107759,7/28/2025,2/28/2027,2026 GMC Truck GMC SIER 15P,Automobile,GMC SIER 15P,1GTRHAEK2TZ107759,G35253,"$44,876.55 ","$44,876.55 ",$0.00 ,,"($44,876.55)",$0.00 ,"($44,876.55)",$0.00 ,$0.00 ,$0.00 ,$0.00 ,$0.00 ,$0.00 ,$99.19 ,$0.00 ,$0.00 ,$0.00 ,$99.19 ,"$1,355.81 ","$25,643.74 "
"3535 West Loop 820 South  Fort Worth, TX 76116",GMC Truck,Auto - GMC Truck Plant (Floorplan-New) - East,8/13/2025,109432,8/13/2025,3/13/2027,2026 GMC Truck GMC SIER 15E,Automobile,GMC SIER 15E,3GTPHCED7TG109432,,"$61,024.80 ","$61,024.80 ",$0.00 ,,$0.00 ,$0.00 ,$0.00 ,"$61,024.80 ",$0.00 ,$0.00 ,$0.00 ,$0.00 ,$0.00 ,$236.00 ,$0.00 ,$0.00 ,$0.00 ,$236.00 ,"$1,791.61 ","$61,024.80 "
"3535 West Loop 820 South  Fort Worth, TX 76116",GMC Truck,Auto - GMC Truck Plant (Floorplan-New) - East,8/13/2025,109496,8/13/2025,3/13/2027,2026 GMC Truck GMC SIER 15E,Automobile,GMC SIER 15E,3GTPHCED0TG109496,G35111,"$61,024.80 ","$61,024.80 ",$0.00 ,,$0.00 ,$0.00 ,$0.00 ,"$61,024.80 ",$0.00 ,$0.00 ,$0.00 ,$0.00 ,$0.00 ,$236.00 ,$0.00 ,$0.00 ,$0.00 ,$236.00 ,"$1,791.61 ","$61,024.80 "
"3535 West Loop 820 South  Fort Worth, TX 76116",GMC Truck,Auto - GMC Truck Plant (Floorplan-New) - East,8/11/2025,110926,8/11/2025,3/11/2027,2026 GMC Truck GMC SIER 15E,Automobile,GMC SIER 15E,3GTPHCED4TG110926,B36334,"$61,485.15 ","$61,485.15 ",$0.00 ,,"($61,485.15)",$0.00 ,"($61,485.15)",$0.00 ,$0.00 ,$0.00 ,$0.00 ,$0.00 ,$0.00 ,$220.80 ,$0.00 ,$0.00 ,$0.00 ,$220.80 ,"$1,807.45 ","$57,093.35 "
"3535 West Loop 820 South  Fort Worth, TX 76116",GMC Truck,Auto - GMC Truck Plant (Floorplan-New) - East,8/12/2025,111842,8/12/2025,3/12/2027,2026 GMC Truck GMC SIER 15A,Automobile,GMC SIER 15A,3GTUUFEL4TG111842,G35095,"$81,788.60 ","$81,788.60 ",$0.00 ,,"($81,788.60)",$0.00 ,"($81,788.60)",$0.00 ,$0.00 ,$0.00 ,$0.00 ,$0.00 ,$0.00 ,$113.01 ,$0.00 ,$0.00 ,$0.00 ,$113.01 ,"$2,210.75 ","$29,210.21 "
"3535 West Loop 820 South  Fort Worth, TX 76116",GMC Truck,Auto - GMC Truck Plant (Floorplan-New) - East,8/29/2025,113510,8/29/2025,3/29/2027,2026 GMC Truck GMC SIER 15E,Automobile,GMC SIER 15E,3GTUUCED1TG113510,G35232,"$65,260.95 ","$65,260.95 ",$0.00 ,,"($65,260.95)",$0.00 ,"($65,260.95)",$0.00 ,$0.00 ,$0.00 ,$0.00 ,$0.00 ,$0.00 ,$207.32 ,$0.00 ,$0.00 ,$0.00 ,$207.32 ,"$1,706.94 ","$53,607.21 "
"3535 West Loop 820 South  Fort Worth, TX 76116",GMC Truck,Auto - GMC Truck Plant (Floorplan-New) - East,3/10/2025,115236,3/10/2025,10/10/2026,2025 GMC Truck GMC HMER EV3,Automobile,GMC HMER EV3,1GT40DDBXSU115236,G34234,"$121,885.00 ","$121,885.00 ",$0.00 ,,$0.00 ,$0.00 ,$0.00 ,"$121,885.00 ",$0.00 ,$0.00 ,$0.00 ,$0.00 ,$0.00 ,$471.38 ,$0.00 ,$0.00 ,$0.00 ,$471.38 ,"$6,550.44 ","$121,885.00 "
"3535 West Loop 820 South  Fort Worth, TX 76116",GMC Truck,Auto - GMC Truck Plant (Floorplan-New) - East,3/17/2025,115569,3/17/2025,10/17/2026,2025 GMC Truck GMC HMMER EV,Automobile,GMC HMMER EV,1GKT0RDC7SU115569,,"$118,430.00 ","$118,430.00 ",$0.00 ,,$0.00 ,$0.00 ,$0.00 ,"$118,430.00 ",$0.00 ,$0.00 ,$0.00 ,$0.00 ,$0.00 ,$458.01 ,$0.00 ,$0.00 ,$0.00 ,$458.01 ,"$6,235.27 ","$118,430.00 "
"3535 West Loop 820 South  Fort Worth, TX 76116",GMC Truck,Auto - GMC Truck Plant (Floorplan-New) - East,9/8/2025,120405,9/8/2025,4/8/2027,2026 GMC Truck GMC SIER 15D,Automobile,GMC SIER 15D,3GTUUGEL8TG120405,G35291,"$75,297.20 ","$75,297.20 ",$0.00 ,,$0.00 ,$0.00 ,$0.00 ,"$75,297.20 ",$0.00 ,$0.00 ,$0.00 ,$0.00 ,$0.00 ,$291.20 ,$0.00 ,$0.00 ,$0.00 ,$291.20 ,"$1,904.10 ","$75,297.20 "
"3535 West Loop 820 South  Fort Worth, TX 76116",GMC Truck,Auto - GMC Truck Plant (Floorplan-New) - East,9/8/2025,120521,9/8/2025,4/8/2027,2026 GMC Truck GMC SIER 15D,Automobile,GMC SIER 15D,3GTUUGELXTG120521,G35310,"$75,297.20 ","$75,297.20 ",$0.00 ,,"($75,297.20)",$0.00 ,"($75,297.20)",$0.00 ,$0.00 ,$0.00 ,$0.00 ,$0.00 ,$0.00 ,$41.65 ,$0.00 ,$0.00 ,$0.00 ,$41.65 ,"$1,654.55 ","$10,756.74 "
"3535 West Loop 820 South  Fort Worth, TX 76116",GMC Truck,Auto - GMC Truck Plant (Floorplan-New) - East,11/28/2025,122039,11/28/2025,6/28/2027,2026 GMC Truck GMC CNYN 4WD,Automobile,GMC CNYN 4WD,1GTP2DEK9T1122039,,"$48,231.33 ","$48,231.33 ",$0.00 ,,$0.00 ,$0.00 ,$0.00 ,"$48,231.33 ",$0.00 ,$0.00 ,$0.00 ,$0.00 ,$0.00 ,$186.53 ,$0.00 ,$0.00 ,$0.00 ,$186.53 ,$630.48 ,"$48,231.33 "
"3535 West Loop 820 South  Fort Worth, TX 76116",GMC Truck,Auto - GMC Truck Plant (Floorplan-New) - East,9/17/2025,126834,9/17/2025,4/17/2027,2026 GMC Truck GMC SIER 15D,Automobile,GMC SIER 15D,3GTUUGEL6TG126834,G35445,"$75,855.20 ","$75,855.20 ",$0.00 ,,"($75,855.20)",$0.00 ,"($75,855.20)",$0.00 ,$0.00 ,$0.00 ,$0.00 ,$0.00 ,$0.00 ,$21.00 ,$0.00 ,$0.00 ,$0.00 ,$21.00 ,"$1,540.04 ","$5,418.23 "
"3535 West Loop 820 South  Fort Worth, TX 76116",GMC Truck,Auto - GMC Truck Plant (Floorplan-New) - East,9/10/2025,126854,9/10/2025,4/10/2027,2026 GMC Truck GMC SIER 15D,Automobile,GMC SIER 15D,3GTUUGEL1TG126854,G35350,"$75,855.20 ","$75,855.20 ",$0.00 ,,"($75,855.20)",$0.00 ,"($75,855.20)",$0.00 ,$0.00 ,$0.00 ,$0.00 ,$0.00 ,$0.00 ,$178.13 ,$0.00 ,$0.00 ,$0.00 ,$178.13 ,"$1,779.48 ","$46,054.94 "
"3535 West Loop 820 South  Fort Worth, TX 76116",GMC Truck,Auto - GMC Truck Plant (Floorplan-New) - East,9/15/2025,126890,9/15/2025,4/15/2027,2026 GMC Truck GMC SIER 15D,Automobile,GMC SIER 15D,3GTUUGEL5TG126890,G35365,"$75,855.20 ","$75,855.20 ",$0.00 ,,"($75,855.20)",$0.00 ,"($75,855.20)",$0.00 ,$0.00 ,$0.00 ,$0.00 ,$0.00 ,$0.00 ,$178.13 ,$0.00 ,$0.00 ,$0.00 ,$178.13 ,"$1,720.69 ","$46,054.94 "
"3535 West Loop 820 South  Fort Worth, TX 76116",GMC Truck,Auto - GMC Truck Plant (Floorplan-New) - East,9/16/2025,126894,9/16/2025,4/16/2027,2026 GMC Truck GMC SIER 15D,Automobile,GMC SIER 15D,3GTUUGEL2TG126894,G35379,"$75,855.20 ","$75,855.20 ",$0.00 ,,$0.00 ,$0.00 ,$0.00 ,"$75,855.20 ",$0.00 ,$0.00 ,$0.00 ,$0.00 ,$0.00 ,$293.35 ,$0.00 ,$0.00 ,$0.00 ,$293.35 ,"$1,824.15 ","$75,855.20 "
"3535 West Loop 820 South  Fort Worth, TX 76116",GMC Truck,Auto - GMC Truck Plant (Floorplan-New) - East,11/28/2025,126900,11/28/2025,6/28/2027,2026 GMC Truck GMC SIER 15D,Automobile,GMC SIER 15D,3GTUUGEL4TG126900,G35921,"$75,472.95 ","$75,472.95 ",$0.00 ,,"($75,472.95)",$0.00 ,"($75,472.95)",$0.00 ,$0.00 ,$0.00 ,$0.00 ,$0.00 ,$0.00 ,$177.23 ,$0.00 ,$0.00 ,$0.00 ,$177.23 ,$871.92 ,"$45,822.86 "
"3535 West Loop 820 South  Fort Worth, TX 76116",GMC Truck,Auto - GMC Truck Plant (Floorplan-New) - East,9/16/2025,126916,9/16/2025,4/16/2027,2026 GMC Truck GMC SIER 15D,Automobile,GMC SIER 15D,3GTUUGEL8TG126916,,"$75,855.20 ","$75,855.20 ",$0.00 ,,$0.00 ,$0.00 ,$0.00 ,"$75,855.20 ",$0.00 ,$0.00 ,$0.00 ,$0.00 ,$0.00 ,$293.35 ,$0.00 ,$0.00 ,$0.00 ,$293.35 ,"$1,824.15 ","$75,855.20 "
"3535 West Loop 820 South  Fort Worth, TX 76116",GMC Truck,Auto - GMC Truck Plant (Floorplan-New) - East,9/17/2025,126923,9/17/2025,4/17/2027,2026 GMC Truck GMC SIER 15D,Automobile,GMC SIER 15D,3GTUUGEL5TG126923,G35470,"$75,855.20 ","$75,855.20 ",$0.00 ,,$0.00 ,$0.00 ,$0.00 ,"$75,855.20 ",$0.00 ,$0.00 ,$0.00 ,$0.00 ,$0.00 ,$293.35 ,$0.00 ,$0.00 ,$0.00 ,$293.35 ,"$1,812.39 ","$75,855.20 "
"3535 West Loop 820 South  Fort Worth, TX 76116",GMC Truck,Auto - GMC Truck Plant (Floorplan-New) - East,9/15/2025,126928,9/15/2025,4/15/2027,2026 GMC Truck GMC SIER 15D,Automobile,GMC SIER 15D,3GTUUGEL4TG126928,G35366,"$75,855.20 ","$75,855.20 ",$0.00 ,,$0.00 ,$0.00 ,$0.00 ,"$75,855.20 ",$0.00 ,$0.00 ,$0.00 ,$0.00 ,$0.00 ,$293.35 ,$0.00 ,$0.00 ,$0.00 ,$293.35 ,"$1,835.91 ","$75,855.20 "
"3535 West Loop 820 South  Fort Worth, TX 76116",GMC Truck,Auto - GMC Truck Plant (Floorplan-New) - East,9/24/2025,127035,9/24/2025,4/24/2027,2026 GMC Truck GMC SIER 15D,Automobile,GMC SIER 15D,3GTUUGEL3TG127035,G35558,"$75,855.20 ","$75,855.20 ",$0.00 ,,$0.00 ,$0.00 ,$0.00 ,"$75,855.20 ",$0.00 ,$0.00 ,$0.00 ,$0.00 ,$0.00 ,$293.35 ,$0.00 ,$0.00 ,$0.00 ,$293.35 ,"$1,730.09 ","$75,855.20 "
"3535 West Loop 820 South  Fort Worth, TX 76116",GMC Truck,Auto - GMC Truck Plant (Floorplan-New) - East,11/28/2025,130228,11/28/2025,6/28/2027,2026 GMC Truck GMC CNYN AT4,Automobile,GMC CNYN AT4,1GTP2EEK0T1130228,G35995,"$53,153.00 ","$53,153.00 ",$0.00 ,,$0.00 ,$0.00 ,$0.00 ,"$53,153.00 ",$0.00 ,$0.00 ,$0.00 ,$0.00 ,$0.00 ,$205.56 ,$0.00 ,$0.00 ,$0.00 ,$205.56 ,$694.82 ,"$53,153.00 "
"3535 West Loop 820 South  Fort Worth, TX 76116",GMC Truck,Auto - GMC Truck Plant (Floorplan-New) - East,8/18/2025,131491,8/18/2025,3/18/2027,2026 GMC Truck GMC SIER 15E,Automobile,GMC SIER 15E,1GTPHCED1TZ131491,,"$61,024.80 ","$61,024.80 ",$0.00 ,,$0.00 ,$0.00 ,$0.00 ,"$61,024.80 ",$0.00 ,$0.00 ,$0.00 ,$0.00 ,$0.00 ,$236.00 ,$0.00 ,$0.00 ,$0.00 ,$236.00 ,"$1,743.69 ","$61,024.80 "
"3535 West Loop 820 South  Fort Worth, TX 76116",GMC Truck,Auto - GMC Truck Plant (Floorplan-New) - East,9/23/2025,135217,9/23/2025,4/23/2027,2026 GMC Truck GMC CNYN 2WD,Automobile,GMC CNYN 2WD,1GTP1BEK7T1135217,,"$44,445.50 ","$44,445.50 ",$0.00 ,,$0.00 ,$0.00 ,$0.00 ,"$44,445.50 ",$0.00 ,$0.00 ,$0.00 ,$0.00 ,$0.00 ,$171.88 ,$0.00 ,$0.00 ,$0.00 ,$171.88 ,"$1,020.58 ","$44,445.50 "
"3535 West Loop 820 South  Fort Worth, TX 76116",GMC Truck,Auto - GMC Truck Plant (Floorplan-New) - East,9/24/2025,137276,9/24/2025,4/24/2027,2026 GMC Truck GMC CNYN 2WD,Automobile,GMC CNYN 2WD,1GTP1BEK0T1137276,G35584,"$44,905.85 ","$44,905.85 ",$0.00 ,,"($44,905.85)",$0.00 ,"($44,905.85)",$0.00 ,$0.00 ,$0.00 ,$0.00 ,$0.00 ,$0.00 ,$155.07 ,$0.00 ,$0.00 ,$0.00 ,$155.07 ,"$1,005.60 ","$40,094.51 "
"3535 West Loop 820 South  Fort Worth, TX 76116",GMC Truck,Auto - GMC Truck Plant (Floorplan-New) - East,9/26/2025,137574,9/26/2025,4/26/2027,2026 GMC Truck GMC CNYN 2WD,Automobile,GMC CNYN 2WD,1GTP1BEK8T1137574,,"$45,417.35 ","$45,417.35 ",$0.00 ,,$0.00 ,$0.00 ,$0.00 ,"$45,417.35 ",$0.00 ,$0.00 ,$0.00 ,$0.00 ,$0.00 ,$175.65 ,$0.00 ,$0.00 ,$0.00 ,$175.65 ,"$1,021.80 ","$45,417.35 "
"3535 West Loop 820 South  Fort Worth, TX 76116",GMC Truck,Auto - GMC Truck Plant (Floorplan-New) - East,11/28/2025,138000,11/28/2025,6/28/2027,2026 GMC Truck GMC SIER 25A,Automobile,GMC SIER 25A,1GT4UPEYXTF138000,G35084,"$86,904.48 ","$86,904.48 ",$0.00 ,,"($86,904.48)",$0.00 ,"($86,904.48)",$0.00 ,$0.00 ,$0.00 ,$0.00 ,$0.00 ,$0.00 ,$312.09 ,$0.00 ,$0.00 ,$0.00 ,$312.09 ,"$1,112.02 ","$80,697.02 "
"3535 West Loop 820 South  Fort Worth, TX 76116",GMC Truck,Auto - GMC Truck Plant (Floorplan-New) - East,11/24/2025,138130,11/24/2025,6/24/2027,2026 GMC Truck GMC SIER 25A,Automobile,GMC SIER 25A,1GT4UPEY1TF138130,,"$86,889.70 ","$86,889.70 ",$0.00 ,,$0.00 ,$0.00 ,$0.00 ,"$86,889.70 ",$0.00 ,$0.00 ,$0.00 ,$0.00 ,$0.00 ,$336.04 ,$0.00 ,$0.00 ,$0.00 ,$336.04 ,"$1,186.82 ","$86,889.70 "
"3535 West Loop 820 South  Fort Worth, TX 76116",GMC Truck,Auto - GMC Truck Plant (Floorplan-New) - East,8/25/2025,138888,8/25/2025,3/25/2027,2026 GMC Truck GMC SIER 15E,Automobile,GMC SIER 15E,1GTPHCED8TZ138888,,"$61,071.30 ","$61,071.30 ",$0.00 ,,$0.00 ,$0.00 ,$0.00 ,"$61,071.30 ",$0.00 ,$0.00 ,$0.00 ,$0.00 ,$0.00 ,$236.18 ,$0.00 ,$0.00 ,$0.00 ,$236.18 ,"$1,677.91 ","$61,071.30 "
"3535 West Loop 820 South  Fort Worth, TX 76116",GMC Truck,Auto - GMC Truck Plant (Floorplan-New) - East,8/25/2025,139025,8/25/2025,3/25/2027,2026 GMC Truck GMC SIER 15E,Automobile,GMC SIER 15E,1GTPHCED1TZ139025,G35148,"$61,071.30 ","$61,071.30 ",$0.00 ,,$0.00 ,$0.00 ,$0.00 ,"$61,071.30 ",$0.00 ,$0.00 ,$0.00 ,$0.00 ,$0.00 ,$236.18 ,$0.00 ,$0.00 ,$0.00 ,$236.18 ,"$1,677.91 ","$61,071.30 "
"3535 West Loop 820 South  Fort Worth, TX 76116",GMC Truck,Auto - GMC Truck Plant (Floorplan-New) - East,8/25/2025,139067,8/25/2025,3/25/2027,2026 GMC Truck GMC SIER 15E,Automobile,GMC SIER 15E,1GTPHCED6TZ139067,G35149,"$61,071.30 ","$61,071.30 ",$0.00 ,,$0.00 ,$0.00 ,$0.00 ,"$61,071.30 ",$0.00 ,$0.00 ,$0.00 ,$0.00 ,$0.00 ,$236.18 ,$0.00 ,$0.00 ,$0.00 ,$236.18 ,"$1,677.91 ","$61,071.30 "
"3535 West Loop 820 South  Fort Worth, TX 76116",GMC Truck,Auto - GMC Truck Plant (Floorplan-New) - East,11/28/2025,139130,11/28/2025,6/28/2027,2026 GMC Truck GMC ACAD DEN,Automobile,GMC ACAD DEN,1GKENLKS1TJ139130,,"$59,006.23 ","$59,006.23 ",$0.00 ,,$0.00 ,$0.00 ,$0.00 ,"$59,006.23 ",$0.00 ,$0.00 ,$0.00 ,$0.00 ,$0.00 ,$228.19 ,$0.00 ,$0.00 ,$0.00 ,$228.19 ,$771.31 ,"$59,006.23 "
"3535 West Loop 820 South  Fort Worth, TX 76116",GMC Truck,Auto - GMC Truck Plant (Floorplan-New) - East,11/28/2025,139283,11/28/2025,6/28/2027,2026 GMC Truck GMC ACAD ELV,Automobile,GMC ACAD ELV,1GKENKKS1TJ139283,G36004,"$48,594.73 ","$48,594.73 ",$0.00 ,,$0.00 ,$0.00 ,$0.00 ,"$48,594.73 ",$0.00 ,$0.00 ,$0.00 ,$0.00 ,$0.00 ,$187.93 ,$0.00 ,$0.00 ,$0.00 ,$187.93 ,$635.22 ,"$48,594.73 "
"3535 West Loop 820 South  Fort Worth, TX 76116",GMC Truck,Auto - GMC Truck Plant (Floorplan-New) - East,11/28/2025,139615,11/28/2025,6/28/2027,2026 GMC Truck GMC ACAD AT4,Automobile,GMC ACAD AT4,1GKENPKS4TJ139615,G36005,"$54,651.15 ","$54,651.15 ",$0.00 ,,$0.00 ,$0.00 ,$0.00 ,"$54,651.15 ",$0.00 ,$0.00 ,$0.00 ,$0.00 ,$0.00 ,$211.36 ,$0.00 ,$0.00 ,$0.00 ,$211.36 ,$714.39 ,"$54,651.15 "
"3535 West Loop 820 South  Fort Worth, TX 76116",GMC Truck,Auto - GMC Truck Plant (Floorplan-New) - East,11/28/2025,139663,11/28/2025,6/28/2027,2026 GMC Truck GMC ACAD AT4,Automobile,GMC ACAD AT4,1GKENPKS4TJ139663,G36006,"$54,651.15 ","$54,651.15 ",$0.00 ,,$0.00 ,$0.00 ,$0.00 ,"$54,651.15 ",$0.00 ,$0.00 ,$0.00 ,$0.00 ,$0.00 ,$211.36 ,$0.00 ,$0.00 ,$0.00 ,$211.36 ,$714.39 ,"$54,651.15 "
"3535 West Loop 820 South  Fort Worth, TX 76116",GMC Truck,Auto - GMC Truck Plant (Floorplan-New) - East,8/25/2025,139849,8/25/2025,3/25/2027,2026 GMC Truck GMC SIER 15E,Automobile,GMC SIER 15E,1GTUUCED5TZ139849,,"$64,847.10 ","$64,847.10 ",$0.00 ,,$0.00 ,$0.00 ,$0.00 ,"$64,847.10 ",$0.00 ,$0.00 ,$0.00 ,$0.00 ,$0.00 ,$250.79 ,$0.00 ,$0.00 ,$0.00 ,$250.79 ,"$1,781.64 ","$64,847.10 "
"3535 West Loop 820 South  Fort Worth, TX 76116",GMC Truck,Auto - GMC Truck Plant (Floorplan-New) - East,8/25/2025,139864,8/25/2025,3/25/2027,2026 GMC Truck GMC SIER 15E,Automobile,GMC SIER 15E,1GTUUCED1TZ139864,,"$64,847.10 ","$64,847.10 ",$0.00 ,,$0.00 ,$0.00 ,$0.00 ,"$64,847.10 ",$0.00 ,$0.00 ,$0.00 ,$0.00 ,$0.00 ,$250.79 ,$0.00 ,$0.00 ,$0.00 ,$250.79 ,"$1,781.64 ","$64,847.10 "
"3535 West Loop 820 South  Fort Worth, TX 76116",GMC Truck,Auto - GMC Truck Plant (Floorplan-New) - East,8/25/2025,139873,8/25/2025,3/25/2027,2026 GMC Truck GMC SIER 15E,Automobile,GMC SIER 15E,1GTUUCED2TZ139873,,"$64,847.10 ","$64,847.10 ",$0.00 ,,$0.00 ,$0.00 ,$0.00 ,"$64,847.10 ",$0.00 ,$0.00 ,$0.00 ,$0.00 ,$0.00 ,$250.79 ,$0.00 ,$0.00 ,$0.00 ,$250.79 ,"$1,781.64 ","$64,847.10 "
"3535 West Loop 820 South  Fort Worth, TX 76116",GMC Truck,Auto - GMC Truck Plant (Floorplan-New) - East,10/7/2025,141767,10/7/2025,5/7/2027,2026 GMC Truck GMC CNYN 2WD,Automobile,GMC CNYN 2WD,1GTP1BEK6T1141767,,"$45,417.35 ","$45,417.35 ",$0.00 ,,$0.00 ,$0.00 ,$0.00 ,"$45,417.35 ",$0.00 ,$0.00 ,$0.00 ,$0.00 ,$0.00 ,$175.65 ,$0.00 ,$0.00 ,$0.00 ,$175.65 ,$945.47 ,"$45,417.35 "
"3535 West Loop 820 South  Fort Worth, TX 76116",GMC Truck,Auto - GMC Truck Plant (Floorplan-New) - East,8/26/2025,141917,8/26/2025,3/26/2027,2026 GMC Truck GMC SIER 15E,Automobile,GMC SIER 15E,1GTPHCED4TZ141917,G35177,"$61,071.30 ","$61,071.30 ",$0.00 ,,$0.00 ,$0.00 ,$0.00 ,"$61,071.30 ",$0.00 ,$0.00 ,$0.00 ,$0.00 ,$0.00 ,$236.18 ,$0.00 ,$0.00 ,$0.00 ,$236.18 ,"$1,668.32 ","$61,071.30 "
"3535 West Loop 820 South  Fort Worth, TX 76116",GMC Truck,Auto - GMC Truck Plant (Floorplan-New) - East,8/26/2025,141942,8/26/2025,3/26/2027,2026 GMC Truck GMC SIER 15E,Automobile,GMC SIER 15E,1GTPHCED3TZ141942,,"$60,610.95 ","$60,610.95 ",$0.00 ,,$0.00 ,$0.00 ,$0.00 ,"$60,610.95 ",$0.00 ,$0.00 ,$0.00 ,$0.00 ,$0.00 ,$234.41 ,$0.00 ,$0.00 ,$0.00 ,$234.41 ,"$1,655.74 ","$60,610.95 "
"3535 West Loop 820 South  Fort Worth, TX 76116",GMC Truck,Auto - GMC Truck Plant (Floorplan-New) - East,8/27/2025,141949,8/27/2025,3/27/2027,2026 GMC Truck GMC SIER 15E,Automobile,GMC SIER 15E,1GTPHCED6TZ141949,,"$61,071.30 ","$61,071.30 ",$0.00 ,,$0.00 ,$0.00 ,$0.00 ,"$61,071.30 ",$0.00 ,$0.00 ,$0.00 ,$0.00 ,$0.00 ,$236.18 ,$0.00 ,$0.00 ,$0.00 ,$236.18 ,"$1,658.72 ","$61,071.30 "
"3535 West Loop 820 South  Fort Worth, TX 76116",GMC Truck,Auto - GMC Truck Plant (Floorplan-New) - East,8/27/2025,141966,8/27/2025,3/27/2027,2026 GMC Truck GMC SIER 15E,Automobile,GMC SIER 15E,1GTPHCED6TZ141966,G35180,"$60,610.95 ","$60,610.95 ",$0.00 ,,$0.00 ,$0.00 ,$0.00 ,"$60,610.95 ",$0.00 ,$0.00 ,$0.00 ,$0.00 ,$0.00 ,$234.41 ,$0.00 ,$0.00 ,$0.00 ,$234.41 ,"$1,646.22 ","$60,610.95 "
"3535 West Loop 820 South  Fort Worth, TX 76116",GMC Truck,Auto - GMC Truck Plant (Floorplan-New) - East,8/26/2025,141989,8/26/2025,3/26/2027,2026 GMC Truck GMC SIER 15E,Automobile,GMC SIER 15E,1GTPHCED7TZ141989,,"$61,071.30 ","$61,071.30 ",$0.00 ,,$0.00 ,$0.00 ,$0.00 ,"$61,071.30 ",$0.00 ,$0.00 ,$0.00 ,$0.00 ,$0.00 ,$236.18 ,$0.00 ,$0.00 ,$0.00 ,$236.18 ,"$1,668.32 ","$61,071.30 "
"3535 West Loop 820 South  Fort Worth, TX 76116",GMC Truck,Auto - GMC Truck Plant (Floorplan-New) - East,8/27/2025,142036,8/27/2025,3/27/2027,2026 GMC Truck GMC SIER 15E,Automobile,GMC SIER 15E,1GTPHCEDXTZ142036,,"$61,071.30 ","$61,071.30 ",$0.00 ,,$0.00 ,$0.00 ,$0.00 ,"$61,071.30 ",$0.00 ,$0.00 ,$0.00 ,$0.00 ,$0.00 ,$236.18 ,$0.00 ,$0.00 ,$0.00 ,$236.18 ,"$1,658.72 ","$61,071.30 "
"3535 West Loop 820 South  Fort Worth, TX 76116",GMC Truck,Auto - GMC Truck Plant (Floorplan-New) - East,9/30/2025,142125,9/30/2025,4/30/2027,2026 GMC Truck GMC SIER 15D,Automobile,GMC SIER 15D,3GTUUGEL2TG142125,G35609,"$75,855.20 ","$75,855.20 ",$0.00 ,,$0.00 ,$0.00 ,$0.00 ,"$75,855.20 ",$0.00 ,$0.00 ,$0.00 ,$0.00 ,$0.00 ,$293.35 ,$0.00 ,$0.00 ,$0.00 ,$293.35 ,"$1,659.54 ","$75,855.20 "
"3535 West Loop 820 South  Fort Worth, TX 76116",GMC Truck,Auto - GMC Truck Plant (Floorplan-New) - East,8/27/2025,142376,8/27/2025,3/27/2027,2026 GMC Truck GMC SIER 15E,Automobile,GMC SIER 15E,1GTPHCED1TZ142376,,"$60,610.95 ","$60,610.95 ",$0.00 ,,$0.00 ,$0.00 ,$0.00 ,"$60,610.95 ",$0.00 ,$0.00 ,$0.00 ,$0.00 ,$0.00 ,$234.41 ,$0.00 ,$0.00 ,$0.00 ,$234.41 ,"$1,646.22 ","$60,610.95 "
"3535 West Loop 820 South  Fort Worth, TX 76116",GMC Truck,Auto - GMC Truck Plant (Floorplan-New) - East,8/27/2025,142377,8/27/2025,3/27/2027,2026 GMC Truck GMC SIER 15E,Automobile,GMC SIER 15E,1GTPHCED3TZ142377,,"$60,610.95 ","$60,610.95 ",$0.00 ,,$0.00 ,$0.00 ,$0.00 ,"$60,610.95 ",$0.00 ,$0.00 ,$0.00 ,$0.00 ,$0.00 ,$234.41 ,$0.00 ,$0.00 ,$0.00 ,$234.41 ,"$1,646.22 ","$60,610.95 "
"3535 West Loop 820 South  Fort Worth, TX 76116",GMC Truck,Auto - GMC Truck Plant (Floorplan-New) - East,8/27/2025,142411,8/27/2025,3/27/2027,2026 GMC Truck GMC SIER 15E,Automobile,GMC SIER 15E,1GTPHCEDXTZ142411,,"$60,610.95 ","$60,610.95 ",$0.00 ,,$0.00 ,$0.00 ,$0.00 ,"$60,610.95 ",$0.00 ,$0.00 ,$0.00 ,$0.00 ,$0.00 ,$234.41 ,$0.00 ,$0.00 ,$0.00 ,$234.41 ,"$1,646.22 ","$60,610.95 "
"3535 West Loop 820 South  Fort Worth, TX 76116",GMC Truck,Auto - GMC Truck Plant (Floorplan-New) - East,8/27/2025,142501,8/27/2025,3/27/2027,2026 GMC Truck GMC SIER 15E,Automobile,GMC SIER 15E,1GTPHCED0TZ142501,G35247,"$60,610.95 ","$60,610.95 ",$0.00 ,,$0.00 ,$0.00 ,$0.00 ,"$60,610.95 ",$0.00 ,$0.00 ,$0.00 ,$0.00 ,$0.00 ,$234.41 ,$0.00 ,$0.00 ,$0.00 ,$234.41 ,"$1,646.22 ","$60,610.95 "
"3535 West Loop 820 South  Fort Worth, TX 76116",GMC Truck,Auto - GMC Truck Plant (Floorplan-New) - East,10/10/2025,142543,10/10/2025,5/10/2027,2026 GMC Truck GMC CNYN 2WD,Automobile,GMC CNYN 2WD,1GTP1BEK0T1142543,,"$45,417.35 ","$45,417.35 ",$0.00 ,,$0.00 ,$0.00 ,$0.00 ,"$45,417.35 ",$0.00 ,$0.00 ,$0.00 ,$0.00 ,$0.00 ,$175.65 ,$0.00 ,$0.00 ,$0.00 ,$175.65 ,$924.90 ,"$45,417.35 "
"3535 West Loop 820 South  Fort Worth, TX 76116",GMC Truck,Auto - GMC Truck Plant (Floorplan-New) - East,9/30/2025,142658,9/30/2025,4/30/2027,2026 GMC Truck GMC CNYN 2WD,Automobile,GMC CNYN 2WD,1GTP1BEK6T1142658,,"$44,957.00 ","$44,957.00 ",$0.00 ,,$0.00 ,$0.00 ,$0.00 ,"$44,957.00 ",$0.00 ,$0.00 ,$0.00 ,$0.00 ,$0.00 ,$173.86 ,$0.00 ,$0.00 ,$0.00 ,$173.86 ,$983.55 ,"$44,957.00 "
"3535 West Loop 820 South  Fort Worth, TX 76116",GMC Truck,Auto - GMC Truck Plant (Floorplan-New) - East,8/28/2025,143200,8/28/2025,3/28/2027,2026 GMC Truck GMC SIER 15E,Automobile,GMC SIER 15E,1GTUUCED4TZ143200,G35229,"$64,847.10 ","$64,847.10 ",$0.00 ,,"($64,847.10)",$0.00 ,"($64,847.10)",$0.00 ,$0.00 ,$0.00 ,$0.00 ,$0.00 ,$0.00 ,$89.60 ,$0.00 ,$0.00 ,$0.00 ,$89.60 ,"$1,589.90 ","$23,159.68 "
"3535 West Loop 820 South  Fort Worth, TX 76116",GMC Truck,Auto - GMC Truck Plant (Floorplan-New) - East,8/28/2025,143355,8/28/2025,3/28/2027,2026 GMC Truck GMC SIER 15E,Automobile,GMC SIER 15E,1GTUUCED0TZ143355,G35238,"$64,847.10 ","$64,847.10 ",$0.00 ,,"($64,847.10)",$0.00 ,"($64,847.10)",$0.00 ,$0.00 ,$0.00 ,$0.00 ,$0.00 ,$0.00 ,$17.96 ,$0.00 ,$0.00 ,$0.00 ,$17.96 ,"$1,518.26 ","$4,631.94 "
"3535 West Loop 820 South  Fort Worth, TX 76116",GMC Truck,Auto - GMC Truck Plant (Floorplan-New) - East,8/28/2025,143414,8/28/2025,3/28/2027,2026 GMC Truck GMC SIER 15E,Automobile,GMC SIER 15E,1GTUUCED1TZ143414,,"$64,386.75 ","$64,386.75 ",$0.00 ,,$0.00 ,$0.00 ,$0.00 ,"$64,386.75 ",$0.00 ,$0.00 ,$0.00 ,$0.00 ,$0.00 ,$249.00 ,$0.00 ,$0.00 ,$0.00 ,$249.00 ,"$1,738.65 ","$64,386.75 "
"3535 West Loop 820 South  Fort Worth, TX 76116",GMC Truck,Auto - GMC Truck Plant (Floorplan-New) - East,8/28/2025,143421,8/28/2025,3/28/2027,2026 GMC Truck GMC SIER 15E,Automobile,GMC SIER 15E,1GTUUCED9TZ143421,G35248,"$64,386.75 ","$64,386.75 ",$0.00 ,,$0.00 ,$0.00 ,$0.00 ,"$64,386.75 ",$0.00 ,$0.00 ,$0.00 ,$0.00 ,$0.00 ,$249.00 ,$0.00 ,$0.00 ,$0.00 ,$249.00 ,"$1,738.65 ","$64,386.75 "
"3535 West Loop 820 South  Fort Worth, TX 76116",GMC Truck,Auto - GMC Truck Plant (Floorplan-New) - East,8/28/2025,143450,8/28/2025,3/28/2027,2026 GMC Truck GMC SIER 15E,Automobile,GMC SIER 15E,1GTUUCED5TZ143450,G35249,"$64,386.75 ","$64,386.75 ",$0.00 ,,$0.00 ,$0.00 ,$0.00 ,"$64,386.75 ",$0.00 ,$0.00 ,$0.00 ,$0.00 ,$0.00 ,$249.00 ,$0.00 ,$0.00 ,$0.00 ,$249.00 ,"$1,738.65 ","$64,386.75 "
"3535 West Loop 820 South  Fort Worth, TX 76116",GMC Truck,Auto - GMC Truck Plant (Floorplan-New) - East,8/28/2025,143483,8/28/2025,3/28/2027,2026 GMC Truck GMC SIER 15E,Automobile,GMC SIER 15E,1GTUUCED9TZ143483,,"$64,847.10 ","$64,847.10 ",$0.00 ,,$0.00 ,$0.00 ,$0.00 ,"$64,847.10 ",$0.00 ,$0.00 ,$0.00 ,$0.00 ,$0.00 ,$250.79 ,$0.00 ,$0.00 ,$0.00 ,$250.79 ,"$1,751.09 ","$64,847.10 "
"3535 West Loop 820 South  Fort Worth, TX 76116",GMC Truck,Auto - GMC Truck Plant (Floorplan-New) - East,8/28/2025,143488,8/28/2025,3/28/2027,2026 GMC Truck GMC SIER 15E,Automobile,GMC SIER 15E,1GTUUCED8TZ143488,G35449,"$64,847.10 ","$64,847.10 ",$0.00 ,,"($64,847.10)",$0.00 ,"($64,847.10)",$0.00 ,$0.00 ,$0.00 ,$0.00 ,$0.00 ,$0.00 ,$107.51 ,$0.00 ,$0.00 ,$0.00 ,$107.51 ,"$1,607.81 ","$27,791.61 "
"3535 West Loop 820 South  Fort Worth, TX 76116",GMC Truck,Auto - GMC Truck Plant (Floorplan-New) - East,8/28/2025,143491,8/28/2025,3/28/2027,2026 GMC Truck GMC SIER 15E,Automobile,GMC SIER 15E,1GTUUCED8TZ143491,G35241,"$64,847.10 ","$64,847.10 ",$0.00 ,,"($64,847.10)",$0.00 ,"($64,847.10)",$0.00 ,$0.00 ,$0.00 ,$0.00 ,$0.00 ,$0.00 ,$152.29 ,$0.00 ,$0.00 ,$0.00 ,$152.29 ,"$1,652.59 ","$39,371.45 "
"3535 West Loop 820 South  Fort Worth, TX 76116",GMC Truck,Auto - GMC Truck Plant (Floorplan-New) - East,8/28/2025,143553,8/28/2025,3/28/2027,2026 GMC Truck GMC SIER 15E,Automobile,GMC SIER 15E,1GTUUCED4TZ143553,,"$64,386.75 ","$64,386.75 ",$0.00 ,,$0.00 ,$0.00 ,$0.00 ,"$64,386.75 ",$0.00 ,$0.00 ,$0.00 ,$0.00 ,$0.00 ,$249.00 ,$0.00 ,$0.00 ,$0.00 ,$249.00 ,"$1,738.65 ","$64,386.75 "
"3535 West Loop 820 South  Fort Worth, TX 76116",GMC Truck,Auto - GMC Truck Plant (Floorplan-New) - East,8/28/2025,143565,8/28/2025,3/28/2027,2026 GMC Truck GMC SIER 15E,Automobile,GMC SIER 15E,1GTUUCED0TZ143565,,"$64,386.75 ","$64,386.75 ",$0.00 ,,$0.00 ,$0.00 ,$0.00 ,"$64,386.75 ",$0.00 ,$0.00 ,$0.00 ,$0.00 ,$0.00 ,$249.00 ,$0.00 ,$0.00 ,$0.00 ,$249.00 ,"$1,738.65 ","$64,386.75 "
"3535 West Loop 820 South  Fort Worth, TX 76116",GMC Truck,Auto - GMC Truck Plant (Floorplan-New) - East,10/10/2025,143574,10/10/2025,5/10/2027,2026 GMC Truck GMC CNYN 2WD,Automobile,GMC CNYN 2WD,1GTP1BEK5T1143574,,"$45,417.35 ","$45,417.35 ",$0.00 ,,$0.00 ,$0.00 ,$0.00 ,"$45,417.35 ",$0.00 ,$0.00 ,$0.00 ,$0.00 ,$0.00 ,$175.65 ,$0.00 ,$0.00 ,$0.00 ,$175.65 ,$924.90 ,"$45,417.35 "
"3535 West Loop 820 South  Fort Worth, TX 76116",GMC Truck,Auto - GMC Truck Plant (Floorplan-New) - East,9/24/2025,143615,9/24/2025,4/24/2027,2026 GMC Truck GMC SIER 15E,Automobile,GMC SIER 15E,1GTUUCED0TZ143615,G36056,"$63,889.20 ","$63,889.20 ",$0.00 ,,"($63,889.20)",$0.00 ,"($63,889.20)",$0.00 ,$0.00 ,$0.00 ,$0.00 ,$0.00 ,$0.00 ,$220.61 ,$0.00 ,$0.00 ,$0.00 ,$220.61 ,"$1,430.70 ","$57,043.93 "
"3535 West Loop 820 South  Fort Worth, TX 76116",GMC Truck,Auto - GMC Truck Plant (Floorplan-New) - East,8/28/2025,143849,8/28/2025,3/28/2027,2026 GMC Truck GMC SIER 15E,Automobile,GMC SIER 15E,1GTUUCED3TZ143849,G35280,"$64,386.75 ","$64,386.75 ",$0.00 ,,$0.00 ,$0.00 ,$0.00 ,"$64,386.75 ",$0.00 ,$0.00 ,$0.00 ,$0.00 ,$0.00 ,$249.00 ,$0.00 ,$0.00 ,$0.00 ,$249.00 ,"$1,738.65 ","$64,386.75 "
"3535 West Loop 820 South  Fort Worth, TX 76116",GMC Truck,Auto - GMC Truck Plant (Floorplan-New) - East,10/23/2025,146018,10/23/2025,5/23/2027,2026 GMC Truck GMC CNYN 2WD,Automobile,GMC CNYN 2WD,1GTP1BEK1T1146018,,"$44,975.60 ","$44,975.60 ",$0.00 ,,$0.00 ,$0.00 ,$0.00 ,"$44,975.60 ",$0.00 ,$0.00 ,$0.00 ,$0.00 ,$0.00 ,$173.94 ,$0.00 ,$0.00 ,$0.00 ,$173.94 ,$827.63 ,"$44,975.60 "
"3535 West Loop 820 South  Fort Worth, TX 76116",GMC Truck,Auto - GMC Truck Plant (Floorplan-New) - East,10/23/2025,146094,10/23/2025,5/23/2027,2026 GMC Truck GMC CNYN 2WD,Automobile,GMC CNYN 2WD,1GTP1BEK6T1146094,,"$44,975.60 ","$44,975.60 ",$0.00 ,,$0.00 ,$0.00 ,$0.00 ,"$44,975.60 ",$0.00 ,$0.00 ,$0.00 ,$0.00 ,$0.00 ,$173.94 ,$0.00 ,$0.00 ,$0.00 ,$173.94 ,$827.63 ,"$44,975.60 "
"3535 West Loop 820 South  Fort Worth, TX 76116",GMC Truck,Auto - GMC Truck Plant (Floorplan-New) - East,9/2/2025,146270,9/2/2025,4/2/2027,2026 GMC Truck GMC SIER 15E,Automobile,GMC SIER 15E,1GTUUCED7TZ146270,G35276,"$64,847.10 ","$64,847.10 ",$0.00 ,,$0.00 ,$0.00 ,$0.00 ,"$64,847.10 ",$0.00 ,$0.00 ,$0.00 ,$0.00 ,$0.00 ,$250.79 ,$0.00 ,$0.00 ,$0.00 ,$250.79 ,"$1,700.17 ","$64,847.10 "
"3535 West Loop 820 South  Fort Worth, TX 76116",GMC Truck,Auto - GMC Truck Plant (Floorplan-New) - East,9/29/2025,146779,9/29/2025,4/29/2027,2026 GMC Truck GMC SIER 15D,Automobile,GMC SIER 15D,3GTUUGEL3TG146779,,"$78,268.55 ","$78,268.55 ",$0.00 ,,$0.00 ,$0.00 ,$0.00 ,"$78,268.55 ",$0.00 ,$0.00 ,$0.00 ,$0.00 ,$0.00 ,$302.69 ,$0.00 ,$0.00 ,$0.00 ,$302.69 ,"$1,724.48 ","$78,268.55 "
"3535 West Loop 820 South  Fort Worth, TX 76116",GMC Truck,Auto - GMC Truck Plant (Floorplan-New) - East,9/30/2025,146782,9/30/2025,4/30/2027,2026 GMC Truck GMC SIER 15D,Automobile,GMC SIER 15D,3GTUUGEL3TG146782,G35554,"$78,268.55 ","$78,268.55 ",$0.00 ,,"($78,268.55)",$0.00 ,"($78,268.55)",$0.00 ,$0.00 ,$0.00 ,$0.00 ,$0.00 ,$0.00 ,$205.42 ,$0.00 ,$0.00 ,$0.00 ,$205.42 ,"$1,615.08 ","$53,110.80 "
"3535 West Loop 820 South  Fort Worth, TX 76116",GMC Truck,Auto - GMC Truck Plant (Floorplan-New) - East,9/29/2025,146789,9/29/2025,4/29/2027,2026 GMC Truck GMC SIER 15D,Automobile,GMC SIER 15D,3GTUUGEL6TG146789,G35530,"$77,710.55 ","$77,710.55 ",$0.00 ,,"($77,710.55)",$0.00 ,"($77,710.55)",$0.00 ,$0.00 ,$0.00 ,$0.00 ,$0.00 ,$0.00 ,$193.22 ,$0.00 ,$0.00 ,$0.00 ,$193.22 ,"$1,604.86 ","$49,956.78 "
"3535 West Loop 820 South  Fort Worth, TX 76116",GMC Truck,Auto - GMC Truck Plant (Floorplan-New) - East,9/29/2025,146936,9/29/2025,4/29/2027,2026 GMC Truck GMC SIER 15D,Automobile,GMC SIER 15D,3GTUUGEL4TG146936,G35504,"$77,710.55 ","$77,710.55 ",$0.00 ,,"($77,710.55)",$0.00 ,"($77,710.55)",$0.00 ,$0.00 ,$0.00 ,$0.00 ,$0.00 ,$0.00 ,$268.34 ,$0.00 ,$0.00 ,$0.00 ,$268.34 ,"$1,679.98 ","$69,384.42 "
"3535 West Loop 820 South  Fort Worth, TX 76116",GMC Truck,Auto - GMC Truck Plant (Floorplan-New) - East,11/28/2025,148574,11/28/2025,6/28/2027,2026 GMC Truck GMC YUK 4XEL,Automobile,GMC YUK 4XEL,1GKS2GKD8TR148574,,"$75,123.35 ","$75,123.35 ",$0.00 ,,$0.00 ,$0.00 ,$0.00 ,"$75,123.35 ",$0.00 ,$0.00 ,$0.00 ,$0.00 ,$0.00 ,$290.53 ,$0.00 ,$0.00 ,$0.00 ,$290.53 ,$982.00 ,"$75,123.35 "
"3535 West Loop 820 South  Fort Worth, TX 76116",GMC Truck,Auto - GMC Truck Plant (Floorplan-New) - East,10/14/2025,149057,10/14/2025,5/14/2027,2026 GMC Truck GMC YUK 4ELE,Automobile,GMC YUK 4ELE,1GKS2BKD0TR149057,,"$76,272.00 ","$76,272.00 ",$0.00 ,,$0.00 ,$0.00 ,$0.00 ,"$76,272.00 ",$0.00 ,$0.00 ,$0.00 ,$0.00 ,$0.00 ,$294.97 ,$0.00 ,$0.00 ,$0.00 ,$294.97 ,"$1,507.17 ","$76,272.00 "
"3535 West Loop 820 South  Fort Worth, TX 76116",GMC Truck,Auto - GMC Truck Plant (Floorplan-New) - East,10/14/2025,149117,10/14/2025,5/14/2027,2026 GMC Truck GMC YUK 4ELE,Automobile,GMC YUK 4ELE,1GKS2BKD3TR149117,G35648,"$76,272.00 ","$76,272.00 ",$0.00 ,,"($76,272.00)",$0.00 ,"($76,272.00)",$0.00 ,$0.00 ,$0.00 ,$0.00 ,$0.00 ,$0.00 ,$21.12 ,$0.00 ,$0.00 ,$0.00 ,$21.12 ,"$1,233.32 ","$5,448.00 "
"3535 West Loop 820 South  Fort Worth, TX 76116",GMC Truck,Auto - GMC Truck Plant (Floorplan-New) - East,6/4/2025,150099,6/4/2025,1/4/2027,2025 GMC Truck GMC TERRN AT,Automobile,GMC TERRN AT,3GKALYEG9TL150099,G34772,"$38,991.40 ","$38,991.40 ",$0.00 ,,$0.00 ,$0.00 ,$0.00 ,"$38,991.40 ",$0.00 ,$0.00 ,$0.00 ,$0.00 ,$0.00 ,$150.79 ,$0.00 ,$0.00 ,$0.00 ,$150.79 ,"$1,571.68 ","$38,991.40 "
"3535 West Loop 820 South  Fort Worth, TX 76116",GMC Truck,Auto - GMC Truck Plant (Floorplan-New) - East,9/8/2025,152042,9/8/2025,4/8/2027,2026 GMC Truck GMC SIER 15E,Automobile,GMC SIER 15E,1GTUUCED2TZ152042,,"$64,386.75 ","$64,386.75 ",$0.00 ,,$0.00 ,$0.00 ,$0.00 ,"$64,386.75 ",$0.00 ,$0.00 ,$0.00 ,$0.00 ,$0.00 ,$249.00 ,$0.00 ,$0.00 ,$0.00 ,$249.00 ,"$1,628.21 ","$64,386.75 "
"3535 West Loop 820 South  Fort Worth, TX 76116",GMC Truck,Auto - GMC Truck Plant (Floorplan-New) - East,11/21/2025,154396,11/21/2025,6/21/2027,2026 GMC Truck GMC SIER 25A,Automobile,GMC SIER 25A,1GT4UPEY9TF154396,G35838,"$85,029.70 ","$85,029.70 ",$0.00 ,,"($85,029.70)",$0.00 ,"($85,029.70)",$0.00 ,$0.00 ,$0.00 ,$0.00 ,$0.00 ,$0.00 ,$23.55 ,$0.00 ,$0.00 ,$0.00 ,$23.55 ,$893.57 ,"$6,073.55 "
"3535 West Loop 820 South  Fort Worth, TX 76116",GMC Truck,Auto - GMC Truck Plant (Floorplan-New) - East,10/24/2025,154577,10/24/2025,5/24/2027,2026 GMC Truck GMC YUK 4XDE,Automobile,GMC YUK 4XDE,1GKS2JKL5TR154577,,"$91,132.65 ","$91,132.65 ",$0.00 ,,$0.00 ,$0.00 ,$0.00 ,"$91,132.65 ",$0.00 ,$0.00 ,$0.00 ,$0.00 ,$0.00 ,$352.45 ,$0.00 ,$0.00 ,$0.00 ,$352.45 ,"$1,663.24 ","$91,132.65 "
"3535 West Loop 820 South  Fort Worth, TX 76116",GMC Truck,Auto - GMC Truck Plant (Floorplan-New) - East,10/24/2025,154581,10/24/2025,5/24/2027,2026 GMC Truck GMC YUK 4XDE,Automobile,GMC YUK 4XDE,1GKS2JKL7TR154581,,"$89,165.70 ","$89,165.70 ",$0.00 ,,$0.00 ,$0.00 ,$0.00 ,"$89,165.70 ",$0.00 ,$0.00 ,$0.00 ,$0.00 ,$0.00 ,$344.83 ,$0.00 ,$0.00 ,$0.00 ,$344.83 ,"$1,627.35 ","$89,165.70 "
"3535 West Loop 820 South  Fort Worth, TX 76116",GMC Truck,Auto - GMC Truck Plant (Floorplan-New) - East,10/8/2025,155537,10/8/2025,5/8/2027,2026 GMC Truck GMC SIER 15D,Automobile,GMC SIER 15D,3GTUUGEL2TG155537,,"$78,175.55 ","$78,175.55 ",$0.00 ,,$0.00 ,$0.00 ,$0.00 ,"$78,175.55 ",$0.00 ,$0.00 ,$0.00 ,$0.00 ,$0.00 ,$302.34 ,$0.00 ,$0.00 ,$0.00 ,$302.34 ,"$1,615.58 ","$78,175.55 "
"3535 West Loop 820 South  Fort Worth, TX 76116",GMC Truck,Auto - GMC Truck Plant (Floorplan-New) - East,11/17/2025,155548,11/17/2025,6/17/2027,2026 GMC Truck GMC CNYN 2WD,Automobile,GMC CNYN 2WD,1GTP1BEK9T1155548,,"$45,193.73 ","$45,193.73 ",$0.00 ,,$0.00 ,$0.00 ,$0.00 ,"$45,193.73 ",$0.00 ,$0.00 ,$0.00 ,$0.00 ,$0.00 ,$174.78 ,$0.00 ,$0.00 ,$0.00 ,$174.78 ,$663.74 ,"$45,193.73 "
"3535 West Loop 820 South  Fort Worth, TX 76116",GMC Truck,Auto - GMC Truck Plant (Floorplan-New) - East,10/7/2025,156100,10/7/2025,5/7/2027,2026 GMC Truck GMC SIER 15D,Automobile,GMC SIER 15D,3GTUUGEL1TG156100,G35613,"$78,268.55 ","$78,268.55 ",$0.00 ,,"($78,268.55)",$0.00 ,"($78,268.55)",$0.00 ,$0.00 ,$0.00 ,$0.00 ,$0.00 ,$0.00 ,$129.76 ,$0.00 ,$0.00 ,$0.00 ,$129.76 ,"$1,456.40 ","$33,543.66 "
"3535 West Loop 820 South  Fort Worth, TX 76116",GMC Truck,Auto - GMC Truck Plant (Floorplan-New) - East,10/8/2025,156105,10/8/2025,5/8/2027,2026 GMC Truck GMC SIER 15D,Automobile,GMC SIER 15D,3GTUUGEL0TG156105,G35614,"$78,268.55 ","$78,268.55 ",$0.00 ,,"($78,268.55)",$0.00 ,"($78,268.55)",$0.00 ,$0.00 ,$0.00 ,$0.00 ,$0.00 ,$0.00 ,$32.49 ,$0.00 ,$0.00 ,$0.00 ,$32.49 ,"$1,347.32 ","$8,385.92 "
"3535 West Loop 820 South  Fort Worth, TX 76116",GMC Truck,Auto - GMC Truck Plant (Floorplan-New) - East,10/8/2025,156108,10/8/2025,5/8/2027,2026 GMC Truck GMC SIER 15D,Automobile,GMC SIER 15D,3GTUUGEL6TG156108,G35618,"$77,710.55 ","$77,710.55 ",$0.00 ,,"($77,710.55)",$0.00 ,"($77,710.55)",$0.00 ,$0.00 ,$0.00 ,$0.00 ,$0.00 ,$0.00 ,$182.49 ,$0.00 ,$0.00 ,$0.00 ,$182.49 ,"$1,487.92 ","$47,181.41 "
"3535 West Loop 820 South  Fort Worth, TX 76116",GMC Truck,Auto - GMC Truck Plant (Floorplan-New) - East,10/8/2025,156112,10/8/2025,5/8/2027,2026 GMC Truck GMC SIER 15D,Automobile,GMC SIER 15D,3GTUUGEL8TG156112,,"$77,710.55 ","$77,710.55 ",$0.00 ,,$0.00 ,$0.00 ,$0.00 ,"$77,710.55 ",$0.00 ,$0.00 ,$0.00 ,$0.00 ,$0.00 ,$300.53 ,$0.00 ,$0.00 ,$0.00 ,$300.53 ,"$1,605.96 ","$77,710.55 "
"3535 West Loop 820 South  Fort Worth, TX 76116",GMC Truck,Auto - GMC Truck Plant (Floorplan-New) - East,10/7/2025,156170,10/7/2025,5/7/2027,2026 GMC Truck GMC SIER 15D,Automobile,GMC SIER 15D,3GTUUGEL0TG156170,,"$78,268.55 ","$78,268.55 ",$0.00 ,,$0.00 ,$0.00 ,$0.00 ,"$78,268.55 ",$0.00 ,$0.00 ,$0.00 ,$0.00 ,$0.00 ,$302.69 ,$0.00 ,$0.00 ,$0.00 ,$302.69 ,"$1,629.33 ","$78,268.55 "
"3535 West Loop 820 South  Fort Worth, TX 76116",GMC Truck,Auto - GMC Truck Plant (Floorplan-New) - East,11/17/2025,157342,11/17/2025,6/17/2027,2026 GMC Truck GMC CNYN 2WD,Automobile,GMC CNYN 2WD,1GTP1BEKXT1157342,,"$44,735.85 ","$44,735.85 ",$0.00 ,,$0.00 ,$0.00 ,$0.00 ,"$44,735.85 ",$0.00 ,$0.00 ,$0.00 ,$0.00 ,$0.00 ,$173.01 ,$0.00 ,$0.00 ,$0.00 ,$173.01 ,$657.02 ,"$44,735.85 "
"3535 West Loop 820 South  Fort Worth, TX 76116",GMC Truck,Auto - GMC Truck Plant (Floorplan-New) - East,11/19/2025,159072,11/19/2025,6/19/2027,2026 GMC Truck GMC CNYN 2WD,Automobile,GMC CNYN 2WD,1GTP1BEK6T1159072,,"$42,538.98 ","$42,538.98 ",$0.00 ,,$0.00 ,$0.00 ,$0.00 ,"$42,538.98 ",$0.00 ,$0.00 ,$0.00 ,$0.00 ,$0.00 ,$164.52 ,$0.00 ,$0.00 ,$0.00 ,$164.52 ,$612.27 ,"$42,538.98 "
"3535 West Loop 820 South  Fort Worth, TX 76116",GMC Truck,Auto - GMC Truck Plant (Floorplan-New) - East,9/16/2025,159417,9/16/2025,4/16/2027,2026 GMC Truck GMC SIER 15E,Automobile,GMC SIER 15E,1GTPHCED8TZ159417,,"$60,573.75 ","$60,573.75 ",$0.00 ,,$0.00 ,$0.00 ,$0.00 ,"$60,573.75 ",$0.00 ,$0.00 ,$0.00 ,$0.00 ,$0.00 ,$234.26 ,$0.00 ,$0.00 ,$0.00 ,$234.26 ,"$1,456.67 ","$60,573.75 "
"3535 West Loop 820 South  Fort Worth, TX 76116",GMC Truck,Auto - GMC Truck Plant (Floorplan-New) - East,9/16/2025,159513,9/16/2025,4/16/2027,2026 GMC Truck GMC SIER 15E,Automobile,GMC SIER 15E,1GTUUCED6TZ159513,G35363,"$64,349.55 ","$64,349.55 ",$0.00 ,,"($64,349.55)",$0.00 ,"($64,349.55)",$0.00 ,$0.00 ,$0.00 ,$0.00 ,$0.00 ,$0.00 ,$17.83 ,$0.00 ,$0.00 ,$0.00 ,$17.83 ,"$1,316.45 ","$4,596.40 "
"3535 West Loop 820 South  Fort Worth, TX 76116",GMC Truck,Auto - GMC Truck Plant (Floorplan-New) - East,9/15/2025,159771,9/15/2025,4/15/2027,2026 GMC Truck GMC SIER 15E,Automobile,GMC SIER 15E,1GTUUCED6TZ159771,G35360,"$64,349.55 ","$64,349.55 ",$0.00 ,,"($64,349.55)",$0.00 ,"($64,349.55)",$0.00 ,$0.00 ,$0.00 ,$0.00 ,$0.00 ,$0.00 ,$204.44 ,$0.00 ,$0.00 ,$0.00 ,$204.44 ,"$1,513.03 ","$52,858.56 "
"3535 West Loop 820 South  Fort Worth, TX 76116",GMC Truck,Auto - GMC Truck Plant (Floorplan-New) - East,11/21/2025,159924,11/21/2025,6/21/2027,2026 GMC Truck GMC CNYN 2WD,Automobile,GMC CNYN 2WD,1GTP1BEK9T1159924,,"$44,735.85 ","$44,735.85 ",$0.00 ,,$0.00 ,$0.00 ,$0.00 ,"$44,735.85 ",$0.00 ,$0.00 ,$0.00 ,$0.00 ,$0.00 ,$173.01 ,$0.00 ,$0.00 ,$0.00 ,$173.01 ,$630.75 ,"$44,735.85 "
"3535 West Loop 820 South  Fort Worth, TX 76116",GMC Truck,Auto - GMC Truck Plant (Floorplan-New) - East,9/16/2025,159980,9/16/2025,4/16/2027,2026 GMC Truck GMC SIER 15E,Automobile,GMC SIER 15E,1GTUUCED4TZ159980,,"$64,349.55 ","$64,349.55 ",$0.00 ,,$0.00 ,$0.00 ,$0.00 ,"$64,349.55 ",$0.00 ,$0.00 ,$0.00 ,$0.00 ,$0.00 ,$248.87 ,$0.00 ,$0.00 ,$0.00 ,$248.87 ,"$1,547.49 ","$64,349.55 "
"3535 West Loop 820 South  Fort Worth, TX 76116",GMC Truck,Auto - GMC Truck Plant (Floorplan-New) - East,9/16/2025,160416,9/16/2025,4/16/2027,2026 GMC Truck GMC SIER 15E,Automobile,GMC SIER 15E,1GTUUCED2TZ160416,G35392,"$64,349.55 ","$64,349.55 ",$0.00 ,,"($64,349.55)",$0.00 ,"($64,349.55)",$0.00 ,$0.00 ,$0.00 ,$0.00 ,$0.00 ,$0.00 ,$17.83 ,$0.00 ,$0.00 ,$0.00 ,$17.83 ,"$1,316.45 ","$4,596.40 "
"3535 West Loop 820 South  Fort Worth, TX 76116",GMC Truck,Auto - GMC Truck Plant (Floorplan-New) - East,11/24/2025,160527,11/24/2025,6/24/2027,2026 GMC Truck GMC CNYN 2WD,Automobile,GMC CNYN 2WD,1GTP1BEK4T1160527,,"$44,735.85 ","$44,735.85 ",$0.00 ,,$0.00 ,$0.00 ,$0.00 ,"$44,735.85 ",$0.00 ,$0.00 ,$0.00 ,$0.00 ,$0.00 ,$173.01 ,$0.00 ,$0.00 ,$0.00 ,$173.01 ,$611.05 ,"$44,735.85 "
"3535 West Loop 820 South  Fort Worth, TX 76116",GMC Truck,Auto - GMC Truck Plant (Floorplan-New) - East,11/24/2025,160661,11/24/2025,6/24/2027,2026 GMC Truck GMC CNYN 2WD,Automobile,GMC CNYN 2WD,1GTP1BEK8T1160661,,"$45,193.73 ","$45,193.73 ",$0.00 ,,$0.00 ,$0.00 ,$0.00 ,"$45,193.73 ",$0.00 ,$0.00 ,$0.00 ,$0.00 ,$0.00 ,$174.78 ,$0.00 ,$0.00 ,$0.00 ,$174.78 ,$617.30 ,"$45,193.73 "
"3535 West Loop 820 South  Fort Worth, TX 76116",GMC Truck,Auto - GMC Truck Plant (Floorplan-New) - East,11/28/2025,160680,11/28/2025,6/28/2027,2026 GMC Truck GMC CNYN 2WD,Automobile,GMC CNYN 2WD,1GTP1BEK1T1160680,,"$45,193.73 ","$45,193.73 ",$0.00 ,,$0.00 ,$0.00 ,$0.00 ,"$45,193.73 ",$0.00 ,$0.00 ,$0.00 ,$0.00 ,$0.00 ,$174.78 ,$0.00 ,$0.00 ,$0.00 ,$174.78 ,$590.77 ,"$45,193.73 "
"3535 West Loop 820 South  Fort Worth, TX 76116",GMC Truck,Auto - GMC Truck Plant (Floorplan-New) - East,11/24/2025,161446,11/24/2025,6/24/2027,2026 GMC Truck GMC CNYN 2WD,Automobile,GMC CNYN 2WD,1GTP1BEK9T1161446,,"$45,193.73 ","$45,193.73 ",$0.00 ,,$0.00 ,$0.00 ,$0.00 ,"$45,193.73 ",$0.00 ,$0.00 ,$0.00 ,$0.00 ,$0.00 ,$174.78 ,$0.00 ,$0.00 ,$0.00 ,$174.78 ,$617.30 ,"$45,193.73 "
"3535 West Loop 820 South  Fort Worth, TX 76116",GMC Truck,Auto - GMC Truck Plant (Floorplan-New) - East,11/24/2025,161459,11/24/2025,6/24/2027,2026 GMC Truck GMC CNYN 2WD,Automobile,GMC CNYN 2WD,1GTP1BEK7T1161459,,"$45,193.73 ","$45,193.73 ",$0.00 ,,$0.00 ,$0.00 ,$0.00 ,"$45,193.73 ",$0.00 ,$0.00 ,$0.00 ,$0.00 ,$0.00 ,$174.78 ,$0.00 ,$0.00 ,$0.00 ,$174.78 ,$617.30 ,"$45,193.73 "
"3535 West Loop 820 South  Fort Worth, TX 76116",GMC Truck,Auto - GMC Truck Plant (Floorplan-New) - East,9/16/2025,162127,9/16/2025,4/16/2027,2026 GMC Truck GMC SIER 15E,Automobile,GMC SIER 15E,1GTPHCED3TZ162127,,"$60,113.40 ","$60,113.40 ",$0.00 ,,$0.00 ,$0.00 ,$0.00 ,"$60,113.40 ",$0.00 ,$0.00 ,$0.00 ,$0.00 ,$0.00 ,$232.48 ,$0.00 ,$0.00 ,$0.00 ,$232.48 ,"$1,445.60 ","$60,113.40 "
"3535 West Loop 820 South  Fort Worth, TX 76116",GMC Truck,Auto - GMC Truck Plant (Floorplan-New) - East,9/17/2025,162155,9/17/2025,4/17/2027,2026 GMC Truck GMC SIER 15E,Automobile,GMC SIER 15E,1GTPHCED8TZ162155,,"$60,113.40 ","$60,113.40 ",$0.00 ,,$0.00 ,$0.00 ,$0.00 ,"$60,113.40 ",$0.00 ,$0.00 ,$0.00 ,$0.00 ,$0.00 ,$232.48 ,$0.00 ,$0.00 ,$0.00 ,$232.48 ,"$1,436.28 ","$60,113.40 "
"3535 West Loop 820 South  Fort Worth, TX 76116",GMC Truck,Auto - GMC Truck Plant (Floorplan-New) - East,9/17/2025,162190,9/17/2025,4/17/2027,2026 GMC Truck GMC SIER 15E,Automobile,GMC SIER 15E,1GTPHCEDXTZ162190,,"$60,113.40 ","$60,113.40 ",$0.00 ,,$0.00 ,$0.00 ,$0.00 ,"$60,113.40 ",$0.00 ,$0.00 ,$0.00 ,$0.00 ,$0.00 ,$232.48 ,$0.00 ,$0.00 ,$0.00 ,$232.48 ,"$1,436.28 ","$60,113.40 "
"3535 West Loop 820 South  Fort Worth, TX 76116",GMC Truck,Auto - GMC Truck Plant (Floorplan-New) - East,9/17/2025,162242,9/17/2025,4/17/2027,2026 GMC Truck GMC SIER 15E,Automobile,GMC SIER 15E,1GTUUCED5TZ162242,,"$63,889.20 ","$63,889.20 ",$0.00 ,,$0.00 ,$0.00 ,$0.00 ,"$63,889.20 ",$0.00 ,$0.00 ,$0.00 ,$0.00 ,$0.00 ,$247.08 ,$0.00 ,$0.00 ,$0.00 ,$247.08 ,"$1,526.49 ","$63,889.20 "
"3535 West Loop 820 South  Fort Worth, TX 76116",GMC Truck,Auto - GMC Truck Plant (Floorplan-New) - East,9/17/2025,162347,9/17/2025,4/17/2027,2026 GMC Truck GMC SIER 15E,Automobile,GMC SIER 15E,1GTUUCED8TZ162347,,"$63,889.20 ","$63,889.20 ",$0.00 ,,$0.00 ,$0.00 ,$0.00 ,"$63,889.20 ",$0.00 ,$0.00 ,$0.00 ,$0.00 ,$0.00 ,$247.08 ,$0.00 ,$0.00 ,$0.00 ,$247.08 ,"$1,526.49 ","$63,889.20 "
"3535 West Loop 820 South  Fort Worth, TX 76116",GMC Truck,Auto - GMC Truck Plant (Floorplan-New) - East,9/17/2025,162453,9/17/2025,4/17/2027,2026 GMC Truck GMC SIER 15E,Automobile,GMC SIER 15E,1GTUUCED7TZ162453,G35625,"$64,349.55 ","$64,349.55 ",$0.00 ,,"($64,349.55)",$0.00 ,"($64,349.55)",$0.00 ,$0.00 ,$0.00 ,$0.00 ,$0.00 ,$0.00 ,$212.34 ,$0.00 ,$0.00 ,$0.00 ,$212.34 ,"$1,500.98 ","$54,902.53 "
"3535 West Loop 820 South  Fort Worth, TX 76116",GMC Truck,Auto - GMC Truck Plant (Floorplan-New) - East,11/25/2025,162498,11/25/2025,6/25/2027,2026 GMC Truck GMC CNYN 2WD,Automobile,GMC CNYN 2WD,1GTP1BEK0T1162498,,"$45,193.73 ","$45,193.73 ",$0.00 ,,$0.00 ,$0.00 ,$0.00 ,"$45,193.73 ",$0.00 ,$0.00 ,$0.00 ,$0.00 ,$0.00 ,$174.78 ,$0.00 ,$0.00 ,$0.00 ,$174.78 ,$610.67 ,"$45,193.73 "
"3535 West Loop 820 South  Fort Worth, TX 76116",GMC Truck,Auto - GMC Truck Plant (Floorplan-New) - East,11/25/2025,162506,11/25/2025,6/25/2027,2026 GMC Truck GMC CNYN 2WD,Automobile,GMC CNYN 2WD,1GTP1BEK6T1162506,,"$45,193.73 ","$45,193.73 ",$0.00 ,,$0.00 ,$0.00 ,$0.00 ,"$45,193.73 ",$0.00 ,$0.00 ,$0.00 ,$0.00 ,$0.00 ,$174.78 ,$0.00 ,$0.00 ,$0.00 ,$174.78 ,$610.67 ,"$45,193.73 "
"3535 West Loop 820 South  Fort Worth, TX 76116",GMC Truck,Auto - GMC Truck Plant (Floorplan-New) - East,11/25/2025,162526,11/25/2025,6/25/2027,2026 GMC Truck GMC CNYN 2WD,Automobile,GMC CNYN 2WD,1GTP1BEK1T1162526,,"$45,193.73 ","$45,193.73 ",$0.00 ,,$0.00 ,$0.00 ,$0.00 ,"$45,193.73 ",$0.00 ,$0.00 ,$0.00 ,$0.00 ,$0.00 ,$174.78 ,$0.00 ,$0.00 ,$0.00 ,$174.78 ,$610.67 ,"$45,193.73 "
"3535 West Loop 820 South  Fort Worth, TX 76116",GMC Truck,Auto - GMC Truck Plant (Floorplan-New) - East,9/17/2025,162535,9/17/2025,4/17/2027,2026 GMC Truck GMC SIER 15E,Automobile,GMC SIER 15E,1GTUUCED9TZ162535,,"$63,889.20 ","$63,889.20 ",$0.00 ,,$0.00 ,$0.00 ,$0.00 ,"$63,889.20 ",$0.00 ,$0.00 ,$0.00 ,$0.00 ,$0.00 ,$247.08 ,$0.00 ,$0.00 ,$0.00 ,$247.08 ,"$1,526.49 ","$63,889.20 "
"3535 West Loop 820 South  Fort Worth, TX 76116",GMC Truck,Auto - GMC Truck Plant (Floorplan-New) - East,12/24/2025,163798,12/24/2025,7/24/2027,2026 GMC Truck GMC SIER 15A,Automobile,GMC SIER 15A,3GTUUFEL1TG163798,,"$81,834.03 ","$81,834.03 ",$0.00 ,,$0.00 ,$0.00 ,$0.00 ,"$81,834.03 ",$0.00 ,$0.00 ,$0.00 ,$0.00 ,$0.00 ,$316.48 ,$0.00 ,$0.00 ,$0.00 ,$316.48 ,$763.25 ,"$81,834.03 "
"3535 West Loop 820 South  Fort Worth, TX 76116",GMC Truck,Auto - GMC Truck Plant (Floorplan-New) - East,9/18/2025,164306,9/18/2025,4/18/2027,2026 GMC Truck GMC SIER 15E,Automobile,GMC SIER 15E,1GTPHCED2TZ164306,,"$61,071.30 ","$61,071.30 ",$0.00 ,,$0.00 ,$0.00 ,$0.00 ,"$61,071.30 ",$0.00 ,$0.00 ,$0.00 ,$0.00 ,$0.00 ,$236.18 ,$0.00 ,$0.00 ,$0.00 ,$236.18 ,"$1,449.71 ","$61,071.30 "
"3535 West Loop 820 South  Fort Worth, TX 76116",GMC Truck,Auto - GMC Truck Plant (Floorplan-New) - East,10/28/2025,164514,10/28/2025,5/28/2027,2026 GMC Truck GMC YUK 4XDE,Automobile,GMC YUK 4XDE,1GKS2JKL9TR164514,,"$96,889.35 ","$96,889.35 ",$0.00 ,,$0.00 ,$0.00 ,$0.00 ,"$96,889.35 ",$0.00 ,$0.00 ,$0.00 ,$0.00 ,$0.00 ,$374.71 ,$0.00 ,$0.00 ,$0.00 ,$374.71 ,"$1,709.81 ","$96,889.35 "
"3535 West Loop 820 South  Fort Worth, TX 76116",GMC Truck,Auto - GMC Truck Plant (Floorplan-New) - East,9/18/2025,164545,9/18/2025,4/18/2027,2026 GMC Truck GMC SIER 15E,Automobile,GMC SIER 15E,1GTPHCED9TZ164545,G35442,"$61,071.30 ","$61,071.30 ",$0.00 ,,$0.00 ,$0.00 ,$0.00 ,"$61,071.30 ",$0.00 ,$0.00 ,$0.00 ,$0.00 ,$0.00 ,$236.18 ,$0.00 ,$0.00 ,$0.00 ,$236.18 ,"$1,449.71 ","$61,071.30 "
"3535 West Loop 820 South  Fort Worth, TX 76116",GMC Truck,Auto - GMC Truck Plant (Floorplan-New) - East,10/27/2025,164624,10/27/2025,5/27/2027,2026 GMC Truck GMC YUK 4XDE,Automobile,GMC YUK 4XDE,1GKS2JKL5TR164624,,"$96,889.35 ","$96,889.35 ",$0.00 ,,$0.00 ,$0.00 ,$0.00 ,"$96,889.35 ",$0.00 ,$0.00 ,$0.00 ,$0.00 ,$0.00 ,$374.71 ,$0.00 ,$0.00 ,$0.00 ,$374.71 ,"$1,724.44 ","$96,889.35 "
"3535 West Loop 820 South  Fort Worth, TX 76116",GMC Truck,Auto - GMC Truck Plant (Floorplan-New) - East,9/19/2025,164747,9/19/2025,4/19/2027,2026 GMC Truck GMC SIER 15E,Automobile,GMC SIER 15E,1GTUUCED1TZ164747,G35416,"$64,847.10 ","$64,847.10 ",$0.00 ,,"($64,847.10)",$0.00 ,"($64,847.10)",$0.00 ,$0.00 ,$0.00 ,$0.00 ,$0.00 ,$0.00 ,$26.92 ,$0.00 ,$0.00 ,$0.00 ,$26.92 ,"$1,305.42 ","$6,947.90 "
"3535 West Loop 820 South  Fort Worth, TX 76116",GMC Truck,Auto - GMC Truck Plant (Floorplan-New) - East,9/19/2025,164900,9/19/2025,4/19/2027,2026 GMC Truck GMC SIER 15E,Automobile,GMC SIER 15E,1GTUUCED5TZ164900,G35409,"$64,847.10 ","$64,847.10 ",$0.00 ,,$0.00 ,$0.00 ,$0.00 ,"$64,847.10 ",$0.00 ,$0.00 ,$0.00 ,$0.00 ,$0.00 ,$250.79 ,$0.00 ,$0.00 ,$0.00 ,$250.79 ,"$1,529.29 ","$64,847.10 "
"3535 West Loop 820 South  Fort Worth, TX 76116",GMC Truck,Auto - GMC Truck Plant (Floorplan-New) - East,10/28/2025,165010,10/28/2025,5/28/2027,2026 GMC Truck GMC YUK 4ELE,Automobile,GMC YUK 4ELE,1GKS2BKDXTR165010,G35780,"$76,272.00 ","$76,272.00 ",$0.00 ,,"($76,272.00)",$0.00 ,"($76,272.00)",$0.00 ,$0.00 ,$0.00 ,$0.00 ,$0.00 ,$0.00 ,$189.64 ,$0.00 ,$0.00 ,$0.00 ,$189.64 ,"$1,240.65 ","$49,032.00 "
"3535 West Loop 820 South  Fort Worth, TX 76116",GMC Truck,Auto - GMC Truck Plant (Floorplan-New) - East,10/28/2025,165017,10/28/2025,5/28/2027,2026 GMC Truck GMC YUK 4ELE,Automobile,GMC YUK 4ELE,1GKS2BKD2TR165017,,"$76,272.00 ","$76,272.00 ",$0.00 ,,$0.00 ,$0.00 ,$0.00 ,"$76,272.00 ",$0.00 ,$0.00 ,$0.00 ,$0.00 ,$0.00 ,$294.97 ,$0.00 ,$0.00 ,$0.00 ,$294.97 ,"$1,345.98 ","$76,272.00 "
"3535 West Loop 820 South  Fort Worth, TX 76116",GMC Truck,Auto - GMC Truck Plant (Floorplan-New) - East,9/19/2025,165450,9/19/2025,4/19/2027,2026 GMC Truck GMC SIER 15E,Automobile,GMC SIER 15E,1GTPHCED3TZ165450,,"$61,071.30 ","$61,071.30 ",$0.00 ,,$0.00 ,$0.00 ,$0.00 ,"$61,071.30 ",$0.00 ,$0.00 ,$0.00 ,$0.00 ,$0.00 ,$236.18 ,$0.00 ,$0.00 ,$0.00 ,$236.18 ,"$1,440.25 ","$61,071.30 "
"3535 West Loop 820 South  Fort Worth, TX 76116",GMC Truck,Auto - GMC Truck Plant (Floorplan-New) - East,9/22/2025,166212,9/22/2025,4/22/2027,2026 GMC Truck GMC SIER 15E,Automobile,GMC SIER 15E,1GTPHCED3TZ166212,,"$61,071.30 ","$61,071.30 ",$0.00 ,,$0.00 ,$0.00 ,$0.00 ,"$61,071.30 ",$0.00 ,$0.00 ,$0.00 ,$0.00 ,$0.00 ,$236.18 ,$0.00 ,$0.00 ,$0.00 ,$236.18 ,"$1,411.85 ","$61,071.30 "
"3535 West Loop 820 South  Fort Worth, TX 76116",GMC Truck,Auto - GMC Truck Plant (Floorplan-New) - East,9/22/2025,166554,9/22/2025,4/22/2027,2026 GMC Truck GMC SIER 15E,Automobile,GMC SIER 15E,1GTUUCED0TZ166554,G35400,"$64,847.10 ","$64,847.10 ",$0.00 ,,"($64,847.10)",$0.00 ,"($64,847.10)",$0.00 ,$0.00 ,$0.00 ,$0.00 ,$0.00 ,$0.00 ,$17.96 ,$0.00 ,$0.00 ,$0.00 ,$17.96 ,"$1,266.30 ","$4,631.94 "
"3535 West Loop 820 South  Fort Worth, TX 76116",GMC Truck,Auto - GMC Truck Plant (Floorplan-New) - East,9/22/2025,166576,9/22/2025,4/22/2027,2026 GMC Truck GMC SIER 15E,Automobile,GMC SIER 15E,1GTPHCED8TZ166576,G35401,"$61,071.30 ","$61,071.30 ",$0.00 ,,"($61,071.30)",$0.00 ,"($61,071.30)",$0.00 ,$0.00 ,$0.00 ,$0.00 ,$0.00 ,$0.00 ,$16.91 ,$0.00 ,$0.00 ,$0.00 ,$16.91 ,"$1,192.58 ","$4,362.24 "
"3535 West Loop 820 South  Fort Worth, TX 76116",GMC Truck,Auto - GMC Truck Plant (Floorplan-New) - East,9/22/2025,166766,9/22/2025,4/22/2027,2026 GMC Truck GMC SIER 15E,Automobile,GMC SIER 15E,1GTUUCED4TZ166766,G35432,"$64,386.75 ","$64,386.75 ",$0.00 ,,"($64,386.75)",$0.00 ,"($64,386.75)",$0.00 ,$0.00 ,$0.00 ,$0.00 ,$0.00 ,$0.00 ,$26.72 ,$0.00 ,$0.00 ,$0.00 ,$26.72 ,"$1,266.20 ","$6,898.58 "
"3535 West Loop 820 South  Fort Worth, TX 76116",GMC Truck,Auto - GMC Truck Plant (Floorplan-New) - East,9/22/2025,166845,9/22/2025,4/22/2027,2026 GMC Truck GMC SIER 15D,Automobile,GMC SIER 15D,1GTUUGEL2TZ166845,,"$78,682.40 ","$78,682.40 ",$0.00 ,,$0.00 ,$0.00 ,$0.00 ,"$78,682.40 ",$0.00 ,$0.00 ,$0.00 ,$0.00 ,$0.00 ,$304.30 ,$0.00 ,$0.00 ,$0.00 ,$304.30 ,"$1,818.98 ","$78,682.40 "
"3535 West Loop 820 South  Fort Worth, TX 76116",GMC Truck,Auto - GMC Truck Plant (Floorplan-New) - East,9/22/2025,166892,9/22/2025,4/22/2027,2026 GMC Truck GMC SIER 15E,Automobile,GMC SIER 15E,1GTUUCED9TZ166892,G35410,"$64,386.75 ","$64,386.75 ",$0.00 ,,$0.00 ,$0.00 ,$0.00 ,"$64,386.75 ",$0.00 ,$0.00 ,$0.00 ,$0.00 ,$0.00 ,$249.00 ,$0.00 ,$0.00 ,$0.00 ,$249.00 ,"$1,488.48 ","$64,386.75 "
"3535 West Loop 820 South  Fort Worth, TX 76116",GMC Truck,Auto - GMC Truck Plant (Floorplan-New) - East,9/22/2025,166913,9/22/2025,4/22/2027,2026 GMC Truck GMC SIER 15E,Automobile,GMC SIER 15E,1GTUUCED2TZ166913,G35418,"$64,386.75 ","$64,386.75 ",$0.00 ,,"($64,386.75)",$0.00 ,"($64,386.75)",$0.00 ,$0.00 ,$0.00 ,$0.00 ,$0.00 ,$0.00 ,$204.55 ,$0.00 ,$0.00 ,$0.00 ,$204.55 ,"$1,444.03 ","$52,889.12 "
"3535 West Loop 820 South  Fort Worth, TX 76116",GMC Truck,Auto - GMC Truck Plant (Floorplan-New) - East,9/22/2025,167081,9/22/2025,4/22/2027,2026 GMC Truck GMC SIER 15E,Automobile,GMC SIER 15E,1GTUUCEDXTZ167081,G35394,"$64,386.75 ","$64,386.75 ",$0.00 ,,"($64,386.75)",$0.00 ,"($64,386.75)",$0.00 ,$0.00 ,$0.00 ,$0.00 ,$0.00 ,$0.00 ,$44.51 ,$0.00 ,$0.00 ,$0.00 ,$44.51 ,"$1,283.99 ","$11,497.63 "
"3535 West Loop 820 South  Fort Worth, TX 76116",GMC Truck,Auto - GMC Truck Plant (Floorplan-New) - East,12/15/2025,167123,12/15/2025,7/15/2027,2026 GMC Truck GMC CNYN 2WD,Automobile,GMC CNYN 2WD,1GTP1BEK4T1167123,,"$44,735.85 ","$44,735.85 ",$0.00 ,,$0.00 ,$0.00 ,$0.00 ,"$44,735.85 ",$0.00 ,$0.00 ,$0.00 ,$0.00 ,$0.00 ,$173.01 ,$0.00 ,$0.00 ,$0.00 ,$173.01 ,$475.09 ,"$44,735.85 "
"3535 West Loop 820 South  Fort Worth, TX 76116",GMC Truck,Auto - GMC Truck Plant (Floorplan-New) - East,12/11/2025,167738,12/11/2025,7/11/2027,2026 GMC Truck GMC CNYN 2WD,Automobile,GMC CNYN 2WD,1GTP1BEK8T1167738,,"$45,193.73 ","$45,193.73 ",$0.00 ,,$0.00 ,$0.00 ,$0.00 ,"$45,193.73 ",$0.00 ,$0.00 ,$0.00 ,$0.00 ,$0.00 ,$174.78 ,$0.00 ,$0.00 ,$0.00 ,$174.78 ,$505.93 ,"$45,193.73 "
"3535 West Loop 820 South  Fort Worth, TX 76116",GMC Truck,Auto - GMC Truck Plant (Floorplan-New) - East,12/12/2025,168387,12/12/2025,7/12/2027,2026 GMC Truck GMC CNYN 2WD,Automobile,GMC CNYN 2WD,1GTP1BEKXT1168387,,"$45,193.73 ","$45,193.73 ",$0.00 ,,$0.00 ,$0.00 ,$0.00 ,"$45,193.73 ",$0.00 ,$0.00 ,$0.00 ,$0.00 ,$0.00 ,$174.78 ,$0.00 ,$0.00 ,$0.00 ,$174.78 ,$499.43 ,"$45,193.73 "
"3535 West Loop 820 South  Fort Worth, TX 76116",GMC Truck,Auto - GMC Truck Plant (Floorplan-New) - East,12/12/2025,168532,12/12/2025,7/12/2027,2026 GMC Truck GMC CNYN 2WD,Automobile,GMC CNYN 2WD,1GTP1BEK4T1168532,,"$45,193.73 ","$45,193.73 ",$0.00 ,,$0.00 ,$0.00 ,$0.00 ,"$45,193.73 ",$0.00 ,$0.00 ,$0.00 ,$0.00 ,$0.00 ,$174.78 ,$0.00 ,$0.00 ,$0.00 ,$174.78 ,$499.43 ,"$45,193.73 "
"3535 West Loop 820 South  Fort Worth, TX 76116",GMC Truck,Auto - GMC Truck Plant (Floorplan-New) - East,9/24/2025,168947,9/24/2025,4/24/2027,2026 GMC Truck GMC SIER 15E,Automobile,GMC SIER 15E,1GTPHCED5TZ168947,,"$61,071.30 ","$61,071.30 ",$0.00 ,,$0.00 ,$0.00 ,$0.00 ,"$61,071.30 ",$0.00 ,$0.00 ,$0.00 ,$0.00 ,$0.00 ,$236.18 ,$0.00 ,$0.00 ,$0.00 ,$236.18 ,"$1,392.91 ","$61,071.30 "
"3535 West Loop 820 South  Fort Worth, TX 76116",GMC Truck,Auto - GMC Truck Plant (Floorplan-New) - East,9/24/2025,168950,9/24/2025,4/24/2027,2026 GMC Truck GMC SIER 15E,Automobile,GMC SIER 15E,1GTPHCED5TZ168950,G35565,"$61,071.30 ","$61,071.30 ",$0.00 ,,"($61,071.30)",$0.00 ,"($61,071.30)",$0.00 ,$0.00 ,$0.00 ,$0.00 ,$0.00 ,$0.00 ,$201.05 ,$0.00 ,$0.00 ,$0.00 ,$201.05 ,"$1,357.78 ","$51,984.38 "
"3535 West Loop 820 South  Fort Worth, TX 76116",GMC Truck,Auto - GMC Truck Plant (Floorplan-New) - East,9/24/2025,169038,9/24/2025,4/24/2027,2026 GMC Truck GMC SIER 15E,Automobile,GMC SIER 15E,1GTPHCED6TZ169038,,"$61,071.30 ","$61,071.30 ",$0.00 ,,$0.00 ,$0.00 ,$0.00 ,"$61,071.30 ",$0.00 ,$0.00 ,$0.00 ,$0.00 ,$0.00 ,$236.18 ,$0.00 ,$0.00 ,$0.00 ,$236.18 ,"$1,392.91 ","$61,071.30 "
"3535 West Loop 820 South  Fort Worth, TX 76116",GMC Truck,Auto - GMC Truck Plant (Floorplan-New) - East,9/24/2025,169060,9/24/2025,4/24/2027,2026 GMC Truck GMC SIER 15E,Automobile,GMC SIER 15E,1GTPHCEDXTZ169060,G35434,"$60,610.95 ","$60,610.95 ",$0.00 ,,$0.00 ,$0.00 ,$0.00 ,"$60,610.95 ",$0.00 ,$0.00 ,$0.00 ,$0.00 ,$0.00 ,$234.41 ,$0.00 ,$0.00 ,$0.00 ,$234.41 ,"$1,382.42 ","$60,610.95 "
"3535 West Loop 820 South  Fort Worth, TX 76116",GMC Truck,Auto - GMC Truck Plant (Floorplan-New) - East,9/23/2025,169230,9/23/2025,4/23/2027,2026 GMC Truck GMC SIER 15E,Automobile,GMC SIER 15E,1GTPHCED9TZ169230,,"$60,610.95 ","$60,610.95 ",$0.00 ,,$0.00 ,$0.00 ,$0.00 ,"$60,610.95 ",$0.00 ,$0.00 ,$0.00 ,$0.00 ,$0.00 ,$234.41 ,$0.00 ,$0.00 ,$0.00 ,$234.41 ,"$1,391.81 ","$60,610.95 "
"3535 West Loop 820 South  Fort Worth, TX 76116",GMC Truck,Auto - GMC Truck Plant (Floorplan-New) - East,11/26/2025,169882,11/26/2025,6/26/2027,2026 GMC Truck GMC SIER 25D,Automobile,GMC SIER 25D,1GT4UREY0TF169882,G35906,"$90,373.75 ","$90,373.75 ",$0.00 ,,"($90,373.75)",$0.00 ,"($90,373.75)",$0.00 ,$0.00 ,$0.00 ,$0.00 ,$0.00 ,$0.00 ,$274.63 ,$0.00 ,$0.00 ,$0.00 ,$274.63 ,"$1,133.01 ","$71,007.95 "
"3535 West Loop 820 South  Fort Worth, TX 76116",GMC Truck,Auto - GMC Truck Plant (Floorplan-New) - East,11/21/2025,170510,11/21/2025,6/21/2027,2026 GMC Truck GMC SIER 25D,Automobile,GMC SIER 25D,1GT4UREY1TF170510,,"$90,837.60 ","$90,837.60 ",$0.00 ,,$0.00 ,$0.00 ,$0.00 ,"$90,837.60 ",$0.00 ,$0.00 ,$0.00 ,$0.00 ,$0.00 ,$351.31 ,$0.00 ,$0.00 ,$0.00 ,$351.31 ,"$1,280.76 ","$90,837.60 "
"3535 West Loop 820 South  Fort Worth, TX 76116",GMC Truck,Auto - GMC Truck Plant (Floorplan-New) - East,10/27/2025,170702,10/27/2025,5/27/2027,2026 GMC Truck GMC SIER 15D,Automobile,GMC SIER 15D,3GTUUGEL0TG170702,,"$77,710.55 ","$77,710.55 ",$0.00 ,,$0.00 ,$0.00 ,$0.00 ,"$77,710.55 ",$0.00 ,$0.00 ,$0.00 ,$0.00 ,$0.00 ,$300.53 ,$0.00 ,$0.00 ,$0.00 ,$300.53 ,"$1,383.08 ","$77,710.55 "
"3535 West Loop 820 South  Fort Worth, TX 76116",GMC Truck,Auto - GMC Truck Plant (Floorplan-New) - East,9/24/2025,170751,9/24/2025,4/24/2027,2026 GMC Truck GMC SIER 15E,Automobile,GMC SIER 15E,1GTPHCED9TZ170751,,"$60,610.95 ","$60,610.95 ",$0.00 ,,$0.00 ,$0.00 ,$0.00 ,"$60,610.95 ",$0.00 ,$0.00 ,$0.00 ,$0.00 ,$0.00 ,$234.41 ,$0.00 ,$0.00 ,$0.00 ,$234.41 ,"$1,382.42 ","$60,610.95 "
"3535 West Loop 820 South  Fort Worth, TX 76116",GMC Truck,Auto - GMC Truck Plant (Floorplan-New) - East,10/21/2025,170758,10/21/2025,5/21/2027,2026 GMC Truck GMC SIER 15D,Automobile,GMC SIER 15D,3GTUUGEL5TG170758,,"$77,710.55 ","$77,710.55 ",$0.00 ,,$0.00 ,$0.00 ,$0.00 ,"$77,710.55 ",$0.00 ,$0.00 ,$0.00 ,$0.00 ,$0.00 ,$300.53 ,$0.00 ,$0.00 ,$0.00 ,$300.53 ,"$1,453.47 ","$77,710.55 "
"3535 West Loop 820 South  Fort Worth, TX 76116",GMC Truck,Auto - GMC Truck Plant (Floorplan-New) - East,9/26/2025,170837,9/26/2025,4/26/2027,2026 GMC Truck GMC SIER 15E,Automobile,GMC SIER 15E,1GTPHCED8TZ170837,G35436,"$60,610.95 ","$60,610.95 ",$0.00 ,,$0.00 ,$0.00 ,$0.00 ,"$60,610.95 ",$0.00 ,$0.00 ,$0.00 ,$0.00 ,$0.00 ,$234.41 ,$0.00 ,$0.00 ,$0.00 ,$234.41 ,"$1,363.63 ","$60,610.95 "
"3535 West Loop 820 South  Fort Worth, TX 76116",GMC Truck,Auto - GMC Truck Plant (Floorplan-New) - East,9/25/2025,172038,9/25/2025,4/25/2027,2026 GMC Truck GMC SIER 15D,Automobile,GMC SIER 15D,1GTUUGEL3TZ172038,G35479,"$78,682.40 ","$78,682.40 ",$0.00 ,,"($78,682.40)",$0.00 ,"($78,682.40)",$0.00 ,$0.00 ,$0.00 ,$0.00 ,$0.00 ,$0.00 ,$108.72 ,$0.00 ,$0.00 ,$0.00 ,$108.72 ,"$1,586.81 ","$28,100.86 "
"3535 West Loop 820 South  Fort Worth, TX 76116",GMC Truck,Auto - GMC Truck Plant (Floorplan-New) - East,9/26/2025,172402,9/26/2025,4/26/2027,2026 GMC Truck GMC SIER 15E,Automobile,GMC SIER 15E,1GTPHCED5TZ172402,,"$61,071.30 ","$61,071.30 ",$0.00 ,,$0.00 ,$0.00 ,$0.00 ,"$61,071.30 ",$0.00 ,$0.00 ,$0.00 ,$0.00 ,$0.00 ,$236.18 ,$0.00 ,$0.00 ,$0.00 ,$236.18 ,"$1,373.98 ","$61,071.30 "
"3535 West Loop 820 South  Fort Worth, TX 76116",GMC Truck,Auto - GMC Truck Plant (Floorplan-New) - East,9/26/2025,172872,9/26/2025,4/26/2027,2026 GMC Truck GMC SIER 15E,Automobile,GMC SIER 15E,1GTPHCED9TZ172872,,"$61,071.30 ","$61,071.30 ",$0.00 ,,$0.00 ,$0.00 ,$0.00 ,"$61,071.30 ",$0.00 ,$0.00 ,$0.00 ,$0.00 ,$0.00 ,$236.18 ,$0.00 ,$0.00 ,$0.00 ,$236.18 ,"$1,373.98 ","$61,071.30 "
"3535 West Loop 820 South  Fort Worth, TX 76116",GMC Truck,Auto - GMC Truck Plant (Floorplan-New) - East,9/29/2025,173135,9/29/2025,4/29/2027,2026 GMC Truck GMC SIER 15E,Automobile,GMC SIER 15E,1GTPHCED2TZ173135,,"$61,071.30 ","$61,071.30 ",$0.00 ,,$0.00 ,$0.00 ,$0.00 ,"$61,071.30 ",$0.00 ,$0.00 ,$0.00 ,$0.00 ,$0.00 ,$236.18 ,$0.00 ,$0.00 ,$0.00 ,$236.18 ,"$1,345.58 ","$61,071.30 "
"3535 West Loop 820 South  Fort Worth, TX 76116",GMC Truck,Auto - GMC Truck Plant (Floorplan-New) - East,9/29/2025,173366,9/29/2025,4/29/2027,2026 GMC Truck GMC SIER 15E,Automobile,GMC SIER 15E,1GTUUCED1TZ173366,,"$64,847.10 ","$64,847.10 ",$0.00 ,,$0.00 ,$0.00 ,$0.00 ,"$64,847.10 ",$0.00 ,$0.00 ,$0.00 ,$0.00 ,$0.00 ,$250.79 ,$0.00 ,$0.00 ,$0.00 ,$250.79 ,"$1,428.77 ","$64,847.10 "
"3535 West Loop 820 South  Fort Worth, TX 76116",GMC Truck,Auto - GMC Truck Plant (Floorplan-New) - East,9/29/2025,173370,9/29/2025,4/29/2027,2026 GMC Truck GMC SIER 15E,Automobile,GMC SIER 15E,1GTUUCED3TZ173370,G35610,"$64,847.10 ","$64,847.10 ",$0.00 ,,"($64,847.10)",$0.00 ,"($64,847.10)",$0.00 ,$0.00 ,$0.00 ,$0.00 ,$0.00 ,$0.00 ,$214.09 ,$0.00 ,$0.00 ,$0.00 ,$214.09 ,"$1,392.07 ","$55,354.55 "
"3535 West Loop 820 South  Fort Worth, TX 76116",GMC Truck,Auto - GMC Truck Plant (Floorplan-New) - East,9/29/2025,173408,9/29/2025,4/29/2027,2026 GMC Truck GMC SIER 15E,Automobile,GMC SIER 15E,1GTUUCED2TZ173408,G35512,"$64,847.10 ","$64,847.10 ",$0.00 ,,"($64,847.10)",$0.00 ,"($64,847.10)",$0.00 ,$0.00 ,$0.00 ,$0.00 ,$0.00 ,$0.00 ,$17.96 ,$0.00 ,$0.00 ,$0.00 ,$17.96 ,"$1,195.94 ","$4,631.94 "
"3535 West Loop 820 South  Fort Worth, TX 76116",GMC Truck,Auto - GMC Truck Plant (Floorplan-New) - East,9/29/2025,173585,9/29/2025,4/29/2027,2026 GMC Truck GMC SIER 15E,Automobile,GMC SIER 15E,1GTPHCED0TZ173585,,"$61,071.30 ","$61,071.30 ",$0.00 ,,$0.00 ,$0.00 ,$0.00 ,"$61,071.30 ",$0.00 ,$0.00 ,$0.00 ,$0.00 ,$0.00 ,$236.18 ,$0.00 ,$0.00 ,$0.00 ,$236.18 ,"$1,345.58 ","$61,071.30 "
"3535 West Loop 820 South  Fort Worth, TX 76116",GMC Truck,Auto - GMC Truck Plant (Floorplan-New) - East,9/29/2025,173698,9/29/2025,4/29/2027,2026 GMC Truck GMC SIER 15E,Automobile,GMC SIER 15E,1GTUUCED4TZ173698,G35463,"$64,847.10 ","$64,847.10 ",$0.00 ,,$0.00 ,$0.00 ,$0.00 ,"$64,847.10 ",$0.00 ,$0.00 ,$0.00 ,$0.00 ,$0.00 ,$250.79 ,$0.00 ,$0.00 ,$0.00 ,$250.79 ,"$1,428.77 ","$64,847.10 "
"3535 West Loop 820 South  Fort Worth, TX 76116",GMC Truck,Auto - GMC Truck Plant (Floorplan-New) - East,9/26/2025,173834,9/26/2025,4/26/2027,2026 GMC Truck GMC SIER 15E,Automobile,GMC SIER 15E,1GTPHCED6TZ173834,,"$61,071.30 ","$61,071.30 ",$0.00 ,,$0.00 ,$0.00 ,$0.00 ,"$61,071.30 ",$0.00 ,$0.00 ,$0.00 ,$0.00 ,$0.00 ,$236.18 ,$0.00 ,$0.00 ,$0.00 ,$236.18 ,"$1,373.98 ","$61,071.30 "
"3535 West Loop 820 South  Fort Worth, TX 76116",GMC Truck,Auto - GMC Truck Plant (Floorplan-New) - East,10/1/2025,173941,10/1/2025,5/1/2027,2026 GMC Truck GMC SIER 15E,Automobile,GMC SIER 15E,1GTPHCED7TZ173941,,"$61,071.30 ","$61,071.30 ",$0.00 ,,$0.00 ,$0.00 ,$0.00 ,"$61,071.30 ",$0.00 ,$0.00 ,$0.00 ,$0.00 ,$0.00 ,$236.18 ,$0.00 ,$0.00 ,$0.00 ,$236.18 ,"$1,326.65 ","$61,071.30 "
"3535 West Loop 820 South  Fort Worth, TX 76116",GMC Truck,Auto - GMC Truck Plant (Floorplan-New) - East,9/29/2025,173969,9/29/2025,4/29/2027,2026 GMC Truck GMC SIER 15E,Automobile,GMC SIER 15E,1GTPHCED7TZ173969,G35478,"$61,071.30 ","$61,071.30 ",$0.00 ,,$0.00 ,$0.00 ,$0.00 ,"$61,071.30 ",$0.00 ,$0.00 ,$0.00 ,$0.00 ,$0.00 ,$236.18 ,$0.00 ,$0.00 ,$0.00 ,$236.18 ,"$1,345.58 ","$61,071.30 "
"3535 West Loop 820 South  Fort Worth, TX 76116",GMC Truck,Auto - GMC Truck Plant (Floorplan-New) - East,10/1/2025,174159,10/1/2025,5/1/2027,2026 GMC Truck GMC SIER 15E,Automobile,GMC SIER 15E,1GTPHCEDXTZ174159,,"$61,071.30 ","$61,071.30 ",$0.00 ,,$0.00 ,$0.00 ,$0.00 ,"$61,071.30 ",$0.00 ,$0.00 ,$0.00 ,$0.00 ,$0.00 ,$236.18 ,$0.00 ,$0.00 ,$0.00 ,$236.18 ,"$1,326.65 ","$61,071.30 "
"3535 West Loop 820 South  Fort Worth, TX 76116",GMC Truck,Auto - GMC Truck Plant (Floorplan-New) - East,9/29/2025,176096,9/29/2025,4/29/2027,2026 GMC Truck GMC SIER 15E,Automobile,GMC SIER 15E,1GTPHCED0TZ176096,,"$61,071.30 ","$61,071.30 ",$0.00 ,,$0.00 ,$0.00 ,$0.00 ,"$61,071.30 ",$0.00 ,$0.00 ,$0.00 ,$0.00 ,$0.00 ,$236.18 ,$0.00 ,$0.00 ,$0.00 ,$236.18 ,"$1,345.58 ","$61,071.30 "
"3535 West Loop 820 South  Fort Worth, TX 76116",GMC Truck,Auto - GMC Truck Plant (Floorplan-New) - East,9/29/2025,176280,9/29/2025,4/29/2027,2026 GMC Truck GMC SIER 15E,Automobile,GMC SIER 15E,1GTPHCED4TZ176280,,"$60,610.95 ","$60,610.95 ",$0.00 ,,$0.00 ,$0.00 ,$0.00 ,"$60,610.95 ",$0.00 ,$0.00 ,$0.00 ,$0.00 ,$0.00 ,$234.41 ,$0.00 ,$0.00 ,$0.00 ,$234.41 ,"$1,335.44 ","$60,610.95 "
"3535 West Loop 820 South  Fort Worth, TX 76116",GMC Truck,Auto - GMC Truck Plant (Floorplan-New) - East,9/29/2025,176318,9/29/2025,4/29/2027,2026 GMC Truck GMC SIER 15E,Automobile,GMC SIER 15E,1GTPHCED3TZ176318,,"$60,610.95 ","$60,610.95 ",$0.00 ,,$0.00 ,$0.00 ,$0.00 ,"$60,610.95 ",$0.00 ,$0.00 ,$0.00 ,$0.00 ,$0.00 ,$234.41 ,$0.00 ,$0.00 ,$0.00 ,$234.41 ,"$1,335.44 ","$60,610.95 "
"3535 West Loop 820 South  Fort Worth, TX 76116",GMC Truck,Auto - GMC Truck Plant (Floorplan-New) - East,9/29/2025,176331,9/29/2025,4/29/2027,2026 GMC Truck GMC SIER 15E,Automobile,GMC SIER 15E,1GTPHCED6TZ176331,,"$61,071.30 ","$61,071.30 ",$0.00 ,,$0.00 ,$0.00 ,$0.00 ,"$61,071.30 ",$0.00 ,$0.00 ,$0.00 ,$0.00 ,$0.00 ,$236.18 ,$0.00 ,$0.00 ,$0.00 ,$236.18 ,"$1,345.58 ","$61,071.30 "
"3535 West Loop 820 South  Fort Worth, TX 76116",GMC Truck,Auto - GMC Truck Plant (Floorplan-New) - East,9/29/2025,176344,9/29/2025,4/29/2027,2026 GMC Truck GMC SIER 15E,Automobile,GMC SIER 15E,1GTPHCED4TZ176344,,"$60,610.95 ","$60,610.95 ",$0.00 ,,$0.00 ,$0.00 ,$0.00 ,"$60,610.95 ",$0.00 ,$0.00 ,$0.00 ,$0.00 ,$0.00 ,$234.41 ,$0.00 ,$0.00 ,$0.00 ,$234.41 ,"$1,335.44 ","$60,610.95 "
"3535 West Loop 820 South  Fort Worth, TX 76116",GMC Truck,Auto - GMC Truck Plant (Floorplan-New) - East,9/30/2025,176405,9/30/2025,4/30/2027,2026 GMC Truck GMC SIER 15E,Automobile,GMC SIER 15E,1GTPHCED9TZ176405,,"$60,610.95 ","$60,610.95 ",$0.00 ,,$0.00 ,$0.00 ,$0.00 ,"$60,610.95 ",$0.00 ,$0.00 ,$0.00 ,$0.00 ,$0.00 ,$234.41 ,$0.00 ,$0.00 ,$0.00 ,$234.41 ,"$1,326.05 ","$60,610.95 "
"3535 West Loop 820 South  Fort Worth, TX 76116",GMC Truck,Auto - GMC Truck Plant (Floorplan-New) - East,9/29/2025,176409,9/29/2025,4/29/2027,2026 GMC Truck GMC SIER 15E,Automobile,GMC SIER 15E,1GTPHCED6TZ176409,,"$60,610.95 ","$60,610.95 ",$0.00 ,,$0.00 ,$0.00 ,$0.00 ,"$60,610.95 ",$0.00 ,$0.00 ,$0.00 ,$0.00 ,$0.00 ,$234.41 ,$0.00 ,$0.00 ,$0.00 ,$234.41 ,"$1,335.44 ","$60,610.95 "
"3535 West Loop 820 South  Fort Worth, TX 76116",GMC Truck,Auto - GMC Truck Plant (Floorplan-New) - East,9/29/2025,176417,9/29/2025,4/29/2027,2026 GMC Truck GMC SIER 15E,Automobile,GMC SIER 15E,1GTPHCED5TZ176417,G35569,"$61,071.30 ","$61,071.30 ",$0.00 ,,"($61,071.30)",$0.00 ,"($61,071.30)",$0.00 ,$0.00 ,$0.00 ,$0.00 ,$0.00 ,$0.00 ,$84.38 ,$0.00 ,$0.00 ,$0.00 ,$84.38 ,"$1,193.78 ","$21,811.18 "
"3535 West Loop 820 South  Fort Worth, TX 76116",GMC Truck,Auto - GMC Truck Plant (Floorplan-New) - East,9/29/2025,176425,9/29/2025,4/29/2027,2026 GMC Truck GMC SIER 15E,Automobile,GMC SIER 15E,1GTPHCED4TZ176425,,"$61,071.30 ","$61,071.30 ",$0.00 ,,$0.00 ,$0.00 ,$0.00 ,"$61,071.30 ",$0.00 ,$0.00 ,$0.00 ,$0.00 ,$0.00 ,$236.18 ,$0.00 ,$0.00 ,$0.00 ,$236.18 ,"$1,345.58 ","$61,071.30 "
"3535 West Loop 820 South  Fort Worth, TX 76116",GMC Truck,Auto - GMC Truck Plant (Floorplan-New) - East,9/29/2025,176494,9/29/2025,4/29/2027,2026 GMC Truck GMC SIER 15E,Automobile,GMC SIER 15E,1GTPHCED1TZ176494,G35488,"$60,610.95 ","$60,610.95 ",$0.00 ,,$0.00 ,$0.00 ,$0.00 ,"$60,610.95 ",$0.00 ,$0.00 ,$0.00 ,$0.00 ,$0.00 ,$234.41 ,$0.00 ,$0.00 ,$0.00 ,$234.41 ,"$1,335.44 ","$60,610.95 "
"3535 West Loop 820 South  Fort Worth, TX 76116",GMC Truck,Auto - GMC Truck Plant (Floorplan-New) - East,9/29/2025,176584,9/29/2025,4/29/2027,2026 GMC Truck GMC SIER 15E,Automobile,GMC SIER 15E,1GTPHCED2TZ176584,,"$61,071.30 ","$61,071.30 ",$0.00 ,,$0.00 ,$0.00 ,$0.00 ,"$61,071.30 ",$0.00 ,$0.00 ,$0.00 ,$0.00 ,$0.00 ,$236.18 ,$0.00 ,$0.00 ,$0.00 ,$236.18 ,"$1,345.58 ","$61,071.30 "
"3535 West Loop 820 South  Fort Worth, TX 76116",GMC Truck,Auto - GMC Truck Plant (Floorplan-New) - East,9/29/2025,176653,9/29/2025,4/29/2027,2026 GMC Truck GMC SIER 15E,Automobile,GMC SIER 15E,1GTUUCED8TZ176653,,"$64,386.75 ","$64,386.75 ",$0.00 ,,$0.00 ,$0.00 ,$0.00 ,"$64,386.75 ",$0.00 ,$0.00 ,$0.00 ,$0.00 ,$0.00 ,$249.00 ,$0.00 ,$0.00 ,$0.00 ,$249.00 ,"$1,418.62 ","$64,386.75 "
"3535 West Loop 820 South  Fort Worth, TX 76116",GMC Truck,Auto - GMC Truck Plant (Floorplan-New) - East,9/30/2025,176665,9/30/2025,4/30/2027,2026 GMC Truck GMC SIER 15E,Automobile,GMC SIER 15E,1GTUUCED4TZ176665,G35545,"$64,386.75 ","$64,386.75 ",$0.00 ,,"($64,386.75)",$0.00 ,"($64,386.75)",$0.00 ,$0.00 ,$0.00 ,$0.00 ,$0.00 ,$0.00 ,$212.51 ,$0.00 ,$0.00 ,$0.00 ,$212.51 ,"$1,372.15 ","$54,947.81 "
"3535 West Loop 820 South  Fort Worth, TX 76116",GMC Truck,Auto - GMC Truck Plant (Floorplan-New) - East,9/29/2025,176673,9/29/2025,4/29/2027,2026 GMC Truck GMC SIER 15E,Automobile,GMC SIER 15E,1GTUUCED3TZ176673,G35511,"$64,847.10 ","$64,847.10 ",$0.00 ,,"($64,847.10)",$0.00 ,"($64,847.10)",$0.00 ,$0.00 ,$0.00 ,$0.00 ,$0.00 ,$0.00 ,$26.92 ,$0.00 ,$0.00 ,$0.00 ,$26.92 ,"$1,204.90 ","$6,947.90 "
"3535 West Loop 820 South  Fort Worth, TX 76116",GMC Truck,Auto - GMC Truck Plant (Floorplan-New) - East,9/29/2025,176708,9/29/2025,4/29/2027,2026 GMC Truck GMC SIER 15E,Automobile,GMC SIER 15E,1GTUUCED7TZ176708,,"$64,386.75 ","$64,386.75 ",$0.00 ,,$0.00 ,$0.00 ,$0.00 ,"$64,386.75 ",$0.00 ,$0.00 ,$0.00 ,$0.00 ,$0.00 ,$249.00 ,$0.00 ,$0.00 ,$0.00 ,$249.00 ,"$1,418.62 ","$64,386.75 "
"3535 West Loop 820 South  Fort Worth, TX 76116",GMC Truck,Auto - GMC Truck Plant (Floorplan-New) - East,9/29/2025,176748,9/29/2025,4/29/2027,2026 GMC Truck GMC SIER 15E,Automobile,GMC SIER 15E,1GTUUCED8TZ176748,,"$64,386.75 ","$64,386.75 ",$0.00 ,,$0.00 ,$0.00 ,$0.00 ,"$64,386.75 ",$0.00 ,$0.00 ,$0.00 ,$0.00 ,$0.00 ,$249.00 ,$0.00 ,$0.00 ,$0.00 ,$249.00 ,"$1,418.62 ","$64,386.75 "
"3535 West Loop 820 South  Fort Worth, TX 76116",GMC Truck,Auto - GMC Truck Plant (Floorplan-New) - East,9/30/2025,176775,9/30/2025,4/30/2027,2026 GMC Truck GMC SIER 15E,Automobile,GMC SIER 15E,1GTUUCED0TZ176775,,"$64,847.10 ","$64,847.10 ",$0.00 ,,$0.00 ,$0.00 ,$0.00 ,"$64,847.10 ",$0.00 ,$0.00 ,$0.00 ,$0.00 ,$0.00 ,$250.79 ,$0.00 ,$0.00 ,$0.00 ,$250.79 ,"$1,418.72 ","$64,847.10 "
"3535 West Loop 820 South  Fort Worth, TX 76116",GMC Truck,Auto - GMC Truck Plant (Floorplan-New) - East,9/30/2025,176835,9/30/2025,4/30/2027,2026 GMC Truck GMC SIER 15E,Automobile,GMC SIER 15E,1GTPHCED1TZ176835,,"$60,610.95 ","$60,610.95 ",$0.00 ,,$0.00 ,$0.00 ,$0.00 ,"$60,610.95 ",$0.00 ,$0.00 ,$0.00 ,$0.00 ,$0.00 ,$234.41 ,$0.00 ,$0.00 ,$0.00 ,$234.41 ,"$1,326.05 ","$60,610.95 "
"3535 West Loop 820 South  Fort Worth, TX 76116",GMC Truck,Auto - GMC Truck Plant (Floorplan-New) - East,12/2/2025,177459,12/2/2025,7/2/2027,2026 GMC Truck GMC SIER 25D,Automobile,GMC SIER 25D,1GT4UREY7TF177459,,"$87,779.13 ","$87,779.13 ",$0.00 ,,$0.00 ,$0.00 ,$0.00 ,"$87,779.13 ",$0.00 ,$0.00 ,$0.00 ,$0.00 ,$0.00 ,$339.47 ,$0.00 ,$0.00 ,$0.00 ,$339.47 ,"$1,096.17 ","$87,779.13 "
"3535 West Loop 820 South  Fort Worth, TX 76116",GMC Truck,Auto - GMC Truck Plant (Floorplan-New) - East,12/1/2025,177688,12/1/2025,7/1/2027,2026 GMC Truck GMC SIER 25D,Automobile,GMC SIER 25D,1GT4UREY0TF177688,G35951,"$87,224.13 ","$87,224.13 ",$0.00 ,,"($87,224.13)",$0.00 ,"($87,224.13)",$0.00 ,$0.00 ,$0.00 ,$0.00 ,$0.00 ,$0.00 ,$96.42 ,$0.00 ,$0.00 ,$0.00 ,$96.42 ,$860.87 ,"$24,921.18 "
"3535 West Loop 820 South  Fort Worth, TX 76116",GMC Truck,Auto - GMC Truck Plant (Floorplan-New) - East,12/1/2025,177792,12/1/2025,7/1/2027,2026 GMC Truck GMC SIER 25D,Automobile,GMC SIER 25D,1GT4UREY6TF177792,G35919,"$87,224.13 ","$87,224.13 ",$0.00 ,,"($87,224.13)",$0.00 ,"($87,224.13)",$0.00 ,$0.00 ,$0.00 ,$0.00 ,$0.00 ,$0.00 ,$24.15 ,$0.00 ,$0.00 ,$0.00 ,$24.15 ,$788.60 ,"$6,230.30 "
"3535 West Loop 820 South  Fort Worth, TX 76116",GMC Truck,Auto - GMC Truck Plant (Floorplan-New) - East,12/2/2025,178008,12/2/2025,7/2/2027,2026 GMC Truck GMC SIER 25D,Automobile,GMC SIER 25D,1GT4UREY1TF178008,,"$87,224.13 ","$87,224.13 ",$0.00 ,,$0.00 ,$0.00 ,$0.00 ,"$87,224.13 ",$0.00 ,$0.00 ,$0.00 ,$0.00 ,$0.00 ,$337.32 ,$0.00 ,$0.00 ,$0.00 ,$337.32 ,"$1,089.24 ","$87,224.13 "
"3535 West Loop 820 South  Fort Worth, TX 76116",GMC Truck,Auto - GMC Truck Plant (Floorplan-New) - East,12/2/2025,178028,12/2/2025,7/2/2027,2026 GMC Truck GMC SIER 25D,Automobile,GMC SIER 25D,1GT4UREY7TF178028,,"$87,275.00 ","$87,275.00 ",$0.00 ,,$0.00 ,$0.00 ,$0.00 ,"$87,275.00 ",$0.00 ,$0.00 ,$0.00 ,$0.00 ,$0.00 ,$337.52 ,$0.00 ,$0.00 ,$0.00 ,$337.52 ,"$1,089.88 ","$87,275.00 "
"3535 West Loop 820 South  Fort Worth, TX 76116",GMC Truck,Auto - GMC Truck Plant (Floorplan-New) - East,12/2/2025,178211,12/2/2025,7/2/2027,2026 GMC Truck GMC SIER 25A,Automobile,GMC SIER 25A,1GT4UPEY3TF178211,3G5928,"$83,717.85 ","$83,717.85 ",$0.00 ,,"($83,717.85)",$0.00 ,"($83,717.85)",$0.00 ,$0.00 ,$0.00 ,$0.00 ,$0.00 ,$0.00 ,$23.19 ,$0.00 ,$0.00 ,$0.00 ,$23.19 ,$744.88 ,"$5,979.85 "
"3535 West Loop 820 South  Fort Worth, TX 76116",GMC Truck,Auto - GMC Truck Plant (Floorplan-New) - East,6/30/2025,179430,6/30/2025,1/30/2027,2025 GMC Truck GMC TERRN AT,Automobile,GMC TERRN AT,3GKALYEG2TL179430,,"$39,777.25 ","$39,777.25 ",$0.00 ,,$0.00 ,$0.00 ,$0.00 ,"$39,777.25 ",$0.00 ,$0.00 ,$0.00 ,$0.00 ,$0.00 ,$153.83 ,$0.00 ,$0.00 ,$0.00 ,$153.83 ,"$1,441.80 ","$39,777.25 "
"3535 West Loop 820 South  Fort Worth, TX 76116",GMC Truck,Auto - GMC Truck Plant (Floorplan-New) - East,10/6/2025,180386,10/6/2025,5/6/2027,2026 GMC Truck GMC SIER 15E,Automobile,GMC SIER 15E,1GTRHCED6TZ180386,,"$57,317.20 ","$57,317.20 ",$0.00 ,,$0.00 ,$0.00 ,$0.00 ,"$57,317.20 ",$0.00 ,$0.00 ,$0.00 ,$0.00 ,$0.00 ,$221.67 ,$0.00 ,$0.00 ,$0.00 ,$221.67 ,"$1,201.84 ","$57,317.20 "
"3535 West Loop 820 South  Fort Worth, TX 76116",GMC Truck,Auto - GMC Truck Plant (Floorplan-New) - East,10/16/2025,180449,10/16/2025,5/16/2027,2026 GMC Truck GMC ACAD AT4,Automobile,GMC ACAD AT4,1GKENPKS9TJ180449,G35627,"$54,707.05 ","$54,707.05 ",$0.00 ,,$0.00 ,$0.00 ,$0.00 ,"$54,707.05 ",$0.00 ,$0.00 ,$0.00 ,$0.00 ,$0.00 ,$211.57 ,$0.00 ,$0.00 ,$0.00 ,$211.57 ,"$1,064.51 ","$54,707.05 "
"3535 West Loop 820 South  Fort Worth, TX 76116",GMC Truck,Auto - GMC Truck Plant (Floorplan-New) - East,10/16/2025,181203,10/16/2025,5/16/2027,2026 GMC Truck GMC ACAD ELV,Automobile,GMC ACAD ELV,1GKENKKS0TJ181203,,"$46,832.85 ","$46,832.85 ",$0.00 ,,$0.00 ,$0.00 ,$0.00 ,"$46,832.85 ",$0.00 ,$0.00 ,$0.00 ,$0.00 ,$0.00 ,$181.12 ,$0.00 ,$0.00 ,$0.00 ,$181.12 ,$911.30 ,"$46,832.85 "
"3535 West Loop 820 South  Fort Worth, TX 76116",GMC Truck,Auto - GMC Truck Plant (Floorplan-New) - East,10/16/2025,181507,10/16/2025,5/16/2027,2026 GMC Truck GMC ACAD ELV,Automobile,GMC ACAD ELV,1GKENKKS9TJ181507,,"$47,293.20 ","$47,293.20 ",$0.00 ,,$0.00 ,$0.00 ,$0.00 ,"$47,293.20 ",$0.00 ,$0.00 ,$0.00 ,$0.00 ,$0.00 ,$182.90 ,$0.00 ,$0.00 ,$0.00 ,$182.90 ,$920.26 ,"$47,293.20 "
"3535 West Loop 820 South  Fort Worth, TX 76116",GMC Truck,Auto - GMC Truck Plant (Floorplan-New) - East,10/29/2025,182680,10/29/2025,5/29/2027,2026 GMC Truck GMC SIER 15A,Automobile,GMC SIER 15A,3GTUUFEL7TG182680,G35744,"$81,788.60 ","$81,788.60 ",$0.00 ,,"($81,788.60)",$0.00 ,"($81,788.60)",$0.00 ,$0.00 ,$0.00 ,$0.00 ,$0.00 ,$0.00 ,$192.07 ,$0.00 ,$0.00 ,$0.00 ,$192.07 ,"$1,306.74 ","$49,657.36 "
"3535 West Loop 820 South  Fort Worth, TX 76116",GMC Truck,Auto - GMC Truck Plant (Floorplan-New) - East,10/6/2025,182778,10/6/2025,5/6/2027,2026 GMC Truck GMC SIER 15E,Automobile,GMC SIER 15E,1GTRHCED0TZ182778,G35578,"$57,317.20 ","$57,317.20 ",$0.00 ,,$0.00 ,$0.00 ,$0.00 ,"$57,317.20 ",$0.00 ,$0.00 ,$0.00 ,$0.00 ,$0.00 ,$221.67 ,$0.00 ,$0.00 ,$0.00 ,$221.67 ,"$1,201.84 ","$57,317.20 "
"3535 West Loop 820 South  Fort Worth, TX 76116",GMC Truck,Auto - GMC Truck Plant (Floorplan-New) - East,10/6/2025,182789,10/6/2025,5/6/2027,2026 GMC Truck GMC SIER 15E,Automobile,GMC SIER 15E,1GTUUCED8TZ182789,,"$64,800.60 ","$64,800.60 ",$0.00 ,,$0.00 ,$0.00 ,$0.00 ,"$64,800.60 ",$0.00 ,$0.00 ,$0.00 ,$0.00 ,$0.00 ,$250.61 ,$0.00 ,$0.00 ,$0.00 ,$250.61 ,"$1,358.75 ","$64,800.60 "
"3535 West Loop 820 South  Fort Worth, TX 76116",GMC Truck,Auto - GMC Truck Plant (Floorplan-New) - East,10/7/2025,182915,10/7/2025,5/7/2027,2026 GMC Truck GMC SIER 15E,Automobile,GMC SIER 15E,1GTRHCED6TZ182915,,"$56,856.85 ","$56,856.85 ",$0.00 ,,$0.00 ,$0.00 ,$0.00 ,"$56,856.85 ",$0.00 ,$0.00 ,$0.00 ,$0.00 ,$0.00 ,$219.89 ,$0.00 ,$0.00 ,$0.00 ,$219.89 ,"$1,183.61 ","$56,856.85 "
"3535 West Loop 820 South  Fort Worth, TX 76116",GMC Truck,Auto - GMC Truck Plant (Floorplan-New) - East,12/8/2025,183414,12/8/2025,7/8/2027,2026 GMC Truck GMC SIER 25D,Automobile,GMC SIER 25D,1GT4UREY4TF183414,,"$87,224.13 ","$87,224.13 ",$0.00 ,,$0.00 ,$0.00 ,$0.00 ,"$87,224.13 ",$0.00 ,$0.00 ,$0.00 ,$0.00 ,$0.00 ,$337.32 ,$0.00 ,$0.00 ,$0.00 ,$337.32 ,"$1,014.04 ","$87,224.13 "
"3535 West Loop 820 South  Fort Worth, TX 76116",GMC Truck,Auto - GMC Truck Plant (Floorplan-New) - East,12/8/2025,183460,12/8/2025,7/8/2027,2026 GMC Truck GMC SIER 25D,Automobile,GMC SIER 25D,1GT4UREY0TF183460,,"$87,224.13 ","$87,224.13 ",$0.00 ,,$0.00 ,$0.00 ,$0.00 ,"$87,224.13 ",$0.00 ,$0.00 ,$0.00 ,$0.00 ,$0.00 ,$337.32 ,$0.00 ,$0.00 ,$0.00 ,$337.32 ,"$1,014.04 ","$87,224.13 "
"3535 West Loop 820 South  Fort Worth, TX 76116",GMC Truck,Auto - GMC Truck Plant (Floorplan-New) - East,12/5/2025,183496,12/5/2025,7/5/2027,2026 GMC Truck GMC SIER 25D,Automobile,GMC SIER 25D,1GT4UREYXTF183496,,"$87,779.13 ","$87,779.13 ",$0.00 ,,$0.00 ,$0.00 ,$0.00 ,"$87,779.13 ",$0.00 ,$0.00 ,$0.00 ,$0.00 ,$0.00 ,$339.47 ,$0.00 ,$0.00 ,$0.00 ,$339.47 ,"$1,058.33 ","$87,779.13 "
"3535 West Loop 820 South  Fort Worth, TX 76116",GMC Truck,Auto - GMC Truck Plant (Floorplan-New) - East,12/16/2025,183504,12/16/2025,7/16/2027,2026 GMC Truck GMC SIER 25D,Automobile,GMC SIER 25D,1GT4UREY5TF183504,,"$87,779.13 ","$87,779.13 ",$0.00 ,,$0.00 ,$0.00 ,$0.00 ,"$87,779.13 ",$0.00 ,$0.00 ,$0.00 ,$0.00 ,$0.00 ,$339.47 ,$0.00 ,$0.00 ,$0.00 ,$339.47 ,$919.59 ,"$87,779.13 "
"3535 West Loop 820 South  Fort Worth, TX 76116",GMC Truck,Auto - GMC Truck Plant (Floorplan-New) - East,12/9/2025,183528,12/9/2025,7/9/2027,2026 GMC Truck GMC SIER 25D,Automobile,GMC SIER 25D,1GT4UREY8TF183528,,"$87,224.13 ","$87,224.13 ",$0.00 ,,$0.00 ,$0.00 ,$0.00 ,"$87,224.13 ",$0.00 ,$0.00 ,$0.00 ,$0.00 ,$0.00 ,$337.32 ,$0.00 ,$0.00 ,$0.00 ,$337.32 ,"$1,001.51 ","$87,224.13 "
"3535 West Loop 820 South  Fort Worth, TX 76116",GMC Truck,Auto - GMC Truck Plant (Floorplan-New) - East,12/9/2025,183566,12/9/2025,7/9/2027,2026 GMC Truck GMC SIER 25D,Automobile,GMC SIER 25D,1GT4UREY5TF183566,,"$87,224.13 ","$87,224.13 ",$0.00 ,,$0.00 ,$0.00 ,$0.00 ,"$87,224.13 ",$0.00 ,$0.00 ,$0.00 ,$0.00 ,$0.00 ,$337.32 ,$0.00 ,$0.00 ,$0.00 ,$337.32 ,"$1,001.51 ","$87,224.13 "
"3535 West Loop 820 South  Fort Worth, TX 76116",GMC Truck,Auto - GMC Truck Plant (Floorplan-New) - East,12/8/2025,183578,12/8/2025,7/8/2027,2026 GMC Truck GMC SIER 25D,Automobile,GMC SIER 25D,1GT4UREY1TF183578,,"$87,224.13 ","$87,224.13 ",$0.00 ,,$0.00 ,$0.00 ,$0.00 ,"$87,224.13 ",$0.00 ,$0.00 ,$0.00 ,$0.00 ,$0.00 ,$337.32 ,$0.00 ,$0.00 ,$0.00 ,$337.32 ,"$1,014.04 ","$87,224.13 "
"3535 West Loop 820 South  Fort Worth, TX 76116",GMC Truck,Auto - GMC Truck Plant (Floorplan-New) - East,10/7/2025,183830,10/7/2025,5/7/2027,2026 GMC Truck GMC SIER 15E,Automobile,GMC SIER 15E,1GTRHCED3TZ183830,G35552,"$56,856.85 ","$56,856.85 ",$0.00 ,,$0.00 ,$0.00 ,$0.00 ,"$56,856.85 ",$0.00 ,$0.00 ,$0.00 ,$0.00 ,$0.00 ,$219.89 ,$0.00 ,$0.00 ,$0.00 ,$219.89 ,"$1,183.61 ","$56,856.85 "
"3535 West Loop 820 South  Fort Worth, TX 76116",GMC Truck,Auto - GMC Truck Plant (Floorplan-New) - East,11/14/2025,184450,11/14/2025,6/14/2027,2026 GMC Truck GMC YUK 4ELE,Automobile,GMC YUK 4ELE,1GKS2BKD1TR184450,,"$75,889.95 ","$75,889.95 ",$0.00 ,,$0.00 ,$0.00 ,$0.00 ,"$75,889.95 ",$0.00 ,$0.00 ,$0.00 ,$0.00 ,$0.00 ,$293.49 ,$0.00 ,$0.00 ,$0.00 ,$293.49 ,"$1,147.96 ","$75,889.95 "
"3535 West Loop 820 South  Fort Worth, TX 76116",GMC Truck,Auto - GMC Truck Plant (Floorplan-New) - East,10/21/2025,184453,10/21/2025,5/21/2027,2026 GMC Truck GMC ACAD ELV,Automobile,GMC ACAD ELV,1GKENKKS5TJ184453,,"$47,851.20 ","$47,851.20 ",$0.00 ,,$0.00 ,$0.00 ,$0.00 ,"$47,851.20 ",$0.00 ,$0.00 ,$0.00 ,$0.00 ,$0.00 ,$185.06 ,$0.00 ,$0.00 ,$0.00 ,$185.06 ,$895.01 ,"$47,851.20 "
"3535 West Loop 820 South  Fort Worth, TX 76116",GMC Truck,Auto - GMC Truck Plant (Floorplan-New) - East,11/17/2025,185539,11/17/2025,6/17/2027,2026 GMC Truck GMC YUK 4XEL,Automobile,GMC YUK 4XEL,1GKS2GKD4TR185539,,"$83,462.70 ","$83,462.70 ",$0.00 ,,$0.00 ,$0.00 ,$0.00 ,"$83,462.70 ",$0.00 ,$0.00 ,$0.00 ,$0.00 ,$0.00 ,$322.78 ,$0.00 ,$0.00 ,$0.00 ,$322.78 ,"$1,225.78 ","$83,462.70 "
"3535 West Loop 820 South  Fort Worth, TX 76116",GMC Truck,Auto - GMC Truck Plant (Floorplan-New) - East,12/10/2025,185702,12/10/2025,7/10/2027,2026 GMC Truck GMC SIER 25D,Automobile,GMC SIER 25D,1GT4UREY8TF185702,,"$86,720.00 ","$86,720.00 ",$0.00 ,,$0.00 ,$0.00 ,$0.00 ,"$86,720.00 ",$0.00 ,$0.00 ,$0.00 ,$0.00 ,$0.00 ,$335.37 ,$0.00 ,$0.00 ,$0.00 ,$335.37 ,$983.26 ,"$86,720.00 "
"3535 West Loop 820 South  Fort Worth, TX 76116",GMC Truck,Auto - GMC Truck Plant (Floorplan-New) - East,12/15/2025,185753,12/15/2025,7/15/2027,2026 GMC Truck GMC SIER 25D,Automobile,GMC SIER 25D,1GT4UREY3TF185753,,"$87,275.00 ","$87,275.00 ",$0.00 ,,$0.00 ,$0.00 ,$0.00 ,"$87,275.00 ",$0.00 ,$0.00 ,$0.00 ,$0.00 ,$0.00 ,$337.52 ,$0.00 ,$0.00 ,$0.00 ,$337.52 ,$926.85 ,"$87,275.00 "
"3535 West Loop 820 South  Fort Worth, TX 76116",GMC Truck,Auto - GMC Truck Plant (Floorplan-New) - East,12/15/2025,185881,12/15/2025,7/15/2027,2026 GMC Truck GMC SIER 25D,Automobile,GMC SIER 25D,1GT4UREY1TF185881,,"$87,275.00 ","$87,275.00 ",$0.00 ,,$0.00 ,$0.00 ,$0.00 ,"$87,275.00 ",$0.00 ,$0.00 ,$0.00 ,$0.00 ,$0.00 ,$337.52 ,$0.00 ,$0.00 ,$0.00 ,$337.52 ,$926.85 ,"$87,275.00 "
"3535 West Loop 820 South  Fort Worth, TX 76116",GMC Truck,Auto - GMC Truck Plant (Floorplan-New) - East,12/29/2025,185931,12/29/2025,7/29/2027,2026 GMC Truck GMC SIER 25D,Automobile,GMC SIER 25D,1GT4UREY1TF185931,,"$86,720.00 ","$86,720.00 ",$0.00 ,,$0.00 ,$0.00 ,$0.00 ,"$86,720.00 ",$0.00 ,$0.00 ,$0.00 ,$0.00 ,$0.00 ,$335.37 ,$0.00 ,$0.00 ,$0.00 ,$335.37 ,$746.51 ,"$86,720.00 "
"3535 West Loop 820 South  Fort Worth, TX 76116",GMC Truck,Auto - GMC Truck Plant (Floorplan-New) - East,12/22/2025,186077,12/22/2025,7/22/2027,2026 GMC Truck GMC SIER 25D,Automobile,GMC SIER 25D,1GT4UREY5TF186077,,"$86,720.00 ","$86,720.00 ",$0.00 ,,$0.00 ,$0.00 ,$0.00 ,"$86,720.00 ",$0.00 ,$0.00 ,$0.00 ,$0.00 ,$0.00 ,$335.37 ,$0.00 ,$0.00 ,$0.00 ,$335.37 ,$833.73 ,"$86,720.00 "
"3535 West Loop 820 South  Fort Worth, TX 76116",GMC Truck,Auto - GMC Truck Plant (Floorplan-New) - East,12/24/2025,186095,12/24/2025,7/24/2027,2026 GMC Truck GMC SIER 25D,Automobile,GMC SIER 25D,1GT4UREY7TF186095,,"$86,720.00 ","$86,720.00 ",$0.00 ,,$0.00 ,$0.00 ,$0.00 ,"$86,720.00 ",$0.00 ,$0.00 ,$0.00 ,$0.00 ,$0.00 ,$335.37 ,$0.00 ,$0.00 ,$0.00 ,$335.37 ,$808.81 ,"$86,720.00 "
"3535 West Loop 820 South  Fort Worth, TX 76116",GMC Truck,Auto - GMC Truck Plant (Floorplan-New) - East,12/22/2025,186372,12/22/2025,7/22/2027,2026 GMC Truck GMC SIER 25D,Automobile,GMC SIER 25D,1GT4UREY7TF186372,,"$87,275.00 ","$87,275.00 ",$0.00 ,,$0.00 ,$0.00 ,$0.00 ,"$87,275.00 ",$0.00 ,$0.00 ,$0.00 ,$0.00 ,$0.00 ,$337.52 ,$0.00 ,$0.00 ,$0.00 ,$337.52 ,$839.07 ,"$87,275.00 "
"3535 West Loop 820 South  Fort Worth, TX 76116",GMC Truck,Auto - GMC Truck Plant (Floorplan-New) - East,10/23/2025,186436,10/23/2025,5/23/2027,2026 GMC Truck GMC ACAD ELV,Automobile,GMC ACAD ELV,1GKENKKS4TJ186436,,"$47,293.20 ","$47,293.20 ",$0.00 ,,$0.00 ,$0.00 ,$0.00 ,"$47,293.20 ",$0.00 ,$0.00 ,$0.00 ,$0.00 ,$0.00 ,$182.90 ,$0.00 ,$0.00 ,$0.00 ,$182.90 ,$870.29 ,"$47,293.20 "
"3535 West Loop 820 South  Fort Worth, TX 76116",GMC Truck,Auto - GMC Truck Plant (Floorplan-New) - East,12/15/2025,186469,12/15/2025,7/15/2027,2026 GMC Truck GMC SIER 25D,Automobile,GMC SIER 25D,1GT4UREY0TF186469,,"$86,720.00 ","$86,720.00 ",$0.00 ,,$0.00 ,$0.00 ,$0.00 ,"$86,720.00 ",$0.00 ,$0.00 ,$0.00 ,$0.00 ,$0.00 ,$335.37 ,$0.00 ,$0.00 ,$0.00 ,$335.37 ,$920.96 ,"$86,720.00 "
"3535 West Loop 820 South  Fort Worth, TX 76116",GMC Truck,Auto - GMC Truck Plant (Floorplan-New) - East,12/15/2025,186501,12/15/2025,7/15/2027,2026 GMC Truck GMC SIER 25D,Automobile,GMC SIER 25D,1GT4UREY3TF186501,,"$86,720.00 ","$86,720.00 ",$0.00 ,,$0.00 ,$0.00 ,$0.00 ,"$86,720.00 ",$0.00 ,$0.00 ,$0.00 ,$0.00 ,$0.00 ,$335.37 ,$0.00 ,$0.00 ,$0.00 ,$335.37 ,$920.96 ,"$86,720.00 "
"3535 West Loop 820 South  Fort Worth, TX 76116",GMC Truck,Auto - GMC Truck Plant (Floorplan-New) - East,12/16/2025,186526,12/16/2025,7/16/2027,2026 GMC Truck GMC SIER 25D,Automobile,GMC SIER 25D,1GT4UREY8TF186526,G36036,"$86,720.00 ","$86,720.00 ",$0.00 ,,"($86,720.00)",$0.00 ,"($86,720.00)",$0.00 ,$0.00 ,$0.00 ,$0.00 ,$0.00 ,$0.00 ,$119.82 ,$0.00 ,$0.00 ,$0.00 ,$119.82 ,$692.95 ,"$30,971.43 "
"3535 West Loop 820 South  Fort Worth, TX 76116",GMC Truck,Auto - GMC Truck Plant (Floorplan-New) - East,12/15/2025,186582,12/15/2025,7/15/2027,2026 GMC Truck GMC SIER 25D,Automobile,GMC SIER 25D,1GT4UREY7TF186582,,"$86,720.00 ","$86,720.00 ",$0.00 ,,$0.00 ,$0.00 ,$0.00 ,"$86,720.00 ",$0.00 ,$0.00 ,$0.00 ,$0.00 ,$0.00 ,$335.37 ,$0.00 ,$0.00 ,$0.00 ,$335.37 ,$920.96 ,"$86,720.00 "
"3535 West Loop 820 South  Fort Worth, TX 76116",GMC Truck,Auto - GMC Truck Plant (Floorplan-New) - East,12/16/2025,186652,12/16/2025,7/16/2027,2026 GMC Truck GMC SIER 25D,Automobile,GMC SIER 25D,1GT4UREY2TF186652,,"$86,720.00 ","$86,720.00 ",$0.00 ,,$0.00 ,$0.00 ,$0.00 ,"$86,720.00 ",$0.00 ,$0.00 ,$0.00 ,$0.00 ,$0.00 ,$335.37 ,$0.00 ,$0.00 ,$0.00 ,$335.37 ,$908.50 ,"$86,720.00 "
"3535 West Loop 820 South  Fort Worth, TX 76116",GMC Truck,Auto - GMC Truck Plant (Floorplan-New) - East,12/16/2025,186891,12/16/2025,7/16/2027,2026 GMC Truck GMC SIER 25D,Automobile,GMC SIER 25D,1GT4UREY9TF186891,G36060,"$86,720.00 ","$86,720.00 ",$0.00 ,,"($86,720.00)",$0.00 ,"($86,720.00)",$0.00 ,$0.00 ,$0.00 ,$0.00 ,$0.00 ,$0.00 ,$24.02 ,$0.00 ,$0.00 ,$0.00 ,$24.02 ,$597.15 ,"$6,194.29 "
"3535 West Loop 820 South  Fort Worth, TX 76116",GMC Truck,Auto - GMC Truck Plant (Floorplan-New) - East,12/17/2025,186924,12/17/2025,7/17/2027,2026 GMC Truck GMC SIER 25D,Automobile,GMC SIER 25D,1GT4UREY9TF186924,,"$86,720.00 ","$86,720.00 ",$0.00 ,,$0.00 ,$0.00 ,$0.00 ,"$86,720.00 ",$0.00 ,$0.00 ,$0.00 ,$0.00 ,$0.00 ,$335.37 ,$0.00 ,$0.00 ,$0.00 ,$335.37 ,$896.04 ,"$86,720.00 "
"3535 West Loop 820 South  Fort Worth, TX 76116",GMC Truck,Auto - GMC Truck Plant (Floorplan-New) - East,12/16/2025,186933,12/16/2025,7/16/2027,2026 GMC Truck GMC SIER 25D,Automobile,GMC SIER 25D,1GT4UREYXTF186933,,"$86,720.00 ","$86,720.00 ",$0.00 ,,$0.00 ,$0.00 ,$0.00 ,"$86,720.00 ",$0.00 ,$0.00 ,$0.00 ,$0.00 ,$0.00 ,$335.37 ,$0.00 ,$0.00 ,$0.00 ,$335.37 ,$908.50 ,"$86,720.00 "
"3535 West Loop 820 South  Fort Worth, TX 76116",GMC Truck,Auto - GMC Truck Plant (Floorplan-New) - East,10/14/2025,188304,10/14/2025,5/14/2027,2026 GMC Truck GMC SIER 15D,Automobile,GMC SIER 15D,1GTUUGEL1TZ188304,,"$78,682.40 ","$78,682.40 ",$0.00 ,,$0.00 ,$0.00 ,$0.00 ,"$78,682.40 ",$0.00 ,$0.00 ,$0.00 ,$0.00 ,$0.00 ,$304.30 ,$0.00 ,$0.00 ,$0.00 ,$304.30 ,"$1,554.80 ","$78,682.40 "
"3535 West Loop 820 South  Fort Worth, TX 76116",GMC Truck,Auto - GMC Truck Plant (Floorplan-New) - East,10/14/2025,188421,10/14/2025,5/14/2027,2026 GMC Truck GMC SIER 15D,Automobile,GMC SIER 15D,1GTUUGEL5TZ188421,,"$78,682.40 ","$78,682.40 ",$0.00 ,,$0.00 ,$0.00 ,$0.00 ,"$78,682.40 ",$0.00 ,$0.00 ,$0.00 ,$0.00 ,$0.00 ,$304.30 ,$0.00 ,$0.00 ,$0.00 ,$304.30 ,"$1,554.80 ","$78,682.40 "
"3535 West Loop 820 South  Fort Worth, TX 76116",GMC Truck,Auto - GMC Truck Plant (Floorplan-New) - East,10/14/2025,188463,10/14/2025,5/14/2027,2026 GMC Truck GMC SIER 15D,Automobile,GMC SIER 15D,1GTUUGELXTZ188463,,"$78,682.40 ","$78,682.40 ",$0.00 ,,$0.00 ,$0.00 ,$0.00 ,"$78,682.40 ",$0.00 ,$0.00 ,$0.00 ,$0.00 ,$0.00 ,$304.30 ,$0.00 ,$0.00 ,$0.00 ,$304.30 ,"$1,554.80 ","$78,682.40 "
"3535 West Loop 820 South  Fort Worth, TX 76116",GMC Truck,Auto - GMC Truck Plant (Floorplan-New) - East,12/18/2025,189114,12/18/2025,7/18/2027,2026 GMC Truck GMC SIER 25A,Automobile,GMC SIER 25A,1GT4UPEY5TF189114,G36090,"$84,642.85 ","$84,642.85 ",$0.00 ,,"($84,642.85)",$0.00 ,"($84,642.85)",$0.00 ,$0.00 ,$0.00 ,$0.00 ,$0.00 ,$0.00 ,$23.44 ,$0.00 ,$0.00 ,$0.00 ,$23.44 ,$558.51 ,"$6,045.92 "
"3535 West Loop 820 South  Fort Worth, TX 76116",GMC Truck,Auto - GMC Truck Plant (Floorplan-New) - East,10/14/2025,190362,10/14/2025,5/14/2027,2026 GMC Truck GMC SIER 15D,Automobile,GMC SIER 15D,1GTUUGEL3TZ190362,,"$78,733.55 ","$78,733.55 ",$0.00 ,,$0.00 ,$0.00 ,$0.00 ,"$78,733.55 ",$0.00 ,$0.00 ,$0.00 ,$0.00 ,$0.00 ,$304.49 ,$0.00 ,$0.00 ,$0.00 ,$304.49 ,"$1,555.80 ","$78,733.55 "
"3535 West Loop 820 South  Fort Worth, TX 76116",GMC Truck,Auto - GMC Truck Plant (Floorplan-New) - East,10/14/2025,190745,10/14/2025,5/14/2027,2026 GMC Truck GMC SIER 15D,Automobile,GMC SIER 15D,1GTUUGEL8TZ190745,G35622,"$79,240.40 ","$79,240.40 ",$0.00 ,,"($79,240.40)",$0.00 ,"($79,240.40)",$0.00 ,$0.00 ,$0.00 ,$0.00 ,$0.00 ,$0.00 ,$21.94 ,$0.00 ,$0.00 ,$0.00 ,$21.94 ,"$1,281.32 ","$5,660.03 "
"3535 West Loop 820 South  Fort Worth, TX 76116",GMC Truck,Auto - GMC Truck Plant (Floorplan-New) - East,10/14/2025,190857,10/14/2025,5/14/2027,2026 GMC Truck GMC SIER 15D,Automobile,GMC SIER 15D,1GTUUGEL8TZ190857,G35623,"$79,240.40 ","$79,240.40 ",$0.00 ,,"($79,240.40)",$0.00 ,"($79,240.40)",$0.00 ,$0.00 ,$0.00 ,$0.00 ,$0.00 ,$0.00 ,$21.94 ,$0.00 ,$0.00 ,$0.00 ,$21.94 ,"$1,281.32 ","$5,660.03 "
"3535 West Loop 820 South  Fort Worth, TX 76116",GMC Truck,Auto - GMC Truck Plant (Floorplan-New) - East,12/22/2025,190991,12/22/2025,7/22/2027,2026 GMC Truck GMC SIER 25D,Automobile,GMC SIER 25D,1GT4UREY0TF190991,,"$87,224.13 ","$87,224.13 ",$0.00 ,,$0.00 ,$0.00 ,$0.00 ,"$87,224.13 ",$0.00 ,$0.00 ,$0.00 ,$0.00 ,$0.00 ,$337.32 ,$0.00 ,$0.00 ,$0.00 ,$337.32 ,$838.58 ,"$87,224.13 "
"3535 West Loop 820 South  Fort Worth, TX 76116",GMC Truck,Auto - GMC Truck Plant (Floorplan-New) - East,12/22/2025,191044,12/22/2025,7/22/2027,2026 GMC Truck GMC SIER 25D,Automobile,GMC SIER 25D,1GT4UREY4TF191044,,"$87,224.13 ","$87,224.13 ",$0.00 ,,$0.00 ,$0.00 ,$0.00 ,"$87,224.13 ",$0.00 ,$0.00 ,$0.00 ,$0.00 ,$0.00 ,$337.32 ,$0.00 ,$0.00 ,$0.00 ,$337.32 ,$838.58 ,"$87,224.13 "
"3535 West Loop 820 South  Fort Worth, TX 76116",GMC Truck,Auto - GMC Truck Plant (Floorplan-New) - East,12/19/2025,191092,12/19/2025,7/19/2027,2026 GMC Truck GMC SIER 25D,Automobile,GMC SIER 25D,1GT4UREY4TF191092,,"$87,224.13 ","$87,224.13 ",$0.00 ,,$0.00 ,$0.00 ,$0.00 ,"$87,224.13 ",$0.00 ,$0.00 ,$0.00 ,$0.00 ,$0.00 ,$337.32 ,$0.00 ,$0.00 ,$0.00 ,$337.32 ,$876.18 ,"$87,224.13 "
"3535 West Loop 820 South  Fort Worth, TX 76116",GMC Truck,Auto - GMC Truck Plant (Floorplan-New) - East,1/2/2026,191226,1/2/2026,8/2/2027,2026 GMC Truck GMC SIER 25D,Automobile,GMC SIER 25D,1GT4UREYXTF191226,,"$87,779.13 ","$87,779.13 ",$0.00 ,,$0.00 ,$0.00 ,$0.00 ,"$87,779.13 ",$0.00 ,$0.00 ,$0.00 ,$0.00 ,$0.00 ,$339.47 ,$0.00 ,$0.00 ,$0.00 ,$339.47 ,$705.18 ,"$87,779.13 "
"3535 West Loop 820 South  Fort Worth, TX 76116",GMC Truck,Auto - GMC Truck Plant (Floorplan-New) - East,12/22/2025,191266,12/22/2025,7/22/2027,2026 GMC Truck GMC SIER 25D,Automobile,GMC SIER 25D,1GT4UREY0TF191266,,"$87,779.13 ","$87,779.13 ",$0.00 ,,$0.00 ,$0.00 ,$0.00 ,"$87,779.13 ",$0.00 ,$0.00 ,$0.00 ,$0.00 ,$0.00 ,$339.47 ,$0.00 ,$0.00 ,$0.00 ,$339.47 ,$843.92 ,"$87,779.13 "
"3535 West Loop 820 South  Fort Worth, TX 76116",GMC Truck,Auto - GMC Truck Plant (Floorplan-New) - East,12/22/2025,191306,12/22/2025,7/22/2027,2026 GMC Truck GMC SIER 25D,Automobile,GMC SIER 25D,1GT4UREY8TF191306,,"$87,779.13 ","$87,779.13 ",$0.00 ,,$0.00 ,$0.00 ,$0.00 ,"$87,779.13 ",$0.00 ,$0.00 ,$0.00 ,$0.00 ,$0.00 ,$339.47 ,$0.00 ,$0.00 ,$0.00 ,$339.47 ,$843.92 ,"$87,779.13 "
"3535 West Loop 820 South  Fort Worth, TX 76116",GMC Truck,Auto - GMC Truck Plant (Floorplan-New) - East,12/19/2025,191356,12/19/2025,7/19/2027,2026 GMC Truck GMC SIER 25D,Automobile,GMC SIER 25D,1GT4UREY1TF191356,,"$87,224.13 ","$87,224.13 ",$0.00 ,,$0.00 ,$0.00 ,$0.00 ,"$87,224.13 ",$0.00 ,$0.00 ,$0.00 ,$0.00 ,$0.00 ,$337.32 ,$0.00 ,$0.00 ,$0.00 ,$337.32 ,$876.18 ,"$87,224.13 "
"3535 West Loop 820 South  Fort Worth, TX 76116",GMC Truck,Auto - GMC Truck Plant (Floorplan-New) - East,12/19/2025,191471,12/19/2025,7/19/2027,2026 GMC Truck GMC SIER 25D,Automobile,GMC SIER 25D,1GT4UREY1TF191471,,"$87,224.13 ","$87,224.13 ",$0.00 ,,$0.00 ,$0.00 ,$0.00 ,"$87,224.13 ",$0.00 ,$0.00 ,$0.00 ,$0.00 ,$0.00 ,$337.32 ,$0.00 ,$0.00 ,$0.00 ,$337.32 ,$876.18 ,"$87,224.13 "
"3535 West Loop 820 South  Fort Worth, TX 76116",GMC Truck,Auto - GMC Truck Plant (Floorplan-New) - East,12/19/2025,191526,12/19/2025,7/19/2027,2026 GMC Truck GMC SIER 25D,Automobile,GMC SIER 25D,1GT4UREY0TF191526,,"$87,224.13 ","$87,224.13 ",$0.00 ,,$0.00 ,$0.00 ,$0.00 ,"$87,224.13 ",$0.00 ,$0.00 ,$0.00 ,$0.00 ,$0.00 ,$337.32 ,$0.00 ,$0.00 ,$0.00 ,$337.32 ,$876.18 ,"$87,224.13 "
"3535 West Loop 820 South  Fort Worth, TX 76116",GMC Truck,Auto - GMC Truck Plant (Floorplan-New) - East,12/19/2025,191579,12/19/2025,7/19/2027,2026 GMC Truck GMC SIER 25D,Automobile,GMC SIER 25D,1GT4UREYXTF191579,,"$87,224.13 ","$87,224.13 ",$0.00 ,,$0.00 ,$0.00 ,$0.00 ,"$87,224.13 ",$0.00 ,$0.00 ,$0.00 ,$0.00 ,$0.00 ,$337.32 ,$0.00 ,$0.00 ,$0.00 ,$337.32 ,$876.18 ,"$87,224.13 "
"3535 West Loop 820 South  Fort Worth, TX 76116",GMC Truck,Auto - GMC Truck Plant (Floorplan-New) - East,12/19/2025,191592,12/19/2025,7/19/2027,2026 GMC Truck GMC SIER 25D,Automobile,GMC SIER 25D,1GT4UREY2TF191592,,"$87,224.13 ","$87,224.13 ",$0.00 ,,$0.00 ,$0.00 ,$0.00 ,"$87,224.13 ",$0.00 ,$0.00 ,$0.00 ,$0.00 ,$0.00 ,$337.32 ,$0.00 ,$0.00 ,$0.00 ,$337.32 ,$876.18 ,"$87,224.13 "
"3535 West Loop 820 South  Fort Worth, TX 76116",GMC Truck,Auto - GMC Truck Plant (Floorplan-New) - East,12/19/2025,191612,12/19/2025,7/19/2027,2026 GMC Truck GMC SIER 25D,Automobile,GMC SIER 25D,1GT4UREY4TF191612,,"$87,779.13 ","$87,779.13 ",$0.00 ,,$0.00 ,$0.00 ,$0.00 ,"$87,779.13 ",$0.00 ,$0.00 ,$0.00 ,$0.00 ,$0.00 ,$339.47 ,$0.00 ,$0.00 ,$0.00 ,$339.47 ,$881.75 ,"$87,779.13 "
"3535 West Loop 820 South  Fort Worth, TX 76116",GMC Truck,Auto - GMC Truck Plant (Floorplan-New) - East,12/19/2025,191633,12/19/2025,7/19/2027,2026 GMC Truck GMC SIER 25D,Automobile,GMC SIER 25D,1GT4UREY1TF191633,,"$87,779.13 ","$87,779.13 ",$0.00 ,,$0.00 ,$0.00 ,$0.00 ,"$87,779.13 ",$0.00 ,$0.00 ,$0.00 ,$0.00 ,$0.00 ,$339.47 ,$0.00 ,$0.00 ,$0.00 ,$339.47 ,$881.75 ,"$87,779.13 "
"3535 West Loop 820 South  Fort Worth, TX 76116",GMC Truck,Auto - GMC Truck Plant (Floorplan-New) - East,12/19/2025,191647,12/19/2025,7/19/2027,2026 GMC Truck GMC SIER 25D,Automobile,GMC SIER 25D,1GT4UREY1TF191647,,"$87,224.13 ","$87,224.13 ",$0.00 ,,$0.00 ,$0.00 ,$0.00 ,"$87,224.13 ",$0.00 ,$0.00 ,$0.00 ,$0.00 ,$0.00 ,$337.32 ,$0.00 ,$0.00 ,$0.00 ,$337.32 ,$876.18 ,"$87,224.13 "
"3535 West Loop 820 South  Fort Worth, TX 76116",GMC Truck,Auto - GMC Truck Plant (Floorplan-New) - East,12/19/2025,191681,12/19/2025,7/19/2027,2026 GMC Truck GMC SIER 25D,Automobile,GMC SIER 25D,1GT4UREY1TF191681,,"$87,224.13 ","$87,224.13 ",$0.00 ,,$0.00 ,$0.00 ,$0.00 ,"$87,224.13 ",$0.00 ,$0.00 ,$0.00 ,$0.00 ,$0.00 ,$337.32 ,$0.00 ,$0.00 ,$0.00 ,$337.32 ,$876.18 ,"$87,224.13 "
"3535 West Loop 820 South  Fort Worth, TX 76116",GMC Truck,Auto - GMC Truck Plant (Floorplan-New) - East,12/19/2025,191786,12/19/2025,7/19/2027,2026 GMC Truck GMC SIER 25D,Automobile,GMC SIER 25D,1GT4UREY4TF191786,,"$87,224.13 ","$87,224.13 ",$0.00 ,,$0.00 ,$0.00 ,$0.00 ,"$87,224.13 ",$0.00 ,$0.00 ,$0.00 ,$0.00 ,$0.00 ,$337.32 ,$0.00 ,$0.00 ,$0.00 ,$337.32 ,$876.18 ,"$87,224.13 "
"3535 West Loop 820 South  Fort Worth, TX 76116",GMC Truck,Auto - GMC Truck Plant (Floorplan-New) - East,11/12/2025,193126,11/12/2025,6/12/2027,2026 GMC Truck GMC SIER 15A,Automobile,GMC SIER 15A,3GTUUFEL3TG193126,G35821,"$81,788.60 ","$81,788.60 ",$0.00 ,,"($81,788.60)",$0.00 ,"($81,788.60)",$0.00 ,$0.00 ,$0.00 ,$0.00 ,$0.00 ,$0.00 ,$135.60 ,$0.00 ,$0.00 ,$0.00 ,$135.60 ,"$1,080.50 ","$35,052.26 "
"3535 West Loop 820 South  Fort Worth, TX 76116",GMC Truck,Auto - GMC Truck Plant (Floorplan-New) - East,10/17/2025,193152,10/17/2025,5/17/2027,2026 GMC Truck GMC SIER 15D,Automobile,GMC SIER 15D,1GTUUGEL7TZ193152,G35651,"$78,682.40 ","$78,682.40 ",$0.00 ,,"($78,682.40)",$0.00 ,"($78,682.40)",$0.00 ,$0.00 ,$0.00 ,$0.00 ,$0.00 ,$0.00 ,$119.58 ,$0.00 ,$0.00 ,$0.00 ,$119.58 ,"$1,334.45 ","$30,910.94 "
"3535 West Loop 820 South  Fort Worth, TX 76116",GMC Truck,Auto - GMC Truck Plant (Floorplan-New) - East,10/20/2025,193266,10/20/2025,5/20/2027,2026 GMC Truck GMC SIER 15D,Automobile,GMC SIER 15D,1GTUUGEL0TZ193266,G35652,"$78,682.40 ","$78,682.40 ",$0.00 ,,"($78,682.40)",$0.00 ,"($78,682.40)",$0.00 ,$0.00 ,$0.00 ,$0.00 ,$0.00 ,$0.00 ,$21.80 ,$0.00 ,$0.00 ,$0.00 ,$21.80 ,"$1,201.04 ","$5,620.17 "
"3535 West Loop 820 South  Fort Worth, TX 76116",GMC Truck,Auto - GMC Truck Plant (Floorplan-New) - East,12/29/2025,194260,12/29/2025,7/29/2027,2026 GMC Truck GMC SIER 25A,Automobile,GMC SIER 25A,1GT4UZEY3TF194260,G36112,"$91,908.83 ","$91,908.83 ",$0.00 ,,"($91,908.83)",$0.00 ,"($91,908.83)",$0.00 ,$0.00 ,$0.00 ,$0.00 ,$0.00 ,$0.00 ,$25.45 ,$0.00 ,$0.00 ,$0.00 ,$25.45 ,$461.20 ,"$6,564.92 "
"3535 West Loop 820 South  Fort Worth, TX 76116",GMC Truck,Auto - GMC Truck Plant (Floorplan-New) - East,12/29/2025,194346,12/29/2025,7/29/2027,2026 GMC Truck GMC SIER 25A,Automobile,GMC SIER 25A,1GT4UZEY2TF194346,G36140,"$91,450.95 ","$91,450.95 ",$0.00 ,,"($91,450.95)",$0.00 ,"($91,450.95)",$0.00 ,$0.00 ,$0.00 ,$0.00 ,$0.00 ,$0.00 ,$25.33 ,$0.00 ,$0.00 ,$0.00 ,$25.33 ,$458.90 ,"$6,532.21 "
"3535 West Loop 820 South  Fort Worth, TX 76116",GMC Truck,Auto - GMC Truck Plant (Floorplan-New) - East,12/29/2025,194400,12/29/2025,7/29/2027,2026 GMC Truck GMC SIER 25A,Automobile,GMC SIER 25A,1GT4UZEY4TF194400,G36130,"$91,908.83 ","$91,908.83 ",$0.00 ,,"($91,908.83)",$0.00 ,"($91,908.83)",$0.00 ,$0.00 ,$0.00 ,$0.00 ,$0.00 ,$0.00 ,$25.45 ,$0.00 ,$0.00 ,$0.00 ,$25.45 ,$461.20 ,"$6,564.92 "
"3535 West Loop 820 South  Fort Worth, TX 76116",GMC Truck,Auto - GMC Truck Plant (Floorplan-New) - East,10/17/2025,195257,10/17/2025,5/17/2027,2026 GMC Truck GMC SIER 15E,Automobile,GMC SIER 15E,1GTPHCED5TZ195257,G35636,"$60,876.00 ","$60,876.00 ",$0.00 ,,"($60,876.00)",$0.00 ,"($60,876.00)",$0.00 ,$0.00 ,$0.00 ,$0.00 ,$0.00 ,$0.00 ,$100.92 ,$0.00 ,$0.00 ,$0.00 ,$100.92 ,"$1,040.86 ","$26,089.71 "
"3535 West Loop 820 South  Fort Worth, TX 76116",GMC Truck,Auto - GMC Truck Plant (Floorplan-New) - East,10/17/2025,195267,10/17/2025,5/17/2027,2026 GMC Truck GMC SIER 15E,Automobile,GMC SIER 15E,1GTPHCED8TZ195267,G35637,"$60,876.00 ","$60,876.00 ",$0.00 ,,"($60,876.00)",$0.00 ,"($60,876.00)",$0.00 ,$0.00 ,$0.00 ,$0.00 ,$0.00 ,$0.00 ,$84.11 ,$0.00 ,$0.00 ,$0.00 ,$84.11 ,"$1,024.05 ","$21,741.43 "
"3535 West Loop 820 South  Fort Worth, TX 76116",GMC Truck,Auto - GMC Truck Plant (Floorplan-New) - East,10/17/2025,195312,10/17/2025,5/17/2027,2026 GMC Truck GMC SIER 15E,Automobile,GMC SIER 15E,1GTUUCED0TZ195312,G35664,"$64,010.10 ","$64,010.10 ",$0.00 ,,"($64,010.10)",$0.00 ,"($64,010.10)",$0.00 ,$0.00 ,$0.00 ,$0.00 ,$0.00 ,$0.00 ,$194.51 ,$0.00 ,$0.00 ,$0.00 ,$194.51 ,"$1,182.85 ","$50,293.65 "
"3535 West Loop 820 South  Fort Worth, TX 76116",GMC Truck,Auto - GMC Truck Plant (Floorplan-New) - East,10/17/2025,195323,10/17/2025,5/17/2027,2026 GMC Truck GMC SIER 15E,Automobile,GMC SIER 15E,1GTUUCED5TZ195323,,"$64,010.10 ","$64,010.10 ",$0.00 ,,$0.00 ,$0.00 ,$0.00 ,"$64,010.10 ",$0.00 ,$0.00 ,$0.00 ,$0.00 ,$0.00 ,$247.55 ,$0.00 ,$0.00 ,$0.00 ,$247.55 ,"$1,235.89 ","$64,010.10 "
"3535 West Loop 820 South  Fort Worth, TX 76116",GMC Truck,Auto - GMC Truck Plant (Floorplan-New) - East,10/20/2025,195529,10/20/2025,5/20/2027,2026 GMC Truck GMC SIER 15E,Automobile,GMC SIER 15E,1GTUUCED3TZ195529,G35734,"$64,010.10 ","$64,010.10 ",$0.00 ,,"($64,010.10)",$0.00 ,"($64,010.10)",$0.00 ,$0.00 ,$0.00 ,$0.00 ,$0.00 ,$0.00 ,$203.35 ,$0.00 ,$0.00 ,$0.00 ,$203.35 ,"$1,162.70 ","$52,579.73 "
"3535 West Loop 820 South  Fort Worth, TX 76116",GMC Truck,Auto - GMC Truck Plant (Floorplan-New) - East,11/3/2025,195862,11/3/2025,6/3/2027,2026 GMC Truck GMC ACAD DEN,Automobile,GMC ACAD DEN,1GKENLKS3TJ195862,G35755,"$63,240.60 ","$63,240.60 ",$0.00 ,,"($63,240.60)",$0.00 ,"($63,240.60)",$0.00 ,$0.00 ,$0.00 ,$0.00 ,$0.00 ,$0.00 ,$34.98 ,$0.00 ,$0.00 ,$0.00 ,$34.98 ,$849.14 ,"$9,034.37 "
"3535 West Loop 820 South  Fort Worth, TX 76116",GMC Truck,Auto - GMC Truck Plant (Floorplan-New) - East,10/20/2025,198001,10/20/2025,5/20/2027,2026 GMC Truck GMC SIER 15E,Automobile,GMC SIER 15E,1GTPHCED7TZ198001,G35674,"$60,876.00 ","$60,876.00 ",$0.00 ,,"($60,876.00)",$0.00 ,"($60,876.00)",$0.00 ,$0.00 ,$0.00 ,$0.00 ,$0.00 ,$0.00 ,$16.86 ,$0.00 ,$0.00 ,$0.00 ,$16.86 ,$929.23 ,"$4,348.29 "
"3535 West Loop 820 South  Fort Worth, TX 76116",GMC Truck,Auto - GMC Truck Plant (Floorplan-New) - East,10/21/2025,198490,10/21/2025,5/21/2027,2026 GMC Truck GMC SIER 15E,Automobile,GMC SIER 15E,1GTUUCED6TZ198490,,"$64,191.45 ","$64,191.45 ",$0.00 ,,$0.00 ,$0.00 ,$0.00 ,"$64,191.45 ",$0.00 ,$0.00 ,$0.00 ,$0.00 ,$0.00 ,$248.25 ,$0.00 ,$0.00 ,$0.00 ,$248.25 ,"$1,200.62 ","$64,191.45 "
"3535 West Loop 820 South  Fort Worth, TX 76116",GMC Truck,Auto - GMC Truck Plant (Floorplan-New) - East,10/21/2025,198559,10/21/2025,5/21/2027,2026 GMC Truck GMC SIER 15E,Automobile,GMC SIER 15E,1GTUUCED5TZ198559,G35794,"$64,010.10 ","$64,010.10 ",$0.00 ,,"($64,010.10)",$0.00 ,"($64,010.10)",$0.00 ,$0.00 ,$0.00 ,$0.00 ,$0.00 ,$0.00 ,$88.44 ,$0.00 ,$0.00 ,$0.00 ,$88.44 ,"$1,038.13 ","$22,860.75 "
"3535 West Loop 820 South  Fort Worth, TX 76116",GMC Truck,Auto - GMC Truck Plant (Floorplan-New) - East,10/21/2025,198575,10/21/2025,5/21/2027,2026 GMC Truck GMC SIER 15E,Automobile,GMC SIER 15E,1GTUUCED3TZ198575,G35676,"$64,010.10 ","$64,010.10 ",$0.00 ,,"($64,010.10)",$0.00 ,"($64,010.10)",$0.00 ,$0.00 ,$0.00 ,$0.00 ,$0.00 ,$0.00 ,$44.25 ,$0.00 ,$0.00 ,$0.00 ,$44.25 ,$993.94 ,"$11,430.38 "
"3535 West Loop 820 South  Fort Worth, TX 76116",GMC Truck,Auto - GMC Truck Plant (Floorplan-New) - East,10/21/2025,198605,10/21/2025,5/21/2027,2026 GMC Truck GMC SIER 15E,Automobile,GMC SIER 15E,1GTUUCED8TZ198605,,"$64,191.45 ","$64,191.45 ",$0.00 ,,$0.00 ,$0.00 ,$0.00 ,"$64,191.45 ",$0.00 ,$0.00 ,$0.00 ,$0.00 ,$0.00 ,$248.25 ,$0.00 ,$0.00 ,$0.00 ,$248.25 ,"$1,200.62 ","$64,191.45 "
"3535 West Loop 820 South  Fort Worth, TX 76116",GMC Truck,Auto - GMC Truck Plant (Floorplan-New) - East,12/4/2025,201935,12/4/2025,7/4/2027,2026 GMC Truck GMC YUK 4ELE,Automobile,GMC YUK 4ELE,1GKS2BKD2TR201935,G35959,"$81,176.33 ","$81,176.33 ",$0.00 ,,"($81,176.33)",$0.00 ,"($81,176.33)",$0.00 ,$0.00 ,$0.00 ,$0.00 ,$0.00 ,$0.00 ,$201.84 ,$0.00 ,$0.00 ,$0.00 ,$201.84 ,$878.29 ,"$52,184.78 "
"3535 West Loop 820 South  Fort Worth, TX 76116",GMC Truck,Auto - GMC Truck Plant (Floorplan-New) - East,10/27/2025,203657,10/27/2025,5/27/2027,2026 GMC Truck GMC SIER 15E,Automobile,GMC SIER 15E,1GTUUCEDXTZ203657,G35715,"$63,819.45 ","$63,819.45 ",$0.00 ,,"($63,819.45)",$0.00 ,"($63,819.45)",$0.00 ,$0.00 ,$0.00 ,$0.00 ,$0.00 ,$0.00 ,$17.67 ,$0.00 ,$0.00 ,$0.00 ,$17.67 ,$906.72 ,"$4,558.53 "
"3535 West Loop 820 South  Fort Worth, TX 76116",GMC Truck,Auto - GMC Truck Plant (Floorplan-New) - East,10/27/2025,204022,10/27/2025,5/27/2027,2026 GMC Truck GMC SIER 15E,Automobile,GMC SIER 15E,1GTPHCED3TZ204022,,"$60,187.80 ","$60,187.80 ",$0.00 ,,$0.00 ,$0.00 ,$0.00 ,"$60,187.80 ",$0.00 ,$0.00 ,$0.00 ,$0.00 ,$0.00 ,$232.77 ,$0.00 ,$0.00 ,$0.00 ,$232.77 ,"$1,071.23 ","$60,187.80 "
"3535 West Loop 820 South  Fort Worth, TX 76116",GMC Truck,Auto - GMC Truck Plant (Floorplan-New) - East,10/27/2025,204043,10/27/2025,5/27/2027,2026 GMC Truck GMC SIER 15E,Automobile,GMC SIER 15E,1GTPHCED0TZ204043,,"$60,187.80 ","$60,187.80 ",$0.00 ,,$0.00 ,$0.00 ,$0.00 ,"$60,187.80 ",$0.00 ,$0.00 ,$0.00 ,$0.00 ,$0.00 ,$232.77 ,$0.00 ,$0.00 ,$0.00 ,$232.77 ,"$1,071.23 ","$60,187.80 "
"3535 West Loop 820 South  Fort Worth, TX 76116",GMC Truck,Auto - GMC Truck Plant (Floorplan-New) - East,10/27/2025,204047,10/27/2025,5/27/2027,2026 GMC Truck GMC SIER 15E,Automobile,GMC SIER 15E,1GTUUCEDXTZ204047,G35746,"$64,000.80 ","$64,000.80 ",$0.00 ,,"($64,000.80)",$0.00 ,"($64,000.80)",$0.00 ,$0.00 ,$0.00 ,$0.00 ,$0.00 ,$0.00 ,$17.73 ,$0.00 ,$0.00 ,$0.00 ,$17.73 ,$909.31 ,"$4,571.49 "
"3535 West Loop 820 South  Fort Worth, TX 76116",GMC Truck,Auto - GMC Truck Plant (Floorplan-New) - East,10/27/2025,204186,10/27/2025,5/27/2027,2026 GMC Truck GMC SIER 15E,Automobile,GMC SIER 15E,1GTUUCED2TZ204186,,"$64,000.80 ","$64,000.80 ",$0.00 ,,$0.00 ,$0.00 ,$0.00 ,"$64,000.80 ",$0.00 ,$0.00 ,$0.00 ,$0.00 ,$0.00 ,$247.52 ,$0.00 ,$0.00 ,$0.00 ,$247.52 ,"$1,139.10 ","$64,000.80 "
"3535 West Loop 820 South  Fort Worth, TX 76116",GMC Truck,Auto - GMC Truck Plant (Floorplan-New) - East,10/27/2025,204207,10/27/2025,5/27/2027,2026 GMC Truck GMC SIER 15E,Automobile,GMC SIER 15E,1GTPHCED4TZ204207,G35739,"$60,648.15 ","$60,648.15 ",$0.00 ,,"($60,648.15)",$0.00 ,"($60,648.15)",$0.00 ,$0.00 ,$0.00 ,$0.00 ,$0.00 ,$0.00 ,$142.42 ,$0.00 ,$0.00 ,$0.00 ,$142.42 ,$987.29 ,"$36,822.09 "
"3535 West Loop 820 South  Fort Worth, TX 76116",GMC Truck,Auto - GMC Truck Plant (Floorplan-New) - East,11/13/2025,204970,11/13/2025,6/13/2027,2026 GMC Truck GMC ACAD ELV,Automobile,GMC ACAD ELV,1GKENKKS6TJ204970,G35810,"$51,148.05 ","$51,148.05 ",$0.00 ,,"($51,148.05)",$0.00 ,"($51,148.05)",$0.00 ,$0.00 ,$0.00 ,$0.00 ,$0.00 ,$0.00 ,$84.79 ,$0.00 ,$0.00 ,$0.00 ,$84.79 ,$668.20 ,"$21,920.59 "
"3535 West Loop 820 South  Fort Worth, TX 76116",GMC Truck,Auto - GMC Truck Plant (Floorplan-New) - East,1/6/2025,207291,1/6/2025,8/6/2026,2025 GMC Truck GMC SIER 25D,Automobile,GMC SIER 25D,1GT4UREY6SF207291,,"$89,599.85 ","$89,599.85 ",$0.00 ,,"($8,959.99)",$0.00 ,"($8,959.99)","$80,639.86 ","$8,959.99 ",$0.00 ,$0.00 ,$0.00 ,"$8,959.99 ",$324.24 ,$0.00 ,$0.00 ,$0.00 ,$324.24 ,"$5,674.74 ","$83,839.86 "
"3535 West Loop 820 South  Fort Worth, TX 76116",GMC Truck,Auto - GMC Truck Plant (Floorplan-New) - East,12/11/2025,209778,12/11/2025,7/11/2027,2026 GMC Truck GMC YUK 4XEL,Automobile,GMC YUK 4XEL,1GKS2GKD1TR209778,,"$83,462.70 ","$83,462.70 ",$0.00 ,,$0.00 ,$0.00 ,$0.00 ,"$83,462.70 ",$0.00 ,$0.00 ,$0.00 ,$0.00 ,$0.00 ,$322.78 ,$0.00 ,$0.00 ,$0.00 ,$322.78 ,$934.34 ,"$83,462.70 "
"3535 West Loop 820 South  Fort Worth, TX 76116",GMC Truck,Auto - GMC Truck Plant (Floorplan-New) - East,12/11/2025,209832,12/11/2025,7/11/2027,2026 GMC Truck GMC YUK 4XEL,Automobile,GMC YUK 4XEL,1GKS2GKD3TR209832,,"$83,462.70 ","$83,462.70 ",$0.00 ,,$0.00 ,$0.00 ,$0.00 ,"$83,462.70 ",$0.00 ,$0.00 ,$0.00 ,$0.00 ,$0.00 ,$322.78 ,$0.00 ,$0.00 ,$0.00 ,$322.78 ,$934.34 ,"$83,462.70 "
"3535 West Loop 820 South  Fort Worth, TX 76116",GMC Truck,Auto - GMC Truck Plant (Floorplan-New) - East,2/17/2026,213653,2/17/2026,9/17/2027,2026 GMC Truck GMC SIER 25D,Automobile,GMC SIER 25D,1GT4UXEY3TF213653,G36314,"$92,853.58 ",$0.00 ,"$92,853.58 ",2/17/2026,"($92,853.58)",$0.00 ,$0.00 ,$0.00 ,$0.00 ,$0.00 ,$0.00 ,$0.00 ,$0.00 ,$89.76 ,$0.00 ,$0.00 ,$0.00 ,$89.76 ,$89.76 ,"$23,213.39 "
"3535 West Loop 820 South  Fort Worth, TX 76116",GMC Truck,Auto - GMC Truck Plant (Floorplan-New) - East,2/17/2026,213860,2/17/2026,9/17/2027,2026 GMC Truck GMC SIER 25D,Automobile,GMC SIER 25D,1GT4UXEY8TF213860,,"$93,408.58 ",$0.00 ,"$93,408.58 ",2/17/2026,$0.00 ,$0.00 ,"$93,408.58 ","$93,408.58 ",$0.00 ,$0.00 ,$0.00 ,$0.00 ,$0.00 ,$154.79 ,$0.00 ,$0.00 ,$0.00 ,$154.79 ,$154.79 ,"$40,032.25 "
"3535 West Loop 820 South  Fort Worth, TX 76116",GMC Truck,Auto - GMC Truck Plant (Floorplan-New) - East,2/17/2026,214352,2/17/2026,9/17/2027,2026 GMC Truck GMC SIER 25D,Automobile,GMC SIER 25D,1GT4UXEY5TF214352,,"$92,853.58 ",$0.00 ,"$92,853.58 ",2/17/2026,$0.00 ,$0.00 ,"$92,853.58 ","$92,853.58 ",$0.00 ,$0.00 ,$0.00 ,$0.00 ,$0.00 ,$153.87 ,$0.00 ,$0.00 ,$0.00 ,$153.87 ,$153.87 ,"$39,794.39 "
"3535 West Loop 820 South  Fort Worth, TX 76116",GMC Truck,Auto - GMC Truck Plant (Floorplan-New) - East,2/18/2026,214359,2/18/2026,9/18/2027,2026 GMC Truck GMC SIER 25D,Automobile,GMC SIER 25D,1GT4UREY3TF214359,,"$86,226.83 ",$0.00 ,"$86,226.83 ",2/18/2026,$0.00 ,$0.00 ,"$86,226.83 ","$86,226.83 ",$0.00 ,$0.00 ,$0.00 ,$0.00 ,$0.00 ,$130.98 ,$0.00 ,$0.00 ,$0.00 ,$130.98 ,$130.98 ,"$33,874.83 "
"3535 West Loop 820 South  Fort Worth, TX 76116",GMC Truck,Auto - GMC Truck Plant (Floorplan-New) - East,2/18/2026,214456,2/18/2026,9/18/2027,2026 GMC Truck GMC SIER 25D,Automobile,GMC SIER 25D,1GT4UREY1TF214456,,"$86,781.83 ",$0.00 ,"$86,781.83 ",2/18/2026,$0.00 ,$0.00 ,"$86,781.83 ","$86,781.83 ",$0.00 ,$0.00 ,$0.00 ,$0.00 ,$0.00 ,$131.82 ,$0.00 ,$0.00 ,$0.00 ,$131.82 ,$131.82 ,"$34,092.86 "
"3535 West Loop 820 South  Fort Worth, TX 76116",GMC Truck,Auto - GMC Truck Plant (Floorplan-New) - East,2/18/2026,214472,2/18/2026,9/18/2027,2026 GMC Truck GMC SIER 25D,Automobile,GMC SIER 25D,1GT4UREYXTF214472,,"$86,226.83 ",$0.00 ,"$86,226.83 ",2/18/2026,$0.00 ,$0.00 ,"$86,226.83 ","$86,226.83 ",$0.00 ,$0.00 ,$0.00 ,$0.00 ,$0.00 ,$130.98 ,$0.00 ,$0.00 ,$0.00 ,$130.98 ,$130.98 ,"$33,874.83 "
"3535 West Loop 820 South  Fort Worth, TX 76116",GMC Truck,Auto - GMC Truck Plant (Floorplan-New) - East,2/17/2026,214507,2/17/2026,9/17/2027,2026 GMC Truck GMC SIER 25D,Automobile,GMC SIER 25D,1GT4UREY3TF214507,,"$86,226.83 ",$0.00 ,"$86,226.83 ",2/17/2026,$0.00 ,$0.00 ,"$86,226.83 ","$86,226.83 ",$0.00 ,$0.00 ,$0.00 ,$0.00 ,$0.00 ,$142.89 ,$0.00 ,$0.00 ,$0.00 ,$142.89 ,$142.89 ,"$36,954.36 "
"3535 West Loop 820 South  Fort Worth, TX 76116",GMC Truck,Auto - GMC Truck Plant (Floorplan-New) - East,2/17/2026,214585,2/17/2026,9/17/2027,2026 GMC Truck GMC SIER 25D,Automobile,GMC SIER 25D,1GT4UREY1TF214585,,"$86,226.83 ",$0.00 ,"$86,226.83 ",2/17/2026,$0.00 ,$0.00 ,"$86,226.83 ","$86,226.83 ",$0.00 ,$0.00 ,$0.00 ,$0.00 ,$0.00 ,$142.89 ,$0.00 ,$0.00 ,$0.00 ,$142.89 ,$142.89 ,"$36,954.36 "
"3535 West Loop 820 South  Fort Worth, TX 76116",GMC Truck,Auto - GMC Truck Plant (Floorplan-New) - East,2/17/2026,214626,2/17/2026,9/17/2027,2026 GMC Truck GMC SIER 25D,Automobile,GMC SIER 25D,1GT4UREY0TF214626,,"$86,781.83 ",$0.00 ,"$86,781.83 ",2/17/2026,$0.00 ,$0.00 ,"$86,781.83 ","$86,781.83 ",$0.00 ,$0.00 ,$0.00 ,$0.00 ,$0.00 ,$143.81 ,$0.00 ,$0.00 ,$0.00 ,$143.81 ,$143.81 ,"$37,192.21 "
"3535 West Loop 820 South  Fort Worth, TX 76116",GMC Truck,Auto - GMC Truck Plant (Floorplan-New) - East,2/18/2026,214650,2/18/2026,9/18/2027,2026 GMC Truck GMC SIER 25D,Automobile,GMC SIER 25D,1GT4UREY8TF214650,,"$86,226.83 ",$0.00 ,"$86,226.83 ",2/18/2026,$0.00 ,$0.00 ,"$86,226.83 ","$86,226.83 ",$0.00 ,$0.00 ,$0.00 ,$0.00 ,$0.00 ,$130.98 ,$0.00 ,$0.00 ,$0.00 ,$130.98 ,$130.98 ,"$33,874.83 "
"3535 West Loop 820 South  Fort Worth, TX 76116",GMC Truck,Auto - GMC Truck Plant (Floorplan-New) - East,2/17/2026,214728,2/17/2026,9/17/2027,2026 GMC Truck GMC SIER 25D,Automobile,GMC SIER 25D,1GT4UREY8TF214728,,"$86,226.83 ",$0.00 ,"$86,226.83 ",2/17/2026,$0.00 ,$0.00 ,"$86,226.83 ","$86,226.83 ",$0.00 ,$0.00 ,$0.00 ,$0.00 ,$0.00 ,$142.89 ,$0.00 ,$0.00 ,$0.00 ,$142.89 ,$142.89 ,"$36,954.36 "
"3535 West Loop 820 South  Fort Worth, TX 76116",GMC Truck,Auto - GMC Truck Plant (Floorplan-New) - East,2/18/2026,214781,2/18/2026,9/18/2027,2026 GMC Truck GMC SIER 25D,Automobile,GMC SIER 25D,1GT4UREY1TF214781,,"$86,781.83 ",$0.00 ,"$86,781.83 ",2/18/2026,$0.00 ,$0.00 ,"$86,781.83 ","$86,781.83 ",$0.00 ,$0.00 ,$0.00 ,$0.00 ,$0.00 ,$131.82 ,$0.00 ,$0.00 ,$0.00 ,$131.82 ,$131.82 ,"$34,092.86 "
"3535 West Loop 820 South  Fort Worth, TX 76116",GMC Truck,Auto - GMC Truck Plant (Floorplan-New) - East,2/17/2026,214828,2/17/2026,9/17/2027,2026 GMC Truck GMC SIER 25D,Automobile,GMC SIER 25D,1GT4UREY1TF214828,,"$86,226.83 ",$0.00 ,"$86,226.83 ",2/17/2026,$0.00 ,$0.00 ,"$86,226.83 ","$86,226.83 ",$0.00 ,$0.00 ,$0.00 ,$0.00 ,$0.00 ,$142.89 ,$0.00 ,$0.00 ,$0.00 ,$142.89 ,$142.89 ,"$36,954.36 "
"3535 West Loop 820 South  Fort Worth, TX 76116",GMC Truck,Auto - GMC Truck Plant (Floorplan-New) - East,2/18/2026,214844,2/18/2026,9/18/2027,2026 GMC Truck GMC SIER 25D,Automobile,GMC SIER 25D,1GT4UREYXTF214844,,"$86,226.83 ",$0.00 ,"$86,226.83 ",2/18/2026,$0.00 ,$0.00 ,"$86,226.83 ","$86,226.83 ",$0.00 ,$0.00 ,$0.00 ,$0.00 ,$0.00 ,$130.98 ,$0.00 ,$0.00 ,$0.00 ,$130.98 ,$130.98 ,"$33,874.83 "
"3535 West Loop 820 South  Fort Worth, TX 76116",GMC Truck,Auto - GMC Truck Plant (Floorplan-New) - East,2/18/2026,214900,2/18/2026,9/18/2027,2026 GMC Truck GMC SIER 25D,Automobile,GMC SIER 25D,1GT4UREY5TF214900,G36324,"$86,781.83 ",$0.00 ,"$86,781.83 ",2/18/2026,"($86,781.83)",$0.00 ,$0.00 ,$0.00 ,$0.00 ,$0.00 ,$0.00 ,$0.00 ,$0.00 ,$107.85 ,$0.00 ,$0.00 ,$0.00 ,$107.85 ,$107.85 ,"$27,894.16 "
"3535 West Loop 820 South  Fort Worth, TX 76116",GMC Truck,Auto - GMC Truck Plant (Floorplan-New) - East,2/18/2026,214914,2/18/2026,9/18/2027,2026 GMC Truck GMC SIER 25D,Automobile,GMC SIER 25D,1GT4UREY5TF214914,,"$86,226.83 ",$0.00 ,"$86,226.83 ",2/18/2026,$0.00 ,$0.00 ,"$86,226.83 ","$86,226.83 ",$0.00 ,$0.00 ,$0.00 ,$0.00 ,$0.00 ,$130.98 ,$0.00 ,$0.00 ,$0.00 ,$130.98 ,$130.98 ,"$33,874.83 "
"3535 West Loop 820 South  Fort Worth, TX 76116",GMC Truck,Auto - GMC Truck Plant (Floorplan-New) - East,12/17/2025,215994,12/17/2025,7/17/2027,2026 GMC Truck GMC YUK 2LEL,Automobile,GMC YUK 2LEL,1GKS1GKD0TR215994,,"$75,889.95 ","$75,889.95 ",$0.00 ,,$0.00 ,$0.00 ,$0.00 ,"$75,889.95 ",$0.00 ,$0.00 ,$0.00 ,$0.00 ,$0.00 ,$293.49 ,$0.00 ,$0.00 ,$0.00 ,$293.49 ,$784.13 ,"$75,889.95 "
"3535 West Loop 820 South  Fort Worth, TX 76116",GMC Truck,Auto - GMC Truck Plant (Floorplan-New) - East,2/19/2026,217010,2/19/2026,9/19/2027,2026 GMC Truck GMC SIER 25A,Automobile,GMC SIER 25A,1GT4UPEY3TF217010,,"$85,413.45 ",$0.00 ,"$85,413.45 ",2/19/2026,$0.00 ,$0.00 ,"$85,413.45 ","$85,413.45 ",$0.00 ,$0.00 ,$0.00 ,$0.00 ,$0.00 ,$117.95 ,$0.00 ,$0.00 ,$0.00 ,$117.95 ,$117.95 ,"$30,504.80 "
"3535 West Loop 820 South  Fort Worth, TX 76116",GMC Truck,Auto - GMC Truck Plant (Floorplan-New) - East,8/7/2025,221075,8/7/2025,3/7/2027,2025 GMC Truck GMC TERRN AT,Automobile,GMC TERRN AT,3GKALYEG0TL221075,,"$41,167.60 ","$41,167.60 ",$0.00 ,,$0.00 ,$0.00 ,$0.00 ,"$41,167.60 ",$0.00 ,$0.00 ,$0.00 ,$0.00 ,$0.00 ,$159.21 ,$0.00 ,$0.00 ,$0.00 ,$159.21 ,"$1,247.43 ","$41,167.60 "
"3535 West Loop 820 South  Fort Worth, TX 76116",GMC Truck,Auto - GMC Truck Plant (Floorplan-New) - East,8/7/2025,221270,8/7/2025,3/7/2027,2025 GMC Truck GMC TERRN AT,Automobile,GMC TERRN AT,3GKALYEG9TL221270,,"$41,167.60 ","$41,167.60 ",$0.00 ,,$0.00 ,$0.00 ,$0.00 ,"$41,167.60 ",$0.00 ,$0.00 ,$0.00 ,$0.00 ,$0.00 ,$159.21 ,$0.00 ,$0.00 ,$0.00 ,$159.21 ,"$1,247.43 ","$41,167.60 "
"3535 West Loop 820 South  Fort Worth, TX 76116",GMC Truck,Auto - GMC Truck Plant (Floorplan-New) - East,8/11/2025,221470,8/11/2025,3/11/2027,2025 GMC Truck GMC TERRN AT,Automobile,GMC TERRN AT,3GKALYEG6TL221470,,"$41,167.60 ","$41,167.60 ",$0.00 ,,$0.00 ,$0.00 ,$0.00 ,"$41,167.60 ",$0.00 ,$0.00 ,$0.00 ,$0.00 ,$0.00 ,$159.21 ,$0.00 ,$0.00 ,$0.00 ,$159.21 ,"$1,221.57 ","$41,167.60 "
"3535 West Loop 820 South  Fort Worth, TX 76116",GMC Truck,Auto - GMC Truck Plant (Floorplan-New) - East,12/23/2025,222719,12/23/2025,7/23/2027,2026 GMC Truck GMC YUK 4ELE,Automobile,GMC YUK 4ELE,1GKS2BKD2TR222719,G36096,"$76,016.48 ","$76,016.48 ",$0.00 ,,"($76,016.48)",$0.00 ,"($76,016.48)",$0.00 ,$0.00 ,$0.00 ,$0.00 ,$0.00 ,$0.00 ,$168.02 ,$0.00 ,$0.00 ,$0.00 ,$168.02 ,$593.94 ,"$43,437.99 "
"3535 West Loop 820 South  Fort Worth, TX 76116",GMC Truck,Auto - GMC Truck Plant (Floorplan-New) - East,8/8/2025,222915,8/8/2025,3/8/2027,2025 GMC Truck GMC TERRN AT,Automobile,GMC TERRN AT,3GKALYEG1TL222915,,"$41,627.95 ","$41,627.95 ",$0.00 ,,$0.00 ,$0.00 ,$0.00 ,"$41,627.95 ",$0.00 ,$0.00 ,$0.00 ,$0.00 ,$0.00 ,$160.99 ,$0.00 ,$0.00 ,$0.00 ,$160.99 ,"$1,254.83 ","$41,627.95 "
"3535 West Loop 820 South  Fort Worth, TX 76116",GMC Truck,Auto - GMC Truck Plant (Floorplan-New) - East,8/8/2025,222972,8/8/2025,3/8/2027,2025 GMC Truck GMC TERRN AT,Automobile,GMC TERRN AT,3GKALYEG2TL222972,G35086,"$41,627.95 ","$41,627.95 ",$0.00 ,,$0.00 ,$0.00 ,$0.00 ,"$41,627.95 ",$0.00 ,$0.00 ,$0.00 ,$0.00 ,$0.00 ,$160.99 ,$0.00 ,$0.00 ,$0.00 ,$160.99 ,"$1,254.83 ","$41,627.95 "
"3535 West Loop 820 South  Fort Worth, TX 76116",GMC Truck,Auto - GMC Truck Plant (Floorplan-New) - East,2/26/2026,223429,2/26/2026,9/26/2027,2026 GMC Truck GMC SIER 25D,Automobile,GMC SIER 25D,1GT4UREYXTF223429,,"$88,534.70 ",$0.00 ,"$88,534.70 ",2/26/2026,$0.00 ,$0.00 ,"$88,534.70 ","$88,534.70 ",$0.00 ,$0.00 ,$0.00 ,$0.00 ,$0.00 ,$36.68 ,$0.00 ,$0.00 ,$0.00 ,$36.68 ,$36.68 ,"$9,485.86 "
"3535 West Loop 820 South  Fort Worth, TX 76116",GMC Truck,Auto - GMC Truck Plant (Floorplan-New) - East,2/27/2026,223466,2/27/2026,9/27/2027,2026 GMC Truck GMC SIER 25D,Automobile,GMC SIER 25D,1GT4UREY5TF223466,,"$88,534.70 ",$0.00 ,"$88,534.70 ",2/27/2026,$0.00 ,$0.00 ,"$88,534.70 ","$88,534.70 ",$0.00 ,$0.00 ,$0.00 ,$0.00 ,$0.00 ,$24.45 ,$0.00 ,$0.00 ,$0.00 ,$24.45 ,$24.45 ,"$6,323.91 "
"3535 West Loop 820 South  Fort Worth, TX 76116",GMC Truck,Auto - GMC Truck Plant (Floorplan-New) - East,2/27/2026,223604,2/27/2026,9/27/2027,2026 GMC Truck GMC SIER 25D,Automobile,GMC SIER 25D,1GT4UREY2TF223604,,"$89,089.70 ",$0.00 ,"$89,089.70 ",2/27/2026,$0.00 ,$0.00 ,"$89,089.70 ","$89,089.70 ",$0.00 ,$0.00 ,$0.00 ,$0.00 ,$0.00 ,$24.61 ,$0.00 ,$0.00 ,$0.00 ,$24.61 ,$24.61 ,"$6,363.55 "
"3535 West Loop 820 South  Fort Worth, TX 76116",GMC Truck,Auto - GMC Truck Plant (Floorplan-New) - East,2/27/2026,223887,2/27/2026,9/27/2027,2026 GMC Truck GMC SIER 25D,Automobile,GMC SIER 25D,1GT4UREY7TF223887,,"$88,534.70 ",$0.00 ,"$88,534.70 ",2/27/2026,$0.00 ,$0.00 ,"$88,534.70 ","$88,534.70 ",$0.00 ,$0.00 ,$0.00 ,$0.00 ,$0.00 ,$24.45 ,$0.00 ,$0.00 ,$0.00 ,$24.45 ,$24.45 ,"$6,323.91 "
"3535 West Loop 820 South  Fort Worth, TX 76116",GMC Truck,Auto - GMC Truck Plant (Floorplan-New) - East,2/27/2026,224018,2/27/2026,9/27/2027,2026 GMC Truck GMC SIER 25D,Automobile,GMC SIER 25D,1GT4UREY5TF224018,,"$88,534.70 ",$0.00 ,"$88,534.70 ",2/27/2026,$0.00 ,$0.00 ,"$88,534.70 ","$88,534.70 ",$0.00 ,$0.00 ,$0.00 ,$0.00 ,$0.00 ,$24.45 ,$0.00 ,$0.00 ,$0.00 ,$24.45 ,$24.45 ,"$6,323.91 "
"3535 West Loop 820 South  Fort Worth, TX 76116",GMC Truck,Auto - GMC Truck Plant (Floorplan-New) - East,2/26/2026,224073,2/26/2026,9/26/2027,2026 GMC Truck GMC SIER 25D,Automobile,GMC SIER 25D,1GT4UREY2TF224073,,"$89,089.70 ",$0.00 ,"$89,089.70 ",2/26/2026,$0.00 ,$0.00 ,"$89,089.70 ","$89,089.70 ",$0.00 ,$0.00 ,$0.00 ,$0.00 ,$0.00 ,$36.91 ,$0.00 ,$0.00 ,$0.00 ,$36.91 ,$36.91 ,"$9,545.32 "
"3535 West Loop 820 South  Fort Worth, TX 76116",GMC Truck,Auto - GMC Truck Plant (Floorplan-New) - East,2/27/2026,224149,2/27/2026,9/27/2027,2026 GMC Truck GMC SIER 25D,Automobile,GMC SIER 25D,1GT4UREY9TF224149,,"$89,089.70 ",$0.00 ,"$89,089.70 ",2/27/2026,$0.00 ,$0.00 ,"$89,089.70 ","$89,089.70 ",$0.00 ,$0.00 ,$0.00 ,$0.00 ,$0.00 ,$24.61 ,$0.00 ,$0.00 ,$0.00 ,$24.61 ,$24.61 ,"$6,363.55 "
"3535 West Loop 820 South  Fort Worth, TX 76116",GMC Truck,Auto - GMC Truck Plant (Floorplan-New) - East,12/26/2025,224339,12/26/2025,7/26/2027,2026 GMC Truck GMC YUK 4XEL,Automobile,GMC YUK 4XEL,1GKS2GKD6TR224339,G36111,"$84,504.98 ","$84,504.98 ",$0.00 ,,"($84,504.98)",$0.00 ,"($84,504.98)",$0.00 ,$0.00 ,$0.00 ,$0.00 ,$0.00 ,$0.00 ,$58.42 ,$0.00 ,$0.00 ,$0.00 ,$58.42 ,$495.48 ,"$15,090.18 "
"3535 West Loop 820 South  Fort Worth, TX 76116",GMC Truck,Auto - GMC Truck Plant (Floorplan-New) - East,12/4/2025,225274,12/4/2025,7/4/2027,2026 GMC Truck GMC ACAD ELV,Automobile,GMC ACAD ELV,1GKENKKS3TJ225274,G35926,"$49,922.43 ","$49,922.43 ",$0.00 ,,"($49,922.43)",$0.00 ,"($49,922.43)",$0.00 ,$0.00 ,$0.00 ,$0.00 ,$0.00 ,$0.00 ,$13.82 ,$0.00 ,$0.00 ,$0.00 ,$13.82 ,$429.83 ,"$3,565.89 "
"3535 West Loop 820 South  Fort Worth, TX 76116",GMC Truck,Auto - GMC Truck Plant (Floorplan-New) - East,8/12/2025,225551,8/12/2025,3/12/2027,2025 GMC Truck GMC TERRN AT,Automobile,GMC TERRN AT,3GKALYEG4TL225551,,"$42,709.75 ","$42,709.75 ",$0.00 ,,$0.00 ,$0.00 ,$0.00 ,"$42,709.75 ",$0.00 ,$0.00 ,$0.00 ,$0.00 ,$0.00 ,$165.17 ,$0.00 ,$0.00 ,$0.00 ,$165.17 ,"$1,260.62 ","$42,709.75 "
"3535 West Loop 820 South  Fort Worth, TX 76116",GMC Truck,Auto - GMC Truck Plant (Floorplan-New) - East,8/11/2025,225601,8/11/2025,3/11/2027,2025 GMC Truck GMC TERRN AT,Automobile,GMC TERRN AT,3GKALYEG4TL225601,,"$41,627.95 ","$41,627.95 ",$0.00 ,,$0.00 ,$0.00 ,$0.00 ,"$41,627.95 ",$0.00 ,$0.00 ,$0.00 ,$0.00 ,$0.00 ,$160.99 ,$0.00 ,$0.00 ,$0.00 ,$160.99 ,"$1,235.22 ","$41,627.95 "
"3535 West Loop 820 South  Fort Worth, TX 76116",GMC Truck,Auto - GMC Truck Plant (Floorplan-New) - East,11/17/2025,228737,11/17/2025,6/17/2027,2026 GMC Truck GMC SIER 15E,Automobile,GMC SIER 15E,1GTRHCED9TZ228737,,"$56,066.35 ","$56,066.35 ",$0.00 ,,$0.00 ,$0.00 ,$0.00 ,"$56,066.35 ",$0.00 ,$0.00 ,$0.00 ,$0.00 ,$0.00 ,$216.83 ,$0.00 ,$0.00 ,$0.00 ,$216.83 ,$823.42 ,"$56,066.35 "
"3535 West Loop 820 South  Fort Worth, TX 76116",GMC Truck,Auto - GMC Truck Plant (Floorplan-New) - East,12/5/2025,229094,12/5/2025,7/5/2027,2026 GMC Truck GMC SIER 15E,Automobile,GMC SIER 15E,1GTRHCED9TZ229094,G36089,"$55,787.38 ","$55,787.38 ",$0.00 ,,"($55,787.38)",$0.00 ,"($55,787.38)",$0.00 ,$0.00 ,$0.00 ,$0.00 ,$0.00 ,$0.00 ,$131.01 ,$0.00 ,$0.00 ,$0.00 ,$131.01 ,$587.88 ,"$33,870.91 "
"3535 West Loop 820 South  Fort Worth, TX 76116",GMC Truck,Auto - GMC Truck Plant (Floorplan-New) - East,1/9/2026,229140,1/9/2026,8/9/2027,2026 GMC Truck GMC YUK 4DEN,Automobile,GMC YUK 4DEN,1GKS2EKL3TR229140,,"$105,152.28 ","$105,152.28 ",$0.00 ,,$0.00 ,$0.00 ,$0.00 ,"$105,152.28 ",$0.00 ,$0.00 ,$0.00 ,$0.00 ,$0.00 ,$406.66 ,$0.00 ,$0.00 ,$0.00 ,$406.66 ,$742.53 ,"$105,152.28 "
"3535 West Loop 820 South  Fort Worth, TX 76116",GMC Truck,Auto - GMC Truck Plant (Floorplan-New) - East,1/9/2026,229976,1/9/2026,8/9/2027,2026 GMC Truck GMC YUK 4XAT,Automobile,GMC YUK 4XAT,1GKS2HKD9TR229976,G36144,"$91,170.23 ","$91,170.23 ",$0.00 ,,"($91,170.23)",$0.00 ,"($91,170.23)",$0.00 ,$0.00 ,$0.00 ,$0.00 ,$0.00 ,$0.00 ,$63.02 ,$0.00 ,$0.00 ,$0.00 ,$63.02 ,$354.23 ,"$16,280.40 "
"3535 West Loop 820 South  Fort Worth, TX 76116",GMC Truck,Auto - GMC Truck Plant (Floorplan-New) - East,1/12/2026,231307,1/12/2026,8/12/2027,2026 GMC Truck GMC YUK 4XEL,Automobile,GMC YUK 4XEL,1GKS2GKD6TR231307,,"$84,504.98 ","$84,504.98 ",$0.00 ,,$0.00 ,$0.00 ,$0.00 ,"$84,504.98 ",$0.00 ,$0.00 ,$0.00 ,$0.00 ,$0.00 ,$326.81 ,$0.00 ,$0.00 ,$0.00 ,$326.81 ,$561.52 ,"$84,504.98 "
"3535 West Loop 820 South  Fort Worth, TX 76116",GMC Truck,Auto - GMC Truck Plant (Floorplan-New) - East,12/16/2025,232120,12/16/2025,7/16/2027,2026 GMC Truck GMC ACAD ELV,Automobile,GMC ACAD ELV,1GKENKKS0TJ232120,,"$47,614.55 ","$47,614.55 ",$0.00 ,,$0.00 ,$0.00 ,$0.00 ,"$47,614.55 ",$0.00 ,$0.00 ,$0.00 ,$0.00 ,$0.00 ,$184.14 ,$0.00 ,$0.00 ,$0.00 ,$184.14 ,$498.81 ,"$47,614.55 "
"3535 West Loop 820 South  Fort Worth, TX 76116",GMC Truck,Auto - GMC Truck Plant (Floorplan-New) - East,11/21/2025,232158,11/21/2025,6/21/2027,2026 GMC Truck GMC SIER 15E,Automobile,GMC SIER 15E,1GTRHCED2TZ232158,G35908,"$55,787.38 ","$55,787.38 ",$0.00 ,,"($55,787.38)",$0.00 ,"($55,787.38)",$0.00 ,$0.00 ,$0.00 ,$0.00 ,$0.00 ,$0.00 ,$192.64 ,$0.00 ,$0.00 ,$0.00 ,$192.64 ,$763.45 ,"$49,810.16 "
"3535 West Loop 820 South  Fort Worth, TX 76116",GMC Truck,Auto - GMC Truck Plant (Floorplan-New) - East,12/16/2025,232191,12/16/2025,7/16/2027,2026 GMC Truck GMC ACAD ELV,Automobile,GMC ACAD ELV,1GKENKKS1TJ232191,,"$47,059.55 ","$47,059.55 ",$0.00 ,,$0.00 ,$0.00 ,$0.00 ,"$47,059.55 ",$0.00 ,$0.00 ,$0.00 ,$0.00 ,$0.00 ,$182.00 ,$0.00 ,$0.00 ,$0.00 ,$182.00 ,$493.01 ,"$47,059.55 "
"3535 West Loop 820 South  Fort Worth, TX 76116",GMC Truck,Auto - GMC Truck Plant (Floorplan-New) - East,12/16/2025,232194,12/16/2025,7/16/2027,2026 GMC Truck GMC ACAD ELV,Automobile,GMC ACAD ELV,1GKENKKS7TJ232194,G36074,"$47,614.55 ","$47,614.55 ",$0.00 ,,$0.00 ,$0.00 ,$0.00 ,"$47,614.55 ",$0.00 ,$0.00 ,$0.00 ,$0.00 ,$0.00 ,$184.14 ,$0.00 ,$0.00 ,$0.00 ,$184.14 ,$498.81 ,"$47,614.55 "
"3535 West Loop 820 South  Fort Worth, TX 76116",GMC Truck,Auto - GMC Truck Plant (Floorplan-New) - East,12/16/2025,232589,12/16/2025,7/16/2027,2026 GMC Truck GMC ACAD ELV,Automobile,GMC ACAD ELV,1GKENKKS8TJ232589,,"$47,059.55 ","$47,059.55 ",$0.00 ,,$0.00 ,$0.00 ,$0.00 ,"$47,059.55 ",$0.00 ,$0.00 ,$0.00 ,$0.00 ,$0.00 ,$182.00 ,$0.00 ,$0.00 ,$0.00 ,$182.00 ,$493.01 ,"$47,059.55 "
"3535 West Loop 820 South  Fort Worth, TX 76116",GMC Truck,Auto - GMC Truck Plant (Floorplan-New) - East,12/16/2025,232645,12/16/2025,7/16/2027,2026 GMC Truck GMC ACAD ELV,Automobile,GMC ACAD ELV,1GKENKKS3TJ232645,G36055,"$47,059.55 ","$47,059.55 ",$0.00 ,,$0.00 ,$0.00 ,$0.00 ,"$47,059.55 ",$0.00 ,$0.00 ,$0.00 ,$0.00 ,$0.00 ,$182.00 ,$0.00 ,$0.00 ,$0.00 ,$182.00 ,$493.01 ,"$47,059.55 "
"3535 West Loop 820 South  Fort Worth, TX 76116",GMC Truck,Auto - GMC Truck Plant (Floorplan-New) - East,11/24/2025,233456,11/24/2025,6/24/2027,2026 GMC Truck GMC SIER 15E,Automobile,GMC SIER 15E,1GTRHCED4TZ233456,,"$55,329.50 ","$55,329.50 ",$0.00 ,,$0.00 ,$0.00 ,$0.00 ,"$55,329.50 ",$0.00 ,$0.00 ,$0.00 ,$0.00 ,$0.00 ,$213.97 ,$0.00 ,$0.00 ,$0.00 ,$213.97 ,$755.74 ,"$55,329.50 "
"3535 West Loop 820 South  Fort Worth, TX 76116",GMC Truck,Auto - GMC Truck Plant (Floorplan-New) - East,8/20/2025,234897,8/20/2025,3/20/2027,2025 GMC Truck GMC TERRN AT,Automobile,GMC TERRN AT,3GKALYEG8TL234897,,"$41,742.55 ","$41,742.55 ",$0.00 ,,$0.00 ,$0.00 ,$0.00 ,"$41,742.55 ",$0.00 ,$0.00 ,$0.00 ,$0.00 ,$0.00 ,$161.44 ,$0.00 ,$0.00 ,$0.00 ,$161.44 ,"$1,179.64 ","$41,742.55 "
"3535 West Loop 820 South  Fort Worth, TX 76116",GMC Truck,Auto - GMC Truck Plant (Floorplan-New) - East,8/21/2025,235755,8/21/2025,3/21/2027,2025 GMC Truck GMC TERRN AT,Automobile,GMC TERRN AT,3GKALYEG4TL235755,G35256,"$42,202.90 ","$42,202.90 ",$0.00 ,,$0.00 ,$0.00 ,$0.00 ,"$42,202.90 ",$0.00 ,$0.00 ,$0.00 ,$0.00 ,$0.00 ,$163.21 ,$0.00 ,$0.00 ,$0.00 ,$163.21 ,"$1,186.00 ","$42,202.90 "
"3535 West Loop 820 South  Fort Worth, TX 76116",GMC Truck,Auto - GMC Truck Plant (Floorplan-New) - East,12/22/2025,236565,12/22/2025,7/22/2027,2026 GMC Truck GMC ACAD ELV,Automobile,GMC ACAD ELV,1GKENKKS3TJ236565,,"$48,447.05 ","$48,447.05 ",$0.00 ,,$0.00 ,$0.00 ,$0.00 ,"$48,447.05 ",$0.00 ,$0.00 ,$0.00 ,$0.00 ,$0.00 ,$187.36 ,$0.00 ,$0.00 ,$0.00 ,$187.36 ,$465.77 ,"$48,447.05 "
"3535 West Loop 820 South  Fort Worth, TX 76116",GMC Truck,Auto - GMC Truck Plant (Floorplan-New) - East,12/19/2025,236611,12/19/2025,7/19/2027,2026 GMC Truck GMC SIER 15D,Automobile,GMC SIER 15D,3GTUUGE85TG236611,G36065,"$75,565.45 ","$75,565.45 ",$0.00 ,,"($75,565.45)",$0.00 ,"($75,565.45)",$0.00 ,$0.00 ,$0.00 ,$0.00 ,$0.00 ,$0.00 ,$31.36 ,$0.00 ,$0.00 ,$0.00 ,$31.36 ,$498.19 ,"$8,096.30 "
"3535 West Loop 820 South  Fort Worth, TX 76116",GMC Truck,Auto - GMC Truck Plant (Floorplan-New) - East,8/25/2025,239797,8/25/2025,3/25/2027,2025 GMC Truck GMC TERRN AT,Automobile,GMC TERRN AT,3GKALYEG7TL239797,,"$42,202.90 ","$42,202.90 ",$0.00 ,,$0.00 ,$0.00 ,$0.00 ,"$42,202.90 ",$0.00 ,$0.00 ,$0.00 ,$0.00 ,$0.00 ,$163.21 ,$0.00 ,$0.00 ,$0.00 ,$163.21 ,"$1,159.48 ","$42,202.90 "
"3535 West Loop 820 South  Fort Worth, TX 76116",GMC Truck,Auto - GMC Truck Plant (Floorplan-New) - East,1/23/2026,241899,1/23/2026,8/23/2027,2026 GMC Truck GMC YUK 4XEL,Automobile,GMC YUK 4XEL,1GKS2GKD8TR241899,,"$81,734.60 ","$81,734.60 ",$0.00 ,,$0.00 ,$0.00 ,$0.00 ,"$81,734.60 ",$0.00 ,$0.00 ,$0.00 ,$0.00 ,$0.00 ,$316.10 ,$0.00 ,$0.00 ,$0.00 ,$316.10 ,$418.26 ,"$81,734.60 "
"3535 West Loop 820 South  Fort Worth, TX 76116",GMC Truck,Auto - GMC Truck Plant (Floorplan-New) - East,11/28/2025,242299,11/28/2025,6/28/2027,2025 GMC Truck GMC TERRN AT,Automobile,GMC TERRN AT,3GKALYEG6TL242299,G36000,"$40,020.48 ","$40,020.48 ",$0.00 ,,$0.00 ,$0.00 ,$0.00 ,"$40,020.48 ",$0.00 ,$0.00 ,$0.00 ,$0.00 ,$0.00 ,$154.78 ,$0.00 ,$0.00 ,$0.00 ,$154.78 ,$523.15 ,"$40,020.48 "
"3535 West Loop 820 South  Fort Worth, TX 76116",GMC Truck,Auto - GMC Truck Plant (Floorplan-New) - East,11/28/2025,243080,11/28/2025,6/28/2027,2025 GMC Truck GMC TERRN DE,Automobile,GMC TERRN DE,3GKALZEG7TL243080,G36001,"$41,086.45 ","$41,086.45 ",$0.00 ,,$0.00 ,$0.00 ,$0.00 ,"$41,086.45 ",$0.00 ,$0.00 ,$0.00 ,$0.00 ,$0.00 ,$158.90 ,$0.00 ,$0.00 ,$0.00 ,$158.90 ,$537.08 ,"$41,086.45 "
"3535 West Loop 820 South  Fort Worth, TX 76116",GMC Truck,Auto - GMC Truck Plant (Floorplan-New) - East,12/29/2025,243708,12/29/2025,7/29/2027,2026 GMC Truck GMC ACAD ELV,Automobile,GMC ACAD ELV,1GKENKKS1TJ243708,,"$50,951.83 ","$50,951.83 ",$0.00 ,,$0.00 ,$0.00 ,$0.00 ,"$50,951.83 ",$0.00 ,$0.00 ,$0.00 ,$0.00 ,$0.00 ,$197.05 ,$0.00 ,$0.00 ,$0.00 ,$197.05 ,$438.61 ,"$50,951.83 "
"3535 West Loop 820 South  Fort Worth, TX 76116",GMC Truck,Auto - GMC Truck Plant (Floorplan-New) - East,12/4/2025,243739,12/4/2025,7/4/2027,2026 GMC Truck GMC SIER 15D,Automobile,GMC SIER 15D,1GTUUGE80TZ243739,,"$75,241.70 ","$75,241.70 ",$0.00 ,,$0.00 ,$0.00 ,$0.00 ,"$75,241.70 ",$0.00 ,$0.00 ,$0.00 ,$0.00 ,$0.00 ,$290.99 ,$0.00 ,$0.00 ,$0.00 ,$290.99 ,$917.99 ,"$75,241.70 "
"3535 West Loop 820 South  Fort Worth, TX 76116",GMC Truck,Auto - GMC Truck Plant (Floorplan-New) - East,1/26/2026,244225,1/26/2026,8/26/2027,2026 GMC Truck GMC YUK 4DEN,Automobile,GMC YUK 4DEN,1GKS2EKL9TR244225,G36208,"$103,672.28 ","$103,672.28 ",$0.00 ,,"($103,672.28)",$0.00 ,"($103,672.28)",$0.00 ,$0.00 ,$0.00 ,$0.00 ,$0.00 ,$0.00 ,$329.36 ,$0.00 ,$0.00 ,$0.00 ,$329.36 ,$415.74 ,"$85,159.37 "
"3535 West Loop 820 South  Fort Worth, TX 76116",GMC Truck,Auto - GMC Truck Plant (Floorplan-New) - East,12/29/2025,244496,12/29/2025,7/29/2027,2026 GMC Truck GMC ACAD ELV,Automobile,GMC ACAD ELV,1GKENKKS6TJ244496,,"$50,493.95 ","$50,493.95 ",$0.00 ,,$0.00 ,$0.00 ,$0.00 ,"$50,493.95 ",$0.00 ,$0.00 ,$0.00 ,$0.00 ,$0.00 ,$195.28 ,$0.00 ,$0.00 ,$0.00 ,$195.28 ,$434.68 ,"$50,493.95 "
"3535 West Loop 820 South  Fort Worth, TX 76116",GMC Truck,Auto - GMC Truck Plant (Floorplan-New) - East,12/29/2025,244547,12/29/2025,7/29/2027,2026 GMC Truck GMC ACAD ELV,Automobile,GMC ACAD ELV,1GKENKKS8TJ244547,,"$51,090.58 ","$51,090.58 ",$0.00 ,,$0.00 ,$0.00 ,$0.00 ,"$51,090.58 ",$0.00 ,$0.00 ,$0.00 ,$0.00 ,$0.00 ,$197.59 ,$0.00 ,$0.00 ,$0.00 ,$197.59 ,$439.81 ,"$51,090.58 "
"3535 West Loop 820 South  Fort Worth, TX 76116",GMC Truck,Auto - GMC Truck Plant (Floorplan-New) - East,11/28/2025,244816,11/28/2025,6/28/2027,2025 GMC Truck GMC TERRN AT,Automobile,GMC TERRN AT,3GKALYEGXTL244816,,"$39,577.45 ","$39,577.45 ",$0.00 ,,$0.00 ,$0.00 ,$0.00 ,"$39,577.45 ",$0.00 ,$0.00 ,$0.00 ,$0.00 ,$0.00 ,$153.06 ,$0.00 ,$0.00 ,$0.00 ,$153.06 ,$517.36 ,"$39,577.45 "
"3535 West Loop 820 South  Fort Worth, TX 76116",GMC Truck,Auto - GMC Truck Plant (Floorplan-New) - East,11/28/2025,245212,11/28/2025,6/28/2027,2025 GMC Truck GMC TERRN AT,Automobile,GMC TERRN AT,3GKALYEG5TL245212,G35998,"$40,020.48 ","$40,020.48 ",$0.00 ,,$0.00 ,$0.00 ,$0.00 ,"$40,020.48 ",$0.00 ,$0.00 ,$0.00 ,$0.00 ,$0.00 ,$154.78 ,$0.00 ,$0.00 ,$0.00 ,$154.78 ,$523.15 ,"$40,020.48 "
"3535 West Loop 820 South  Fort Worth, TX 76116",GMC Truck,Auto - GMC Truck Plant (Floorplan-New) - East,1/27/2026,245871,1/27/2026,8/27/2027,2026 GMC Truck GMC YUK 4XDE,Automobile,GMC YUK 4XDE,1GKS2JKL0TR245871,,"$97,816.03 ","$97,816.03 ",$0.00 ,,$0.00 ,$0.00 ,$0.00 ,"$97,816.03 ",$0.00 ,$0.00 ,$0.00 ,$0.00 ,$0.00 ,$378.28 ,$0.00 ,$0.00 ,$0.00 ,$378.28 ,$446.20 ,"$97,816.03 "
"3535 West Loop 820 South  Fort Worth, TX 76116",GMC Truck,Auto - GMC Truck Plant (Floorplan-New) - East,12/30/2025,245941,12/30/2025,7/30/2027,2026 GMC Truck GMC ACAD ELV,Automobile,GMC ACAD ELV,1GKENKKS6TJ245941,,"$50,493.95 ","$50,493.95 ",$0.00 ,,$0.00 ,$0.00 ,$0.00 ,"$50,493.95 ",$0.00 ,$0.00 ,$0.00 ,$0.00 ,$0.00 ,$195.28 ,$0.00 ,$0.00 ,$0.00 ,$195.28 ,$427.42 ,"$50,493.95 "
"3535 West Loop 820 South  Fort Worth, TX 76116",GMC Truck,Auto - GMC Truck Plant (Floorplan-New) - East,1/30/2026,246265,1/30/2026,8/30/2027,2026 GMC Truck GMC YUK 4AT4,Automobile,GMC YUK 4AT4,1GKS2VKL9TR246265,G36183,"$97,351.28 ","$97,351.28 ",$0.00 ,,"($97,351.28)",$0.00 ,"($97,351.28)",$0.00 ,$0.00 ,$0.00 ,$0.00 ,$0.00 ,$0.00 ,$242.06 ,$0.00 ,$0.00 ,$0.00 ,$242.06 ,$269.10 ,"$62,582.97 "
"3535 West Loop 820 South  Fort Worth, TX 76116",GMC Truck,Auto - GMC Truck Plant (Floorplan-New) - East,2/2/2026,246778,2/2/2026,9/2/2027,2026 GMC Truck GMC YUK 4XDE,Automobile,GMC YUK 4XDE,1GKS2JKL4TR246778,,"$97,816.03 ",$0.00 ,"$97,816.03 ",2/2/2026,$0.00 ,$0.00 ,"$97,816.03 ","$97,816.03 ",$0.00 ,$0.00 ,$0.00 ,$0.00 ,$0.00 ,$364.70 ,$0.00 ,$0.00 ,$0.00 ,$364.70 ,$364.70 ,"$94,322.60 "
"3535 West Loop 820 South  Fort Worth, TX 76116",GMC Truck,Auto - GMC Truck Plant (Floorplan-New) - East,1/16/2026,248122,1/16/2026,8/16/2027,2026 GMC Truck GMC ACAD ELV,Automobile,GMC ACAD ELV,1GKENKKS7TJ248122,,"$48,643.95 ","$48,643.95 ",$0.00 ,,$0.00 ,$0.00 ,$0.00 ,"$48,643.95 ",$0.00 ,$0.00 ,$0.00 ,$0.00 ,$0.00 ,$188.13 ,$0.00 ,$0.00 ,$0.00 ,$188.13 ,$296.22 ,"$48,643.95 "
"3535 West Loop 820 South  Fort Worth, TX 76116",GMC Truck,Auto - GMC Truck Plant (Floorplan-New) - East,11/28/2025,250359,11/28/2025,6/28/2027,2025 GMC Truck GMC TERRN DE,Automobile,GMC TERRN DE,3GKALZEG8TL250359,G36002,"$41,086.45 ","$41,086.45 ",$0.00 ,,"($41,086.45)",$0.00 ,"($41,086.45)",$0.00 ,$0.00 ,$0.00 ,$0.00 ,$0.00 ,$0.00 ,$11.38 ,$0.00 ,$0.00 ,$0.00 ,$11.38 ,$389.56 ,"$2,934.75 "
"3535 West Loop 820 South  Fort Worth, TX 76116",GMC Truck,Auto - GMC Truck Plant (Floorplan-New) - East,1/20/2026,251288,1/20/2026,8/20/2027,2026 GMC Truck GMC ACAD ELV,Automobile,GMC ACAD ELV,1GKENKKS1TJ251288,,"$48,088.95 ","$48,088.95 ",$0.00 ,,$0.00 ,$0.00 ,$0.00 ,"$48,088.95 ",$0.00 ,$0.00 ,$0.00 ,$0.00 ,$0.00 ,$185.98 ,$0.00 ,$0.00 ,$0.00 ,$185.98 ,$266.12 ,"$48,088.95 "
"3535 West Loop 820 South  Fort Worth, TX 76116",GMC Truck,Auto - GMC Truck Plant (Floorplan-New) - East,11/28/2025,251384,11/28/2025,6/28/2027,2025 GMC Truck GMC TERRN DE,Automobile,GMC TERRN DE,3GKALZEG1TL251384,G36003,"$41,086.45 ","$41,086.45 ",$0.00 ,,$0.00 ,$0.00 ,$0.00 ,"$41,086.45 ",$0.00 ,$0.00 ,$0.00 ,$0.00 ,$0.00 ,$158.90 ,$0.00 ,$0.00 ,$0.00 ,$158.90 ,$537.08 ,"$41,086.45 "
"3535 West Loop 820 South  Fort Worth, TX 76116",GMC Truck,Auto - GMC Truck Plant (Floorplan-New) - East,1/20/2026,251389,1/20/2026,8/20/2027,2026 GMC Truck GMC ACAD ELV,Automobile,GMC ACAD ELV,1GKENKKS7TJ251389,,"$48,227.70 ","$48,227.70 ",$0.00 ,,$0.00 ,$0.00 ,$0.00 ,"$48,227.70 ",$0.00 ,$0.00 ,$0.00 ,$0.00 ,$0.00 ,$186.52 ,$0.00 ,$0.00 ,$0.00 ,$186.52 ,$266.89 ,"$48,227.70 "
"3535 West Loop 820 South  Fort Worth, TX 76116",GMC Truck,Auto - GMC Truck Plant (Floorplan-New) - East,1/20/2026,251563,1/20/2026,8/20/2027,2026 GMC Truck GMC ACAD ELV,Automobile,GMC ACAD ELV,1GKENKKS8TJ251563,,"$48,088.95 ","$48,088.95 ",$0.00 ,,$0.00 ,$0.00 ,$0.00 ,"$48,088.95 ",$0.00 ,$0.00 ,$0.00 ,$0.00 ,$0.00 ,$185.98 ,$0.00 ,$0.00 ,$0.00 ,$185.98 ,$266.12 ,"$48,088.95 "
"3535 West Loop 820 South  Fort Worth, TX 76116",GMC Truck,Auto - GMC Truck Plant (Floorplan-New) - East,2/6/2026,252621,2/6/2026,9/6/2027,2026 GMC Truck GMC YUK 4XAT,Automobile,GMC YUK 4XAT,1GKS2HKL0TR252621,,"$86,596.10 ",$0.00 ,"$86,596.10 ",2/6/2026,$0.00 ,$0.00 ,"$86,596.10 ","$86,596.10 ",$0.00 ,$0.00 ,$0.00 ,$0.00 ,$0.00 ,$275.04 ,$0.00 ,$0.00 ,$0.00 ,$275.04 ,$275.04 ,"$71,132.51 "
"3535 West Loop 820 South  Fort Worth, TX 76116",GMC Truck,Auto - GMC Truck Plant (Floorplan-New) - East,2/6/2026,254163,2/6/2026,9/6/2027,2026 GMC Truck GMC YUK 4ELE,Automobile,GMC YUK 4ELE,1GKS2BKD9TR254163,G36247,"$78,851.60 ",$0.00 ,"$78,851.60 ",2/6/2026,"($78,851.60)",$0.00 ,$0.00 ,$0.00 ,$0.00 ,$0.00 ,$0.00 ,$0.00 ,$0.00 ,$130.66 ,$0.00 ,$0.00 ,$0.00 ,$130.66 ,$130.66 ,"$33,793.54 "
"3535 West Loop 820 South  Fort Worth, TX 76116",GMC Truck,Auto - GMC Truck Plant (Floorplan-New) - East,1/23/2026,254659,1/23/2026,8/23/2027,2026 GMC Truck GMC ACAD ELV,Automobile,GMC ACAD ELV,1GKENKKS3TJ254659,,"$47,811.45 ","$47,811.45 ",$0.00 ,,$0.00 ,$0.00 ,$0.00 ,"$47,811.45 ",$0.00 ,$0.00 ,$0.00 ,$0.00 ,$0.00 ,$184.90 ,$0.00 ,$0.00 ,$0.00 ,$184.90 ,$244.66 ,"$47,811.45 "
"3535 West Loop 820 South  Fort Worth, TX 76116",GMC Truck,Auto - GMC Truck Plant (Floorplan-New) - East,2/11/2026,254809,2/11/2026,9/11/2027,2026 GMC Truck GMC YUK 4XAT,Automobile,GMC YUK 4XAT,1GKS2HKL6TR254809,,"$86,596.10 ",$0.00 ,"$86,596.10 ",2/11/2026,$0.00 ,$0.00 ,"$86,596.10 ","$86,596.10 ",$0.00 ,$0.00 ,$0.00 ,$0.00 ,$0.00 ,$215.25 ,$0.00 ,$0.00 ,$0.00 ,$215.25 ,$215.25 ,"$55,668.92 "
"3535 West Loop 820 South  Fort Worth, TX 76116",GMC Truck,Auto - GMC Truck Plant (Floorplan-New) - East,1/26/2026,256404,1/26/2026,8/26/2027,2026 GMC Truck GMC ACAD ELV,Automobile,GMC ACAD ELV,1GKENKKS2TJ256404,,"$47,256.45 ","$47,256.45 ",$0.00 ,,$0.00 ,$0.00 ,$0.00 ,"$47,256.45 ",$0.00 ,$0.00 ,$0.00 ,$0.00 ,$0.00 ,$182.75 ,$0.00 ,$0.00 ,$0.00 ,$182.75 ,$222.13 ,"$47,256.45 "
"3535 West Loop 820 South  Fort Worth, TX 76116",GMC Truck,Auto - GMC Truck Plant (Floorplan-New) - East,1/26/2026,256509,1/26/2026,8/26/2027,2026 GMC Truck GMC ACAD ELV,Automobile,GMC ACAD ELV,1GKENKKS5TJ256509,,"$47,256.45 ","$47,256.45 ",$0.00 ,,$0.00 ,$0.00 ,$0.00 ,"$47,256.45 ",$0.00 ,$0.00 ,$0.00 ,$0.00 ,$0.00 ,$182.75 ,$0.00 ,$0.00 ,$0.00 ,$182.75 ,$222.13 ,"$47,256.45 "
"3535 West Loop 820 South  Fort Worth, TX 76116",GMC Truck,Auto - GMC Truck Plant (Floorplan-New) - East,2/10/2026,256754,2/10/2026,9/10/2027,2026 GMC Truck GMC YUK 4XAT,Automobile,GMC YUK 4XAT,1GKS2WKL0TR256754,,"$99,776.40 ",$0.00 ,"$99,776.40 ",2/10/2026,$0.00 ,$0.00 ,"$99,776.40 ","$99,776.40 ",$0.00 ,$0.00 ,$0.00 ,$0.00 ,$0.00 ,$261.79 ,$0.00 ,$0.00 ,$0.00 ,$261.79 ,$261.79 ,"$67,705.41 "
"3535 West Loop 820 South  Fort Worth, TX 76116",GMC Truck,Auto - GMC Truck Plant (Floorplan-New) - East,2/13/2026,259694,2/13/2026,9/13/2027,2026 GMC Truck GMC YUK 4XAT,Automobile,GMC YUK 4XAT,1GKS2WKL1TR259694,,"$100,234.28 ",$0.00 ,"$100,234.28 ",2/13/2026,$0.00 ,$0.00 ,"$100,234.28 ","$100,234.28 ",$0.00 ,$0.00 ,$0.00 ,$0.00 ,$0.00 ,$221.46 ,$0.00 ,$0.00 ,$0.00 ,$221.46 ,$221.46 ,"$57,276.73 "
"3535 West Loop 820 South  Fort Worth, TX 76116",GMC Truck,Auto - GMC Truck Plant (Floorplan-New) - East,2/13/2026,260445,2/13/2026,9/13/2027,2026 GMC Truck GMC YUK 4XAT,Automobile,GMC YUK 4XAT,1GKS2WKL7TR260445,,"$100,234.28 ",$0.00 ,"$100,234.28 ",2/13/2026,$0.00 ,$0.00 ,"$100,234.28 ","$100,234.28 ",$0.00 ,$0.00 ,$0.00 ,$0.00 ,$0.00 ,$221.46 ,$0.00 ,$0.00 ,$0.00 ,$221.46 ,$221.46 ,"$57,276.73 "
"3535 West Loop 820 South  Fort Worth, TX 76116",GMC Truck,Auto - GMC Truck Plant (Floorplan-New) - East,2/17/2026,261763,2/17/2026,9/17/2027,2026 GMC Truck GMC YUK 4AT4,Automobile,GMC YUK 4AT4,1GKS2VK87TR261763,G36315,"$95,963.78 ",$0.00 ,"$95,963.78 ",2/17/2026,"($95,963.78)",$0.00 ,$0.00 ,$0.00 ,$0.00 ,$0.00 ,$0.00 ,$0.00 ,$0.00 ,$79.51 ,$0.00 ,$0.00 ,$0.00 ,$79.51 ,$79.51 ,"$20,563.67 "
"3535 West Loop 820 South  Fort Worth, TX 76116",GMC Truck,Auto - GMC Truck Plant (Floorplan-New) - East,2/17/2026,262748,2/17/2026,9/17/2027,2026 GMC Truck GMC YUK 2XDE,Automobile,GMC YUK 2XDE,1GKS1JKL5TR262748,,"$92,440.15 ",$0.00 ,"$92,440.15 ",2/17/2026,$0.00 ,$0.00 ,"$92,440.15 ","$92,440.15 ",$0.00 ,$0.00 ,$0.00 ,$0.00 ,$0.00 ,$153.18 ,$0.00 ,$0.00 ,$0.00 ,$153.18 ,$153.18 ,"$39,617.21 "
"3535 West Loop 820 South  Fort Worth, TX 76116",GMC Truck,Auto - GMC Truck Plant (Floorplan-New) - East,2/18/2026,265434,2/18/2026,9/18/2027,2026 GMC Truck GMC YUK 2XDE,Automobile,GMC YUK 2XDE,1GKS1JKL8TR265434,,"$92,995.15 ",$0.00 ,"$92,995.15 ",2/18/2026,$0.00 ,$0.00 ,"$92,995.15 ","$92,995.15 ",$0.00 ,$0.00 ,$0.00 ,$0.00 ,$0.00 ,$141.26 ,$0.00 ,$0.00 ,$0.00 ,$141.26 ,$141.26 ,"$36,533.81 "
"3535 West Loop 820 South  Fort Worth, TX 76116",GMC Truck,Auto - GMC Truck Plant (Floorplan-New) - East,2/20/2026,267347,2/20/2026,9/20/2027,2026 GMC Truck GMC YUK 2XDE,Automobile,GMC YUK 2XDE,1GKS1JKL1TR267347,,"$92,440.15 ",$0.00 ,"$92,440.15 ",2/20/2026,$0.00 ,$0.00 ,"$92,440.15 ","$92,440.15 ",$0.00 ,$0.00 ,$0.00 ,$0.00 ,$0.00 ,$114.89 ,$0.00 ,$0.00 ,$0.00 ,$114.89 ,$114.89 ,"$29,712.91 "
"3535 West Loop 820 South  Fort Worth, TX 76116",GMC Truck,Auto - GMC Truck Plant (Floorplan-New) - East,12/30/2025,267796,12/30/2025,7/30/2027,2026 GMC Truck GMC SIER 15D,Automobile,GMC SIER 15D,1GTUUGEL5TZ267796,G36129,"$78,676.15 ","$78,676.15 ",$0.00 ,,"($78,676.15)",$0.00 ,"($78,676.15)",$0.00 ,$0.00 ,$0.00 ,$0.00 ,$0.00 ,$0.00 ,$21.79 ,$0.00 ,$0.00 ,$0.00 ,$21.79 ,$383.48 ,"$5,619.72 "
"3535 West Loop 820 South  Fort Worth, TX 76116",GMC Truck,Auto - GMC Truck Plant (Floorplan-New) - East,1/5/2026,267811,1/5/2026,8/5/2027,2026 GMC Truck GMC SIER 15E,Automobile,GMC SIER 15E,1GTUUCE82TZ267811,G36126,"$65,565.23 ","$65,565.23 ",$0.00 ,,"($65,565.23)",$0.00 ,"($65,565.23)",$0.00 ,$0.00 ,$0.00 ,$0.00 ,$0.00 ,$0.00 ,$18.16 ,$0.00 ,$0.00 ,$0.00 ,$18.16 ,$264.01 ,"$4,683.23 "
"3535 West Loop 820 South  Fort Worth, TX 76116",GMC Truck,Auto - GMC Truck Plant (Floorplan-New) - East,1/2/2026,267995,1/2/2026,8/2/2027,2026 GMC Truck GMC SIER 15E,Automobile,GMC SIER 15E,1GTUUCE85TZ267995,,"$65,565.23 ","$65,565.23 ",$0.00 ,,$0.00 ,$0.00 ,$0.00 ,"$65,565.23 ",$0.00 ,$0.00 ,$0.00 ,$0.00 ,$0.00 ,$253.57 ,$0.00 ,$0.00 ,$0.00 ,$253.57 ,$526.73 ,"$65,565.23 "
"3535 West Loop 820 South  Fort Worth, TX 76116",GMC Truck,Auto - GMC Truck Plant (Floorplan-New) - East,1/30/2026,268769,1/30/2026,8/30/2027,2026 GMC Truck GMC SIER 15E,Automobile,GMC SIER 15E,1GTUUCE81TZ268769,G35907,"$65,107.35 ","$65,107.35 ",$0.00 ,,"($65,107.35)",$0.00 ,"($65,107.35)",$0.00 ,$0.00 ,$0.00 ,$0.00 ,$0.00 ,$0.00 ,$233.81 ,$0.00 ,$0.00 ,$0.00 ,$233.81 ,$251.89 ,"$60,456.83 "
"3535 West Loop 820 South  Fort Worth, TX 76116",GMC Truck,Auto - GMC Truck Plant (Floorplan-New) - East,1/30/2026,268790,1/30/2026,8/30/2027,2026 GMC Truck GMC SIER 15E,Automobile,GMC SIER 15E,1GTUUCE83TZ268790,G36192,"$65,565.23 ","$65,565.23 ",$0.00 ,,"($65,565.23)",$0.00 ,"($65,565.23)",$0.00 ,$0.00 ,$0.00 ,$0.00 ,$0.00 ,$0.00 ,$153.97 ,$0.00 ,$0.00 ,$0.00 ,$153.97 ,$172.18 ,"$39,807.46 "
"3535 West Loop 820 South  Fort Worth, TX 76116",GMC Truck,Auto - GMC Truck Plant (Floorplan-New) - East,1/30/2026,268860,1/30/2026,8/30/2027,2026 GMC Truck GMC SIER 15E,Automobile,GMC SIER 15E,1GTUUCE89TZ268860,,"$65,107.35 ","$65,107.35 ",$0.00 ,,$0.00 ,$0.00 ,$0.00 ,"$65,107.35 ",$0.00 ,$0.00 ,$0.00 ,$0.00 ,$0.00 ,$251.79 ,$0.00 ,$0.00 ,$0.00 ,$251.79 ,$269.87 ,"$65,107.35 "
"3535 West Loop 820 South  Fort Worth, TX 76116",GMC Truck,Auto - GMC Truck Plant (Floorplan-New) - East,1/30/2026,268918,1/30/2026,8/30/2027,2026 GMC Truck GMC SIER 15E,Automobile,GMC SIER 15E,1GTUUCE83TZ268918,,"$65,107.35 ","$65,107.35 ",$0.00 ,,$0.00 ,$0.00 ,$0.00 ,"$65,107.35 ",$0.00 ,$0.00 ,$0.00 ,$0.00 ,$0.00 ,$251.79 ,$0.00 ,$0.00 ,$0.00 ,$251.79 ,$269.87 ,"$65,107.35 "
"3535 West Loop 820 South  Fort Worth, TX 76116",GMC Truck,Auto - GMC Truck Plant (Floorplan-New) - East,2/2/2026,268932,2/2/2026,9/2/2027,2026 GMC Truck GMC SIER 15E,Automobile,GMC SIER 15E,1GTUUCE88TZ268932,,"$65,565.23 ",$0.00 ,"$65,565.23 ",2/2/2026,$0.00 ,$0.00 ,"$65,565.23 ","$65,565.23 ",$0.00 ,$0.00 ,$0.00 ,$0.00 ,$0.00 ,$244.46 ,$0.00 ,$0.00 ,$0.00 ,$244.46 ,$244.46 ,"$63,223.61 "
"3535 West Loop 820 South  Fort Worth, TX 76116",GMC Truck,Auto - GMC Truck Plant (Floorplan-New) - East,1/30/2026,269146,1/30/2026,8/30/2027,2026 GMC Truck GMC SIER 15E,Automobile,GMC SIER 15E,1GTUUCE83TZ269146,G36188,"$65,565.23 ","$65,565.23 ",$0.00 ,,"($65,565.23)",$0.00 ,"($65,565.23)",$0.00 ,$0.00 ,$0.00 ,$0.00 ,$0.00 ,$0.00 ,$163.03 ,$0.00 ,$0.00 ,$0.00 ,$163.03 ,$181.24 ,"$42,149.08 "
"3535 West Loop 820 South  Fort Worth, TX 76116",GMC Truck,Auto - GMC Truck Plant (Floorplan-New) - East,1/30/2026,269258,1/30/2026,8/30/2027,2026 GMC Truck GMC SIER 15E,Automobile,GMC SIER 15E,1GTUUCE83TZ269258,G36184,"$65,565.23 ","$65,565.23 ",$0.00 ,,"($65,565.23)",$0.00 ,"($65,565.23)",$0.00 ,$0.00 ,$0.00 ,$0.00 ,$0.00 ,$0.00 ,$153.97 ,$0.00 ,$0.00 ,$0.00 ,$153.97 ,$172.18 ,"$39,807.46 "
"3535 West Loop 820 South  Fort Worth, TX 76116",GMC Truck,Auto - GMC Truck Plant (Floorplan-New) - East,1/30/2026,269601,1/30/2026,8/30/2027,2026 GMC Truck GMC SIER 15D,Automobile,GMC SIER 15D,1GTUUGEL7TZ269601,,"$79,231.15 ","$79,231.15 ",$0.00 ,,$0.00 ,$0.00 ,$0.00 ,"$79,231.15 ",$0.00 ,$0.00 ,$0.00 ,$0.00 ,$0.00 ,$306.41 ,$0.00 ,$0.00 ,$0.00 ,$306.41 ,$328.42 ,"$79,231.15 "
"3535 West Loop 820 South  Fort Worth, TX 76116",GMC Truck,Auto - GMC Truck Plant (Floorplan-New) - East,2/17/2026,269647,2/17/2026,9/17/2027,2026 GMC Truck GMC SIER 15D,Automobile,GMC SIER 15D,1GTUUGEL9TZ269647,,"$79,231.15 ",$0.00 ,"$79,231.15 ",2/17/2026,$0.00 ,$0.00 ,"$79,231.15 ","$79,231.15 ",$0.00 ,$0.00 ,$0.00 ,$0.00 ,$0.00 ,$131.29 ,$0.00 ,$0.00 ,$0.00 ,$131.29 ,$131.29 ,"$33,956.21 "
"3535 West Loop 820 South  Fort Worth, TX 76116",GMC Truck,Auto - GMC Truck Plant (Floorplan-New) - East,2/11/2026,269885,2/11/2026,9/11/2027,2026 GMC Truck GMC ACAD ELV,Automobile,GMC ACAD ELV,1GKENKKSXTJ269885,,"$44,911.58 ",$0.00 ,"$44,911.58 ",2/11/2026,$0.00 ,$0.00 ,"$44,911.58 ","$44,911.58 ",$0.00 ,$0.00 ,$0.00 ,$0.00 ,$0.00 ,$111.63 ,$0.00 ,$0.00 ,$0.00 ,$111.63 ,$111.63 ,"$28,871.73 "
"3535 West Loop 820 South  Fort Worth, TX 76116",GMC Truck,Auto - GMC Truck Plant (Floorplan-New) - East,1/30/2026,270049,1/30/2026,8/30/2027,2026 GMC Truck GMC SIER 15D,Automobile,GMC SIER 15D,1GTUUHEL8TZ270049,G36193,"$84,617.15 ","$84,617.15 ",$0.00 ,,"($84,617.15)",$0.00 ,"($84,617.15)",$0.00 ,$0.00 ,$0.00 ,$0.00 ,$0.00 ,$0.00 ,$58.49 ,$0.00 ,$0.00 ,$0.00 ,$58.49 ,$81.99 ,"$15,110.21 "
"3535 West Loop 820 South  Fort Worth, TX 76116",GMC Truck,Auto - GMC Truck Plant (Floorplan-New) - East,2/12/2026,270300,2/12/2026,9/12/2027,2026 GMC Truck GMC ACAD ELV,Automobile,GMC ACAD ELV,1GKENKKS5TJ270300,,"$45,050.33 ",$0.00 ,"$45,050.33 ",2/12/2026,$0.00 ,$0.00 ,"$45,050.33 ","$45,050.33 ",$0.00 ,$0.00 ,$0.00 ,$0.00 ,$0.00 ,$105.76 ,$0.00 ,$0.00 ,$0.00 ,$105.76 ,$105.76 ,"$27,351.99 "
"3535 West Loop 820 South  Fort Worth, TX 76116",GMC Truck,Auto - GMC Truck Plant (Floorplan-New) - East,2/2/2026,270729,2/2/2026,9/2/2027,2026 GMC Truck GMC SIER 15D,Automobile,GMC SIER 15D,1GTUUGEL5TZ270729,G36224,"$78,676.15 ",$0.00 ,"$78,676.15 ",2/2/2026,"($78,676.15)",$0.00 ,$0.00 ,$0.00 ,$0.00 ,$0.00 ,$0.00 ,$0.00 ,$0.00 ,$173.83 ,$0.00 ,$0.00 ,$0.00 ,$173.83 ,$173.83 ,"$44,957.80 "
"3535 West Loop 820 South  Fort Worth, TX 76116",GMC Truck,Auto - GMC Truck Plant (Floorplan-New) - East,2/2/2026,271172,2/2/2026,9/2/2027,2026 GMC Truck GMC SIER 15D,Automobile,GMC SIER 15D,1GTUUHEL1TZ271172,G36210,"$84,062.15 ",$0.00 ,"$84,062.15 ",2/2/2026,"($84,062.15)",$0.00 ,$0.00 ,$0.00 ,$0.00 ,$0.00 ,$0.00 ,$0.00 ,$0.00 ,$104.47 ,$0.00 ,$0.00 ,$0.00 ,$104.47 ,$104.47 ,"$27,019.98 "
"3535 West Loop 820 South  Fort Worth, TX 76116",GMC Truck,Auto - GMC Truck Plant (Floorplan-New) - East,2/13/2026,271536,2/13/2026,9/13/2027,2026 GMC Truck GMC ACAD ELV,Automobile,GMC ACAD ELV,1GKENKKS6TJ271536,,"$45,466.58 ",$0.00 ,"$45,466.58 ",2/13/2026,$0.00 ,$0.00 ,"$45,466.58 ","$45,466.58 ",$0.00 ,$0.00 ,$0.00 ,$0.00 ,$0.00 ,$100.46 ,$0.00 ,$0.00 ,$0.00 ,$100.46 ,$100.46 ,"$25,980.90 "
"3535 West Loop 820 South  Fort Worth, TX 76116",GMC Truck,Auto - GMC Truck Plant (Floorplan-New) - East,2/3/2026,272682,2/3/2026,9/3/2027,2026 GMC Truck GMC SIER 15E,Automobile,GMC SIER 15E,1GTUUCE89TZ272682,,"$65,107.35 ",$0.00 ,"$65,107.35 ",2/3/2026,$0.00 ,$0.00 ,"$65,107.35 ","$65,107.35 ",$0.00 ,$0.00 ,$0.00 ,$0.00 ,$0.00 ,$233.76 ,$0.00 ,$0.00 ,$0.00 ,$233.76 ,$233.76 ,"$60,456.83 "
"3535 West Loop 820 South  Fort Worth, TX 76116",GMC Truck,Auto - GMC Truck Plant (Floorplan-New) - East,2/26/2026,273665,2/26/2026,9/26/2027,2026 GMC Truck GMC YUK 4XDE,Automobile,GMC YUK 4XDE,1GKS2KKL8TR273665,,"$108,405.28 ",$0.00 ,"$108,405.28 ",2/26/2026,$0.00 ,$0.00 ,"$108,405.28 ","$108,405.28 ",$0.00 ,$0.00 ,$0.00 ,$0.00 ,$0.00 ,$44.91 ,$0.00 ,$0.00 ,$0.00 ,$44.91 ,$44.91 ,"$11,614.85 "
"3535 West Loop 820 South  Fort Worth, TX 76116",GMC Truck,Auto - GMC Truck Plant (Floorplan-New) - East,2/26/2026,273809,2/26/2026,9/26/2027,2026 GMC Truck GMC YUK 4XDE,Automobile,GMC YUK 4XDE,1GKS2KKL6TR273809,,"$107,850.28 ",$0.00 ,"$107,850.28 ",2/26/2026,$0.00 ,$0.00 ,"$107,850.28 ","$107,850.28 ",$0.00 ,$0.00 ,$0.00 ,$0.00 ,$0.00 ,$44.68 ,$0.00 ,$0.00 ,$0.00 ,$44.68 ,$44.68 ,"$11,555.39 "
"3535 West Loop 820 South  Fort Worth, TX 76116",GMC Truck,Auto - GMC Truck Plant (Floorplan-New) - East,2/26/2026,274555,2/26/2026,9/26/2027,2026 GMC Truck GMC YUK 4XDE,Automobile,GMC YUK 4XDE,1GKS2KKL6TR274555,,"$107,850.28 ",$0.00 ,"$107,850.28 ",2/26/2026,$0.00 ,$0.00 ,"$107,850.28 ","$107,850.28 ",$0.00 ,$0.00 ,$0.00 ,$0.00 ,$0.00 ,$44.68 ,$0.00 ,$0.00 ,$0.00 ,$44.68 ,$44.68 ,"$11,555.39 "
"3535 West Loop 820 South  Fort Worth, TX 76116",GMC Truck,Auto - GMC Truck Plant (Floorplan-New) - East,2/19/2026,274611,2/19/2026,9/19/2027,2026 GMC Truck GMC SIER 15E,Automobile,GMC SIER 15E,1GTUUCED0TZ274611,,"$65,324.73 ",$0.00 ,"$65,324.73 ",2/19/2026,$0.00 ,$0.00 ,"$65,324.73 ","$65,324.73 ",$0.00 ,$0.00 ,$0.00 ,$0.00 ,$0.00 ,$90.21 ,$0.00 ,$0.00 ,$0.00 ,$90.21 ,$90.21 ,"$23,330.26 "
"3535 West Loop 820 South  Fort Worth, TX 76116",GMC Truck,Auto - GMC Truck Plant (Floorplan-New) - East,2/10/2026,274709,2/10/2026,9/10/2027,2026 GMC Truck GMC SIER 15E,Automobile,GMC SIER 15E,1GTUUCED6TZ274709,,"$65,324.73 ",$0.00 ,"$65,324.73 ",2/10/2026,$0.00 ,$0.00 ,"$65,324.73 ","$65,324.73 ",$0.00 ,$0.00 ,$0.00 ,$0.00 ,$0.00 ,$171.40 ,$0.00 ,$0.00 ,$0.00 ,$171.40 ,$171.40 ,"$44,327.50 "
"3535 West Loop 820 South  Fort Worth, TX 76116",GMC Truck,Auto - GMC Truck Plant (Floorplan-New) - East,2/10/2026,274721,2/10/2026,9/10/2027,2026 GMC Truck GMC SIER 15E,Automobile,GMC SIER 15E,1GTPHCED5TZ274721,,"$61,568.68 ",$0.00 ,"$61,568.68 ",2/10/2026,$0.00 ,$0.00 ,"$61,568.68 ","$61,568.68 ",$0.00 ,$0.00 ,$0.00 ,$0.00 ,$0.00 ,$161.54 ,$0.00 ,$0.00 ,$0.00 ,$161.54 ,$161.54 ,"$41,778.75 "
"3535 West Loop 820 South  Fort Worth, TX 76116",GMC Truck,Auto - GMC Truck Plant (Floorplan-New) - East,2/17/2026,274761,2/17/2026,9/17/2027,2026 GMC Truck GMC SIER 15E,Automobile,GMC SIER 15E,1GTUUCED8TZ274761,,"$65,324.73 ",$0.00 ,"$65,324.73 ",2/17/2026,$0.00 ,$0.00 ,"$65,324.73 ","$65,324.73 ",$0.00 ,$0.00 ,$0.00 ,$0.00 ,$0.00 ,$108.25 ,$0.00 ,$0.00 ,$0.00 ,$108.25 ,$108.25 ,"$27,996.31 "
"3535 West Loop 820 South  Fort Worth, TX 76116",GMC Truck,Auto - GMC Truck Plant (Floorplan-New) - East,2/9/2026,274806,2/9/2026,9/9/2027,2026 GMC Truck GMC SIER 15E,Automobile,GMC SIER 15E,1GTPHCED2TZ274806,,"$61,568.68 ",$0.00 ,"$61,568.68 ",2/9/2026,$0.00 ,$0.00 ,"$61,568.68 ","$61,568.68 ",$0.00 ,$0.00 ,$0.00 ,$0.00 ,$0.00 ,$170.04 ,$0.00 ,$0.00 ,$0.00 ,$170.04 ,$170.04 ,"$43,977.63 "
"3535 West Loop 820 South  Fort Worth, TX 76116",GMC Truck,Auto - GMC Truck Plant (Floorplan-New) - East,2/10/2026,274982,2/10/2026,9/10/2027,2026 GMC Truck GMC SIER 15E,Automobile,GMC SIER 15E,1GTPHCED0TZ274982,,"$61,568.68 ",$0.00 ,"$61,568.68 ",2/10/2026,$0.00 ,$0.00 ,"$61,568.68 ","$61,568.68 ",$0.00 ,$0.00 ,$0.00 ,$0.00 ,$0.00 ,$161.54 ,$0.00 ,$0.00 ,$0.00 ,$161.54 ,$161.54 ,"$41,778.75 "
"3535 West Loop 820 South  Fort Worth, TX 76116",GMC Truck,Auto - GMC Truck Plant (Floorplan-New) - East,2/27/2026,275092,2/27/2026,9/27/2027,2026 GMC Truck GMC YUK 2ELE,Automobile,GMC YUK 2ELE,1GKS1BKD3TR275092,,"$70,820.98 ",$0.00 ,"$70,820.98 ",2/27/2026,$0.00 ,$0.00 ,"$70,820.98 ","$70,820.98 ",$0.00 ,$0.00 ,$0.00 ,$0.00 ,$0.00 ,$19.56 ,$0.00 ,$0.00 ,$0.00 ,$19.56 ,$19.56 ,"$5,058.64 "
"3535 West Loop 820 South  Fort Worth, TX 76116",GMC Truck,Auto - GMC Truck Plant (Floorplan-New) - East,2/6/2026,275373,2/6/2026,9/6/2027,2026 GMC Truck GMC SIER 15E,Automobile,GMC SIER 15E,1GTUUCED4TZ275373,G36201,"$65,324.73 ",$0.00 ,"$65,324.73 ",2/6/2026,"($65,324.73)",$0.00 ,$0.00 ,$0.00 ,$0.00 ,$0.00 ,$0.00 ,$0.00 ,$0.00 ,$108.25 ,$0.00 ,$0.00 ,$0.00 ,$108.25 ,$108.25 ,"$27,996.31 "
"3535 West Loop 820 South  Fort Worth, TX 76116",GMC Truck,Auto - GMC Truck Plant (Floorplan-New) - East,2/27/2026,275639,2/27/2026,9/27/2027,2026 GMC Truck GMC YUK 4XEL,Automobile,GMC YUK 4XEL,1GKS2GKD9TR275639,,"$84,047.10 ",$0.00 ,"$84,047.10 ",2/27/2026,$0.00 ,$0.00 ,"$84,047.10 ","$84,047.10 ",$0.00 ,$0.00 ,$0.00 ,$0.00 ,$0.00 ,$23.21 ,$0.00 ,$0.00 ,$0.00 ,$23.21 ,$23.21 ,"$6,003.36 "
"3535 West Loop 820 South  Fort Worth, TX 76116",GMC Truck,Auto - GMC Truck Plant (Floorplan-New) - East,2/27/2026,275891,2/27/2026,9/27/2027,2026 GMC Truck GMC YUK 2LEL,Automobile,GMC YUK 2LEL,1GKS1GKD4TR275891,,"$77,769.35 ",$0.00 ,"$77,769.35 ",2/27/2026,$0.00 ,$0.00 ,"$77,769.35 ","$77,769.35 ",$0.00 ,$0.00 ,$0.00 ,$0.00 ,$0.00 ,$21.48 ,$0.00 ,$0.00 ,$0.00 ,$21.48 ,$21.48 ,"$5,554.95 "
"3535 West Loop 820 South  Fort Worth, TX 76116",GMC Truck,Auto - GMC Truck Plant (Floorplan-New) - East,2/27/2026,277149,2/27/2026,9/27/2027,2026 GMC Truck GMC YUK 2ELE,Automobile,GMC YUK 2ELE,1GKS1BKD5TR277149,,"$70,820.98 ",$0.00 ,"$70,820.98 ",2/27/2026,$0.00 ,$0.00 ,"$70,820.98 ","$70,820.98 ",$0.00 ,$0.00 ,$0.00 ,$0.00 ,$0.00 ,$19.56 ,$0.00 ,$0.00 ,$0.00 ,$19.56 ,$19.56 ,"$5,058.64 "
"3535 West Loop 820 South  Fort Worth, TX 76116",GMC Truck,Auto - GMC Truck Plant (Floorplan-New) - East,2/9/2026,277206,2/9/2026,9/9/2027,2026 GMC Truck GMC SIER 15P,Automobile,GMC SIER 15P,1GTRHAEKXTZ277206,G36290,"$43,926.48 ",$0.00 ,"$43,926.48 ",2/9/2026,"($43,926.48)",$0.00 ,$0.00 ,$0.00 ,$0.00 ,$0.00 ,$0.00 ,$0.00 ,$0.00 ,$90.99 ,$0.00 ,$0.00 ,$0.00 ,$90.99 ,$90.99 ,"$23,532.04 "
"3535 West Loop 820 South  Fort Worth, TX 76116",GMC Truck,Auto - GMC Truck Plant (Floorplan-New) - East,2/9/2026,277939,2/9/2026,9/9/2027,2026 GMC Truck GMC SIER 15E,Automobile,GMC SIER 15E,1GTPHCED3TZ277939,G36311,"$61,110.80 ",$0.00 ,"$61,110.80 ",2/9/2026,"($61,110.80)",$0.00 ,$0.00 ,$0.00 ,$0.00 ,$0.00 ,$0.00 ,$0.00 ,$0.00 ,$143.46 ,$0.00 ,$0.00 ,$0.00 ,$143.46 ,$143.46 ,"$37,102.99 "
"3535 West Loop 820 South  Fort Worth, TX 76116",GMC Truck,Auto - GMC Truck Plant (Floorplan-New) - East,2/9/2026,278147,2/9/2026,9/9/2027,2026 GMC Truck GMC SIER 15E,Automobile,GMC SIER 15E,1GTPHCED8TZ278147,,"$61,110.80 ",$0.00 ,"$61,110.80 ",2/9/2026,$0.00 ,$0.00 ,"$61,110.80 ","$61,110.80 ",$0.00 ,$0.00 ,$0.00 ,$0.00 ,$0.00 ,$168.78 ,$0.00 ,$0.00 ,$0.00 ,$168.78 ,$168.78 ,"$43,650.57 "
"3535 West Loop 820 South  Fort Worth, TX 76116",GMC Truck,Auto - GMC Truck Plant (Floorplan-New) - East,2/9/2026,278162,2/9/2026,9/9/2027,2026 GMC Truck GMC SIER 15E,Automobile,GMC SIER 15E,1GTPHCED4TZ278162,,"$61,568.68 ",$0.00 ,"$61,568.68 ",2/9/2026,$0.00 ,$0.00 ,"$61,568.68 ","$61,568.68 ",$0.00 ,$0.00 ,$0.00 ,$0.00 ,$0.00 ,$170.04 ,$0.00 ,$0.00 ,$0.00 ,$170.04 ,$170.04 ,"$43,977.63 "
"3535 West Loop 820 South  Fort Worth, TX 76116",GMC Truck,Auto - GMC Truck Plant (Floorplan-New) - East,2/10/2026,278493,2/10/2026,9/10/2027,2026 GMC Truck GMC SIER 15E,Automobile,GMC SIER 15E,1GTPHCED5TZ278493,,"$61,110.80 ",$0.00 ,"$61,110.80 ",2/10/2026,$0.00 ,$0.00 ,"$61,110.80 ","$61,110.80 ",$0.00 ,$0.00 ,$0.00 ,$0.00 ,$0.00 ,$160.34 ,$0.00 ,$0.00 ,$0.00 ,$160.34 ,$160.34 ,"$41,468.04 "
"3535 West Loop 820 South  Fort Worth, TX 76116",GMC Truck,Auto - GMC Truck Plant (Floorplan-New) - East,2/9/2026,278525,2/9/2026,9/9/2027,2026 GMC Truck GMC SIER 15E,Automobile,GMC SIER 15E,1GTUUCED5TZ278525,G36319,"$65,324.73 ",$0.00 ,"$65,324.73 ",2/9/2026,"($65,324.73)",$0.00 ,$0.00 ,$0.00 ,$0.00 ,$0.00 ,$0.00 ,$0.00 ,$0.00 ,$162.37 ,$0.00 ,$0.00 ,$0.00 ,$162.37 ,$162.37 ,"$41,994.47 "
"3535 West Loop 820 South  Fort Worth, TX 76116",GMC Truck,Auto - GMC Truck Plant (Floorplan-New) - East,2/9/2026,278596,2/9/2026,9/9/2027,2026 GMC Truck GMC SIER 15E,Automobile,GMC SIER 15E,1GTUUCED6TZ278596,G36254,"$65,324.73 ",$0.00 ,"$65,324.73 ",2/9/2026,"($65,324.73)",$0.00 ,$0.00 ,$0.00 ,$0.00 ,$0.00 ,$0.00 ,$0.00 ,$0.00 ,$135.31 ,$0.00 ,$0.00 ,$0.00 ,$135.31 ,$135.31 ,"$34,995.39 "
"3535 West Loop 820 South  Fort Worth, TX 76116",GMC Truck,Auto - GMC Truck Plant (Floorplan-New) - East,2/9/2026,278613,2/9/2026,9/9/2027,2026 GMC Truck GMC SIER 15E,Automobile,GMC SIER 15E,1GTUUCED2TZ278613,,"$65,324.73 ",$0.00 ,"$65,324.73 ",2/9/2026,$0.00 ,$0.00 ,"$65,324.73 ","$65,324.73 ",$0.00 ,$0.00 ,$0.00 ,$0.00 ,$0.00 ,$180.42 ,$0.00 ,$0.00 ,$0.00 ,$180.42 ,$180.42 ,"$46,660.52 "
"3535 West Loop 820 South  Fort Worth, TX 76116",GMC Truck,Auto - GMC Truck Plant (Floorplan-New) - East,2/9/2026,278633,2/9/2026,9/9/2027,2026 GMC Truck GMC SIER 15E,Automobile,GMC SIER 15E,1GTUUCED8TZ278633,,"$64,866.85 ",$0.00 ,"$64,866.85 ",2/9/2026,$0.00 ,$0.00 ,"$64,866.85 ","$64,866.85 ",$0.00 ,$0.00 ,$0.00 ,$0.00 ,$0.00 ,$179.15 ,$0.00 ,$0.00 ,$0.00 ,$179.15 ,$179.15 ,"$46,333.46 "
"3535 West Loop 820 South  Fort Worth, TX 76116",GMC Truck,Auto - GMC Truck Plant (Floorplan-New) - East,2/9/2026,278726,2/9/2026,9/9/2027,2026 GMC Truck GMC SIER 15E,Automobile,GMC SIER 15E,1GTPHCED2TZ278726,,"$61,568.68 ",$0.00 ,"$61,568.68 ",2/9/2026,$0.00 ,$0.00 ,"$61,568.68 ","$61,568.68 ",$0.00 ,$0.00 ,$0.00 ,$0.00 ,$0.00 ,$170.04 ,$0.00 ,$0.00 ,$0.00 ,$170.04 ,$170.04 ,"$43,977.63 "
"3535 West Loop 820 South  Fort Worth, TX 76116",GMC Truck,Auto - GMC Truck Plant (Floorplan-New) - East,2/9/2026,278892,2/9/2026,9/9/2027,2026 GMC Truck GMC SIER 15E,Automobile,GMC SIER 15E,1GTPHCED8TZ278892,,"$61,568.68 ",$0.00 ,"$61,568.68 ",2/9/2026,$0.00 ,$0.00 ,"$61,568.68 ","$61,568.68 ",$0.00 ,$0.00 ,$0.00 ,$0.00 ,$0.00 ,$170.04 ,$0.00 ,$0.00 ,$0.00 ,$170.04 ,$170.04 ,"$43,977.63 "
"3535 West Loop 820 South  Fort Worth, TX 76116",GMC Truck,Auto - GMC Truck Plant (Floorplan-New) - East,2/9/2026,278936,2/9/2026,9/9/2027,2026 GMC Truck GMC SIER 15E,Automobile,GMC SIER 15E,1GTPHCED2TZ278936,,"$61,568.68 ",$0.00 ,"$61,568.68 ",2/9/2026,$0.00 ,$0.00 ,"$61,568.68 ","$61,568.68 ",$0.00 ,$0.00 ,$0.00 ,$0.00 ,$0.00 ,$170.04 ,$0.00 ,$0.00 ,$0.00 ,$170.04 ,$170.04 ,"$43,977.63 "
"3535 West Loop 820 South  Fort Worth, TX 76116",GMC Truck,Auto - GMC Truck Plant (Floorplan-New) - East,2/9/2026,278996,2/9/2026,9/9/2027,2026 GMC Truck GMC SIER 15E,Automobile,GMC SIER 15E,1GTUUCED0TZ278996,,"$65,324.73 ",$0.00 ,"$65,324.73 ",2/9/2026,$0.00 ,$0.00 ,"$65,324.73 ","$65,324.73 ",$0.00 ,$0.00 ,$0.00 ,$0.00 ,$0.00 ,$180.42 ,$0.00 ,$0.00 ,$0.00 ,$180.42 ,$180.42 ,"$46,660.52 "
"3535 West Loop 820 South  Fort Worth, TX 76116",GMC Truck,Auto - GMC Truck Plant (Floorplan-New) - East,2/13/2026,283248,2/13/2026,9/13/2027,2026 GMC Truck GMC SIER 15D,Automobile,GMC SIER 15D,1GTUUHEL2TZ283248,G36253,"$84,062.15 ",$0.00 ,"$84,062.15 ",2/13/2026,"($84,062.15)",$0.00 ,$0.00 ,$0.00 ,$0.00 ,$0.00 ,$0.00 ,$0.00 ,$0.00 ,$150.91 ,$0.00 ,$0.00 ,$0.00 ,$150.91 ,$150.91 ,"$39,028.86 "
"3535 West Loop 820 South  Fort Worth, TX 76116",GMC Truck,Auto - GMC Truck Plant (Floorplan-New) - East,2/26/2026,283589,2/26/2026,9/26/2027,2026 GMC Truck GMC SIER 15P,Automobile,GMC SIER 15P,3GTNHAEK7TG283589,,"$39,998.05 ",$0.00 ,"$39,998.05 ",2/26/2026,$0.00 ,$0.00 ,"$39,998.05 ","$39,998.05 ",$0.00 ,$0.00 ,$0.00 ,$0.00 ,$0.00 ,$16.57 ,$0.00 ,$0.00 ,$0.00 ,$16.57 ,$16.57 ,"$4,285.51 "
"3535 West Loop 820 South  Fort Worth, TX 76116",GMC Truck,Auto - GMC Truck Plant (Floorplan-New) - East,2/24/2026,283595,2/24/2026,9/24/2027,2026 GMC Truck GMC SIER 15P,Automobile,GMC SIER 15P,3GTNHAEK2TG283595,,"$39,998.05 ",$0.00 ,"$39,998.05 ",2/24/2026,$0.00 ,$0.00 ,"$39,998.05 ","$39,998.05 ",$0.00 ,$0.00 ,$0.00 ,$0.00 ,$0.00 ,$27.62 ,$0.00 ,$0.00 ,$0.00 ,$27.62 ,$27.62 ,"$7,142.51 "
"3535 West Loop 820 South  Fort Worth, TX 76116",GMC Truck,Auto - GMC Truck Plant (Floorplan-New) - East,2/25/2026,284434,2/25/2026,9/25/2027,2026 GMC Truck GMC SIER 15P,Automobile,GMC SIER 15P,3GTNHAEK5TG284434,,"$39,998.05 ",$0.00 ,"$39,998.05 ",2/25/2026,$0.00 ,$0.00 ,"$39,998.05 ","$39,998.05 ",$0.00 ,$0.00 ,$0.00 ,$0.00 ,$0.00 ,$22.09 ,$0.00 ,$0.00 ,$0.00 ,$22.09 ,$22.09 ,"$5,714.01 "
"3535 West Loop 820 South  Fort Worth, TX 76116",GMC Truck,Auto - GMC Truck Plant (Floorplan-New) - East,2/24/2026,284445,2/24/2026,9/24/2027,2026 GMC Truck GMC SIER 15P,Automobile,GMC SIER 15P,3GTNHAEKXTG284445,,"$39,540.18 ",$0.00 ,"$39,540.18 ",2/24/2026,$0.00 ,$0.00 ,"$39,540.18 ","$39,540.18 ",$0.00 ,$0.00 ,$0.00 ,$0.00 ,$0.00 ,$27.30 ,$0.00 ,$0.00 ,$0.00 ,$27.30 ,$27.30 ,"$7,060.75 "
"3535 West Loop 820 South  Fort Worth, TX 76116",GMC Truck,Auto - GMC Truck Plant (Floorplan-New) - East,2/20/2026,284450,2/20/2026,9/20/2027,2026 GMC Truck GMC SIER 15E,Automobile,GMC SIER 15E,1GTUUCE84TZ284450,,"$65,565.23 ",$0.00 ,"$65,565.23 ",2/20/2026,$0.00 ,$0.00 ,"$65,565.23 ","$65,565.23 ",$0.00 ,$0.00 ,$0.00 ,$0.00 ,$0.00 ,$81.49 ,$0.00 ,$0.00 ,$0.00 ,$81.49 ,$81.49 ,"$21,074.54 "
"3535 West Loop 820 South  Fort Worth, TX 76116",GMC Truck,Auto - GMC Truck Plant (Floorplan-New) - East,5/23/2025,287373,5/23/2025,12/23/2026,2025 GMC Truck GMC SIER 15E,Automobile,GMC SIER 15E,1GTRHCED8SZ287373,,"$54,820.05 ","$54,820.05 ",$0.00 ,,$0.00 ,$0.00 ,$0.00 ,"$54,820.05 ",$0.00 ,$0.00 ,$0.00 ,$0.00 ,$0.00 ,$212.01 ,$0.00 ,$0.00 ,$0.00 ,$212.01 ,"$2,312.47 ","$54,820.05 "
"3535 West Loop 820 South  Fort Worth, TX 76116",GMC Truck,Auto - GMC Truck Plant (Floorplan-New) - East,10/27/2025,310355,10/27/2025,5/27/2027,2025 GMC Truck GMC TERRN AT,Automobile,GMC TERRN AT,3GKALYEG2TL310355,,"$42,202.90 ","$42,202.90 ",$0.00 ,,$0.00 ,$0.00 ,$0.00 ,"$42,202.90 ",$0.00 ,$0.00 ,$0.00 ,$0.00 ,$0.00 ,$163.21 ,$0.00 ,$0.00 ,$0.00 ,$163.21 ,$751.11 ,"$42,202.90 "
"3535 West Loop 820 South  Fort Worth, TX 76116",GMC Truck,Auto - GMC Truck Plant (Floorplan-New) - East,11/14/2025,332846,11/14/2025,6/14/2027,2025 GMC Truck GMC TERRN AT,Automobile,GMC TERRN AT,3GKALYEGXTL332846,,"$41,417.05 ","$41,417.05 ",$0.00 ,,$0.00 ,$0.00 ,$0.00 ,"$41,417.05 ",$0.00 ,$0.00 ,$0.00 ,$0.00 ,$0.00 ,$160.17 ,$0.00 ,$0.00 ,$0.00 ,$160.17 ,$626.49 ,"$41,417.05 "
"3535 West Loop 820 South  Fort Worth, TX 76116",GMC Truck,Auto - GMC Truck Plant (Floorplan-New) - East,11/10/2025,333438,11/10/2025,6/10/2027,2025 GMC Truck GMC TERRN AT,Automobile,GMC TERRN AT,3GKALYEG0TL333438,,"$41,417.05 ","$41,417.05 ",$0.00 ,,$0.00 ,$0.00 ,$0.00 ,"$41,417.05 ",$0.00 ,$0.00 ,$0.00 ,$0.00 ,$0.00 ,$160.17 ,$0.00 ,$0.00 ,$0.00 ,$160.17 ,$650.81 ,"$41,417.05 "
"3535 West Loop 820 South  Fort Worth, TX 76116",GMC Truck,Auto - GMC Truck Plant (Floorplan-New) - East,1/2/2026,383825,1/2/2026,8/2/2027,2025 GMC Truck GMC TERRN EL,Automobile,GMC TERRN EL,3GKALUEG3TL383825,G36119,"$38,043.80 ","$38,043.80 ",$0.00 ,,"($38,043.80)",$0.00 ,"($38,043.80)",$0.00 ,$0.00 ,$0.00 ,$0.00 ,$0.00 ,$0.00 ,$10.53 ,$0.00 ,$0.00 ,$0.00 ,$10.53 ,$169.03 ,"$2,717.41 "
"3535 West Loop 820 South  Fort Worth, TX 76116",GMC Truck,Auto - GMC Truck Plant (Floorplan-New) - East,1/2/2026,385202,1/2/2026,8/2/2027,2025 GMC Truck GMC TERRN EL,Automobile,GMC TERRN EL,3GKALUEGXTL385202,G36120,"$38,043.80 ","$38,043.80 ",$0.00 ,,"($38,043.80)",$0.00 ,"($38,043.80)",$0.00 ,$0.00 ,$0.00 ,$0.00 ,$0.00 ,$0.00 ,$10.53 ,$0.00 ,$0.00 ,$0.00 ,$10.53 ,$169.03 ,"$2,717.41 "
"3535 West Loop 820 South  Fort Worth, TX 76116",GMC Truck,Auto - GMC Truck Plant (Floorplan-New) - East,11/29/2024,401510,11/29/2024,6/29/2026,2024 GMC Truck GMC SIER EV,Automobile,GMC SIER EV,1GT401ELXRU401510,G33852,"$99,495.00 ","$79,596.00 ",$0.00 ,,"($9,949.50)",$0.00 ,"($9,949.50)","$69,646.50 ","$9,949.50 ",$0.00 ,$0.00 ,$0.00 ,"$9,949.50 ",$283.09 ,$0.00 ,$0.00 ,$0.00 ,$283.09 ,"$6,738.37 ","$73,199.89 "
"3535 West Loop 820 South  Fort Worth, TX 76116",GMC Truck,Auto - GMC Truck Plant (Floorplan-New) - East,12/4/2024,401518,12/4/2024,7/4/2026,2024 GMC Truck GMC SIER EV,Automobile,GMC SIER EV,1GT401EL4RU401518,,"$99,495.00 ","$89,545.50 ",$0.00 ,,"($9,949.50)",$0.00 ,"($9,949.50)","$79,596.00 ","$9,949.50 ",$0.00 ,$0.00 ,$0.00 ,"$9,949.50 ",$321.58 ,$0.00 ,$0.00 ,$0.00 ,$321.58 ,"$6,768.12 ","$83,149.39 "
"3535 West Loop 820 South  Fort Worth, TX 76116",GMC Truck,Auto - GMC Truck Plant (Floorplan-New) - East,9/30/2024,401520,9/30/2024,4/30/2026,2024 GMC Truck GMC SIER EV,Automobile,GMC SIER EV,1GT401EL2RU401520,G33219,"$99,495.00 ","$59,697.00 ",$0.00 ,,"($9,949.50)",$0.00 ,"($9,949.50)","$49,747.50 ","$9,949.50 ",$0.00 ,$0.00 ,$0.00 ,"$9,949.50 ",$206.13 ,$0.00 ,$0.00 ,$0.00 ,$206.13 ,"$7,387.42 ","$53,300.89 "
"3535 West Loop 820 South  Fort Worth, TX 76116",GMC Truck,Auto - GMC Truck Plant (Floorplan-New) - East,2/3/2025,401521,2/3/2025,9/3/2026,2024 GMC Truck GMC SIER EV,Automobile,GMC SIER EV,1GT401EL4RU401521,G33968,"$99,495.00 ","$99,495.00 ",$0.00 ,,$0.00 ,$0.00 ,$0.00 ,"$99,495.00 ","$9,949.50 ",$0.00 ,$0.00 ,$0.00 ,"$9,949.50 ",$384.78 ,$0.00 ,$0.00 ,$0.00 ,$384.78 ,"$5,889.94 ","$99,495.00 "
"3535 West Loop 820 South  Fort Worth, TX 76116",GMC Truck,Auto - GMC Truck Plant (Floorplan-New) - East,1/29/2025,401522,1/29/2025,8/29/2026,2024 GMC Truck GMC SIER EV,Automobile,GMC SIER EV,1GT401EL6RU401522,G33969,"$99,495.00 ","$99,495.00 ",$0.00 ,,"($9,949.50)",$0.00 ,"($9,949.50)","$89,545.50 ","$9,949.50 ",$0.00 ,$0.00 ,$0.00 ,"$9,949.50 ",$360.05 ,$0.00 ,$0.00 ,$0.00 ,$360.05 ,"$5,943.11 ","$93,098.89 "
"3535 West Loop 820 South  Fort Worth, TX 76116",GMC Truck,Auto - GMC Truck Plant (Floorplan-New) - East,2/2/2026,403322,2/2/2026,9/2/2027,2025 GMC Truck GMC TERRN DE,Automobile,GMC TERRN DE,3GKALZEG6TL403322,,"$43,053.98 ",$0.00 ,"$43,053.98 ",2/2/2026,$0.00 ,$0.00 ,"$43,053.98 ","$43,053.98 ",$0.00 ,$0.00 ,$0.00 ,$0.00 ,$0.00 ,$160.53 ,$0.00 ,$0.00 ,$0.00 ,$160.53 ,$160.53 ,"$41,516.34 "
"3535 West Loop 820 South  Fort Worth, TX 76116",GMC Truck,Auto - GMC Truck Plant (Floorplan-New) - East,8/25/2025,405206,8/25/2025,3/25/2027,2026 GMC Truck GMC SIER EV,Automobile,GMC SIER EV,1GT1ESEH9TU405206,,"$63,543.42 ","$63,543.42 ",$0.00 ,,$0.00 ,$0.00 ,$0.00 ,"$63,543.42 ",$0.00 ,$0.00 ,$0.00 ,$0.00 ,$0.00 ,$245.74 ,$0.00 ,$0.00 ,$0.00 ,$245.74 ,"$1,745.80 ","$63,543.42 "
"3535 West Loop 820 South  Fort Worth, TX 76116",GMC Truck,Auto - GMC Truck Plant (Floorplan-New) - East,9/3/2025,405211,9/3/2025,4/3/2027,2026 GMC Truck GMC SIER EV,Automobile,GMC SIER EV,1GT1ESEH2TU405211,,"$63,543.42 ","$63,543.42 ",$0.00 ,,$0.00 ,$0.00 ,$0.00 ,"$63,543.42 ",$0.00 ,$0.00 ,$0.00 ,$0.00 ,$0.00 ,$245.74 ,$0.00 ,$0.00 ,$0.00 ,$245.74 ,"$1,656.12 ","$63,543.42 "
"3535 West Loop 820 South  Fort Worth, TX 76116",GMC Truck,Auto - GMC Truck Plant (Floorplan-New) - East,8/25/2025,405212,8/25/2025,3/25/2027,2026 GMC Truck GMC SIER EV,Automobile,GMC SIER EV,1GT1ESEH4TU405212,,"$63,059.80 ","$63,059.80 ",$0.00 ,,$0.00 ,$0.00 ,$0.00 ,"$63,059.80 ",$0.00 ,$0.00 ,$0.00 ,$0.00 ,$0.00 ,$243.88 ,$0.00 ,$0.00 ,$0.00 ,$243.88 ,"$1,732.52 ","$63,059.80 "
"3535 West Loop 820 South  Fort Worth, TX 76116",GMC Truck,Auto - GMC Truck Plant (Floorplan-New) - East,11/28/2025,407219,11/28/2025,6/28/2027,2026 GMC Truck GMC SIER EV,Automobile,GMC SIER EV,1GT1ETED2TU407219,,"$72,617.86 ","$72,617.86 ",$0.00 ,,$0.00 ,$0.00 ,$0.00 ,"$72,617.86 ",$0.00 ,$0.00 ,$0.00 ,$0.00 ,$0.00 ,$280.83 ,$0.00 ,$0.00 ,$0.00 ,$280.83 ,$949.24 ,"$72,617.86 "
"3535 West Loop 820 South  Fort Worth, TX 76116",GMC Truck,Auto - GMC Truck Plant (Floorplan-New) - East,10/7/2025,408955,10/7/2025,5/7/2027,2026 GMC Truck GMC SIER EV,Automobile,GMC SIER EV,1GT1ETED6TU408955,,"$77,172.57 ","$77,172.57 ",$0.00 ,,$0.00 ,$0.00 ,$0.00 ,"$77,172.57 ",$0.00 ,$0.00 ,$0.00 ,$0.00 ,$0.00 ,$298.46 ,$0.00 ,$0.00 ,$0.00 ,$298.46 ,"$1,606.52 ","$77,172.57 "
"3535 West Loop 820 South  Fort Worth, TX 76116",GMC Truck,Auto - GMC Truck Plant (Floorplan-New) - East,10/7/2025,408956,10/7/2025,5/7/2027,2026 GMC Truck GMC SIER EV,Automobile,GMC SIER EV,1GT1ETED8TU408956,G35600,"$77,172.57 ","$77,172.57 ",$0.00 ,,"($77,172.57)",$0.00 ,"($77,172.57)",$0.00 ,$0.00 ,$0.00 ,$0.00 ,$0.00 ,$0.00 ,$117.29 ,$0.00 ,$0.00 ,$0.00 ,$117.29 ,"$1,425.35 ","$30,317.80 "
"3535 West Loop 820 South  Fort Worth, TX 76116",GMC Truck,Auto - GMC Truck Plant (Floorplan-New) - East,10/7/2025,408957,10/7/2025,5/7/2027,2026 GMC Truck GMC SIER EV,Automobile,GMC SIER EV,1GT1ETEDXTU408957,G35589,"$76,688.95 ","$76,688.95 ",$0.00 ,,"($76,688.95)",$0.00 ,"($76,688.95)",$0.00 ,$0.00 ,$0.00 ,$0.00 ,$0.00 ,$0.00 ,$116.55 ,$0.00 ,$0.00 ,$0.00 ,$116.55 ,"$1,416.40 ","$30,127.80 "
"3535 West Loop 820 South  Fort Worth, TX 76116",GMC Truck,Auto - GMC Truck Plant (Floorplan-New) - East,10/7/2025,408958,10/7/2025,5/7/2027,2026 GMC Truck GMC SIER EV,Automobile,GMC SIER EV,1GT1ETED1TU408958,,"$77,172.57 ","$77,172.57 ",$0.00 ,,$0.00 ,$0.00 ,$0.00 ,"$77,172.57 ",$0.00 ,$0.00 ,$0.00 ,$0.00 ,$0.00 ,$298.46 ,$0.00 ,$0.00 ,$0.00 ,$298.46 ,"$1,606.52 ","$77,172.57 "
"3535 West Loop 820 South  Fort Worth, TX 76116",GMC Truck,Auto - GMC Truck Plant (Floorplan-New) - East,10/7/2025,408959,10/7/2025,5/7/2027,2026 GMC Truck GMC SIER EV,Automobile,GMC SIER EV,1GT1ETED3TU408959,,"$77,172.57 ","$77,172.57 ",$0.00 ,,$0.00 ,$0.00 ,$0.00 ,"$77,172.57 ",$0.00 ,$0.00 ,$0.00 ,$0.00 ,$0.00 ,$298.46 ,$0.00 ,$0.00 ,$0.00 ,$298.46 ,"$1,606.52 ","$77,172.57 "
"3535 West Loop 820 South  Fort Worth, TX 76116",GMC Truck,Auto - GMC Truck Plant (Floorplan-New) - East,11/28/2025,409457,11/28/2025,6/28/2027,2026 GMC Truck GMC SIER EV,Automobile,GMC SIER EV,1GT4EUED2TU409457,G35987,"$66,757.53 ","$66,757.53 ",$0.00 ,,"($66,757.53)",$0.00 ,"($66,757.53)",$0.00 ,$0.00 ,$0.00 ,$0.00 ,$0.00 ,$0.00 ,$230.52 ,$0.00 ,$0.00 ,$0.00 ,$230.52 ,$845.00 ,"$59,604.94 "
"3535 West Loop 820 South  Fort Worth, TX 76116",GMC Truck,Auto - GMC Truck Plant (Floorplan-New) - East,11/28/2025,409825,11/28/2025,6/28/2027,2026 GMC Truck GMC SIER EV,Automobile,GMC SIER EV,1GT1ETED9TU409825,,"$65,951.94 ","$65,951.94 ",$0.00 ,,$0.00 ,$0.00 ,$0.00 ,"$65,951.94 ",$0.00 ,$0.00 ,$0.00 ,$0.00 ,$0.00 ,$255.06 ,$0.00 ,$0.00 ,$0.00 ,$255.06 ,$862.12 ,"$65,951.94 "
"3535 West Loop 820 South  Fort Worth, TX 76116",GMC Truck,Auto - GMC Truck Plant (Floorplan-New) - East,10/21/2025,410102,10/21/2025,5/21/2027,2026 GMC Truck GMC SIER EV,Automobile,GMC SIER EV,1GT1ETED7TU410102,,"$79,805.59 ","$79,805.59 ",$0.00 ,,$0.00 ,$0.00 ,$0.00 ,"$79,805.59 ",$0.00 ,$0.00 ,$0.00 ,$0.00 ,$0.00 ,$308.63 ,$0.00 ,$0.00 ,$0.00 ,$308.63 ,"$1,492.66 ","$79,805.59 "
"3535 West Loop 820 South  Fort Worth, TX 76116",GMC Truck,Auto - GMC Truck Plant (Floorplan-New) - East,10/27/2025,410111,10/27/2025,5/27/2027,2026 GMC Truck GMC SIER EV,Automobile,GMC SIER EV,1GT1ETED8TU410111,,"$79,321.97 ","$79,321.97 ",$0.00 ,,$0.00 ,$0.00 ,$0.00 ,"$79,321.97 ",$0.00 ,$0.00 ,$0.00 ,$0.00 ,$0.00 ,$306.77 ,$0.00 ,$0.00 ,$0.00 ,$306.77 ,"$1,411.79 ","$79,321.97 "
"3535 West Loop 820 South  Fort Worth, TX 76116",GMC Truck,Auto - GMC Truck Plant (Floorplan-New) - East,10/20/2025,410112,10/20/2025,5/20/2027,2026 GMC Truck GMC SIER EV,Automobile,GMC SIER EV,1GT1ETEDXTU410112,,"$79,805.59 ","$79,805.59 ",$0.00 ,,$0.00 ,$0.00 ,$0.00 ,"$79,805.59 ",$0.00 ,$0.00 ,$0.00 ,$0.00 ,$0.00 ,$308.63 ,$0.00 ,$0.00 ,$0.00 ,$308.63 ,"$1,504.70 ","$79,805.59 "
"3535 West Loop 820 South  Fort Worth, TX 76116",GMC Truck,Auto - GMC Truck Plant (Floorplan-New) - East,10/21/2025,410113,10/21/2025,5/21/2027,2026 GMC Truck GMC SIER EV,Automobile,GMC SIER EV,1GT1ETED1TU410113,,"$79,805.59 ","$79,805.59 ",$0.00 ,,$0.00 ,$0.00 ,$0.00 ,"$79,805.59 ",$0.00 ,$0.00 ,$0.00 ,$0.00 ,$0.00 ,$308.63 ,$0.00 ,$0.00 ,$0.00 ,$308.63 ,"$1,492.66 ","$79,805.59 "
"3535 West Loop 820 South  Fort Worth, TX 76116",GMC Truck,Auto - GMC Truck Plant (Floorplan-New) - East,10/20/2025,410114,10/20/2025,5/20/2027,2026 GMC Truck GMC SIER EV,Automobile,GMC SIER EV,1GT1ETED3TU410114,,"$79,805.59 ","$79,805.59 ",$0.00 ,,$0.00 ,$0.00 ,$0.00 ,"$79,805.59 ",$0.00 ,$0.00 ,$0.00 ,$0.00 ,$0.00 ,$308.63 ,$0.00 ,$0.00 ,$0.00 ,$308.63 ,"$1,504.70 ","$79,805.59 "
"3535 West Loop 820 South  Fort Worth, TX 76116",GMC Truck,Auto - GMC Truck Plant (Floorplan-New) - East,10/21/2025,410115,10/21/2025,5/21/2027,2026 GMC Truck GMC SIER EV,Automobile,GMC SIER EV,1GT1ETED5TU410115,,"$79,321.97 ","$79,321.97 ",$0.00 ,,$0.00 ,$0.00 ,$0.00 ,"$79,321.97 ",$0.00 ,$0.00 ,$0.00 ,$0.00 ,$0.00 ,$306.77 ,$0.00 ,$0.00 ,$0.00 ,$306.77 ,"$1,483.63 ","$79,321.97 "
"3535 West Loop 820 South  Fort Worth, TX 76116",GMC Truck,Auto - GMC Truck Plant (Floorplan-New) - East,10/22/2025,410116,10/22/2025,5/22/2027,2026 GMC Truck GMC SIER EV,Automobile,GMC SIER EV,1GT1ETED7TU410116,,"$79,321.97 ","$79,321.97 ",$0.00 ,,$0.00 ,$0.00 ,$0.00 ,"$79,321.97 ",$0.00 ,$0.00 ,$0.00 ,$0.00 ,$0.00 ,$306.77 ,$0.00 ,$0.00 ,$0.00 ,$306.77 ,"$1,471.66 ","$79,321.97 "
"3535 West Loop 820 South  Fort Worth, TX 76116",GMC Truck,Auto - GMC Truck Plant (Floorplan-New) - East,10/27/2025,410122,10/27/2025,5/27/2027,2026 GMC Truck GMC SIER EV,Automobile,GMC SIER EV,1GT1ETED2TU410122,,"$79,805.59 ","$79,805.59 ",$0.00 ,,$0.00 ,$0.00 ,$0.00 ,"$79,805.59 ",$0.00 ,$0.00 ,$0.00 ,$0.00 ,$0.00 ,$308.63 ,$0.00 ,$0.00 ,$0.00 ,$308.63 ,"$1,420.37 ","$79,805.59 "
"3535 West Loop 820 South  Fort Worth, TX 76116",GMC Truck,Auto - GMC Truck Plant (Floorplan-New) - East,10/21/2025,410123,10/21/2025,5/21/2027,2026 GMC Truck GMC SIER EV,Automobile,GMC SIER EV,1GT1ETED4TU410123,,"$79,805.59 ","$79,805.59 ",$0.00 ,,$0.00 ,$0.00 ,$0.00 ,"$79,805.59 ",$0.00 ,$0.00 ,$0.00 ,$0.00 ,$0.00 ,$308.63 ,$0.00 ,$0.00 ,$0.00 ,$308.63 ,"$1,492.66 ","$79,805.59 "
"3535 West Loop 820 South  Fort Worth, TX 76116",GMC Truck,Auto - GMC Truck Plant (Floorplan-New) - East,10/22/2025,410125,10/22/2025,5/22/2027,2026 GMC Truck GMC SIER EV,Automobile,GMC SIER EV,1GT1ETED8TU410125,,"$79,805.59 ","$79,805.59 ",$0.00 ,,$0.00 ,$0.00 ,$0.00 ,"$79,805.59 ",$0.00 ,$0.00 ,$0.00 ,$0.00 ,$0.00 ,$308.63 ,$0.00 ,$0.00 ,$0.00 ,$308.63 ,"$1,480.61 ","$79,805.59 "
"3535 West Loop 820 South  Fort Worth, TX 76116",GMC Truck,Auto - GMC Truck Plant (Floorplan-New) - East,11/28/2025,603103,11/28/2025,6/28/2027,2026 GMC Truck GMC HUM EV S,Automobile,GMC HUM EV S,1GKTESDCXTU603103,G35985,"$109,148.26 ","$109,148.26 ",$0.00 ,,"($109,148.26)",$0.00 ,"($109,148.26)",$0.00 ,$0.00 ,$0.00 ,$0.00 ,$0.00 ,$0.00 ,$30.23 ,$0.00 ,$0.00 ,$0.00 ,$30.23 ,"$1,034.89 ","$7,796.30 "
"3535 West Loop 820 South  Fort Worth, TX 76116",Straight Line,Auto - Straight Line Plant - E,1/23/2013,Straight Line,1/23/2013,4/23/2096,2013 Straight Line STRAIGHT LINE,Automobile,STRAIGHT LINE,STRAIGHT LINE,,"$2,000,000.00 ","$2,000,000.00 ",$0.00 ,,$0.00 ,$0.00 ,$0.00 ,"$2,000,000.00 ",$0.00 ,$0.00 ,$0.00 ,$0.00 ,$0.00 ,"$8,201.37 ",$0.00 ,$0.00 ,$0.00 ,"$8,201.37 ","$497,314.93 ","$2,000,000.00 "
Total: ,,,,,,,,,,,,"$49,368,245.43 ","$36,149,407.74 ","$13,051,107.50 ",,"($12,661,179.70)","($40,394.00)","$349,533.80 ","$36,498,941.54 ","$91,056.60 ",$0.00 ,$0.00 ,$0.00 ,"$91,056.60 ","$136,997.38 ",($11.22),$0.00 ,$0.00 ,"$136,997.38 ","$1,094,445.33 ","$35,303,291.53 "
