Dealer Billing Statement for: April 2026,,,,,,,,,,,,,,,,,,,,,,,,,,,,,,,
"Hiley Cars Fort Worth, LP",,,,,,,,,,,,,,,,,,,,,,,,,,,,,,,
Location,Manufacturer Name,Plant Name,Invoice Date,Invoice Number,Interest Start Date,Maturity Date,Description,Type,Model Number,Serial No/VIN,Stock/Lease No,Original Amount,Beginning Balance,Advances,Last Advance Date,Principal Payments,Principal Adjustments,Monthly Activity,Ending Balance,Current Curtailments,Past Due Curtailments,Current Maturities,Past Due Maturities,Total Principal Due,Interest Amount,Prior Period Interest Billed Current Month,Flat Charges Amount,Item Fee Amount,Total Interest / Charges / Fees Due,Inception to Date Interest,Average Daily Billing Balance
"3535 West Loop 820 South  Fort Worth, TX 76116",Buick,Auto - Buick Plant - New - E,3/10/2026,22170,3/10/2026,10/10/2027,2026 Buick BUCK ENVSN S,Automobile,BUCK ENVSN S,LRBFZPR49TD022170,,"$45,415.25 ","$45,415.25 ",$0.00 ,,$0.00 ,$0.00 ,$0.00 ,"$45,415.25 ",$0.00 ,$0.00 ,$0.00 ,$0.00 ,$0.00 ,$187.90 ,$0.00 ,$0.00 ,$0.00 ,$187.90 ,$325.77 ,"$45,415.25 "
"3535 West Loop 820 South  Fort Worth, TX 76116",Buick,Auto - Buick Plant - New - E,3/10/2026,22210,3/10/2026,10/10/2027,2026 Buick BUCK ENVSN S,Automobile,BUCK ENVSN S,LRBFZPR46TD022210,,"$45,873.13 ","$45,873.13 ",$0.00 ,,$0.00 ,$0.00 ,$0.00 ,"$45,873.13 ",$0.00 ,$0.00 ,$0.00 ,$0.00 ,$0.00 ,$189.79 ,$0.00 ,$0.00 ,$0.00 ,$189.79 ,$329.05 ,"$45,873.13 "
"3535 West Loop 820 South  Fort Worth, TX 76116",Buick,Auto - Buick Plant - New - E,3/10/2026,22234,3/10/2026,10/10/2027,2026 Buick BUCK ENVSN S,Automobile,BUCK ENVSN S,LRBFZPR49TD022234,,"$45,873.13 ","$45,873.13 ",$0.00 ,,$0.00 ,$0.00 ,$0.00 ,"$45,873.13 ",$0.00 ,$0.00 ,$0.00 ,$0.00 ,$0.00 ,$189.79 ,$0.00 ,$0.00 ,$0.00 ,$189.79 ,$329.05 ,"$45,873.13 "
"3535 West Loop 820 South  Fort Worth, TX 76116",Buick,Auto - Buick Plant - New - E,3/10/2026,22286,3/10/2026,10/10/2027,2026 Buick BUCK ENVSN S,Automobile,BUCK ENVSN S,LRBFZPR46TD022286,,"$45,415.25 ","$45,415.25 ",$0.00 ,,$0.00 ,$0.00 ,$0.00 ,"$45,415.25 ",$0.00 ,$0.00 ,$0.00 ,$0.00 ,$0.00 ,$187.90 ,$0.00 ,$0.00 ,$0.00 ,$187.90 ,$325.77 ,"$45,415.25 "
"3535 West Loop 820 South  Fort Worth, TX 76116",Buick,Auto - Buick Plant - New - E,3/3/2026,24440,3/3/2026,10/3/2027,2026 Buick BUCK ENVSN S,Automobile,BUCK ENVSN S,LRBFZPR40TD024440,,"$45,873.13 ","$45,873.13 ",$0.00 ,,$0.00 ,$0.00 ,$0.00 ,"$45,873.13 ",$0.00 ,$0.00 ,$0.00 ,$0.00 ,$0.00 ,$189.79 ,$0.00 ,$0.00 ,$0.00 ,$189.79 ,$373.36 ,"$45,873.13 "
"3535 West Loop 820 South  Fort Worth, TX 76116",Buick,Auto - Buick Plant - New - E,2/26/2026,24474,2/26/2026,9/26/2027,2026 Buick BUCK ENVSN S,Automobile,BUCK ENVSN S,LRBFZPR46TD024474,,"$45,415.25 ","$45,415.25 ",$0.00 ,,$0.00 ,$0.00 ,$0.00 ,"$45,415.25 ",$0.00 ,$0.00 ,$0.00 ,$0.00 ,$0.00 ,$187.90 ,$0.00 ,$0.00 ,$0.00 ,$187.90 ,$400.99 ,"$45,415.25 "
"3535 West Loop 820 South  Fort Worth, TX 76116",Buick,Auto - Buick Plant - New - E,3/5/2026,24699,3/5/2026,10/5/2027,2026 Buick BUCK ENVSN A,Automobile,BUCK ENVSN A,LRBFZSR44TD024699,,"$51,698.30 ","$51,698.30 ",$0.00 ,,$0.00 ,$0.00 ,$0.00 ,"$51,698.30 ",$0.00 ,$0.00 ,$0.00 ,$0.00 ,$0.00 ,$213.89 ,$0.00 ,$0.00 ,$0.00 ,$213.89 ,$406.51 ,"$51,698.30 "
"3535 West Loop 820 South  Fort Worth, TX 76116",Buick,Auto - Buick Plant - New - E,3/9/2026,24863,3/9/2026,10/9/2027,2026 Buick BUCK ENVSN A,Automobile,BUCK ENVSN A,LRBFZSR42TD024863,,"$51,143.30 ","$51,143.30 ",$0.00 ,,$0.00 ,$0.00 ,$0.00 ,"$51,143.30 ",$0.00 ,$0.00 ,$0.00 ,$0.00 ,$0.00 ,$211.60 ,$0.00 ,$0.00 ,$0.00 ,$211.60 ,$373.92 ,"$51,143.30 "
"3535 West Loop 820 South  Fort Worth, TX 76116",Buick,Auto - Buick Plant - New - E,4/7/2025,25577,4/7/2025,11/7/2026,2025 Buick ENVISION,Automobile,ENVISION,LRBFZLE43SD025577,B34178,"$41,198.96 ","$41,198.96 ",$0.00 ,,$0.00 ,$0.00 ,$0.00 ,"$41,198.96 ","$4,119.90 ",$0.00 ,$0.00 ,$0.00 ,"$4,119.90 ",$170.45 ,$0.00 ,$0.00 ,$0.00 ,$170.45 ,"$2,380.67 ","$41,198.96 "
"3535 West Loop 820 South  Fort Worth, TX 76116",Buick,Auto - Buick Plant - New - E,3/30/2026,33619,3/30/2026,10/30/2027,2026 Buick BUCK ENVSN S,Automobile,BUCK ENVSN S,LRBFZPR47TD033619,,"$45,873.13 ","$45,873.13 ",$0.00 ,,$0.00 ,$0.00 ,$0.00 ,"$45,873.13 ",$0.00 ,$0.00 ,$0.00 ,$0.00 ,$0.00 ,$189.79 ,$0.00 ,$0.00 ,$0.00 ,$189.79 ,$202.45 ,"$45,873.13 "
"3535 West Loop 820 South  Fort Worth, TX 76116",Buick,Auto - Buick Plant - New - E,3/26/2026,33636,3/26/2026,10/26/2027,2026 Buick BUCK ENVSN S,Automobile,BUCK ENVSN S,LRBFZPR47TD033636,,"$45,873.13 ","$45,873.13 ",$0.00 ,,$0.00 ,$0.00 ,$0.00 ,"$45,873.13 ",$0.00 ,$0.00 ,$0.00 ,$0.00 ,$0.00 ,$189.79 ,$0.00 ,$0.00 ,$0.00 ,$189.79 ,$227.77 ,"$45,873.13 "
"3535 West Loop 820 South  Fort Worth, TX 76116",Buick,Auto - Buick Plant - New - E,3/26/2026,33811,3/26/2026,10/26/2027,2026 Buick BUCK ENVSN S,Automobile,BUCK ENVSN S,LRBFZPR4XTD033811,,"$45,873.13 ","$45,873.13 ",$0.00 ,,$0.00 ,$0.00 ,$0.00 ,"$45,873.13 ",$0.00 ,$0.00 ,$0.00 ,$0.00 ,$0.00 ,$189.79 ,$0.00 ,$0.00 ,$0.00 ,$189.79 ,$227.77 ,"$45,873.13 "
"3535 West Loop 820 South  Fort Worth, TX 76116",Buick,Auto - Buick Plant - New - E,3/26/2026,33926,3/26/2026,10/26/2027,2026 Buick BUCK ENVSN S,Automobile,BUCK ENVSN S,LRBFZPR45TD033926,,"$45,873.13 ","$45,873.13 ",$0.00 ,,$0.00 ,$0.00 ,$0.00 ,"$45,873.13 ",$0.00 ,$0.00 ,$0.00 ,$0.00 ,$0.00 ,$189.79 ,$0.00 ,$0.00 ,$0.00 ,$189.79 ,$227.77 ,"$45,873.13 "
"3535 West Loop 820 South  Fort Worth, TX 76116",Buick,Auto - Buick Plant - New - E,3/30/2026,34149,3/30/2026,10/30/2027,2026 Buick BUCK ENVSN S,Automobile,BUCK ENVSN S,LRBFZPR41TD034149,,"$45,873.13 ","$45,873.13 ",$0.00 ,,$0.00 ,$0.00 ,$0.00 ,"$45,873.13 ",$0.00 ,$0.00 ,$0.00 ,$0.00 ,$0.00 ,$189.79 ,$0.00 ,$0.00 ,$0.00 ,$189.79 ,$202.45 ,"$45,873.13 "
"3535 West Loop 820 South  Fort Worth, TX 76116",Buick,Auto - Buick Plant - New - E,3/26/2026,34199,3/26/2026,10/26/2027,2026 Buick BUCK ENVSN S,Automobile,BUCK ENVSN S,LRBFZPR45TD034199,,"$46,428.13 ","$46,428.13 ",$0.00 ,,$0.00 ,$0.00 ,$0.00 ,"$46,428.13 ",$0.00 ,$0.00 ,$0.00 ,$0.00 ,$0.00 ,$192.09 ,$0.00 ,$0.00 ,$0.00 ,$192.09 ,$230.53 ,"$46,428.13 "
"3535 West Loop 820 South  Fort Worth, TX 76116",Buick,Auto - Buick Plant - New - E,3/30/2026,34329,3/30/2026,10/30/2027,2026 Buick BUCK ENVSN S,Automobile,BUCK ENVSN S,LRBFZPR43TD034329,,"$46,428.13 ","$46,428.13 ",$0.00 ,,$0.00 ,$0.00 ,$0.00 ,"$46,428.13 ",$0.00 ,$0.00 ,$0.00 ,$0.00 ,$0.00 ,$192.09 ,$0.00 ,$0.00 ,$0.00 ,$192.09 ,$204.90 ,"$46,428.13 "
"3535 West Loop 820 South  Fort Worth, TX 76116",Buick,Auto - Buick Plant - New - E,3/26/2026,34434,3/26/2026,10/26/2027,2026 Buick BUCK ENVSN S,Automobile,BUCK ENVSN S,LRBFZPR40TD034434,,"$46,428.13 ","$46,428.13 ",$0.00 ,,$0.00 ,$0.00 ,$0.00 ,"$46,428.13 ",$0.00 ,$0.00 ,$0.00 ,$0.00 ,$0.00 ,$192.09 ,$0.00 ,$0.00 ,$0.00 ,$192.09 ,$230.53 ,"$46,428.13 "
"3535 West Loop 820 South  Fort Worth, TX 76116",Buick,Auto - Buick Plant - New - E,3/30/2026,34458,3/30/2026,10/30/2027,2026 Buick BUCK ENVSN S,Automobile,BUCK ENVSN S,LRBFZPR43TD034458,,"$45,873.13 ","$45,873.13 ",$0.00 ,,$0.00 ,$0.00 ,$0.00 ,"$45,873.13 ",$0.00 ,$0.00 ,$0.00 ,$0.00 ,$0.00 ,$189.79 ,$0.00 ,$0.00 ,$0.00 ,$189.79 ,$202.45 ,"$45,873.13 "
"3535 West Loop 820 South  Fort Worth, TX 76116",Buick,Auto - Buick Plant - New - E,3/26/2026,34508,3/26/2026,10/26/2027,2026 Buick BUCK ENVSN S,Automobile,BUCK ENVSN S,LRBFZPR43TD034508,,"$45,873.13 ","$45,873.13 ",$0.00 ,,$0.00 ,$0.00 ,$0.00 ,"$45,873.13 ",$0.00 ,$0.00 ,$0.00 ,$0.00 ,$0.00 ,$189.79 ,$0.00 ,$0.00 ,$0.00 ,$189.79 ,$227.77 ,"$45,873.13 "
"3535 West Loop 820 South  Fort Worth, TX 76116",Buick,Auto - Buick Plant - New - E,7/21/2025,34554,7/21/2025,2/21/2027,2026 Buick BUCK ENCOR G,Automobile,BUCK ENCOR G,KL4AMDSLXTB034554,B35056,"$29,648.45 ","$29,648.45 ",$0.00 ,,$0.00 ,$0.00 ,$0.00 ,"$29,648.45 ",$0.00 ,$0.00 ,$0.00 ,$0.00 ,$0.00 ,$122.67 ,$0.00 ,$0.00 ,$0.00 ,$122.67 ,"$1,226.80 ","$29,648.45 "
"3535 West Loop 820 South  Fort Worth, TX 76116",Buick,Auto - Buick Plant - New - E,3/26/2026,34696,3/26/2026,10/26/2027,2026 Buick BUCK ENVSN S,Automobile,BUCK ENVSN S,LRBFZPR48TD034696,,"$46,428.13 ","$46,428.13 ",$0.00 ,,$0.00 ,$0.00 ,$0.00 ,"$46,428.13 ",$0.00 ,$0.00 ,$0.00 ,$0.00 ,$0.00 ,$192.09 ,$0.00 ,$0.00 ,$0.00 ,$192.09 ,$230.53 ,"$46,428.13 "
"3535 West Loop 820 South  Fort Worth, TX 76116",Buick,Auto - Buick Plant - New - E,3/26/2026,34708,3/26/2026,10/26/2027,2026 Buick BUCK ENVSN S,Automobile,BUCK ENVSN S,LRBFZPR40TD034708,,"$45,873.13 ","$45,873.13 ",$0.00 ,,$0.00 ,$0.00 ,$0.00 ,"$45,873.13 ",$0.00 ,$0.00 ,$0.00 ,$0.00 ,$0.00 ,$189.79 ,$0.00 ,$0.00 ,$0.00 ,$189.79 ,$227.77 ,"$45,873.13 "
"3535 West Loop 820 South  Fort Worth, TX 76116",Buick,Auto - Buick Plant - New - E,3/30/2026,34712,3/30/2026,10/30/2027,2026 Buick BUCK ENVSN S,Automobile,BUCK ENVSN S,LRBFZPR42TD034712,,"$46,428.13 ","$46,428.13 ",$0.00 ,,$0.00 ,$0.00 ,$0.00 ,"$46,428.13 ",$0.00 ,$0.00 ,$0.00 ,$0.00 ,$0.00 ,$192.09 ,$0.00 ,$0.00 ,$0.00 ,$192.09 ,$204.90 ,"$46,428.13 "
"3535 West Loop 820 South  Fort Worth, TX 76116",Buick,Auto - Buick Plant - New - E,3/30/2026,34737,3/30/2026,10/30/2027,2026 Buick BUCK ENVSN S,Automobile,BUCK ENVSN S,LRBFZPR47TD034737,,"$45,873.13 ","$45,873.13 ",$0.00 ,,$0.00 ,$0.00 ,$0.00 ,"$45,873.13 ",$0.00 ,$0.00 ,$0.00 ,$0.00 ,$0.00 ,$189.79 ,$0.00 ,$0.00 ,$0.00 ,$189.79 ,$202.45 ,"$45,873.13 "
"3535 West Loop 820 South  Fort Worth, TX 76116",Buick,Auto - Buick Plant - New - E,3/30/2026,34780,3/30/2026,10/30/2027,2026 Buick BUCK ENVSN S,Automobile,BUCK ENVSN S,LRBFZPR48TD034780,,"$45,873.13 ","$45,873.13 ",$0.00 ,,$0.00 ,$0.00 ,$0.00 ,"$45,873.13 ",$0.00 ,$0.00 ,$0.00 ,$0.00 ,$0.00 ,$189.79 ,$0.00 ,$0.00 ,$0.00 ,$189.79 ,$202.45 ,"$45,873.13 "
"3535 West Loop 820 South  Fort Worth, TX 76116",Buick,Auto - Buick Plant - New - E,3/30/2026,34863,3/30/2026,10/30/2027,2026 Buick BUCK ENVSN S,Automobile,BUCK ENVSN S,LRBFZPR41TD034863,,"$45,873.13 ","$45,873.13 ",$0.00 ,,$0.00 ,$0.00 ,$0.00 ,"$45,873.13 ",$0.00 ,$0.00 ,$0.00 ,$0.00 ,$0.00 ,$189.79 ,$0.00 ,$0.00 ,$0.00 ,$189.79 ,$202.45 ,"$45,873.13 "
"3535 West Loop 820 South  Fort Worth, TX 76116",Buick,Auto - Buick Plant - New - E,3/26/2026,35120,3/26/2026,10/26/2027,2026 Buick BUCK ENVSN S,Automobile,BUCK ENVSN S,LRBFZPR44TD035120,,"$45,873.13 ","$45,873.13 ",$0.00 ,,$0.00 ,$0.00 ,$0.00 ,"$45,873.13 ",$0.00 ,$0.00 ,$0.00 ,$0.00 ,$0.00 ,$189.79 ,$0.00 ,$0.00 ,$0.00 ,$189.79 ,$227.77 ,"$45,873.13 "
"3535 West Loop 820 South  Fort Worth, TX 76116",Buick,Auto - Buick Plant - New - E,3/30/2026,35366,3/30/2026,10/30/2027,2026 Buick BUCK ENVSN S,Automobile,BUCK ENVSN S,LRBFZPR43TD035366,,"$46,428.13 ","$46,428.13 ",$0.00 ,,$0.00 ,$0.00 ,$0.00 ,"$46,428.13 ",$0.00 ,$0.00 ,$0.00 ,$0.00 ,$0.00 ,$192.09 ,$0.00 ,$0.00 ,$0.00 ,$192.09 ,$204.90 ,"$46,428.13 "
"3535 West Loop 820 South  Fort Worth, TX 76116",Buick,Auto - Buick Plant - New - E,3/26/2026,35584,3/26/2026,10/26/2027,2026 Buick BUCK ENVSN S,Automobile,BUCK ENVSN S,LRBFZPR42TD035584,,"$45,873.13 ","$45,873.13 ",$0.00 ,,$0.00 ,$0.00 ,$0.00 ,"$45,873.13 ",$0.00 ,$0.00 ,$0.00 ,$0.00 ,$0.00 ,$189.79 ,$0.00 ,$0.00 ,$0.00 ,$189.79 ,$227.77 ,"$45,873.13 "
"3535 West Loop 820 South  Fort Worth, TX 76116",Buick,Auto - Buick Plant - New - E,2/17/2026,51589,2/17/2026,9/17/2027,2026 Buick ENCORE,Automobile,ENCORE,KL4AMBSL9TB051589,B36279,"$29,518.00 ","$29,518.00 ",$0.00 ,,"($29,518.00)",$0.00 ,"($29,518.00)",$0.00 ,$0.00 ,$0.00 ,$0.00 ,$0.00 ,$0.00 ,$118.05 ,$0.00 ,$0.00 ,$0.00 ,$118.05 ,$293.24 ,"$28,534.07 "
"3535 West Loop 820 South  Fort Worth, TX 76116",Buick,Auto - Buick Plant - New - E,8/25/2025,51953,8/25/2025,3/25/2027,2026 Buick BUCK ENVIST,Automobile,BUCK ENVIST,KL47LBEPXTB051953,B35282,"$28,390.10 ","$28,390.10 ",$0.00 ,,"($28,390.10)",$0.00 ,"($28,390.10)",$0.00 ,$0.00 ,$0.00 ,$0.00 ,$0.00 ,$0.00 ,$50.90 ,$0.00 ,$0.00 ,$0.00 ,$50.90 ,$952.35 ,"$12,302.38 "
"3535 West Loop 820 South  Fort Worth, TX 76116",Buick,Auto - Buick Plant - New - E,2/17/2026,53463,2/17/2026,9/17/2027,2026 Buick ENCORE,Automobile,ENCORE,KL4AMBSL8TB053463,B36278,"$29,518.00 ","$29,518.00 ",$0.00 ,,"($29,518.00)",$0.00 ,"($29,518.00)",$0.00 ,$0.00 ,$0.00 ,$0.00 ,$0.00 ,$0.00 ,$65.13 ,$0.00 ,$0.00 ,$0.00 ,$65.13 ,$240.32 ,"$15,742.93 "
"3535 West Loop 820 South  Fort Worth, TX 76116",Buick,Auto - Buick Plant - New - E,10/3/2025,63551,10/3/2025,5/3/2027,2026 Buick BUCK ENVIST,Automobile,BUCK ENVIST,KL47LBEP6TB063551,B35520,"$29,496.80 ","$29,496.80 ",$0.00 ,,$0.00 ,$0.00 ,$0.00 ,"$29,496.80 ",$0.00 ,$0.00 ,$0.00 ,$0.00 ,$0.00 ,$122.04 ,$0.00 ,$0.00 ,$0.00 ,$122.04 ,$880.09 ,"$29,496.80 "
"3535 West Loop 820 South  Fort Worth, TX 76116",Buick,Auto - Buick Plant - New - E,2/17/2026,68648,2/17/2026,9/17/2027,2026 Buick ENVISTA,Automobile,ENVISTA,KL47LAEPXTB068648,B36263,"$26,925.61 ","$26,925.61 ",$0.00 ,,$0.00 ,$0.00 ,$0.00 ,"$26,925.61 ",$0.00 ,$0.00 ,$0.00 ,$0.00 ,$0.00 ,$111.40 ,$0.00 ,$0.00 ,$0.00 ,$111.40 ,$271.21 ,"$26,925.61 "
"3535 West Loop 820 South  Fort Worth, TX 76116",Buick,Auto - Buick Plant - New - E,11/13/2025,81642,11/13/2025,6/13/2027,2026 Buick BUCK ENVIST,Automobile,BUCK ENVIST,KL47LAEP8TB081642,,"$27,560.45 ","$27,560.45 ",$0.00 ,,$0.00 ,$0.00 ,$0.00 ,"$27,560.45 ",$0.00 ,$0.00 ,$0.00 ,$0.00 ,$0.00 ,$114.03 ,$0.00 ,$0.00 ,$0.00 ,$114.03 ,$652.87 ,"$27,560.45 "
"3535 West Loop 820 South  Fort Worth, TX 76116",Buick,Auto - Buick Plant - New - E,2/17/2026,86459,2/17/2026,9/17/2027,2026 Buick ENCORE,Automobile,ENCORE,KL4AMBSL6TB086459,B36277,"$29,518.00 ","$29,518.00 ",$0.00 ,,"($29,518.00)",$0.00 ,"($29,518.00)",$0.00 ,$0.00 ,$0.00 ,$0.00 ,$0.00 ,$0.00 ,$81.42 ,$0.00 ,$0.00 ,$0.00 ,$81.42 ,$256.61 ,"$19,678.67 "
"3535 West Loop 820 South  Fort Worth, TX 76116",Buick,Auto - Buick Plant - New - E,2/17/2026,88010,2/17/2026,9/17/2027,2026 Buick ENVISTA,Automobile,ENVISTA,KL47LCEP1TB088010,B36273,"$32,404.20 ","$32,404.20 ",$0.00 ,,$0.00 ,$0.00 ,$0.00 ,"$32,404.20 ",$0.00 ,$0.00 ,$0.00 ,$0.00 ,$0.00 ,$134.07 ,$0.00 ,$0.00 ,$0.00 ,$134.07 ,$326.39 ,"$32,404.20 "
"3535 West Loop 820 South  Fort Worth, TX 76116",Buick,Auto - Buick Plant - New - E,12/1/2025,93464,12/1/2025,7/1/2027,2026 Buick BUCK ENVIST,Automobile,BUCK ENVIST,KL47LAEP4TB093464,,"$27,427.03 ","$27,427.03 ",$0.00 ,,$0.00 ,$0.00 ,$0.00 ,"$27,427.03 ",$0.00 ,$0.00 ,$0.00 ,$0.00 ,$0.00 ,$113.47 ,$0.00 ,$0.00 ,$0.00 ,$113.47 ,$577.25 ,"$27,427.03 "
"3535 West Loop 820 South  Fort Worth, TX 76116",Buick,Auto - Buick Plant - New - E,1/2/2026,102154,1/2/2026,8/2/2027,2026 Buick BUCK ENVIST,Automobile,BUCK ENVIST,KL47LAEP3TB102154,,"$27,467.05 ","$27,467.05 ",$0.00 ,,$0.00 ,$0.00 ,$0.00 ,"$27,467.05 ",$0.00 ,$0.00 ,$0.00 ,$0.00 ,$0.00 ,$113.64 ,$0.00 ,$0.00 ,$0.00 ,$113.64 ,$451.79 ,"$27,467.05 "
"3535 West Loop 820 South  Fort Worth, TX 76116",Buick,Auto - Buick Plant - New - E,12/31/2025,104485,12/31/2025,7/31/2027,2026 Buick BUCK ENVIST,Automobile,BUCK ENVIST,KL47LAEP3TB104485,,"$27,924.93 ","$27,924.93 ",$0.00 ,,$0.00 ,$0.00 ,$0.00 ,"$27,924.93 ",$0.00 ,$0.00 ,$0.00 ,$0.00 ,$0.00 ,$115.53 ,$0.00 ,$0.00 ,$0.00 ,$115.53 ,$467.35 ,"$27,924.93 "
"3535 West Loop 820 South  Fort Worth, TX 76116",Buick,Auto - Buick Plant - New - E,9/23/2024,106039,9/23/2024,4/23/2026,2025 Buick BUCK ENCLV E,Automobile,BUCK ENCLV E,5GAERBRS4SJ106039,B34054,"$54,687.80 ","$21,875.12 ",$0.00 ,,"($21,875.12)",$0.00 ,"($21,875.12)",$0.00 ,$0.00 ,$0.00 ,$0.00 ,$0.00 ,$0.00 ,$24.13 ,$0.00 ,$0.00 ,$0.00 ,$24.13 ,"$4,254.76 ","$5,833.37 "
"3535 West Loop 820 South  Fort Worth, TX 76116",Buick,Auto - Buick Plant - New - E,4/22/2026,106039,4/22/2026,11/22/2027,2026 Buick ENCLAVE,Automobile,ENCLAVE,5GAERBRS4SJ106039,B34054,"$53,000.00 ",$0.00 ,"$53,000.00 ",4/22/2026,$0.00 ,$0.00 ,"$53,000.00 ","$53,000.00 ",$0.00 ,$0.00 ,$0.00 ,$0.00 ,$0.00 ,$65.78 ,$0.00 ,$0.00 ,$0.00 ,$65.78 ,$65.78 ,"$15,900.00 "
"3535 West Loop 820 South  Fort Worth, TX 76116",Buick,Auto - Buick Plant - New - E,1/8/2026,106494,1/8/2026,8/8/2027,2026 Buick BUCK ENVIST,Automobile,BUCK ENVIST,KL47LAEP3TB106494,G35156,"$27,924.93 ","$27,924.93 ",$0.00 ,,$0.00 ,$0.00 ,$0.00 ,"$27,924.93 ",$0.00 ,$0.00 ,$0.00 ,$0.00 ,$0.00 ,$115.53 ,$0.00 ,$0.00 ,$0.00 ,$115.53 ,$436.06 ,"$27,924.93 "
"3535 West Loop 820 South  Fort Worth, TX 76116",Buick,Auto - Buick Plant - New - E,1/14/2026,109029,1/14/2026,8/14/2027,2026 Buick BUCK ENVIST,Automobile,BUCK ENVIST,KL47LAEP2TB109029,B36163,"$27,924.93 ","$27,924.93 ",$0.00 ,,$0.00 ,$0.00 ,$0.00 ,"$27,924.93 ",$0.00 ,$0.00 ,$0.00 ,$0.00 ,$0.00 ,$115.53 ,$0.00 ,$0.00 ,$0.00 ,$115.53 ,$412.80 ,"$27,924.93 "
"3535 West Loop 820 South  Fort Worth, TX 76116",Buick,Auto - Buick Plant - New - E,2/17/2026,109357,2/17/2026,9/17/2027,2026 Buick ENVISTA,Automobile,ENVISTA,KL47LBEP0TB109357,B36265,"$30,438.81 ","$30,438.81 ",$0.00 ,,"($30,438.81)",$0.00 ,"($30,438.81)",$0.00 ,$0.00 ,$0.00 ,$0.00 ,$0.00 ,$0.00 ,$25.19 ,$0.00 ,$0.00 ,$0.00 ,$25.19 ,$205.84 ,"$6,087.76 "
"3535 West Loop 820 South  Fort Worth, TX 76116",Buick,Auto - Buick Plant - New - E,1/12/2026,110719,1/12/2026,8/12/2027,2026 Buick BUCK ENVIST,Automobile,BUCK ENVIST,KL47LAEPXTB110719,,"$27,924.93 ","$27,924.93 ",$0.00 ,,$0.00 ,$0.00 ,$0.00 ,"$27,924.93 ",$0.00 ,$0.00 ,$0.00 ,$0.00 ,$0.00 ,$115.53 ,$0.00 ,$0.00 ,$0.00 ,$115.53 ,$420.55 ,"$27,924.93 "
"3535 West Loop 820 South  Fort Worth, TX 76116",Buick,Auto - Buick Plant - New - E,2/17/2026,110824,2/17/2026,9/17/2027,2026 Buick ENVISTA,Automobile,ENVISTA,KL47LBEPXTB110824,B36272,"$30,438.81 ","$30,438.81 ",$0.00 ,,"($30,438.81)",$0.00 ,"($30,438.81)",$0.00 ,$0.00 ,$0.00 ,$0.00 ,$0.00 ,$0.00 ,$25.19 ,$0.00 ,$0.00 ,$0.00 ,$25.19 ,$205.84 ,"$6,087.76 "
"3535 West Loop 820 South  Fort Worth, TX 76116",Buick,Auto - Buick Plant - New - E,2/17/2026,113071,2/17/2026,9/17/2027,2026 Buick ENVISTA,Automobile,ENVISTA,KL47LBEP2TB113071,B36269,"$29,891.40 ","$29,891.40 ",$0.00 ,,"($29,891.40)",$0.00 ,"($29,891.40)",$0.00 ,$0.00 ,$0.00 ,$0.00 ,$0.00 ,$0.00 ,$28.86 ,$0.00 ,$0.00 ,$0.00 ,$28.86 ,$206.26 ,"$6,974.66 "
"3535 West Loop 820 South  Fort Worth, TX 76116",Buick,Auto - Buick Plant - New - E,12/26/2025,113609,12/26/2025,7/26/2027,2026 Buick BUCK ENVIST,Automobile,BUCK ENVIST,KL47LAEP7TB113609,G35109,"$27,467.05 ","$27,467.05 ",$0.00 ,,$0.00 ,$0.00 ,$0.00 ,"$27,467.05 ",$0.00 ,$0.00 ,$0.00 ,$0.00 ,$0.00 ,$113.64 ,$0.00 ,$0.00 ,$0.00 ,$113.64 ,$479.42 ,"$27,467.05 "
"3535 West Loop 820 South  Fort Worth, TX 76116",Buick,Auto - Buick Plant - New - E,2/6/2026,115132,2/6/2026,9/6/2027,2026 Buick BUCK ENVIST,Automobile,BUCK ENVIST,KL47LAEP3TB115132,,"$27,924.93 ","$27,924.93 ",$0.00 ,,$0.00 ,$0.00 ,$0.00 ,"$27,924.93 ",$0.00 ,$0.00 ,$0.00 ,$0.00 ,$0.00 ,$115.53 ,$0.00 ,$0.00 ,$0.00 ,$115.53 ,$323.68 ,"$27,924.93 "
"3535 West Loop 820 South  Fort Worth, TX 76116",Buick,Auto - Buick Plant - New - E,2/6/2026,115137,2/6/2026,9/6/2027,2026 Buick BUCK ENVIST,Automobile,BUCK ENVIST,KL47LAEP2TB115137,,"$27,924.93 ","$27,924.93 ",$0.00 ,,$0.00 ,$0.00 ,$0.00 ,"$27,924.93 ",$0.00 ,$0.00 ,$0.00 ,$0.00 ,$0.00 ,$115.53 ,$0.00 ,$0.00 ,$0.00 ,$115.53 ,$323.68 ,"$27,924.93 "
"3535 West Loop 820 South  Fort Worth, TX 76116",Buick,Auto - Buick Plant - New - E,2/6/2026,115138,2/6/2026,9/6/2027,2026 Buick BUCK ENVIST,Automobile,BUCK ENVIST,KL47LAEP4TB115138,,"$27,924.93 ","$27,924.93 ",$0.00 ,,$0.00 ,$0.00 ,$0.00 ,"$27,924.93 ",$0.00 ,$0.00 ,$0.00 ,$0.00 ,$0.00 ,$115.53 ,$0.00 ,$0.00 ,$0.00 ,$115.53 ,$323.68 ,"$27,924.93 "
"3535 West Loop 820 South  Fort Worth, TX 76116",Buick,Auto - Buick Plant - New - E,12/26/2025,116510,12/26/2025,7/26/2027,2026 Buick BUCK ENVIST,Automobile,BUCK ENVIST,KL47LAEP3TB116510,B36101,"$27,924.93 ","$27,924.93 ",$0.00 ,,"($27,924.93)",$0.00 ,"($27,924.93)",$0.00 ,$0.00 ,$0.00 ,$0.00 ,$0.00 ,$0.00 ,$77.02 ,$0.00 ,$0.00 ,$0.00 ,$77.02 ,$448.90 ,"$18,616.62 "
"3535 West Loop 820 South  Fort Worth, TX 76116",Buick,Auto - Buick Plant - New - E,12/26/2025,116521,12/26/2025,7/26/2027,2026 Buick BUCK ENVIST,Automobile,BUCK ENVIST,KL47LAEP8TB116521,,"$27,924.93 ","$27,924.93 ",$0.00 ,,$0.00 ,$0.00 ,$0.00 ,"$27,924.93 ",$0.00 ,$0.00 ,$0.00 ,$0.00 ,$0.00 ,$115.53 ,$0.00 ,$0.00 ,$0.00 ,$115.53 ,$487.41 ,"$27,924.93 "
"3535 West Loop 820 South  Fort Worth, TX 76116",Buick,Auto - Buick Plant - New - E,12/26/2025,116571,12/26/2025,7/26/2027,2026 Buick BUCK ENVIST,Automobile,BUCK ENVIST,KL47LAEP1TB116571,B36122,"$27,924.93 ","$27,924.93 ",$0.00 ,,$0.00 ,$0.00 ,$0.00 ,"$27,924.93 ",$0.00 ,$0.00 ,$0.00 ,$0.00 ,$0.00 ,$115.53 ,$0.00 ,$0.00 ,$0.00 ,$115.53 ,$487.41 ,"$27,924.93 "
"3535 West Loop 820 South  Fort Worth, TX 76116",Buick,Auto - Buick Plant - New - E,12/26/2025,117215,12/26/2025,7/26/2027,2026 Buick BUCK ENVIST,Automobile,BUCK ENVIST,KL47LAEP6TB117215,B36104,"$27,467.05 ","$27,467.05 ",$0.00 ,,"($27,467.05)",$0.00 ,"($27,467.05)",$0.00 ,$0.00 ,$0.00 ,$0.00 ,$0.00 ,$0.00 ,$87.12 ,$0.00 ,$0.00 ,$0.00 ,$87.12 ,$452.90 ,"$21,058.07 "
"3535 West Loop 820 South  Fort Worth, TX 76116",Buick,Auto - Buick Plant - New - E,12/26/2025,117232,12/26/2025,7/26/2027,2026 Buick BUCK ENVIST,Automobile,BUCK ENVIST,KL47LAEP6TB117232,,"$27,467.05 ","$27,467.05 ",$0.00 ,,$0.00 ,$0.00 ,$0.00 ,"$27,467.05 ",$0.00 ,$0.00 ,$0.00 ,$0.00 ,$0.00 ,$113.64 ,$0.00 ,$0.00 ,$0.00 ,$113.64 ,$479.42 ,"$27,467.05 "
"3535 West Loop 820 South  Fort Worth, TX 76116",Buick,Auto - Buick Plant - New - E,2/17/2026,119872,2/17/2026,9/17/2027,2026 Buick ENVISTA,Automobile,ENVISTA,KL47LBEP0TB119872,B36267,"$29,160.01 ","$29,160.01 ",$0.00 ,,$0.00 ,$0.00 ,$0.00 ,"$29,160.01 ",$0.00 ,$0.00 ,$0.00 ,$0.00 ,$0.00 ,$120.64 ,$0.00 ,$0.00 ,$0.00 ,$120.64 ,$293.71 ,"$29,160.01 "
"3535 West Loop 820 South  Fort Worth, TX 76116",Buick,Auto - Buick Plant - New - E,2/17/2026,119887,2/17/2026,9/17/2027,2026 Buick ENVISTA,Automobile,ENVISTA,KL47LBEP2TB119887,B36270,"$29,615.40 ","$29,615.40 ",$0.00 ,,"($29,615.40)",$0.00 ,"($29,615.40)",$0.00 ,$0.00 ,$0.00 ,$0.00 ,$0.00 ,$0.00 ,$20.42 ,$0.00 ,$0.00 ,$0.00 ,$20.42 ,$196.19 ,"$4,935.90 "
"3535 West Loop 820 South  Fort Worth, TX 76116",Buick,Auto - Buick Plant - New - E,2/6/2026,120667,2/6/2026,9/6/2027,2026 Buick BUCK ENVIST,Automobile,BUCK ENVIST,KL47LAEP1TB120667,,"$28,475.30 ","$28,475.30 ",$0.00 ,,$0.00 ,$0.00 ,$0.00 ,"$28,475.30 ",$0.00 ,$0.00 ,$0.00 ,$0.00 ,$0.00 ,$117.81 ,$0.00 ,$0.00 ,$0.00 ,$117.81 ,$330.06 ,"$28,475.30 "
"3535 West Loop 820 South  Fort Worth, TX 76116",Buick,Auto - Buick Plant - New - E,2/4/2026,120705,2/4/2026,9/4/2027,2026 Buick BUCK ENVIST,Automobile,BUCK ENVIST,KL47LAEP5TB120705,,"$28,475.30 ","$28,475.30 ",$0.00 ,,$0.00 ,$0.00 ,$0.00 ,"$28,475.30 ",$0.00 ,$0.00 ,$0.00 ,$0.00 ,$0.00 ,$117.81 ,$0.00 ,$0.00 ,$0.00 ,$117.81 ,$337.93 ,"$28,475.30 "
"3535 West Loop 820 South  Fort Worth, TX 76116",Buick,Auto - Buick Plant - New - E,2/6/2026,120719,2/6/2026,9/6/2027,2026 Buick BUCK ENVIST,Automobile,BUCK ENVIST,KL47LAEP5TB120719,,"$28,475.30 ","$28,475.30 ",$0.00 ,,$0.00 ,$0.00 ,$0.00 ,"$28,475.30 ",$0.00 ,$0.00 ,$0.00 ,$0.00 ,$0.00 ,$117.81 ,$0.00 ,$0.00 ,$0.00 ,$117.81 ,$330.06 ,"$28,475.30 "
"3535 West Loop 820 South  Fort Worth, TX 76116",Buick,Auto - Buick Plant - New - E,1/30/2026,120749,1/30/2026,8/30/2027,2026 Buick BUCK ENVIST,Automobile,BUCK ENVIST,KL47LAEP3TB120749,,"$28,475.30 ","$28,475.30 ",$0.00 ,,$0.00 ,$0.00 ,$0.00 ,"$28,475.30 ",$0.00 ,$0.00 ,$0.00 ,$0.00 ,$0.00 ,$117.81 ,$0.00 ,$0.00 ,$0.00 ,$117.81 ,$357.65 ,"$28,475.30 "
"3535 West Loop 820 South  Fort Worth, TX 76116",Buick,Auto - Buick Plant - New - E,1/30/2026,120756,1/30/2026,8/30/2027,2026 Buick BUCK ENVIST,Automobile,BUCK ENVIST,KL47LAEP0TB120756,B36196,"$28,475.30 ","$28,475.30 ",$0.00 ,,$0.00 ,$0.00 ,$0.00 ,"$28,475.30 ",$0.00 ,$0.00 ,$0.00 ,$0.00 ,$0.00 ,$117.81 ,$0.00 ,$0.00 ,$0.00 ,$117.81 ,$357.65 ,"$28,475.30 "
"3535 West Loop 820 South  Fort Worth, TX 76116",Buick,Auto - Buick Plant - New - E,2/4/2026,120757,2/4/2026,9/4/2027,2026 Buick BUCK ENVIST,Automobile,BUCK ENVIST,KL47LAEP2TB120757,,"$28,475.30 ","$28,475.30 ",$0.00 ,,$0.00 ,$0.00 ,$0.00 ,"$28,475.30 ",$0.00 ,$0.00 ,$0.00 ,$0.00 ,$0.00 ,$117.81 ,$0.00 ,$0.00 ,$0.00 ,$117.81 ,$337.93 ,"$28,475.30 "
"3535 West Loop 820 South  Fort Worth, TX 76116",Buick,Auto - Buick Plant - New - E,1/30/2026,121091,1/30/2026,8/30/2027,2026 Buick BUCK ENVIST,Automobile,BUCK ENVIST,KL47LAEP1TB121091,,"$28,475.30 ","$28,475.30 ",$0.00 ,,$0.00 ,$0.00 ,$0.00 ,"$28,475.30 ",$0.00 ,$0.00 ,$0.00 ,$0.00 ,$0.00 ,$117.81 ,$0.00 ,$0.00 ,$0.00 ,$117.81 ,$357.65 ,"$28,475.30 "
"3535 West Loop 820 South  Fort Worth, TX 76116",Buick,Auto - Buick Plant - New - E,2/4/2026,121098,2/4/2026,9/4/2027,2026 Buick BUCK ENVIST,Automobile,BUCK ENVIST,KL47LAEP4TB121098,,"$28,475.30 ","$28,475.30 ",$0.00 ,,$0.00 ,$0.00 ,$0.00 ,"$28,475.30 ",$0.00 ,$0.00 ,$0.00 ,$0.00 ,$0.00 ,$117.81 ,$0.00 ,$0.00 ,$0.00 ,$117.81 ,$337.93 ,"$28,475.30 "
"3535 West Loop 820 South  Fort Worth, TX 76116",Buick,Auto - Buick Plant - New - E,1/30/2026,121143,1/30/2026,8/30/2027,2026 Buick BUCK ENVIST,Automobile,BUCK ENVIST,KL47LAEP5TB121143,B36198,"$28,475.30 ","$28,475.30 ",$0.00 ,,$0.00 ,$0.00 ,$0.00 ,"$28,475.30 ",$0.00 ,$0.00 ,$0.00 ,$0.00 ,$0.00 ,$117.81 ,$0.00 ,$0.00 ,$0.00 ,$117.81 ,$357.65 ,"$28,475.30 "
"3535 West Loop 820 South  Fort Worth, TX 76116",Buick,Auto - Buick Plant - New - E,1/30/2026,121162,1/30/2026,8/30/2027,2026 Buick BUCK ENVIST,Automobile,BUCK ENVIST,KL47LAEP9TB121162,,"$28,475.30 ","$28,475.30 ",$0.00 ,,$0.00 ,$0.00 ,$0.00 ,"$28,475.30 ",$0.00 ,$0.00 ,$0.00 ,$0.00 ,$0.00 ,$117.81 ,$0.00 ,$0.00 ,$0.00 ,$117.81 ,$357.65 ,"$28,475.30 "
"3535 West Loop 820 South  Fort Worth, TX 76116",Buick,Auto - Buick Plant - New - E,2/4/2026,121677,2/4/2026,9/4/2027,2026 Buick BUCK ENVIST,Automobile,BUCK ENVIST,KL47LAEP9TB121677,,"$28,017.43 ","$28,017.43 ",$0.00 ,,$0.00 ,$0.00 ,$0.00 ,"$28,017.43 ",$0.00 ,$0.00 ,$0.00 ,$0.00 ,$0.00 ,$115.92 ,$0.00 ,$0.00 ,$0.00 ,$115.92 ,$332.50 ,"$28,017.43 "
"3535 West Loop 820 South  Fort Worth, TX 76116",Buick,Auto - Buick Plant - New - E,2/4/2026,121691,2/4/2026,9/4/2027,2026 Buick BUCK ENVIST,Automobile,BUCK ENVIST,KL47LAEP3TB121691,,"$28,017.43 ","$28,017.43 ",$0.00 ,,$0.00 ,$0.00 ,$0.00 ,"$28,017.43 ",$0.00 ,$0.00 ,$0.00 ,$0.00 ,$0.00 ,$115.92 ,$0.00 ,$0.00 ,$0.00 ,$115.92 ,$332.50 ,"$28,017.43 "
"3535 West Loop 820 South  Fort Worth, TX 76116",Buick,Auto - Buick Plant - New - E,2/5/2026,121703,2/5/2026,9/5/2027,2026 Buick BUCK ENVIST,Automobile,BUCK ENVIST,KL47LAEP6TB121703,,"$28,017.43 ","$28,017.43 ",$0.00 ,,$0.00 ,$0.00 ,$0.00 ,"$28,017.43 ",$0.00 ,$0.00 ,$0.00 ,$0.00 ,$0.00 ,$115.92 ,$0.00 ,$0.00 ,$0.00 ,$115.92 ,$328.64 ,"$28,017.43 "
"3535 West Loop 820 South  Fort Worth, TX 76116",Buick,Auto - Buick Plant - New - E,2/6/2026,121704,2/6/2026,9/6/2027,2026 Buick BUCK ENVIST,Automobile,BUCK ENVIST,KL47LAEP8TB121704,,"$28,017.43 ","$28,017.43 ",$0.00 ,,$0.00 ,$0.00 ,$0.00 ,"$28,017.43 ",$0.00 ,$0.00 ,$0.00 ,$0.00 ,$0.00 ,$115.92 ,$0.00 ,$0.00 ,$0.00 ,$115.92 ,$324.77 ,"$28,017.43 "
"3535 West Loop 820 South  Fort Worth, TX 76116",Buick,Auto - Buick Plant - New - E,2/6/2026,121710,2/6/2026,9/6/2027,2026 Buick BUCK ENVIST,Automobile,BUCK ENVIST,KL47LAEP3TB121710,B36257,"$28,017.43 ","$28,017.43 ",$0.00 ,,$0.00 ,$0.00 ,$0.00 ,"$28,017.43 ",$0.00 ,$0.00 ,$0.00 ,$0.00 ,$0.00 ,$115.92 ,$0.00 ,$0.00 ,$0.00 ,$115.92 ,$324.77 ,"$28,017.43 "
"3535 West Loop 820 South  Fort Worth, TX 76116",Buick,Auto - Buick Plant - New - E,2/6/2026,121717,2/6/2026,9/6/2027,2026 Buick BUCK ENVIST,Automobile,BUCK ENVIST,KL47LAEP6TB121717,,"$28,017.43 ","$28,017.43 ",$0.00 ,,$0.00 ,$0.00 ,$0.00 ,"$28,017.43 ",$0.00 ,$0.00 ,$0.00 ,$0.00 ,$0.00 ,$115.92 ,$0.00 ,$0.00 ,$0.00 ,$115.92 ,$324.77 ,"$28,017.43 "
"3535 West Loop 820 South  Fort Worth, TX 76116",Buick,Auto - Buick Plant - New - E,2/4/2026,123669,2/4/2026,9/4/2027,2026 Buick BUCK ENVIST,Automobile,BUCK ENVIST,KL47LBEP1TB123669,,"$30,309.18 ","$30,309.18 ",$0.00 ,,$0.00 ,$0.00 ,$0.00 ,"$30,309.18 ",$0.00 ,$0.00 ,$0.00 ,$0.00 ,$0.00 ,$125.40 ,$0.00 ,$0.00 ,$0.00 ,$125.40 ,$359.70 ,"$30,309.18 "
"3535 West Loop 820 South  Fort Worth, TX 76116",Buick,Auto - Buick Plant - New - E,2/5/2026,123755,2/5/2026,9/5/2027,2026 Buick BUCK ENVIST,Automobile,BUCK ENVIST,KL47LBEP5TB123755,,"$30,309.18 ","$30,309.18 ",$0.00 ,,$0.00 ,$0.00 ,$0.00 ,"$30,309.18 ",$0.00 ,$0.00 ,$0.00 ,$0.00 ,$0.00 ,$125.40 ,$0.00 ,$0.00 ,$0.00 ,$125.40 ,$355.51 ,"$30,309.18 "
"3535 West Loop 820 South  Fort Worth, TX 76116",Buick,Auto - Buick Plant - New - E,2/4/2026,123792,2/4/2026,9/4/2027,2026 Buick BUCK ENVIST,Automobile,BUCK ENVIST,KL47LBEP0TB123792,,"$30,309.18 ","$30,309.18 ",$0.00 ,,$0.00 ,$0.00 ,$0.00 ,"$30,309.18 ",$0.00 ,$0.00 ,$0.00 ,$0.00 ,$0.00 ,$125.40 ,$0.00 ,$0.00 ,$0.00 ,$125.40 ,$359.70 ,"$30,309.18 "
"3535 West Loop 820 South  Fort Worth, TX 76116",Buick,Auto - Buick Plant - New - E,1/20/2026,123827,1/20/2026,8/20/2027,2026 Buick BUCK ENVIST,Automobile,BUCK ENVIST,KL47LBEP4TB123827,B36166,"$30,309.18 ","$30,309.18 ",$0.00 ,,"($30,309.18)",$0.00 ,"($30,309.18)",$0.00 ,$0.00 ,$0.00 ,$0.00 ,$0.00 ,$0.00 ,$112.86 ,$0.00 ,$0.00 ,$0.00 ,$112.86 ,$410.25 ,"$27,278.26 "
"3535 West Loop 820 South  Fort Worth, TX 76116",Buick,Auto - Buick Plant - New - E,2/4/2026,123837,2/4/2026,9/4/2027,2026 Buick BUCK ENVIST,Automobile,BUCK ENVIST,KL47LBEP7TB123837,B36232,"$30,309.18 ","$30,309.18 ",$0.00 ,,$0.00 ,$0.00 ,$0.00 ,"$30,309.18 ",$0.00 ,$0.00 ,$0.00 ,$0.00 ,$0.00 ,$125.40 ,$0.00 ,$0.00 ,$0.00 ,$125.40 ,$359.70 ,"$30,309.18 "
"3535 West Loop 820 South  Fort Worth, TX 76116",Buick,Auto - Buick Plant - New - E,2/5/2026,126842,2/5/2026,9/5/2027,2026 Buick BUCK ENVIST,Automobile,BUCK ENVIST,KL47LBEP4TB126842,,"$29,851.30 ","$29,851.30 ",$0.00 ,,$0.00 ,$0.00 ,$0.00 ,"$29,851.30 ",$0.00 ,$0.00 ,$0.00 ,$0.00 ,$0.00 ,$123.50 ,$0.00 ,$0.00 ,$0.00 ,$123.50 ,$350.13 ,"$29,851.30 "
"3535 West Loop 820 South  Fort Worth, TX 76116",Buick,Auto - Buick Plant - New - E,2/4/2026,126935,2/4/2026,9/4/2027,2026 Buick BUCK ENVIST,Automobile,BUCK ENVIST,KL47LBEP0TB126935,,"$29,851.30 ","$29,851.30 ",$0.00 ,,$0.00 ,$0.00 ,$0.00 ,"$29,851.30 ",$0.00 ,$0.00 ,$0.00 ,$0.00 ,$0.00 ,$123.50 ,$0.00 ,$0.00 ,$0.00 ,$123.50 ,$354.26 ,"$29,851.30 "
"3535 West Loop 820 South  Fort Worth, TX 76116",Buick,Auto - Buick Plant - New - E,2/5/2026,127007,2/5/2026,9/5/2027,2026 Buick BUCK ENVIST,Automobile,BUCK ENVIST,KL47LBEP8TB127007,,"$29,851.30 ","$29,851.30 ",$0.00 ,,$0.00 ,$0.00 ,$0.00 ,"$29,851.30 ",$0.00 ,$0.00 ,$0.00 ,$0.00 ,$0.00 ,$123.50 ,$0.00 ,$0.00 ,$0.00 ,$123.50 ,$350.13 ,"$29,851.30 "
"3535 West Loop 820 South  Fort Worth, TX 76116",Buick,Auto - Buick Plant - New - E,2/4/2026,127084,2/4/2026,9/4/2027,2026 Buick BUCK ENVIST,Automobile,BUCK ENVIST,KL47LBEP4TB127084,,"$29,851.30 ","$29,851.30 ",$0.00 ,,$0.00 ,$0.00 ,$0.00 ,"$29,851.30 ",$0.00 ,$0.00 ,$0.00 ,$0.00 ,$0.00 ,$123.50 ,$0.00 ,$0.00 ,$0.00 ,$123.50 ,$354.26 ,"$29,851.30 "
"3535 West Loop 820 South  Fort Worth, TX 76116",Buick,Auto - Buick Plant - New - E,2/9/2026,135640,2/9/2026,9/9/2027,2026 Buick BUCK ENVIST,Automobile,BUCK ENVIST,KL47LAEP1TB135640,,"$28,475.30 ","$28,475.30 ",$0.00 ,,$0.00 ,$0.00 ,$0.00 ,"$28,475.30 ",$0.00 ,$0.00 ,$0.00 ,$0.00 ,$0.00 ,$117.81 ,$0.00 ,$0.00 ,$0.00 ,$117.81 ,$318.26 ,"$28,475.30 "
"3535 West Loop 820 South  Fort Worth, TX 76116",Buick,Auto - Buick Plant - New - E,2/9/2026,136321,2/9/2026,9/9/2027,2026 Buick BUCK ENVIST,Automobile,BUCK ENVIST,KL47LAEP1TB136321,,"$28,475.30 ","$28,475.30 ",$0.00 ,,$0.00 ,$0.00 ,$0.00 ,"$28,475.30 ",$0.00 ,$0.00 ,$0.00 ,$0.00 ,$0.00 ,$117.81 ,$0.00 ,$0.00 ,$0.00 ,$117.81 ,$318.26 ,"$28,475.30 "
"3535 West Loop 820 South  Fort Worth, TX 76116",Buick,Auto - Buick Plant - New - E,2/6/2026,136379,2/6/2026,9/6/2027,2026 Buick BUCK ENVIST,Automobile,BUCK ENVIST,KL47LAEPXTB136379,,"$28,017.43 ","$28,017.43 ",$0.00 ,,$0.00 ,$0.00 ,$0.00 ,"$28,017.43 ",$0.00 ,$0.00 ,$0.00 ,$0.00 ,$0.00 ,$115.92 ,$0.00 ,$0.00 ,$0.00 ,$115.92 ,$324.77 ,"$28,017.43 "
"3535 West Loop 820 South  Fort Worth, TX 76116",Buick,Auto - Buick Plant - New - E,2/9/2026,136385,2/9/2026,9/9/2027,2026 Buick BUCK ENVIST,Automobile,BUCK ENVIST,KL47LAEP5TB136385,,"$28,017.43 ","$28,017.43 ",$0.00 ,,$0.00 ,$0.00 ,$0.00 ,"$28,017.43 ",$0.00 ,$0.00 ,$0.00 ,$0.00 ,$0.00 ,$115.92 ,$0.00 ,$0.00 ,$0.00 ,$115.92 ,$313.16 ,"$28,017.43 "
"3535 West Loop 820 South  Fort Worth, TX 76116",Buick,Auto - Buick Plant - New - E,3/18/2026,138576,3/18/2026,10/18/2027,2026 Buick BUCK ENVIST,Automobile,BUCK ENVIST,KL47LAEP0TB138576,,"$28,017.43 ","$28,017.43 ",$0.00 ,,$0.00 ,$0.00 ,$0.00 ,"$28,017.43 ",$0.00 ,$0.00 ,$0.00 ,$0.00 ,$0.00 ,$115.92 ,$0.00 ,$0.00 ,$0.00 ,$115.92 ,$170.05 ,"$28,017.43 "
"3535 West Loop 820 South  Fort Worth, TX 76116",Buick,Auto - Buick Plant - New - E,3/18/2026,138583,3/18/2026,10/18/2027,2026 Buick BUCK ENVIST,Automobile,BUCK ENVIST,KL47LAEP8TB138583,,"$28,475.30 ","$28,475.30 ",$0.00 ,,$0.00 ,$0.00 ,$0.00 ,"$28,475.30 ",$0.00 ,$0.00 ,$0.00 ,$0.00 ,$0.00 ,$117.81 ,$0.00 ,$0.00 ,$0.00 ,$117.81 ,$172.82 ,"$28,475.30 "
"3535 West Loop 820 South  Fort Worth, TX 76116",Buick,Auto - Buick Plant - New - E,11/28/2025,138984,11/28/2025,6/28/2027,2026 Buick BUCK ENCLV S,Automobile,BUCK ENCLV S,5GAEVBKS8TJ138984,B35980,"$55,344.35 ","$55,344.35 ",$0.00 ,,$0.00 ,$0.00 ,$0.00 ,"$55,344.35 ",$0.00 ,$0.00 ,$0.00 ,$0.00 ,$0.00 ,$228.98 ,$0.00 ,$0.00 ,$0.00 ,$228.98 ,"$1,189.19 ","$55,344.35 "
"3535 West Loop 820 South  Fort Worth, TX 76116",Buick,Auto - Buick Plant - New - E,2/9/2026,139072,2/9/2026,9/9/2027,2026 Buick BUCK ENVIST,Automobile,BUCK ENVIST,KL47LAEPXTB139072,,"$28,475.30 ","$28,475.30 ",$0.00 ,,$0.00 ,$0.00 ,$0.00 ,"$28,475.30 ",$0.00 ,$0.00 ,$0.00 ,$0.00 ,$0.00 ,$117.81 ,$0.00 ,$0.00 ,$0.00 ,$117.81 ,$318.26 ,"$28,475.30 "
"3535 West Loop 820 South  Fort Worth, TX 76116",Buick,Auto - Buick Plant - New - E,2/9/2026,139078,2/9/2026,9/9/2027,2026 Buick BUCK ENVIST,Automobile,BUCK ENVIST,KL47LAEP0TB139078,,"$28,475.30 ","$28,475.30 ",$0.00 ,,$0.00 ,$0.00 ,$0.00 ,"$28,475.30 ",$0.00 ,$0.00 ,$0.00 ,$0.00 ,$0.00 ,$117.81 ,$0.00 ,$0.00 ,$0.00 ,$117.81 ,$318.26 ,"$28,475.30 "
"3535 West Loop 820 South  Fort Worth, TX 76116",Buick,Auto - Buick Plant - New - E,3/4/2026,139079,3/4/2026,10/4/2027,2026 Buick BUCK ENVIST,Automobile,BUCK ENVIST,KL47LAEP2TB139079,,"$28,475.30 ","$28,475.30 ",$0.00 ,,$0.00 ,$0.00 ,$0.00 ,"$28,475.30 ",$0.00 ,$0.00 ,$0.00 ,$0.00 ,$0.00 ,$117.81 ,$0.00 ,$0.00 ,$0.00 ,$117.81 ,$227.83 ,"$28,475.30 "
"3535 West Loop 820 South  Fort Worth, TX 76116",Buick,Auto - Buick Plant - New - E,11/28/2025,139116,11/28/2025,6/28/2027,2026 Buick BUCK ENCLV S,Automobile,BUCK ENCLV S,5GAEVBKS8TJ139116,,"$55,881.35 ","$55,881.35 ",$0.00 ,,$0.00 ,$0.00 ,$0.00 ,"$55,881.35 ",$0.00 ,$0.00 ,$0.00 ,$0.00 ,$0.00 ,$231.20 ,$0.00 ,$0.00 ,$0.00 ,$231.20 ,"$1,200.73 ","$55,881.35 "
"3535 West Loop 820 South  Fort Worth, TX 76116",Buick,Auto - Buick Plant - New - E,11/28/2025,139647,11/28/2025,6/28/2027,2026 Buick BUCK ENCLV S,Automobile,BUCK ENCLV S,5GAEVBKS6TJ139647,,"$55,478.60 ","$55,478.60 ",$0.00 ,,$0.00 ,$0.00 ,$0.00 ,"$55,478.60 ",$0.00 ,$0.00 ,$0.00 ,$0.00 ,$0.00 ,$229.53 ,$0.00 ,$0.00 ,$0.00 ,$229.53 ,"$1,192.07 ","$55,478.60 "
"3535 West Loop 820 South  Fort Worth, TX 76116",Buick,Auto - Buick Plant - New - E,2/9/2026,140504,2/9/2026,9/9/2027,2026 Buick BUCK ENVIST,Automobile,BUCK ENVIST,KL47LAEP7TB140504,B36293,"$28,017.43 ","$28,017.43 ",$0.00 ,,$0.00 ,$0.00 ,$0.00 ,"$28,017.43 ",$0.00 ,$0.00 ,$0.00 ,$0.00 ,$0.00 ,$115.92 ,$0.00 ,$0.00 ,$0.00 ,$115.92 ,$313.16 ,"$28,017.43 "
"3535 West Loop 820 South  Fort Worth, TX 76116",Buick,Auto - Buick Plant - New - E,2/20/2026,145825,2/20/2026,9/20/2027,2026 Buick BUCK ENVIST,Automobile,BUCK ENVIST,KL47LBEP0TB145825,,"$29,300.93 ","$29,300.93 ",$0.00 ,,$0.00 ,$0.00 ,$0.00 ,"$29,300.93 ",$0.00 ,$0.00 ,$0.00 ,$0.00 ,$0.00 ,$121.23 ,$0.00 ,$0.00 ,$0.00 ,$121.23 ,$283.00 ,"$29,300.93 "
"3535 West Loop 820 South  Fort Worth, TX 76116",Buick,Auto - Buick Plant - New - E,2/20/2026,145826,2/20/2026,9/20/2027,2026 Buick BUCK ENVIST,Automobile,BUCK ENVIST,KL47LBEP2TB145826,B36364,"$29,300.93 ","$29,300.93 ",$0.00 ,,"($29,300.93)",$0.00 ,"($29,300.93)",$0.00 ,$0.00 ,$0.00 ,$0.00 ,$0.00 ,$0.00 ,$105.06 ,$0.00 ,$0.00 ,$0.00 ,$105.06 ,$266.83 ,"$25,394.14 "
"3535 West Loop 820 South  Fort Worth, TX 76116",Buick,Auto - Buick Plant - New - E,2/19/2026,145831,2/19/2026,9/19/2027,2026 Buick BUCK ENVIST,Automobile,BUCK ENVIST,KL47LBEP6TB145831,B36345,"$29,300.93 ","$29,300.93 ",$0.00 ,,"($29,300.93)",$0.00 ,"($29,300.93)",$0.00 ,$0.00 ,$0.00 ,$0.00 ,$0.00 ,$0.00 ,$80.82 ,$0.00 ,$0.00 ,$0.00 ,$80.82 ,$246.63 ,"$19,533.95 "
"3535 West Loop 820 South  Fort Worth, TX 76116",Buick,Auto - Buick Plant - New - E,2/19/2026,146572,2/19/2026,9/19/2027,2026 Buick BUCK ENVIST,Automobile,BUCK ENVIST,KL47LBEP2TB146572,B36350,"$29,300.93 ","$29,300.93 ",$0.00 ,,"($29,300.93)",$0.00 ,"($29,300.93)",$0.00 ,$0.00 ,$0.00 ,$0.00 ,$0.00 ,$0.00 ,$109.10 ,$0.00 ,$0.00 ,$0.00 ,$109.10 ,$274.91 ,"$26,370.84 "
"3535 West Loop 820 South  Fort Worth, TX 76116",Buick,Auto - Buick Plant - New - E,2/20/2026,146672,2/20/2026,9/20/2027,2026 Buick BUCK ENVIST,Automobile,BUCK ENVIST,KL47LBEP6TB146672,,"$29,300.93 ","$29,300.93 ",$0.00 ,,$0.00 ,$0.00 ,$0.00 ,"$29,300.93 ",$0.00 ,$0.00 ,$0.00 ,$0.00 ,$0.00 ,$121.23 ,$0.00 ,$0.00 ,$0.00 ,$121.23 ,$283.00 ,"$29,300.93 "
"3535 West Loop 820 South  Fort Worth, TX 76116",Buick,Auto - Buick Plant - New - E,2/13/2026,148521,2/13/2026,9/13/2027,2026 Buick BUCK ENVIST,Automobile,BUCK ENVIST,KL47LBEP6TB148521,,"$29,393.43 ","$29,393.43 ",$0.00 ,,$0.00 ,$0.00 ,$0.00 ,"$29,393.43 ",$0.00 ,$0.00 ,$0.00 ,$0.00 ,$0.00 ,$121.61 ,$0.00 ,$0.00 ,$0.00 ,$121.61 ,$312.29 ,"$29,393.43 "
"3535 West Loop 820 South  Fort Worth, TX 76116",Buick,Auto - Buick Plant - New - E,2/18/2026,149023,2/18/2026,9/18/2027,2026 Buick BUCK ENCOR G,Automobile,BUCK ENCOR G,KL4AMDSL6TB149023,,"$31,030.73 ","$31,030.73 ",$0.00 ,,$0.00 ,$0.00 ,$0.00 ,"$31,030.73 ",$0.00 ,$0.00 ,$0.00 ,$0.00 ,$0.00 ,$128.38 ,$0.00 ,$0.00 ,$0.00 ,$128.38 ,$308.27 ,"$31,030.73 "
"3535 West Loop 820 South  Fort Worth, TX 76116",Buick,Auto - Buick Plant - New - E,3/16/2026,149403,3/16/2026,10/16/2027,2026 Buick BUCK ENCOR G,Automobile,BUCK ENCOR G,KL4AMDSL5TB149403,,"$30,572.85 ","$30,572.85 ",$0.00 ,,$0.00 ,$0.00 ,$0.00 ,"$30,572.85 ",$0.00 ,$0.00 ,$0.00 ,$0.00 ,$0.00 ,$126.49 ,$0.00 ,$0.00 ,$0.00 ,$126.49 ,$193.99 ,"$30,572.85 "
"3535 West Loop 820 South  Fort Worth, TX 76116",Buick,Auto - Buick Plant - New - E,3/5/2026,150673,3/5/2026,10/5/2027,2026 Buick BUCK ENVIST,Automobile,BUCK ENVIST,KL47LBEP6TB150673,,"$29,851.30 ","$29,851.30 ",$0.00 ,,$0.00 ,$0.00 ,$0.00 ,"$29,851.30 ",$0.00 ,$0.00 ,$0.00 ,$0.00 ,$0.00 ,$123.50 ,$0.00 ,$0.00 ,$0.00 ,$123.50 ,$234.72 ,"$29,851.30 "
"3535 West Loop 820 South  Fort Worth, TX 76116",Buick,Auto - Buick Plant - New - E,2/13/2026,150695,2/13/2026,9/13/2027,2026 Buick BUCK ENVIST,Automobile,BUCK ENVIST,KL47LBEP5TB150695,,"$29,851.30 ","$29,851.30 ",$0.00 ,,$0.00 ,$0.00 ,$0.00 ,"$29,851.30 ",$0.00 ,$0.00 ,$0.00 ,$0.00 ,$0.00 ,$123.50 ,$0.00 ,$0.00 ,$0.00 ,$123.50 ,$317.16 ,"$29,851.30 "
"3535 West Loop 820 South  Fort Worth, TX 76116",Buick,Auto - Buick Plant - New - E,2/13/2026,150701,2/13/2026,9/13/2027,2026 Buick BUCK ENVIST,Automobile,BUCK ENVIST,KL47LBEP7TB150701,B36297,"$29,851.30 ","$29,851.30 ",$0.00 ,,$0.00 ,$0.00 ,$0.00 ,"$29,851.30 ",$0.00 ,$0.00 ,$0.00 ,$0.00 ,$0.00 ,$123.50 ,$0.00 ,$0.00 ,$0.00 ,$123.50 ,$317.16 ,"$29,851.30 "
"3535 West Loop 820 South  Fort Worth, TX 76116",Buick,Auto - Buick Plant - New - E,2/13/2026,151532,2/13/2026,9/13/2027,2026 Buick BUCK ENVIST,Automobile,BUCK ENVIST,KL47LBEP4TB151532,,"$29,851.30 ","$29,851.30 ",$0.00 ,,$0.00 ,$0.00 ,$0.00 ,"$29,851.30 ",$0.00 ,$0.00 ,$0.00 ,$0.00 ,$0.00 ,$123.50 ,$0.00 ,$0.00 ,$0.00 ,$123.50 ,$317.16 ,"$29,851.30 "
"3535 West Loop 820 South  Fort Worth, TX 76116",Buick,Auto - Buick Plant - New - E,3/16/2026,152291,3/16/2026,10/16/2027,2026 Buick BUCK ENCOR G,Automobile,BUCK ENCOR G,KL4AMDSL2TB152291,B36594,"$31,030.73 ","$31,030.73 ",$0.00 ,,"($31,030.73)",$0.00 ,"($31,030.73)",$0.00 ,$0.00 ,$0.00 ,$0.00 ,$0.00 ,$0.00 ,$119.83 ,$0.00 ,$0.00 ,$0.00 ,$119.83 ,$188.34 ,"$28,962.01 "
"3535 West Loop 820 South  Fort Worth, TX 76116",Buick,Auto - Buick Plant - New - E,3/16/2026,152552,3/16/2026,10/16/2027,2026 Buick BUCK ENCOR G,Automobile,BUCK ENCOR G,KL4AMDSL4TB152552,,"$31,030.73 ","$31,030.73 ",$0.00 ,,$0.00 ,$0.00 ,$0.00 ,"$31,030.73 ",$0.00 ,$0.00 ,$0.00 ,$0.00 ,$0.00 ,$128.38 ,$0.00 ,$0.00 ,$0.00 ,$128.38 ,$196.89 ,"$31,030.73 "
"3535 West Loop 820 South  Fort Worth, TX 76116",Buick,Auto - Buick Plant - New - E,3/6/2026,152568,3/6/2026,10/6/2027,2026 Buick BUCK ENCOR G,Automobile,BUCK ENCOR G,KL4AMDSL8TB152568,B36483,"$31,030.73 ","$31,030.73 ",$0.00 ,,"($31,030.73)",$0.00 ,"($31,030.73)",$0.00 ,$0.00 ,$0.00 ,$0.00 ,$0.00 ,$0.00 ,$89.87 ,$0.00 ,$0.00 ,$0.00 ,$89.87 ,$201.20 ,"$21,721.51 "
"3535 West Loop 820 South  Fort Worth, TX 76116",Buick,Auto - Buick Plant - New - E,3/6/2026,152771,3/6/2026,10/6/2027,2026 Buick BUCK ENCOR G,Automobile,BUCK ENCOR G,KL4AMDSL5TB152771,,"$31,030.73 ","$31,030.73 ",$0.00 ,,"($31,030.73)",$0.00 ,"($31,030.73)",$0.00 ,$0.00 ,$0.00 ,$0.00 ,$0.00 ,$0.00 ,$68.47 ,$0.00 ,$0.00 ,$0.00 ,$68.47 ,$179.80 ,"$16,549.72 "
"3535 West Loop 820 South  Fort Worth, TX 76116",Buick,Auto - Buick Plant - New - E,3/16/2026,152920,3/16/2026,10/16/2027,2026 Buick BUCK ENVIST,Automobile,BUCK ENVIST,KL47LBEP7TB152920,,"$29,393.43 ","$29,393.43 ",$0.00 ,,$0.00 ,$0.00 ,$0.00 ,"$29,393.43 ",$0.00 ,$0.00 ,$0.00 ,$0.00 ,$0.00 ,$121.61 ,$0.00 ,$0.00 ,$0.00 ,$121.61 ,$186.51 ,"$29,393.43 "
"3535 West Loop 820 South  Fort Worth, TX 76116",Buick,Auto - Buick Plant - New - E,3/16/2026,152921,3/16/2026,10/16/2027,2026 Buick BUCK ENVIST,Automobile,BUCK ENVIST,KL47LBEP9TB152921,,"$29,393.43 ","$29,393.43 ",$0.00 ,,$0.00 ,$0.00 ,$0.00 ,"$29,393.43 ",$0.00 ,$0.00 ,$0.00 ,$0.00 ,$0.00 ,$121.61 ,$0.00 ,$0.00 ,$0.00 ,$121.61 ,$186.51 ,"$29,393.43 "
"3535 West Loop 820 South  Fort Worth, TX 76116",Buick,Auto - Buick Plant - New - E,3/6/2026,152945,3/6/2026,10/6/2027,2026 Buick BUCK ENVIST,Automobile,BUCK ENVIST,KL47LBEP1TB152945,,"$29,393.43 ","$29,393.43 ",$0.00 ,,$0.00 ,$0.00 ,$0.00 ,"$29,393.43 ",$0.00 ,$0.00 ,$0.00 ,$0.00 ,$0.00 ,$121.61 ,$0.00 ,$0.00 ,$0.00 ,$121.61 ,$227.07 ,"$29,393.43 "
"3535 West Loop 820 South  Fort Worth, TX 76116",Buick,Auto - Buick Plant - New - E,3/6/2026,153059,3/6/2026,10/6/2027,2026 Buick BUCK ENCOR G,Automobile,BUCK ENCOR G,KL4AMDSL3TB153059,,"$30,110.35 ","$30,110.35 ",$0.00 ,,$0.00 ,$0.00 ,$0.00 ,"$30,110.35 ",$0.00 ,$0.00 ,$0.00 ,$0.00 ,$0.00 ,$124.58 ,$0.00 ,$0.00 ,$0.00 ,$124.58 ,$232.61 ,"$30,110.35 "
"3535 West Loop 820 South  Fort Worth, TX 76116",Buick,Auto - Buick Plant - New - E,3/6/2026,153336,3/6/2026,10/6/2027,2026 Buick BUCK ENCOR G,Automobile,BUCK ENCOR G,KL4AMDSL3TB153336,,"$30,110.35 ","$30,110.35 ",$0.00 ,,$0.00 ,$0.00 ,$0.00 ,"$30,110.35 ",$0.00 ,$0.00 ,$0.00 ,$0.00 ,$0.00 ,$124.58 ,$0.00 ,$0.00 ,$0.00 ,$124.58 ,$232.61 ,"$30,110.35 "
"3535 West Loop 820 South  Fort Worth, TX 76116",Buick,Auto - Buick Plant - New - E,3/6/2026,153635,3/6/2026,10/6/2027,2026 Buick BUCK ENCOR G,Automobile,BUCK ENCOR G,KL4AMDSL2TB153635,,"$29,652.48 ","$29,652.48 ",$0.00 ,,$0.00 ,$0.00 ,$0.00 ,"$29,652.48 ",$0.00 ,$0.00 ,$0.00 ,$0.00 ,$0.00 ,$122.68 ,$0.00 ,$0.00 ,$0.00 ,$122.68 ,$229.07 ,"$29,652.48 "
"3535 West Loop 820 South  Fort Worth, TX 76116",Buick,Auto - Buick Plant - New - E,3/16/2026,154430,3/16/2026,10/16/2027,2026 Buick BUCK ENVIST,Automobile,BUCK ENVIST,KL47LBEP0TB154430,,"$29,851.30 ","$29,851.30 ",$0.00 ,,$0.00 ,$0.00 ,$0.00 ,"$29,851.30 ",$0.00 ,$0.00 ,$0.00 ,$0.00 ,$0.00 ,$123.50 ,$0.00 ,$0.00 ,$0.00 ,$123.50 ,$189.41 ,"$29,851.30 "
"3535 West Loop 820 South  Fort Worth, TX 76116",Buick,Auto - Buick Plant - New - E,3/6/2026,156107,3/6/2026,10/6/2027,2026 Buick BUCK ENCOR G,Automobile,BUCK ENCOR G,KL4AMDSL3TB156107,,"$30,110.35 ","$30,110.35 ",$0.00 ,,$0.00 ,$0.00 ,$0.00 ,"$30,110.35 ",$0.00 ,$0.00 ,$0.00 ,$0.00 ,$0.00 ,$124.58 ,$0.00 ,$0.00 ,$0.00 ,$124.58 ,$232.61 ,"$30,110.35 "
"3535 West Loop 820 South  Fort Worth, TX 76116",Buick,Auto - Buick Plant - New - E,3/19/2026,156121,3/19/2026,10/19/2027,2026 Buick BUCK ENCOR G,Automobile,BUCK ENCOR G,KL4AMDSL8TB156121,,"$30,110.35 ","$30,110.35 ",$0.00 ,,$0.00 ,$0.00 ,$0.00 ,"$30,110.35 ",$0.00 ,$0.00 ,$0.00 ,$0.00 ,$0.00 ,$124.58 ,$0.00 ,$0.00 ,$0.00 ,$124.58 ,$178.59 ,"$30,110.35 "
"3535 West Loop 820 South  Fort Worth, TX 76116",Buick,Auto - Buick Plant - New - E,3/19/2026,156338,3/19/2026,10/19/2027,2026 Buick BUCK ENCOR G,Automobile,BUCK ENCOR G,KL4AMDSL0TB156338,,"$30,110.35 ","$30,110.35 ",$0.00 ,,$0.00 ,$0.00 ,$0.00 ,"$30,110.35 ",$0.00 ,$0.00 ,$0.00 ,$0.00 ,$0.00 ,$124.58 ,$0.00 ,$0.00 ,$0.00 ,$124.58 ,$178.59 ,"$30,110.35 "
"3535 West Loop 820 South  Fort Worth, TX 76116",Buick,Auto - Buick Plant - New - E,3/16/2026,156355,3/16/2026,10/16/2027,2026 Buick BUCK ENCOR G,Automobile,BUCK ENCOR G,KL4AMDSL0TB156355,,"$30,110.35 ","$30,110.35 ",$0.00 ,,$0.00 ,$0.00 ,$0.00 ,"$30,110.35 ",$0.00 ,$0.00 ,$0.00 ,$0.00 ,$0.00 ,$124.58 ,$0.00 ,$0.00 ,$0.00 ,$124.58 ,$191.06 ,"$30,110.35 "
"3535 West Loop 820 South  Fort Worth, TX 76116",Buick,Auto - Buick Plant - New - E,3/16/2026,157054,3/16/2026,10/16/2027,2026 Buick BUCK ENCOR G,Automobile,BUCK ENCOR G,KL4AMDSL2TB157054,,"$30,110.35 ","$30,110.35 ",$0.00 ,,$0.00 ,$0.00 ,$0.00 ,"$30,110.35 ",$0.00 ,$0.00 ,$0.00 ,$0.00 ,$0.00 ,$124.58 ,$0.00 ,$0.00 ,$0.00 ,$124.58 ,$191.06 ,"$30,110.35 "
"3535 West Loop 820 South  Fort Worth, TX 76116",Buick,Auto - Buick Plant - New - E,3/19/2026,157089,3/19/2026,10/19/2027,2026 Buick BUCK ENCOR G,Automobile,BUCK ENCOR G,KL4AMDSLXTB157089,,"$30,110.35 ","$30,110.35 ",$0.00 ,,$0.00 ,$0.00 ,$0.00 ,"$30,110.35 ",$0.00 ,$0.00 ,$0.00 ,$0.00 ,$0.00 ,$124.58 ,$0.00 ,$0.00 ,$0.00 ,$124.58 ,$178.59 ,"$30,110.35 "
"3535 West Loop 820 South  Fort Worth, TX 76116",Buick,Auto - Buick Plant - New - E,3/16/2026,157374,3/16/2026,10/16/2027,2026 Buick BUCK ENCOR G,Automobile,BUCK ENCOR G,KL4AMDSL9TB157374,,"$30,110.35 ","$30,110.35 ",$0.00 ,,$0.00 ,$0.00 ,$0.00 ,"$30,110.35 ",$0.00 ,$0.00 ,$0.00 ,$0.00 ,$0.00 ,$124.58 ,$0.00 ,$0.00 ,$0.00 ,$124.58 ,$191.06 ,"$30,110.35 "
"3535 West Loop 820 South  Fort Worth, TX 76116",Buick,Auto - Buick Plant - New - E,2/23/2026,157842,2/23/2026,9/23/2027,2026 Buick BUCK ENCOR G,Automobile,BUCK ENCOR G,KL4AMDSL5TB157842,B36372,"$30,110.35 ","$30,110.35 ",$0.00 ,,"($30,110.35)",$0.00 ,"($30,110.35)",$0.00 ,$0.00 ,$0.00 ,$0.00 ,$0.00 ,$0.00 ,$87.20 ,$0.00 ,$0.00 ,$0.00 ,$87.20 ,$240.96 ,"$21,077.24 "
"3535 West Loop 820 South  Fort Worth, TX 76116",Buick,Auto - Buick Plant - New - E,2/26/2026,158808,2/26/2026,9/26/2027,2026 Buick BUCK ENCOR G,Automobile,BUCK ENCOR G,KL4AMDSLXTB158808,,"$29,652.48 ","$29,652.48 ",$0.00 ,,$0.00 ,$0.00 ,$0.00 ,"$29,652.48 ",$0.00 ,$0.00 ,$0.00 ,$0.00 ,$0.00 ,$122.68 ,$0.00 ,$0.00 ,$0.00 ,$122.68 ,$261.80 ,"$29,652.48 "
"3535 West Loop 820 South  Fort Worth, TX 76116",Buick,Auto - Buick Plant - New - E,9/23/2025,158907,9/23/2025,4/23/2027,2026 Buick BUCK ENCLV P,Automobile,BUCK ENCLV P,5GAERAKS4TJ158907,B35406,"$47,374.15 ","$47,374.15 ",$0.00 ,,$0.00 ,$0.00 ,$0.00 ,"$47,374.15 ",$0.00 ,$0.00 ,$0.00 ,$0.00 ,$0.00 ,$196.00 ,$0.00 ,$0.00 ,$0.00 ,$196.00 ,"$1,486.51 ","$47,374.15 "
"3535 West Loop 820 South  Fort Worth, TX 76116",Buick,Auto - Buick Plant - New - E,2/23/2026,160330,2/23/2026,9/23/2027,2026 Buick BUCK ENVIST,Automobile,BUCK ENVIST,KL47LBEP4TB160330,,"$29,300.93 ","$29,300.93 ",$0.00 ,,$0.00 ,$0.00 ,$0.00 ,"$29,300.93 ",$0.00 ,$0.00 ,$0.00 ,$0.00 ,$0.00 ,$121.23 ,$0.00 ,$0.00 ,$0.00 ,$121.23 ,$270.86 ,"$29,300.93 "
"3535 West Loop 820 South  Fort Worth, TX 76116",Buick,Auto - Buick Plant - New - E,2/23/2026,160471,2/23/2026,9/23/2027,2026 Buick BUCK ENVIST,Automobile,BUCK ENVIST,KL47LBEP0TB160471,,"$28,843.05 ","$28,843.05 ",$0.00 ,,$0.00 ,$0.00 ,$0.00 ,"$28,843.05 ",$0.00 ,$0.00 ,$0.00 ,$0.00 ,$0.00 ,$119.33 ,$0.00 ,$0.00 ,$0.00 ,$119.33 ,$266.61 ,"$28,843.05 "
"3535 West Loop 820 South  Fort Worth, TX 76116",Buick,Auto - Buick Plant - New - E,2/23/2026,160590,2/23/2026,9/23/2027,2026 Buick BUCK ENVIST,Automobile,BUCK ENVIST,KL47LBEP8TB160590,,"$28,843.05 ","$28,843.05 ",$0.00 ,,$0.00 ,$0.00 ,$0.00 ,"$28,843.05 ",$0.00 ,$0.00 ,$0.00 ,$0.00 ,$0.00 ,$119.33 ,$0.00 ,$0.00 ,$0.00 ,$119.33 ,$266.61 ,"$28,843.05 "
"3535 West Loop 820 South  Fort Worth, TX 76116",Buick,Auto - Buick Plant - New - E,4/2/2026,163741,4/2/2026,11/2/2027,2026 Buick BUCK ENVIST,Automobile,BUCK ENVIST,KL47LBEP7TB163741,,"$28,843.05 ",$0.00 ,"$28,843.05 ",4/2/2026,$0.00 ,$0.00 ,"$28,843.05 ","$28,843.05 ",$0.00 ,$0.00 ,$0.00 ,$0.00 ,$0.00 ,$115.36 ,$0.00 ,$0.00 ,$0.00 ,$115.36 ,$115.36 ,"$27,881.62 "
"3535 West Loop 820 South  Fort Worth, TX 76116",Buick,Auto - Buick Plant - New - E,2/27/2026,164519,2/27/2026,9/27/2027,2026 Buick BUCK ENVIST,Automobile,BUCK ENVIST,KL47LBEP0TB164519,,"$29,300.93 ","$29,300.93 ",$0.00 ,,$0.00 ,$0.00 ,$0.00 ,"$29,300.93 ",$0.00 ,$0.00 ,$0.00 ,$0.00 ,$0.00 ,$121.23 ,$0.00 ,$0.00 ,$0.00 ,$121.23 ,$254.67 ,"$29,300.93 "
"3535 West Loop 820 South  Fort Worth, TX 76116",Buick,Auto - Buick Plant - New - E,2/27/2026,164693,2/27/2026,9/27/2027,2026 Buick BUCK ENVIST,Automobile,BUCK ENVIST,KL47LBEP5TB164693,,"$29,851.30 ","$29,851.30 ",$0.00 ,,"($29,851.30)",$0.00 ,"($29,851.30)",$0.00 ,$0.00 ,$0.00 ,$0.00 ,$0.00 ,$0.00 ,$65.87 ,$0.00 ,$0.00 ,$0.00 ,$65.87 ,$201.81 ,"$15,920.69 "
"3535 West Loop 820 South  Fort Worth, TX 76116",Buick,Auto - Buick Plant - New - E,9/29/2025,165310,9/29/2025,4/29/2027,2026 Buick BUCK ENCLV P,Automobile,BUCK ENCLV P,5GAERAKS4TJ165310,B35447,"$49,434.10 ","$49,434.10 ",$0.00 ,,$0.00 ,$0.00 ,$0.00 ,"$49,434.10 ",$0.00 ,$0.00 ,$0.00 ,$0.00 ,$0.00 ,$204.53 ,$0.00 ,$0.00 ,$0.00 ,$204.53 ,"$1,505.16 ","$49,434.10 "
"3535 West Loop 820 South  Fort Worth, TX 76116",Buick,Auto - Buick Plant - New - E,2/27/2026,166157,2/27/2026,9/27/2027,2026 Buick BUCK ENCOR G,Automobile,BUCK ENCOR G,KL4AMDSL2TB166157,,"$29,559.98 ","$29,559.98 ",$0.00 ,,$0.00 ,$0.00 ,$0.00 ,"$29,559.98 ",$0.00 ,$0.00 ,$0.00 ,$0.00 ,$0.00 ,$122.30 ,$0.00 ,$0.00 ,$0.00 ,$122.30 ,$256.91 ,"$29,559.98 "
"3535 West Loop 820 South  Fort Worth, TX 76116",Buick,Auto - Buick Plant - New - E,2/27/2026,166493,2/27/2026,9/27/2027,2026 Buick BUCK ENCOR G,Automobile,BUCK ENCOR G,KL4AMDSL7TB166493,B36391,"$31,030.73 ","$31,030.73 ",$0.00 ,,"($31,030.73)",$0.00 ,"($31,030.73)",$0.00 ,$0.00 ,$0.00 ,$0.00 ,$0.00 ,$0.00 ,$115.55 ,$0.00 ,$0.00 ,$0.00 ,$115.55 ,$256.87 ,"$27,927.66 "
"3535 West Loop 820 South  Fort Worth, TX 76116",Buick,Auto - Buick Plant - New - E,2/27/2026,166626,2/27/2026,9/27/2027,2026 Buick BUCK ENCOR G,Automobile,BUCK ENCOR G,KL4AMDSL0TB166626,,"$31,030.73 ","$31,030.73 ",$0.00 ,,$0.00 ,$0.00 ,$0.00 ,"$31,030.73 ",$0.00 ,$0.00 ,$0.00 ,$0.00 ,$0.00 ,$128.38 ,$0.00 ,$0.00 ,$0.00 ,$128.38 ,$269.70 ,"$31,030.73 "
"3535 West Loop 820 South  Fort Worth, TX 76116",Buick,Auto - Buick Plant - New - E,2/27/2026,166705,2/27/2026,9/27/2027,2026 Buick BUCK ENVIST,Automobile,BUCK ENVIST,KL47LBEP7TB166705,,"$29,393.43 ","$29,393.43 ",$0.00 ,,$0.00 ,$0.00 ,$0.00 ,"$29,393.43 ",$0.00 ,$0.00 ,$0.00 ,$0.00 ,$0.00 ,$121.61 ,$0.00 ,$0.00 ,$0.00 ,$121.61 ,$255.47 ,"$29,393.43 "
"3535 West Loop 820 South  Fort Worth, TX 76116",Buick,Auto - Buick Plant - New - E,2/27/2026,166755,2/27/2026,9/27/2027,2026 Buick BUCK ENVIST,Automobile,BUCK ENVIST,KL47LBEP0TB166755,,"$29,393.43 ","$29,393.43 ",$0.00 ,,$0.00 ,$0.00 ,$0.00 ,"$29,393.43 ",$0.00 ,$0.00 ,$0.00 ,$0.00 ,$0.00 ,$121.61 ,$0.00 ,$0.00 ,$0.00 ,$121.61 ,$255.47 ,"$29,393.43 "
"3535 West Loop 820 South  Fort Worth, TX 76116",Buick,Auto - Buick Plant - New - E,3/13/2026,167296,3/13/2026,10/13/2027,2026 Buick BUCK ENCOR G,Automobile,BUCK ENCOR G,KL4AMDSLXTB167296,B36516,"$30,017.85 ","$30,017.85 ",$0.00 ,,"($30,017.85)",$0.00 ,"($30,017.85)",$0.00 ,$0.00 ,$0.00 ,$0.00 ,$0.00 ,$0.00 ,$33.12 ,$0.00 ,$0.00 ,$0.00 ,$33.12 ,$111.82 ,"$8,004.76 "
"3535 West Loop 820 South  Fort Worth, TX 76116",Buick,Auto - Buick Plant - New - E,2/27/2026,167370,2/27/2026,9/27/2027,2026 Buick BUCK ENVIST,Automobile,BUCK ENVIST,KL47LAEP4TB167370,,"$28,475.30 ","$28,475.30 ",$0.00 ,,$0.00 ,$0.00 ,$0.00 ,"$28,475.30 ",$0.00 ,$0.00 ,$0.00 ,$0.00 ,$0.00 ,$117.81 ,$0.00 ,$0.00 ,$0.00 ,$117.81 ,$247.48 ,"$28,475.30 "
"3535 West Loop 820 South  Fort Worth, TX 76116",Buick,Auto - Buick Plant - New - E,2/27/2026,167754,2/27/2026,9/27/2027,2026 Buick BUCK ENVIST,Automobile,BUCK ENVIST,KL47LAEP0TB167754,,"$28,475.30 ","$28,475.30 ",$0.00 ,,$0.00 ,$0.00 ,$0.00 ,"$28,475.30 ",$0.00 ,$0.00 ,$0.00 ,$0.00 ,$0.00 ,$117.81 ,$0.00 ,$0.00 ,$0.00 ,$117.81 ,$247.48 ,"$28,475.30 "
"3535 West Loop 820 South  Fort Worth, TX 76116",Buick,Auto - Buick Plant - New - E,2/27/2026,167810,2/27/2026,9/27/2027,2026 Buick BUCK ENVIST,Automobile,BUCK ENVIST,KL47LBEP9TB167810,,"$29,851.30 ","$29,851.30 ",$0.00 ,,$0.00 ,$0.00 ,$0.00 ,"$29,851.30 ",$0.00 ,$0.00 ,$0.00 ,$0.00 ,$0.00 ,$123.50 ,$0.00 ,$0.00 ,$0.00 ,$123.50 ,$259.44 ,"$29,851.30 "
"3535 West Loop 820 South  Fort Worth, TX 76116",Buick,Auto - Buick Plant - New - E,2/27/2026,167811,2/27/2026,9/27/2027,2026 Buick BUCK ENVIST,Automobile,BUCK ENVIST,KL47LBEP0TB167811,,"$29,851.30 ","$29,851.30 ",$0.00 ,,$0.00 ,$0.00 ,$0.00 ,"$29,851.30 ",$0.00 ,$0.00 ,$0.00 ,$0.00 ,$0.00 ,$123.50 ,$0.00 ,$0.00 ,$0.00 ,$123.50 ,$259.44 ,"$29,851.30 "
"3535 West Loop 820 South  Fort Worth, TX 76116",Buick,Auto - Buick Plant - New - E,2/27/2026,167846,2/27/2026,9/27/2027,2026 Buick BUCK ENVIST,Automobile,BUCK ENVIST,KL47LBEP8TB167846,,"$29,851.30 ","$29,851.30 ",$0.00 ,,$0.00 ,$0.00 ,$0.00 ,"$29,851.30 ",$0.00 ,$0.00 ,$0.00 ,$0.00 ,$0.00 ,$123.50 ,$0.00 ,$0.00 ,$0.00 ,$123.50 ,$259.44 ,"$29,851.30 "
"3535 West Loop 820 South  Fort Worth, TX 76116",Buick,Auto - Buick Plant - New - E,2/27/2026,167859,2/27/2026,9/27/2027,2026 Buick BUCK ENVIST,Automobile,BUCK ENVIST,KL47LBEP6TB167859,B36417,"$29,851.30 ","$29,851.30 ",$0.00 ,,"($29,851.30)",$0.00 ,"($29,851.30)",$0.00 ,$0.00 ,$0.00 ,$0.00 ,$0.00 ,$0.00 ,$119.39 ,$0.00 ,$0.00 ,$0.00 ,$119.39 ,$255.33 ,"$28,856.26 "
"3535 West Loop 820 South  Fort Worth, TX 76116",Buick,Auto - Buick Plant - New - E,2/27/2026,167884,2/27/2026,9/27/2027,2026 Buick BUCK ENCOR G,Automobile,BUCK ENCOR G,KL4AMDSL5TB167884,,"$29,559.98 ","$29,559.98 ",$0.00 ,,$0.00 ,$0.00 ,$0.00 ,"$29,559.98 ",$0.00 ,$0.00 ,$0.00 ,$0.00 ,$0.00 ,$122.30 ,$0.00 ,$0.00 ,$0.00 ,$122.30 ,$256.91 ,"$29,559.98 "
"3535 West Loop 820 South  Fort Worth, TX 76116",Buick,Auto - Buick Plant - New - E,2/27/2026,168287,2/27/2026,9/27/2027,2026 Buick BUCK ENCOR G,Automobile,BUCK ENCOR G,KL4AMDSL3TB168287,B36396,"$29,559.98 ","$29,559.98 ",$0.00 ,,"($29,559.98)",$0.00 ,"($29,559.98)",$0.00 ,$0.00 ,$0.00 ,$0.00 ,$0.00 ,$0.00 ,$36.69 ,$0.00 ,$0.00 ,$0.00 ,$36.69 ,$171.30 ,"$8,867.99 "
"3535 West Loop 820 South  Fort Worth, TX 76116",Buick,Auto - Buick Plant - New - E,2/27/2026,168392,2/27/2026,9/27/2027,2026 Buick BUCK ENVIST,Automobile,BUCK ENVIST,KL47LBEP0TB168392,,"$29,851.30 ","$29,851.30 ",$0.00 ,,$0.00 ,$0.00 ,$0.00 ,"$29,851.30 ",$0.00 ,$0.00 ,$0.00 ,$0.00 ,$0.00 ,$123.50 ,$0.00 ,$0.00 ,$0.00 ,$123.50 ,$259.44 ,"$29,851.30 "
"3535 West Loop 820 South  Fort Worth, TX 76116",Buick,Auto - Buick Plant - New - E,2/27/2026,168540,2/27/2026,9/27/2027,2026 Buick BUCK ENVIST,Automobile,BUCK ENVIST,KL47LAEP8TB168540,,"$28,017.43 ","$28,017.43 ",$0.00 ,,$0.00 ,$0.00 ,$0.00 ,"$28,017.43 ",$0.00 ,$0.00 ,$0.00 ,$0.00 ,$0.00 ,$115.92 ,$0.00 ,$0.00 ,$0.00 ,$115.92 ,$243.52 ,"$28,017.43 "
"3535 West Loop 820 South  Fort Worth, TX 76116",Buick,Auto - Buick Plant - New - E,2/27/2026,168621,2/27/2026,9/27/2027,2026 Buick BUCK ENVIST,Automobile,BUCK ENVIST,KL47LBEP0TB168621,,"$29,393.43 ","$29,393.43 ",$0.00 ,,$0.00 ,$0.00 ,$0.00 ,"$29,393.43 ",$0.00 ,$0.00 ,$0.00 ,$0.00 ,$0.00 ,$121.61 ,$0.00 ,$0.00 ,$0.00 ,$121.61 ,$255.47 ,"$29,393.43 "
"3535 West Loop 820 South  Fort Worth, TX 76116",Buick,Auto - Buick Plant - New - E,1/22/2025,168742,1/22/2025,8/22/2026,2025 Buick BUCK ENCLV P,Automobile,BUCK ENCLV P,5GAERARS9SJ168742,B33974,"$45,245.00 ","$36,196.00 ",$0.00 ,,"($4,524.50)",$0.00 ,"($4,524.50)","$31,671.50 ","$4,524.50 ",$0.00 ,$0.00 ,$0.00 ,"$4,524.50 ",$138.52 ,$0.00 ,$0.00 ,$0.00 ,$138.52 ,"$3,051.80 ","$33,481.30 "
"3535 West Loop 820 South  Fort Worth, TX 76116",Buick,Auto - Buick Plant - New - E,3/13/2026,169327,3/13/2026,10/13/2027,2026 Buick BUCK ENCOR G,Automobile,BUCK ENCOR G,KL4AMDSL5TB169327,B36471,"$30,017.85 ","$30,017.85 ",$0.00 ,,"($30,017.85)",$0.00 ,"($30,017.85)",$0.00 ,$0.00 ,$0.00 ,$0.00 ,$0.00 ,$0.00 ,$53.82 ,$0.00 ,$0.00 ,$0.00 ,$53.82 ,$132.52 ,"$13,007.73 "
"3535 West Loop 820 South  Fort Worth, TX 76116",Buick,Auto - Buick Plant - New - E,3/13/2026,169328,3/13/2026,10/13/2027,2026 Buick BUCK ENCOR G,Automobile,BUCK ENCOR G,KL4AMDSL7TB169328,B36658,"$30,017.85 ","$30,017.85 ",$0.00 ,,"($30,017.85)",$0.00 ,"($30,017.85)",$0.00 ,$0.00 ,$0.00 ,$0.00 ,$0.00 ,$0.00 ,$111.77 ,$0.00 ,$0.00 ,$0.00 ,$111.77 ,$190.47 ,"$27,016.06 "
"3535 West Loop 820 South  Fort Worth, TX 76116",Buick,Auto - Buick Plant - New - E,3/13/2026,169756,3/13/2026,10/13/2027,2026 Buick BUCK ENVIST,Automobile,BUCK ENVIST,KL47LBEP6TB169756,,"$29,393.43 ","$29,393.43 ",$0.00 ,,$0.00 ,$0.00 ,$0.00 ,"$29,393.43 ",$0.00 ,$0.00 ,$0.00 ,$0.00 ,$0.00 ,$121.61 ,$0.00 ,$0.00 ,$0.00 ,$121.61 ,$198.67 ,"$29,393.43 "
"3535 West Loop 820 South  Fort Worth, TX 76116",Buick,Auto - Buick Plant - New - E,3/13/2026,169870,3/13/2026,10/13/2027,2026 Buick BUCK ENCOR G,Automobile,BUCK ENCOR G,KL4AMDSL4TB169870,,"$30,572.85 ","$30,572.85 ",$0.00 ,,$0.00 ,$0.00 ,$0.00 ,"$30,572.85 ",$0.00 ,$0.00 ,$0.00 ,$0.00 ,$0.00 ,$126.49 ,$0.00 ,$0.00 ,$0.00 ,$126.49 ,$206.65 ,"$30,572.85 "
"3535 West Loop 820 South  Fort Worth, TX 76116",Buick,Auto - Buick Plant - New - E,3/13/2026,169942,3/13/2026,10/13/2027,2026 Buick BUCK ENCOR G,Automobile,BUCK ENCOR G,KL4AMDSL3TB169942,,"$29,559.98 ","$29,559.98 ",$0.00 ,,$0.00 ,$0.00 ,$0.00 ,"$29,559.98 ",$0.00 ,$0.00 ,$0.00 ,$0.00 ,$0.00 ,$122.30 ,$0.00 ,$0.00 ,$0.00 ,$122.30 ,$199.80 ,"$29,559.98 "
"3535 West Loop 820 South  Fort Worth, TX 76116",Buick,Auto - Buick Plant - New - E,3/13/2026,169962,3/13/2026,10/13/2027,2026 Buick BUCK ENCOR G,Automobile,BUCK ENCOR G,KL4AMDSL9TB169962,B36482,"$30,017.85 ","$30,017.85 ",$0.00 ,,"($30,017.85)",$0.00 ,"($30,017.85)",$0.00 ,$0.00 ,$0.00 ,$0.00 ,$0.00 ,$0.00 ,$4.14 ,$0.00 ,$0.00 ,$0.00 ,$4.14 ,$82.84 ,"$1,000.59 "
"3535 West Loop 820 South  Fort Worth, TX 76116",Buick,Auto - Buick Plant - New - E,3/13/2026,170149,3/13/2026,10/13/2027,2026 Buick BUCK ENCOR G,Automobile,BUCK ENCOR G,KL4AMDSL1TB170149,B36514,"$30,017.85 ","$30,017.85 ",$0.00 ,,$0.00 ,$0.00 ,$0.00 ,"$30,017.85 ",$0.00 ,$0.00 ,$0.00 ,$0.00 ,$0.00 ,$124.19 ,$0.00 ,$0.00 ,$0.00 ,$124.19 ,$202.89 ,"$30,017.85 "
"3535 West Loop 820 South  Fort Worth, TX 76116",Buick,Auto - Buick Plant - New - E,3/13/2026,170155,3/13/2026,10/13/2027,2026 Buick BUCK ENCOR G,Automobile,BUCK ENCOR G,KL4AMDSL7TB170155,,"$29,559.98 ","$29,559.98 ",$0.00 ,,$0.00 ,$0.00 ,$0.00 ,"$29,559.98 ",$0.00 ,$0.00 ,$0.00 ,$0.00 ,$0.00 ,$122.30 ,$0.00 ,$0.00 ,$0.00 ,$122.30 ,$199.80 ,"$29,559.98 "
"3535 West Loop 820 South  Fort Worth, TX 76116",Buick,Auto - Buick Plant - New - E,4/2/2026,170162,4/2/2026,11/2/2027,2026 Buick BUCK ENCOR G,Automobile,BUCK ENCOR G,KL4AMDSL4TB170162,B36704,"$30,017.85 ",$0.00 ,"$30,017.85 ",4/2/2026,"($30,017.85)",$0.00 ,$0.00 ,$0.00 ,$0.00 ,$0.00 ,$0.00 ,$0.00 ,$0.00 ,$115.91 ,$0.00 ,$0.00 ,$0.00 ,$115.91 ,$115.91 ,"$28,016.66 "
"3535 West Loop 820 South  Fort Worth, TX 76116",Buick,Auto - Buick Plant - New - E,3/13/2026,170189,3/13/2026,10/13/2027,2026 Buick BUCK ENCOR G,Automobile,BUCK ENCOR G,KL4AMDSL2TB170189,,"$29,559.98 ","$29,559.98 ",$0.00 ,,$0.00 ,$0.00 ,$0.00 ,"$29,559.98 ",$0.00 ,$0.00 ,$0.00 ,$0.00 ,$0.00 ,$122.30 ,$0.00 ,$0.00 ,$0.00 ,$122.30 ,$199.80 ,"$29,559.98 "
"3535 West Loop 820 South  Fort Worth, TX 76116",Buick,Auto - Buick Plant - New - E,3/13/2026,170485,3/13/2026,10/13/2027,2026 Buick BUCK ENVIST,Automobile,BUCK ENVIST,KL47LAEP3TB170485,,"$28,475.30 ","$28,475.30 ",$0.00 ,,$0.00 ,$0.00 ,$0.00 ,"$28,475.30 ",$0.00 ,$0.00 ,$0.00 ,$0.00 ,$0.00 ,$117.81 ,$0.00 ,$0.00 ,$0.00 ,$117.81 ,$192.47 ,"$28,475.30 "
"3535 West Loop 820 South  Fort Worth, TX 76116",Buick,Auto - Buick Plant - New - E,3/13/2026,170499,3/13/2026,10/13/2027,2026 Buick BUCK ENVIST,Automobile,BUCK ENVIST,KL47LBEP6TB170499,,"$29,851.30 ","$29,851.30 ",$0.00 ,,$0.00 ,$0.00 ,$0.00 ,"$29,851.30 ",$0.00 ,$0.00 ,$0.00 ,$0.00 ,$0.00 ,$123.50 ,$0.00 ,$0.00 ,$0.00 ,$123.50 ,$201.77 ,"$29,851.30 "
"3535 West Loop 820 South  Fort Worth, TX 76116",Buick,Auto - Buick Plant - New - E,3/13/2026,170513,3/13/2026,10/13/2027,2026 Buick BUCK ENVIST,Automobile,BUCK ENVIST,KL47LBEP7TB170513,,"$29,851.30 ","$29,851.30 ",$0.00 ,,$0.00 ,$0.00 ,$0.00 ,"$29,851.30 ",$0.00 ,$0.00 ,$0.00 ,$0.00 ,$0.00 ,$123.50 ,$0.00 ,$0.00 ,$0.00 ,$123.50 ,$201.77 ,"$29,851.30 "
"3535 West Loop 820 South  Fort Worth, TX 76116",Buick,Auto - Buick Plant - New - E,4/1/2026,171382,4/1/2026,11/1/2027,2026 Buick BUCK ENCOR G,Automobile,BUCK ENCOR G,KL4AMDSL1TB171382,B36721,"$30,017.85 ",$0.00 ,"$30,017.85 ",4/1/2026,"($30,017.85)",$0.00 ,$0.00 ,$0.00 ,$0.00 ,$0.00 ,$0.00 ,$0.00 ,$0.00 ,$82.80 ,$0.00 ,$0.00 ,$0.00 ,$82.80 ,$82.80 ,"$20,011.90 "
"3535 West Loop 820 South  Fort Worth, TX 76116",Buick,Auto - Buick Plant - New - E,4/2/2026,173461,4/2/2026,11/2/2027,2026 Buick BUCK ENCOR G,Automobile,BUCK ENCOR G,KL4AMDSL7TB173461,B36705,"$30,017.85 ",$0.00 ,"$30,017.85 ",4/2/2026,"($30,017.85)",$0.00 ,$0.00 ,$0.00 ,$0.00 ,$0.00 ,$0.00 ,$0.00 ,$0.00 ,$78.66 ,$0.00 ,$0.00 ,$0.00 ,$78.66 ,$78.66 ,"$19,011.30 "
"3535 West Loop 820 South  Fort Worth, TX 76116",Buick,Auto - Buick Plant - New - E,4/1/2026,174099,4/1/2026,11/1/2027,2026 Buick BUCK ENCOR G,Automobile,BUCK ENCOR G,KL4AMDSLXTB174099,,"$30,017.85 ",$0.00 ,"$30,017.85 ",4/1/2026,$0.00 ,$0.00 ,"$30,017.85 ","$30,017.85 ",$0.00 ,$0.00 ,$0.00 ,$0.00 ,$0.00 ,$124.19 ,$0.00 ,$0.00 ,$0.00 ,$124.19 ,$124.19 ,"$30,017.85 "
"3535 West Loop 820 South  Fort Worth, TX 76116",Buick,Auto - Buick Plant - New - E,10/14/2025,177843,10/14/2025,5/14/2027,2026 Buick BUCK ENCLV P,Automobile,BUCK ENCLV P,5GAERAKS0TJ177843,,"$49,434.10 ","$49,434.10 ",$0.00 ,,$0.00 ,$0.00 ,$0.00 ,"$49,434.10 ",$0.00 ,$0.00 ,$0.00 ,$0.00 ,$0.00 ,$204.53 ,$0.00 ,$0.00 ,$0.00 ,$204.53 ,"$1,392.82 ","$49,434.10 "
"3535 West Loop 820 South  Fort Worth, TX 76116",Buick,Auto - Buick Plant - New - E,3/25/2026,180966,3/25/2026,10/25/2027,2026 Buick BUCK ENVIST,Automobile,BUCK ENVIST,KL47LAEP3TB180966,,"$28,475.30 ","$28,475.30 ",$0.00 ,,$0.00 ,$0.00 ,$0.00 ,"$28,475.30 ",$0.00 ,$0.00 ,$0.00 ,$0.00 ,$0.00 ,$117.81 ,$0.00 ,$0.00 ,$0.00 ,$117.81 ,$145.32 ,"$28,475.30 "
"3535 West Loop 820 South  Fort Worth, TX 76116",Buick,Auto - Buick Plant - New - E,4/22/2026,189982,4/22/2026,11/22/2027,2026 Buick ENCLAVE,Automobile,ENCLAVE,5GAERAKS8TJ189982,B35718,"$48,000.00 ",$0.00 ,"$48,000.00 ",4/22/2026,$0.00 ,$0.00 ,"$48,000.00 ","$48,000.00 ",$0.00 ,$0.00 ,$0.00 ,$0.00 ,$0.00 ,$59.58 ,$0.00 ,$0.00 ,$0.00 ,$59.58 ,$59.58 ,"$14,400.00 "
"3535 West Loop 820 South  Fort Worth, TX 76116",Buick,Auto - Buick Plant - New - E,10/29/2025,191432,10/29/2025,5/29/2027,2026 Buick BUCK ENCLV P,Automobile,BUCK ENCLV P,5GAERAKS5TJ191432,B35717,"$49,434.10 ","$49,434.10 ",$0.00 ,,$0.00 ,$0.00 ,$0.00 ,"$49,434.10 ",$0.00 ,$0.00 ,$0.00 ,$0.00 ,$0.00 ,$204.53 ,$0.00 ,$0.00 ,$0.00 ,$204.53 ,"$1,280.89 ","$49,434.10 "
"3535 West Loop 820 South  Fort Worth, TX 76116",Buick,Auto - Buick Plant - New - E,11/4/2025,196442,11/4/2025,6/4/2027,2026 Buick BUCK ENCLV S,Automobile,BUCK ENCLV S,5GAERBKS3TJ196442,B35751,"$54,238.10 ","$54,238.10 ",$0.00 ,,$0.00 ,$0.00 ,$0.00 ,"$54,238.10 ",$0.00 ,$0.00 ,$0.00 ,$0.00 ,$0.00 ,$224.40 ,$0.00 ,$0.00 ,$0.00 ,$224.40 ,"$1,356.48 ","$54,238.10 "
"3535 West Loop 820 South  Fort Worth, TX 76116",Buick,Auto - Buick Plant - New - E,4/29/2026,201930,4/29/2026,11/29/2027,2026 Buick BUCK ENVIST,Automobile,BUCK ENVIST,KL47LBEP4TB201930,,"$27,464.80 ",$0.00 ,"$27,464.80 ",4/29/2026,$0.00 ,$0.00 ,"$27,464.80 ","$27,464.80 ",$0.00 ,$0.00 ,$0.00 ,$0.00 ,$0.00 ,$7.58 ,$0.00 ,$0.00 ,$0.00 ,$7.58 ,$7.58 ,"$1,830.99 "
"3535 West Loop 820 South  Fort Worth, TX 76116",Buick,Auto - Buick Plant - New - E,4/30/2026,203270,4/30/2026,11/30/2027,2026 Buick BUCK ENVIST,Automobile,BUCK ENVIST,KL47LBEP9TB203270,,"$27,922.68 ",$0.00 ,"$27,922.68 ",4/30/2026,$0.00 ,$0.00 ,"$27,922.68 ","$27,922.68 ",$0.00 ,$0.00 ,$0.00 ,$0.00 ,$0.00 ,$3.85 ,$0.00 ,$0.00 ,$0.00 ,$3.85 ,$3.85 ,$930.76 
"3535 West Loop 820 South  Fort Worth, TX 76116",Buick,Auto - Buick Plant - New - E,4/30/2026,203727,4/30/2026,11/30/2027,2026 Buick BUCK ENVIST,Automobile,BUCK ENVIST,KL47LBEP6TB203727,,"$27,922.68 ",$0.00 ,"$27,922.68 ",4/30/2026,$0.00 ,$0.00 ,"$27,922.68 ","$27,922.68 ",$0.00 ,$0.00 ,$0.00 ,$0.00 ,$0.00 ,$3.85 ,$0.00 ,$0.00 ,$0.00 ,$3.85 ,$3.85 ,$930.76 
"3535 West Loop 820 South  Fort Worth, TX 76116",Buick,Auto - Buick Plant - New - E,4/29/2026,204089,4/29/2026,11/29/2027,2026 Buick BUCK ENVIST,Automobile,BUCK ENVIST,KL47LBEP5TB204089,,"$27,464.80 ",$0.00 ,"$27,464.80 ",4/29/2026,$0.00 ,$0.00 ,"$27,464.80 ","$27,464.80 ",$0.00 ,$0.00 ,$0.00 ,$0.00 ,$0.00 ,$7.58 ,$0.00 ,$0.00 ,$0.00 ,$7.58 ,$7.58 ,"$1,830.99 "
"3535 West Loop 820 South  Fort Worth, TX 76116",Buick,Auto - Buick Plant - New - E,4/24/2026,205984,4/24/2026,11/24/2027,2026 Buick BUCK ENCOR G,Automobile,BUCK ENCOR G,KL4AMBSL8TB205984,,"$28,288.05 ",$0.00 ,"$28,288.05 ",4/24/2026,$0.00 ,$0.00 ,"$28,288.05 ","$28,288.05 ",$0.00 ,$0.00 ,$0.00 ,$0.00 ,$0.00 ,$27.31 ,$0.00 ,$0.00 ,$0.00 ,$27.31 ,$27.31 ,"$6,600.54 "
"3535 West Loop 820 South  Fort Worth, TX 76116",Buick,Auto - Buick Plant - New - E,4/27/2026,206938,4/27/2026,11/27/2027,2026 Buick BUCK ENCOR G,Automobile,BUCK ENCOR G,KL4AMDSL1TB206938,,"$28,819.98 ",$0.00 ,"$28,819.98 ",4/27/2026,$0.00 ,$0.00 ,"$28,819.98 ","$28,819.98 ",$0.00 ,$0.00 ,$0.00 ,$0.00 ,$0.00 ,$15.90 ,$0.00 ,$0.00 ,$0.00 ,$15.90 ,$15.90 ,"$3,842.66 "
"3535 West Loop 820 South  Fort Worth, TX 76116",Buick,Auto - Buick Plant - New - E,4/24/2026,206974,4/24/2026,11/24/2027,2026 Buick BUCK ENCOR G,Automobile,BUCK ENCOR G,KL4AMDSL5TB206974,,"$29,277.85 ",$0.00 ,"$29,277.85 ",4/24/2026,$0.00 ,$0.00 ,"$29,277.85 ","$29,277.85 ",$0.00 ,$0.00 ,$0.00 ,$0.00 ,$0.00 ,$28.26 ,$0.00 ,$0.00 ,$0.00 ,$28.26 ,$28.26 ,"$6,831.50 "
"3535 West Loop 820 South  Fort Worth, TX 76116",Buick,Auto - Buick Plant - New - E,4/27/2026,207234,4/27/2026,11/27/2027,2026 Buick BUCK ENCOR G,Automobile,BUCK ENCOR G,KL4AMBSL8TB207234,,"$28,288.05 ",$0.00 ,"$28,288.05 ",4/27/2026,$0.00 ,$0.00 ,"$28,288.05 ","$28,288.05 ",$0.00 ,$0.00 ,$0.00 ,$0.00 ,$0.00 ,$15.60 ,$0.00 ,$0.00 ,$0.00 ,$15.60 ,$15.60 ,"$3,771.74 "
"3535 West Loop 820 South  Fort Worth, TX 76116",Buick,Auto - Buick Plant - New - E,4/24/2026,207267,4/24/2026,11/24/2027,2026 Buick BUCK ENCOR G,Automobile,BUCK ENCOR G,KL4AMDSL7TB207267,,"$29,277.85 ",$0.00 ,"$29,277.85 ",4/24/2026,$0.00 ,$0.00 ,"$29,277.85 ","$29,277.85 ",$0.00 ,$0.00 ,$0.00 ,$0.00 ,$0.00 ,$28.26 ,$0.00 ,$0.00 ,$0.00 ,$28.26 ,$28.26 ,"$6,831.50 "
"3535 West Loop 820 South  Fort Worth, TX 76116",Buick,Auto - Buick Plant - New - E,4/27/2026,207349,4/27/2026,11/27/2027,2026 Buick BUCK ENCOR G,Automobile,BUCK ENCOR G,KL4AMBSL3TB207349,,"$27,830.18 ",$0.00 ,"$27,830.18 ",4/27/2026,$0.00 ,$0.00 ,"$27,830.18 ","$27,830.18 ",$0.00 ,$0.00 ,$0.00 ,$0.00 ,$0.00 ,$15.35 ,$0.00 ,$0.00 ,$0.00 ,$15.35 ,$15.35 ,"$3,710.69 "
"3535 West Loop 820 South  Fort Worth, TX 76116",Buick,Auto - Buick Plant - New - E,4/24/2026,207655,4/24/2026,11/24/2027,2026 Buick BUCK ENCOR G,Automobile,BUCK ENCOR G,KL4AMDSL5TB207655,,"$29,277.85 ",$0.00 ,"$29,277.85 ",4/24/2026,$0.00 ,$0.00 ,"$29,277.85 ","$29,277.85 ",$0.00 ,$0.00 ,$0.00 ,$0.00 ,$0.00 ,$28.26 ,$0.00 ,$0.00 ,$0.00 ,$28.26 ,$28.26 ,"$6,831.50 "
"3535 West Loop 820 South  Fort Worth, TX 76116",Buick,Auto - Buick Plant - New - E,4/27/2026,207737,4/27/2026,11/27/2027,2026 Buick BUCK ENCOR G,Automobile,BUCK ENCOR G,KL4AMBSL1TB207737,,"$28,288.05 ",$0.00 ,"$28,288.05 ",4/27/2026,$0.00 ,$0.00 ,"$28,288.05 ","$28,288.05 ",$0.00 ,$0.00 ,$0.00 ,$0.00 ,$0.00 ,$15.60 ,$0.00 ,$0.00 ,$0.00 ,$15.60 ,$15.60 ,"$3,771.74 "
"3535 West Loop 820 South  Fort Worth, TX 76116",Buick,Auto - Buick Plant - New - E,4/29/2026,207809,4/29/2026,11/29/2027,2026 Buick BUCK ENCOR G,Automobile,BUCK ENCOR G,KL4AMBSL0TB207809,,"$28,288.05 ",$0.00 ,"$28,288.05 ",4/29/2026,$0.00 ,$0.00 ,"$28,288.05 ","$28,288.05 ",$0.00 ,$0.00 ,$0.00 ,$0.00 ,$0.00 ,$7.80 ,$0.00 ,$0.00 ,$0.00 ,$7.80 ,$7.80 ,"$1,885.87 "
"3535 West Loop 820 South  Fort Worth, TX 76116",Buick,Auto - Buick Plant - New - E,4/30/2026,207896,4/30/2026,11/30/2027,2026 Buick BUCK ENCOR G,Automobile,BUCK ENCOR G,KL4AMBSLXTB207896,,"$28,288.05 ",$0.00 ,"$28,288.05 ",4/30/2026,$0.00 ,$0.00 ,"$28,288.05 ","$28,288.05 ",$0.00 ,$0.00 ,$0.00 ,$0.00 ,$0.00 ,$3.90 ,$0.00 ,$0.00 ,$0.00 ,$3.90 ,$3.90 ,$942.94 
"3535 West Loop 820 South  Fort Worth, TX 76116",Buick,Auto - Buick Plant - New - E,4/24/2026,207904,4/24/2026,11/24/2027,2026 Buick BUCK ENCOR G,Automobile,BUCK ENCOR G,KL4AMDSL0TB207904,,"$29,277.85 ",$0.00 ,"$29,277.85 ",4/24/2026,$0.00 ,$0.00 ,"$29,277.85 ","$29,277.85 ",$0.00 ,$0.00 ,$0.00 ,$0.00 ,$0.00 ,$28.26 ,$0.00 ,$0.00 ,$0.00 ,$28.26 ,$28.26 ,"$6,831.50 "
"3535 West Loop 820 South  Fort Worth, TX 76116",Buick,Auto - Buick Plant - New - E,4/24/2026,207919,4/24/2026,11/24/2027,2026 Buick BUCK ENCOR G,Automobile,BUCK ENCOR G,KL4AMDSL2TB207919,,"$29,277.85 ",$0.00 ,"$29,277.85 ",4/24/2026,$0.00 ,$0.00 ,"$29,277.85 ","$29,277.85 ",$0.00 ,$0.00 ,$0.00 ,$0.00 ,$0.00 ,$28.26 ,$0.00 ,$0.00 ,$0.00 ,$28.26 ,$28.26 ,"$6,831.50 "
"3535 West Loop 820 South  Fort Worth, TX 76116",Buick,Auto - Buick Plant - New - E,4/24/2026,207926,4/24/2026,11/24/2027,2026 Buick BUCK ENCOR G,Automobile,BUCK ENCOR G,KL4AMBSL4TB207926,,"$28,288.05 ",$0.00 ,"$28,288.05 ",4/24/2026,$0.00 ,$0.00 ,"$28,288.05 ","$28,288.05 ",$0.00 ,$0.00 ,$0.00 ,$0.00 ,$0.00 ,$27.31 ,$0.00 ,$0.00 ,$0.00 ,$27.31 ,$27.31 ,"$6,600.54 "
"3535 West Loop 820 South  Fort Worth, TX 76116",Buick,Auto - Buick Plant - New - E,4/24/2026,208035,4/24/2026,11/24/2027,2026 Buick BUCK ENCOR G,Automobile,BUCK ENCOR G,KL4AMDSL2TB208035,,"$29,277.85 ",$0.00 ,"$29,277.85 ",4/24/2026,$0.00 ,$0.00 ,"$29,277.85 ","$29,277.85 ",$0.00 ,$0.00 ,$0.00 ,$0.00 ,$0.00 ,$28.26 ,$0.00 ,$0.00 ,$0.00 ,$28.26 ,$28.26 ,"$6,831.50 "
"3535 West Loop 820 South  Fort Worth, TX 76116",Buick,Auto - Buick Plant - New - E,4/23/2026,208059,4/23/2026,11/23/2027,2026 Buick BUCK ENCOR G,Automobile,BUCK ENCOR G,KL4AMBSLXTB208059,,"$28,288.05 ",$0.00 ,"$28,288.05 ",4/23/2026,$0.00 ,$0.00 ,"$28,288.05 ","$28,288.05 ",$0.00 ,$0.00 ,$0.00 ,$0.00 ,$0.00 ,$31.21 ,$0.00 ,$0.00 ,$0.00 ,$31.21 ,$31.21 ,"$7,543.48 "
"3535 West Loop 820 South  Fort Worth, TX 76116",Buick,Auto - Buick Plant - New - E,4/24/2026,208086,4/24/2026,11/24/2027,2026 Buick BUCK ENCOR G,Automobile,BUCK ENCOR G,KL4AMDSL8TB208086,,"$28,819.98 ",$0.00 ,"$28,819.98 ",4/24/2026,$0.00 ,$0.00 ,"$28,819.98 ","$28,819.98 ",$0.00 ,$0.00 ,$0.00 ,$0.00 ,$0.00 ,$27.82 ,$0.00 ,$0.00 ,$0.00 ,$27.82 ,$27.82 ,"$6,724.66 "
"3535 West Loop 820 South  Fort Worth, TX 76116",Buick,Auto - Buick Plant - New - E,4/24/2026,208211,4/24/2026,11/24/2027,2026 Buick BUCK ENCOR G,Automobile,BUCK ENCOR G,KL4AMBSL1TB208211,,"$28,288.05 ",$0.00 ,"$28,288.05 ",4/24/2026,$0.00 ,$0.00 ,"$28,288.05 ","$28,288.05 ",$0.00 ,$0.00 ,$0.00 ,$0.00 ,$0.00 ,$27.31 ,$0.00 ,$0.00 ,$0.00 ,$27.31 ,$27.31 ,"$6,600.54 "
"3535 West Loop 820 South  Fort Worth, TX 76116",Buick,Auto - Buick Plant - New - E,4/24/2026,208821,4/24/2026,11/24/2027,2026 Buick BUCK ENVIST,Automobile,BUCK ENVIST,KL47LAEP9TB208821,,"$26,454.18 ",$0.00 ,"$26,454.18 ",4/24/2026,$0.00 ,$0.00 ,"$26,454.18 ","$26,454.18 ",$0.00 ,$0.00 ,$0.00 ,$0.00 ,$0.00 ,$25.54 ,$0.00 ,$0.00 ,$0.00 ,$25.54 ,$25.54 ,"$6,172.64 "
"3535 West Loop 820 South  Fort Worth, TX 76116",Buick,Auto - Buick Plant - New - E,4/24/2026,210490,4/24/2026,11/24/2027,2026 Buick BUCK ENVIST,Automobile,BUCK ENVIST,KL47LAEP0TB210490,,"$26,454.18 ",$0.00 ,"$26,454.18 ",4/24/2026,$0.00 ,$0.00 ,"$26,454.18 ","$26,454.18 ",$0.00 ,$0.00 ,$0.00 ,$0.00 ,$0.00 ,$25.54 ,$0.00 ,$0.00 ,$0.00 ,$25.54 ,$25.54 ,"$6,172.64 "
"3535 West Loop 820 South  Fort Worth, TX 76116",Buick,Auto - Buick Plant - New - E,4/24/2026,210823,4/24/2026,11/24/2027,2026 Buick BUCK ENVIST,Automobile,BUCK ENVIST,KL47LAEP1TB210823,,"$25,996.30 ",$0.00 ,"$25,996.30 ",4/24/2026,$0.00 ,$0.00 ,"$25,996.30 ","$25,996.30 ",$0.00 ,$0.00 ,$0.00 ,$0.00 ,$0.00 ,$25.10 ,$0.00 ,$0.00 ,$0.00 ,$25.10 ,$25.10 ,"$6,065.80 "
"3535 West Loop 820 South  Fort Worth, TX 76116",Buick,Auto - Buick Plant - New - E,4/24/2026,210824,4/24/2026,11/24/2027,2026 Buick BUCK ENVIST,Automobile,BUCK ENVIST,KL47LAEP3TB210824,,"$25,996.30 ",$0.00 ,"$25,996.30 ",4/24/2026,$0.00 ,$0.00 ,"$25,996.30 ","$25,996.30 ",$0.00 ,$0.00 ,$0.00 ,$0.00 ,$0.00 ,$25.10 ,$0.00 ,$0.00 ,$0.00 ,$25.10 ,$25.10 ,"$6,065.80 "
"3535 West Loop 820 South  Fort Worth, TX 76116",Buick,Auto - Buick Plant - New - E,4/27/2026,211500,4/27/2026,11/27/2027,2026 Buick BUCK ENCOR G,Automobile,BUCK ENCOR G,KL4AMDSL7TB211500,,"$29,277.85 ",$0.00 ,"$29,277.85 ",4/27/2026,$0.00 ,$0.00 ,"$29,277.85 ","$29,277.85 ",$0.00 ,$0.00 ,$0.00 ,$0.00 ,$0.00 ,$16.15 ,$0.00 ,$0.00 ,$0.00 ,$16.15 ,$16.15 ,"$3,903.71 "
"3535 West Loop 820 South  Fort Worth, TX 76116",Buick,Auto - Buick Plant - New - E,4/27/2026,211578,4/27/2026,11/27/2027,2026 Buick BUCK ENCOR G,Automobile,BUCK ENCOR G,KL4AMBSL5TB211578,,"$27,830.18 ",$0.00 ,"$27,830.18 ",4/27/2026,$0.00 ,$0.00 ,"$27,830.18 ","$27,830.18 ",$0.00 ,$0.00 ,$0.00 ,$0.00 ,$0.00 ,$15.35 ,$0.00 ,$0.00 ,$0.00 ,$15.35 ,$15.35 ,"$3,710.69 "
"3535 West Loop 820 South  Fort Worth, TX 76116",Buick,Auto - Buick Plant - New - E,4/22/2026,259474,4/22/2026,11/22/2027,2026 Buick ENCLAVE,Automobile,ENCLAVE,5GAERBKS3TJ259474,B36195,"$51,000.00 ",$0.00 ,"$51,000.00 ",4/22/2026,$0.00 ,$0.00 ,"$51,000.00 ","$51,000.00 ",$0.00 ,$0.00 ,$0.00 ,$0.00 ,$0.00 ,$63.30 ,$0.00 ,$0.00 ,$0.00 ,$63.30 ,$63.30 ,"$15,300.00 "
"3535 West Loop 820 South  Fort Worth, TX 76116",Buick,Auto - Buick Plant - New - E,2/6/2026,264758,2/6/2026,9/6/2027,2026 Buick BUCK ENCLV S,Automobile,BUCK ENCLV S,5GAERBKS9TJ264758,B36226,"$53,429.85 ","$53,429.85 ",$0.00 ,,$0.00 ,$0.00 ,$0.00 ,"$53,429.85 ",$0.00 ,$0.00 ,$0.00 ,$0.00 ,$0.00 ,$221.06 ,$0.00 ,$0.00 ,$0.00 ,$221.06 ,$619.33 ,"$53,429.85 "
"3535 West Loop 820 South  Fort Worth, TX 76116",Buick,Auto - Buick Plant - New - E,2/9/2026,266833,2/9/2026,9/9/2027,2026 Buick BUCK ENCLV S,Automobile,BUCK ENCLV S,5GAERBKS7TJ266833,,"$51,380.98 ","$51,380.98 ",$0.00 ,,$0.00 ,$0.00 ,$0.00 ,"$51,380.98 ",$0.00 ,$0.00 ,$0.00 ,$0.00 ,$0.00 ,$212.58 ,$0.00 ,$0.00 ,$0.00 ,$212.58 ,$574.29 ,"$51,380.98 "
"3535 West Loop 820 South  Fort Worth, TX 76116",Buick,Auto - Buick Plant - New - E,2/10/2026,269045,2/10/2026,9/10/2027,2026 Buick BUCK ENCLV P,Automobile,BUCK ENCLV P,5GAERAKS5TJ269045,,"$47,434.48 ","$47,434.48 ",$0.00 ,,$0.00 ,$0.00 ,$0.00 ,"$47,434.48 ",$0.00 ,$0.00 ,$0.00 ,$0.00 ,$0.00 ,$196.25 ,$0.00 ,$0.00 ,$0.00 ,$196.25 ,$523.63 ,"$47,434.48 "
"3535 West Loop 820 South  Fort Worth, TX 76116",Buick,Auto - Buick Plant - New - E,2/20/2026,277696,2/20/2026,9/20/2027,2026 Buick BUCK ENCLV P,Automobile,BUCK ENCLV P,5GAERAKS9TJ277696,B36395,"$49,483.35 ","$49,483.35 ",$0.00 ,,"($49,483.35)",$0.00 ,"($49,483.35)",$0.00 ,$0.00 ,$0.00 ,$0.00 ,$0.00 ,$0.00 ,$184.26 ,$0.00 ,$0.00 ,$0.00 ,$184.26 ,$457.44 ,"$44,535.02 "
"3535 West Loop 820 South  Fort Worth, TX 76116",Buick,Auto - Buick Plant - New - E,3/18/2026,303381,3/18/2026,10/18/2027,2026 Buick BUCK ENCLV A,Automobile,BUCK ENCLV A,5GAERCKS1TJ303381,,"$63,498.88 ","$63,498.88 ",$0.00 ,,$0.00 ,$0.00 ,$0.00 ,"$63,498.88 ",$0.00 ,$0.00 ,$0.00 ,$0.00 ,$0.00 ,$262.72 ,$0.00 ,$0.00 ,$0.00 ,$262.72 ,$385.39 ,"$63,498.88 "
"3535 West Loop 820 South  Fort Worth, TX 76116",Buick,Auto - Buick Plant - New - E,4/22/2026,307129,4/22/2026,11/22/2027,2026 Buick ENCLAVE,Automobile,ENCLAVE,5GAEVCKS6TJ307129,B36731,"$63,000.00 ",$0.00 ,"$63,000.00 ",4/22/2026,$0.00 ,$0.00 ,"$63,000.00 ","$63,000.00 ",$0.00 ,$0.00 ,$0.00 ,$0.00 ,$0.00 ,$78.20 ,$0.00 ,$0.00 ,$0.00 ,$78.20 ,$78.20 ,"$18,900.00 "
"3535 West Loop 820 South  Fort Worth, TX 76116",Buick,Auto - Buick Plant - New - E,3/25/2026,310123,3/25/2026,10/25/2027,2026 Buick BUCK ENCLV P,Automobile,BUCK ENCLV P,5GAERAKS8TJ310123,,"$47,434.48 ","$47,434.48 ",$0.00 ,,$0.00 ,$0.00 ,$0.00 ,"$47,434.48 ",$0.00 ,$0.00 ,$0.00 ,$0.00 ,$0.00 ,$196.25 ,$0.00 ,$0.00 ,$0.00 ,$196.25 ,$242.07 ,"$47,434.48 "
"3535 West Loop 820 South  Fort Worth, TX 76116",Buick,Auto - Buick Plant - New - E,3/26/2026,311146,3/26/2026,10/26/2027,2026 Buick BUCK ENCLV A,Automobile,BUCK ENCLV A,5GAERCKS9TJ311146,,"$62,943.88 ","$62,943.88 ",$0.00 ,,$0.00 ,$0.00 ,$0.00 ,"$62,943.88 ",$0.00 ,$0.00 ,$0.00 ,$0.00 ,$0.00 ,$260.42 ,$0.00 ,$0.00 ,$0.00 ,$260.42 ,$312.53 ,"$62,943.88 "
"3535 West Loop 820 South  Fort Worth, TX 76116",Buick,Auto - Buick Plant - New - E,3/27/2026,312031,3/27/2026,10/27/2027,2026 Buick BUCK ENCLV A,Automobile,BUCK ENCLV A,5GAERCKS8TJ312031,B36660,"$62,943.88 ","$62,943.88 ",$0.00 ,,"($62,943.88)",$0.00 ,"($62,943.88)",$0.00 ,$0.00 ,$0.00 ,$0.00 ,$0.00 ,$0.00 ,$182.29 ,$0.00 ,$0.00 ,$0.00 ,$182.29 ,$225.72 ,"$44,060.72 "
"3535 West Loop 820 South  Fort Worth, TX 76116",Buick,Auto - Buick Plant - New - E,3/27/2026,312369,3/27/2026,10/27/2027,2026 Buick BUCK ENCLV P,Automobile,BUCK ENCLV P,5GAERAKS6TJ312369,,"$47,434.48 ","$47,434.48 ",$0.00 ,,$0.00 ,$0.00 ,$0.00 ,"$47,434.48 ",$0.00 ,$0.00 ,$0.00 ,$0.00 ,$0.00 ,$196.25 ,$0.00 ,$0.00 ,$0.00 ,$196.25 ,$228.98 ,"$47,434.48 "
"3535 West Loop 820 South  Fort Worth, TX 76116",Buick,Auto - Buick Plant - New - E,4/7/2026,321448,4/7/2026,11/7/2027,2026 Buick BUCK ENCLV P,Automobile,BUCK ENCLV P,5GAERAKS3TJ321448,,"$47,989.48 ",$0.00 ,"$47,989.48 ",4/7/2026,$0.00 ,$0.00 ,"$47,989.48 ","$47,989.48 ",$0.00 ,$0.00 ,$0.00 ,$0.00 ,$0.00 ,$158.84 ,$0.00 ,$0.00 ,$0.00 ,$158.84 ,$158.84 ,"$38,391.58 "
"3535 West Loop 820 South  Fort Worth, TX 76116",Buick,Auto - Buick Plant - New - E,4/8/2026,322376,4/8/2026,11/8/2027,2026 Buick BUCK ENCLV P,Automobile,BUCK ENCLV P,5GAERAKS9TJ322376,,"$47,434.48 ",$0.00 ,"$47,434.48 ",4/8/2026,$0.00 ,$0.00 ,"$47,434.48 ","$47,434.48 ",$0.00 ,$0.00 ,$0.00 ,$0.00 ,$0.00 ,$150.46 ,$0.00 ,$0.00 ,$0.00 ,$150.46 ,$150.46 ,"$36,366.43 "
"3535 West Loop 820 South  Fort Worth, TX 76116",Buick,Auto - Buick Plant - New - E,4/24/2026,334402,4/24/2026,11/24/2027,2026 Buick BUCK ENCLV P,Automobile,BUCK ENCLV P,5GAERAKS0TJ334402,,"$50,038.35 ",$0.00 ,"$50,038.35 ",4/24/2026,$0.00 ,$0.00 ,"$50,038.35 ","$50,038.35 ",$0.00 ,$0.00 ,$0.00 ,$0.00 ,$0.00 ,$48.31 ,$0.00 ,$0.00 ,$0.00 ,$48.31 ,$48.31 ,"$11,675.61 "
"3535 West Loop 820 South  Fort Worth, TX 76116",Buick,Auto - Buick Plant - New - E,4/27/2026,335302,4/27/2026,11/27/2027,2026 Buick BUCK ENCLV P,Automobile,BUCK ENCLV P,5GAERAKS1TJ335302,,"$49,483.35 ",$0.00 ,"$49,483.35 ",4/27/2026,$0.00 ,$0.00 ,"$49,483.35 ","$49,483.35 ",$0.00 ,$0.00 ,$0.00 ,$0.00 ,$0.00 ,$27.30 ,$0.00 ,$0.00 ,$0.00 ,$27.30 ,$27.30 ,"$6,597.78 "
"3535 West Loop 820 South  Fort Worth, TX 76116",Buick,Auto - Buick Plant - New - E,4/28/2026,336786,4/28/2026,11/28/2027,2026 Buick BUCK ENCLV S,Automobile,BUCK ENCLV S,5GAERBKS2TJ336786,,"$52,874.85 ",$0.00 ,"$52,874.85 ",4/28/2026,$0.00 ,$0.00 ,"$52,874.85 ","$52,874.85 ",$0.00 ,$0.00 ,$0.00 ,$0.00 ,$0.00 ,$21.88 ,$0.00 ,$0.00 ,$0.00 ,$21.88 ,$21.88 ,"$5,287.49 "
"3535 West Loop 820 South  Fort Worth, TX 76116",Buick,Auto - Buick Plant - New - E,4/29/2026,337025,4/29/2026,11/29/2027,2026 Buick BUCK ENCLV S,Automobile,BUCK ENCLV S,5GAERBKS3TJ337025,,"$52,874.85 ",$0.00 ,"$52,874.85 ",4/29/2026,$0.00 ,$0.00 ,"$52,874.85 ","$52,874.85 ",$0.00 ,$0.00 ,$0.00 ,$0.00 ,$0.00 ,$14.58 ,$0.00 ,$0.00 ,$0.00 ,$14.58 ,$14.58 ,"$3,524.99 "
"3535 West Loop 820 South  Fort Worth, TX 76116",Buick,Auto - Buick Plant - New - E,4/29/2026,337194,4/29/2026,11/29/2027,2026 Buick BUCK ENCLV S,Automobile,BUCK ENCLV S,5GAERBKS4TJ337194,,"$53,429.85 ",$0.00 ,"$53,429.85 ",4/29/2026,$0.00 ,$0.00 ,"$53,429.85 ","$53,429.85 ",$0.00 ,$0.00 ,$0.00 ,$0.00 ,$0.00 ,$14.74 ,$0.00 ,$0.00 ,$0.00 ,$14.74 ,$14.74 ,"$3,561.99 "
"3535 West Loop 820 South  Fort Worth, TX 76116",Buick,Auto - Buick Plant - New - E,4/29/2026,337272,4/29/2026,11/29/2027,2026 Buick BUCK ENCLV S,Automobile,BUCK ENCLV S,5GAERBKS9TJ337272,,"$53,013.60 ",$0.00 ,"$53,013.60 ",4/29/2026,$0.00 ,$0.00 ,"$53,013.60 ","$53,013.60 ",$0.00 ,$0.00 ,$0.00 ,$0.00 ,$0.00 ,$14.62 ,$0.00 ,$0.00 ,$0.00 ,$14.62 ,$14.62 ,"$3,534.24 "
"3535 West Loop 820 South  Fort Worth, TX 76116",Buick,Auto - Buick Plant - New - E,4/29/2026,337496,4/29/2026,11/29/2027,2026 Buick BUCK ENCLV S,Automobile,BUCK ENCLV S,5GAERBKS9TJ337496,,"$52,874.85 ",$0.00 ,"$52,874.85 ",4/29/2026,$0.00 ,$0.00 ,"$52,874.85 ","$52,874.85 ",$0.00 ,$0.00 ,$0.00 ,$0.00 ,$0.00 ,$14.58 ,$0.00 ,$0.00 ,$0.00 ,$14.58 ,$14.58 ,"$3,524.99 "
"3535 West Loop 820 South  Fort Worth, TX 76116",Buick,Auto - Buick Plant - New - E,4/29/2026,337567,4/29/2026,11/29/2027,2026 Buick BUCK ENCLV A,Automobile,BUCK ENCLV A,5GAERCKS9TJ337567,,"$62,943.88 ",$0.00 ,"$62,943.88 ",4/29/2026,$0.00 ,$0.00 ,"$62,943.88 ","$62,943.88 ",$0.00 ,$0.00 ,$0.00 ,$0.00 ,$0.00 ,$17.36 ,$0.00 ,$0.00 ,$0.00 ,$17.36 ,$17.36 ,"$4,196.26 "
"3535 West Loop 820 South  Fort Worth, TX 76116",Buick,Auto - Buick Plant - New - E,4/30/2026,337795,4/30/2026,11/30/2027,2026 Buick BUCK ENCLV S,Automobile,BUCK ENCLV S,5GAERBKS8TJ337795,,"$52,874.85 ",$0.00 ,"$52,874.85 ",4/30/2026,$0.00 ,$0.00 ,"$52,874.85 ","$52,874.85 ",$0.00 ,$0.00 ,$0.00 ,$0.00 ,$0.00 ,$7.29 ,$0.00 ,$0.00 ,$0.00 ,$7.29 ,$7.29 ,"$1,762.50 "
"3535 West Loop 820 South  Fort Worth, TX 76116",Buick,Auto - Buick Plant - New - E,4/30/2026,337855,4/30/2026,11/30/2027,2026 Buick BUCK ENCLV S,Automobile,BUCK ENCLV S,5GAERBKS0TJ337855,,"$52,874.85 ",$0.00 ,"$52,874.85 ",4/30/2026,$0.00 ,$0.00 ,"$52,874.85 ","$52,874.85 ",$0.00 ,$0.00 ,$0.00 ,$0.00 ,$0.00 ,$7.29 ,$0.00 ,$0.00 ,$0.00 ,$7.29 ,$7.29 ,"$1,762.50 "
"3535 West Loop 820 South  Fort Worth, TX 76116",Buick,Auto - Buick Plant - New - E,4/30/2026,338187,4/30/2026,11/30/2027,2026 Buick BUCK ENCLV S,Automobile,BUCK ENCLV S,5GAERBKS1TJ338187,,"$53,429.85 ",$0.00 ,"$53,429.85 ",4/30/2026,$0.00 ,$0.00 ,"$53,429.85 ","$53,429.85 ",$0.00 ,$0.00 ,$0.00 ,$0.00 ,$0.00 ,$7.37 ,$0.00 ,$0.00 ,$0.00 ,$7.37 ,$7.37 ,"$1,781.00 "
"3535 West Loop 820 South  Fort Worth, TX 76116",Subaru,Auto - Subaru Plant (Floorplan-New) - East,4/17/2026,2174,4/17/2026,11/17/2027,2026 Subaru TRAILSEEKERSU,Automobile,TRAILSEEKERSU,JTMBGAHCXTY002174,,"$44,141.00 ",$0.00 ,"$44,141.00 ",4/17/2026,$0.00 ,$0.00 ,"$44,141.00 ","$44,141.00 ",$0.00 ,$0.00 ,$0.00 ,$0.00 ,$0.00 ,$85.23 ,$0.00 ,$0.00 ,$0.00 ,$85.23 ,$85.23 ,"$20,599.13 "
"3535 West Loop 820 South  Fort Worth, TX 76116",Subaru,Auto - Subaru Plant (Floorplan-New) - East,4/2/2026,2331,4/2/2026,11/2/2027,2026 Subaru SOLTERRASUVPR,Automobile,SOLTERRASUVPR,JTMBEAGC0TJ002331,R5214,"$39,232.00 ",$0.00 ,"$39,232.00 ",4/2/2026,"($39,232.00)",$0.00 ,$0.00 ,$0.00 ,$0.00 ,$0.00 ,$0.00 ,$0.00 ,$0.00 ,$43.28 ,$0.00 ,$0.00 ,$0.00 ,$43.28 ,$43.28 ,"$10,461.87 "
"3535 West Loop 820 South  Fort Worth, TX 76116",Subaru,Auto - Subaru Plant (Floorplan-New) - East,3/24/2026,2340,3/24/2026,10/24/2027,2026 Subaru SOLTERRASUVPR,Automobile,SOLTERRASUVPR,JTMBEAGC1TJ002340,R5170,"$38,781.00 ","$38,781.00 ",$0.00 ,,"($38,781.00)",$0.00 ,"($38,781.00)",$0.00 ,$0.00 ,$0.00 ,$0.00 ,$0.00 ,$0.00 ,$32.09 ,$0.00 ,$0.00 ,$0.00 ,$32.09 ,$74.90 ,"$7,756.20 "
"3535 West Loop 820 South  Fort Worth, TX 76116",Subaru,Auto - Subaru Plant (Floorplan-New) - East,11/14/2025,7658,11/14/2025,6/14/2027,2026 Subaru FORESTERSUVSP,Automobile,FORESTERSUVSP,4S4SLDF69T3007658,,"$34,690.00 ","$34,690.00 ",$0.00 ,,$0.00 ,$0.00 ,$0.00 ,"$34,690.00 ",$0.00 ,$0.00 ,$0.00 ,$0.00 ,$0.00 ,$143.52 ,$0.00 ,$0.00 ,$0.00 ,$143.52 ,$816.67 ,"$34,690.00 "
"3535 West Loop 820 South  Fort Worth, TX 76116",Subaru,Auto - Subaru Plant (Floorplan-New) - East,11/7/2025,7666,11/7/2025,6/7/2027,2026 Subaru FORESTERSUVPR,Automobile,FORESTERSUVPR,4S4SLDD64T3007666,R4618,"$32,724.00 ","$32,724.00 ",$0.00 ,,"($32,724.00)",$0.00 ,"($32,724.00)",$0.00 ,$0.00 ,$0.00 ,$0.00 ,$0.00 ,$0.00 ,$22.57 ,$0.00 ,$0.00 ,$0.00 ,$22.57 ,$691.19 ,"$5,454.00 "
"3535 West Loop 820 South  Fort Worth, TX 76116",Subaru,Auto - Subaru Plant (Floorplan-New) - East,11/7/2025,8010,11/7/2025,6/7/2027,2026 Subaru FORESTERSUVPR,Automobile,FORESTERSUVPR,4S4SLDD62T3008010,R4617,"$32,365.00 ","$32,365.00 ",$0.00 ,,"($32,365.00)",$0.00 ,"($32,365.00)",$0.00 ,$0.00 ,$0.00 ,$0.00 ,$0.00 ,$0.00 ,$22.32 ,$0.00 ,$0.00 ,$0.00 ,$22.32 ,$683.59 ,"$5,394.17 "
"3535 West Loop 820 South  Fort Worth, TX 76116",Subaru,Auto - Subaru Plant (Floorplan-New) - East,11/7/2025,8273,11/7/2025,6/7/2027,2026 Subaru FORESTERSUVPR,Automobile,FORESTERSUVPR,4S4SLDD61T3008273,R4611,"$32,365.00 ","$32,365.00 ",$0.00 ,,"($32,365.00)",$0.00 ,"($32,365.00)",$0.00 ,$0.00 ,$0.00 ,$0.00 ,$0.00 ,$0.00 ,$22.32 ,$0.00 ,$0.00 ,$0.00 ,$22.32 ,$683.59 ,"$5,394.17 "
"3535 West Loop 820 South  Fort Worth, TX 76116",Subaru,Auto - Subaru Plant (Floorplan-New) - East,3/25/2026,10502,3/25/2026,10/25/2027,2026 Subaru FORESTERSUVSP,Automobile,FORESTERSUVSP,4S4SLDF64T3010502,,"$34,190.00 ","$34,190.00 ",$0.00 ,,$0.00 ,$0.00 ,$0.00 ,"$34,190.00 ",$0.00 ,$0.00 ,$0.00 ,$0.00 ,$0.00 ,$141.46 ,$0.00 ,$0.00 ,$0.00 ,$141.46 ,$174.49 ,"$34,190.00 "
"3535 West Loop 820 South  Fort Worth, TX 76116",Subaru,Auto - Subaru Plant (Floorplan-New) - East,3/2/2026,11369,3/2/2026,10/2/2027,2026 Subaru FORESTERSUVLI,Automobile,FORESTERSUVLI,4S4SLDR66T3011369,R4655,"$36,212.00 ","$36,212.00 ",$0.00 ,,$0.00 ,$0.00 ,$0.00 ,"$36,212.00 ",$0.00 ,$0.00 ,$0.00 ,$0.00 ,$0.00 ,$149.82 ,$0.00 ,$0.00 ,$0.00 ,$149.82 ,$299.73 ,"$36,212.00 "
"3535 West Loop 820 South  Fort Worth, TX 76116",Subaru,Auto - Subaru Plant (Floorplan-New) - East,1/26/2026,11776,1/26/2026,8/26/2027,2026 Subaru FORESTERSUVLI,Automobile,FORESTERSUVLI,4S4SLDR68T3011776,R4672,"$36,212.00 ","$36,212.00 ",$0.00 ,,$0.00 ,$0.00 ,$0.00 ,"$36,212.00 ",$0.00 ,$0.00 ,$0.00 ,$0.00 ,$0.00 ,$149.82 ,$0.00 ,$0.00 ,$0.00 ,$149.82 ,$474.95 ,"$36,212.00 "
"3535 West Loop 820 South  Fort Worth, TX 76116",Subaru,Auto - Subaru Plant (Floorplan-New) - East,3/2/2026,12962,3/2/2026,10/2/2027,2026 Subaru FORESTERSUVLI,Automobile,FORESTERSUVLI,4S4SLDR6XT3012962,,"$36,212.00 ","$36,212.00 ",$0.00 ,,$0.00 ,$0.00 ,$0.00 ,"$36,212.00 ",$0.00 ,$0.00 ,$0.00 ,$0.00 ,$0.00 ,$149.82 ,$0.00 ,$0.00 ,$0.00 ,$149.82 ,$299.73 ,"$36,212.00 "
"3535 West Loop 820 South  Fort Worth, TX 76116",Subaru,Auto - Subaru Plant (Floorplan-New) - East,3/2/2026,24179,3/2/2026,10/2/2027,2026 Subaru FORESTERSUVPR,Automobile,FORESTERSUVPR,4S4SLDB68T3024179,,"$30,971.00 ","$30,971.00 ",$0.00 ,,$0.00 ,$0.00 ,$0.00 ,"$30,971.00 ",$0.00 ,$0.00 ,$0.00 ,$0.00 ,$0.00 ,$128.14 ,$0.00 ,$0.00 ,$0.00 ,$128.14 ,$256.35 ,"$30,971.00 "
"3535 West Loop 820 South  Fort Worth, TX 76116",Subaru,Auto - Subaru Plant (Floorplan-New) - East,3/25/2026,24228,3/25/2026,10/25/2027,2026 Subaru FORESTERSUVLI,Automobile,FORESTERSUVLI,4S4SLDR69T3024228,,"$36,774.00 ","$36,774.00 ",$0.00 ,,$0.00 ,$0.00 ,$0.00 ,"$36,774.00 ",$0.00 ,$0.00 ,$0.00 ,$0.00 ,$0.00 ,$152.15 ,$0.00 ,$0.00 ,$0.00 ,$152.15 ,$187.67 ,"$36,774.00 "
"3535 West Loop 820 South  Fort Worth, TX 76116",Subaru,Auto - Subaru Plant (Floorplan-New) - East,10/22/2025,25440,10/22/2025,5/22/2027,2025 Subaru LEGACYSEDANPR,Automobile,LEGACYSEDANPR,4S3BWAF65S3025440,R4129,"$29,084.00 ","$29,084.00 ",$0.00 ,,"($29,084.00)",$0.00 ,"($29,084.00)",$0.00 ,$0.00 ,$0.00 ,$0.00 ,$0.00 ,$0.00 ,$20.06 ,$0.00 ,$0.00 ,$0.00 ,$20.06 ,$684.07 ,"$4,847.33 "
"3535 West Loop 820 South  Fort Worth, TX 76116",Subaru,Auto - Subaru Plant (Floorplan-New) - East,1/26/2026,26066,1/26/2026,8/26/2027,2026 Subaru FORESTERSUVLI,Automobile,FORESTERSUVLI,4S4SLDR68T3026066,,"$37,133.00 ","$37,133.00 ",$0.00 ,,$0.00 ,$0.00 ,$0.00 ,"$37,133.00 ",$0.00 ,$0.00 ,$0.00 ,$0.00 ,$0.00 ,$153.63 ,$0.00 ,$0.00 ,$0.00 ,$153.63 ,$487.03 ,"$37,133.00 "
"3535 West Loop 820 South  Fort Worth, TX 76116",Subaru,Auto - Subaru Plant (Floorplan-New) - East,3/2/2026,26348,3/2/2026,10/2/2027,2026 Subaru FORESTERSUVSP,Automobile,FORESTERSUVSP,4S4SLDH65T3026348,,"$34,954.00 ","$34,954.00 ",$0.00 ,,$0.00 ,$0.00 ,$0.00 ,"$34,954.00 ",$0.00 ,$0.00 ,$0.00 ,$0.00 ,$0.00 ,$144.62 ,$0.00 ,$0.00 ,$0.00 ,$144.62 ,$289.32 ,"$34,954.00 "
"3535 West Loop 820 South  Fort Worth, TX 76116",Subaru,Auto - Subaru Plant (Floorplan-New) - East,1/26/2026,31082,1/26/2026,8/26/2027,2026 Subaru FORESTERSUVWI,Automobile,FORESTERSUVWI,4S4SLDL68T3031082,R4780,"$37,900.00 ","$37,900.00 ",$0.00 ,,$0.00 ,$0.00 ,$0.00 ,"$37,900.00 ",$0.00 ,$0.00 ,$0.00 ,$0.00 ,$0.00 ,$156.80 ,$0.00 ,$0.00 ,$0.00 ,$156.80 ,$497.08 ,"$37,900.00 "
"3535 West Loop 820 South  Fort Worth, TX 76116",Subaru,Auto - Subaru Plant (Floorplan-New) - East,3/25/2026,31223,3/25/2026,10/25/2027,2026 Subaru FORESTERSUVSP,Automobile,FORESTERSUVSP,4S4SLDH6XT3031223,,"$34,954.00 ","$34,954.00 ",$0.00 ,,$0.00 ,$0.00 ,$0.00 ,"$34,954.00 ",$0.00 ,$0.00 ,$0.00 ,$0.00 ,$0.00 ,$144.62 ,$0.00 ,$0.00 ,$0.00 ,$144.62 ,$178.38 ,"$34,954.00 "
"3535 West Loop 820 South  Fort Worth, TX 76116",Subaru,Auto - Subaru Plant (Floorplan-New) - East,3/2/2026,37844,3/2/2026,10/2/2027,2026 Subaru FORESTERSUVPR,Automobile,FORESTERSUVPR,4S4SLDB65T3037844,R4811,"$30,973.00 ","$30,973.00 ",$0.00 ,,$0.00 ,$0.00 ,$0.00 ,"$30,973.00 ",$0.00 ,$0.00 ,$0.00 ,$0.00 ,$0.00 ,$128.15 ,$0.00 ,$0.00 ,$0.00 ,$128.15 ,$256.37 ,"$30,973.00 "
"3535 West Loop 820 South  Fort Worth, TX 76116",Subaru,Auto - Subaru Plant (Floorplan-New) - East,3/2/2026,38436,3/2/2026,10/2/2027,2026 Subaru FORESTERSUVPR,Automobile,FORESTERSUVPR,4S4SLDD6XT3038436,,"$31,925.00 ","$31,925.00 ",$0.00 ,,$0.00 ,$0.00 ,$0.00 ,"$31,925.00 ",$0.00 ,$0.00 ,$0.00 ,$0.00 ,$0.00 ,$132.08 ,$0.00 ,$0.00 ,$0.00 ,$132.08 ,$264.24 ,"$31,925.00 "
"3535 West Loop 820 South  Fort Worth, TX 76116",Subaru,Auto - Subaru Plant (Floorplan-New) - East,3/2/2026,39644,3/2/2026,10/2/2027,2026 Subaru FORESTERSUVSP,Automobile,FORESTERSUVSP,4S4SLDH68T3039644,R4828,"$35,033.00 ","$35,033.00 ",$0.00 ,,$0.00 ,$0.00 ,$0.00 ,"$35,033.00 ",$0.00 ,$0.00 ,$0.00 ,$0.00 ,$0.00 ,$144.94 ,$0.00 ,$0.00 ,$0.00 ,$144.94 ,$289.97 ,"$35,033.00 "
"3535 West Loop 820 South  Fort Worth, TX 76116",Subaru,Auto - Subaru Plant (Floorplan-New) - East,1/12/2026,39651,1/12/2026,8/12/2027,2026 Subaru FORESTERSUVWI,Automobile,FORESTERSUVWI,4S4SLDL66T3039651,R4832,"$40,297.00 ","$40,297.00 ",$0.00 ,,"($40,297.00)",$0.00 ,"($40,297.00)",$0.00 ,$0.00 ,$0.00 ,$0.00 ,$0.00 ,$0.00 ,$5.56 ,$0.00 ,$0.00 ,$0.00 ,$5.56 ,$445.71 ,"$1,343.23 "
"3535 West Loop 820 South  Fort Worth, TX 76116",Subaru,Auto - Subaru Plant (Floorplan-New) - East,1/12/2026,39834,1/12/2026,8/12/2027,2026 Subaru FORESTERSUVLI,Automobile,FORESTERSUVLI,4S4SLDR64T3039834,R4834,"$39,142.00 ","$39,142.00 ",$0.00 ,,"($39,142.00)",$0.00 ,"($39,142.00)",$0.00 ,$0.00 ,$0.00 ,$0.00 ,$0.00 ,$0.00 ,$107.96 ,$0.00 ,$0.00 ,$0.00 ,$107.96 ,$535.51 ,"$26,094.67 "
"3535 West Loop 820 South  Fort Worth, TX 76116",Subaru,Auto - Subaru Plant (Floorplan-New) - East,1/12/2026,39983,1/12/2026,8/12/2027,2026 Subaru FORESTERSUVLI,Automobile,FORESTERSUVLI,4S4SLDR6XT3039983,R4835,"$38,767.00 ","$38,767.00 ",$0.00 ,,"($38,767.00)",$0.00 ,"($38,767.00)",$0.00 ,$0.00 ,$0.00 ,$0.00 ,$0.00 ,$0.00 ,$5.35 ,$0.00 ,$0.00 ,$0.00 ,$5.35 ,$428.79 ,"$1,292.23 "
"3535 West Loop 820 South  Fort Worth, TX 76116",Subaru,Auto - Subaru Plant (Floorplan-New) - East,1/21/2026,42826,1/21/2026,8/21/2027,2026 Subaru FORESTERSUVPR,Automobile,FORESTERSUVPR,4S4SLDD6XT3042826,,"$34,184.00 ","$34,184.00 ",$0.00 ,,"($34,184.00)",$0.00 ,"($34,184.00)",$0.00 ,$0.00 ,$0.00 ,$0.00 ,$0.00 ,$0.00 ,$103.72 ,$0.00 ,$0.00 ,$0.00 ,$103.72 ,$434.37 ,"$25,068.27 "
"3535 West Loop 820 South  Fort Worth, TX 76116",Subaru,Auto - Subaru Plant (Floorplan-New) - East,4/24/2026,42826,4/24/2026,11/24/2027,2026 Subaru FORESTERSUVPR,Automobile,FORESTERSUVPR,4S4SLDD6XT3042826,,"$31,925.00 ",$0.00 ,"$31,925.00 ",4/24/2026,$0.00 ,$0.00 ,"$31,925.00 ","$31,925.00 ",$0.00 ,$0.00 ,$0.00 ,$0.00 ,$0.00 ,$30.82 ,$0.00 ,$0.00 ,$0.00 ,$30.82 ,$30.82 ,"$7,449.17 "
"3535 West Loop 820 South  Fort Worth, TX 76116",Subaru,Auto - Subaru Plant (Floorplan-New) - East,1/26/2026,43059,1/26/2026,8/26/2027,2026 Subaru FORESTERSUVPR,Automobile,FORESTERSUVPR,4S4SLDD69T3043059,R4876,"$34,559.00 ","$34,559.00 ",$0.00 ,,"($34,559.00)",$0.00 ,"($34,559.00)",$0.00 ,$0.00 ,$0.00 ,$0.00 ,$0.00 ,$0.00 ,$33.36 ,$0.00 ,$0.00 ,$0.00 ,$33.36 ,$343.65 ,"$8,063.77 "
"3535 West Loop 820 South  Fort Worth, TX 76116",Subaru,Auto - Subaru Plant (Floorplan-New) - East,3/2/2026,44256,3/2/2026,10/2/2027,2026 Subaru FORESTERSUVSP,Automobile,FORESTERSUVSP,4S4SLDF69T3044256,,"$33,684.00 ","$33,684.00 ",$0.00 ,,$0.00 ,$0.00 ,$0.00 ,"$33,684.00 ",$0.00 ,$0.00 ,$0.00 ,$0.00 ,$0.00 ,$139.36 ,$0.00 ,$0.00 ,$0.00 ,$139.36 ,$278.80 ,"$33,684.00 "
"3535 West Loop 820 South  Fort Worth, TX 76116",Subaru,Auto - Subaru Plant (Floorplan-New) - East,2/18/2026,51141,2/18/2026,9/18/2027,2026 Subaru FORESTERSUVSP,Automobile,FORESTERSUVSP,4S4SLDH69T3051141,,"$37,543.00 ","$37,543.00 ",$0.00 ,,$0.00 ,$0.00 ,$0.00 ,"$37,543.00 ",$0.00 ,$0.00 ,$0.00 ,$0.00 ,$0.00 ,$155.33 ,$0.00 ,$0.00 ,$0.00 ,$155.33 ,$372.96 ,"$37,543.00 "
"3535 West Loop 820 South  Fort Worth, TX 76116",Subaru,Auto - Subaru Plant (Floorplan-New) - East,2/9/2026,51213,2/9/2026,9/9/2027,2026 Subaru FORESTERSUVSP,Automobile,FORESTERSUVSP,4S4SLDF64T3051213,R4925,"$36,126.00 ","$36,126.00 ",$0.00 ,,"($36,126.00)",$0.00 ,"($36,126.00)",$0.00 ,$0.00 ,$0.00 ,$0.00 ,$0.00 ,$0.00 ,$144.48 ,$0.00 ,$0.00 ,$0.00 ,$144.48 ,$398.79 ,"$34,921.80 "
"3535 West Loop 820 South  Fort Worth, TX 76116",Subaru,Auto - Subaru Plant (Floorplan-New) - East,2/18/2026,51467,2/18/2026,9/18/2027,2026 Subaru FORESTERSUVPR,Automobile,FORESTERSUVPR,4S4SLDD69T3051467,,"$34,624.00 ","$34,624.00 ",$0.00 ,,"($34,624.00)",$0.00 ,"($34,624.00)",$0.00 ,$0.00 ,$0.00 ,$0.00 ,$0.00 ,$0.00 ,$76.40 ,$0.00 ,$0.00 ,$0.00 ,$76.40 ,$277.10 ,"$18,466.13 "
"3535 West Loop 820 South  Fort Worth, TX 76116",Subaru,Auto - Subaru Plant (Floorplan-New) - East,2/18/2026,51493,2/18/2026,9/18/2027,2026 Subaru FORESTERSUVSP,Automobile,FORESTERSUVSP,4S4SLDH67T3051493,,"$37,543.00 ","$37,543.00 ",$0.00 ,,$0.00 ,$0.00 ,$0.00 ,"$37,543.00 ",$0.00 ,$0.00 ,$0.00 ,$0.00 ,$0.00 ,$155.33 ,$0.00 ,$0.00 ,$0.00 ,$155.33 ,$372.96 ,"$37,543.00 "
"3535 West Loop 820 South  Fort Worth, TX 76116",Subaru,Auto - Subaru Plant (Floorplan-New) - East,2/20/2026,51534,2/20/2026,9/20/2027,2026 Subaru FORESTERSUVWI,Automobile,FORESTERSUVWI,4S4SLDL67T3051534,,"$39,506.00 ","$39,506.00 ",$0.00 ,,$0.00 ,$0.00 ,$0.00 ,"$39,506.00 ",$0.00 ,$0.00 ,$0.00 ,$0.00 ,$0.00 ,$163.45 ,$0.00 ,$0.00 ,$0.00 ,$163.45 ,$381.55 ,"$39,506.00 "
"3535 West Loop 820 South  Fort Worth, TX 76116",Subaru,Auto - Subaru Plant (Floorplan-New) - East,2/18/2026,51848,2/18/2026,9/18/2027,2026 Subaru FORESTERSUVWI,Automobile,FORESTERSUVWI,4S4SLDL68T3051848,R4959,"$39,506.00 ","$39,506.00 ",$0.00 ,,"($39,506.00)",$0.00 ,"($39,506.00)",$0.00 ,$0.00 ,$0.00 ,$0.00 ,$0.00 ,$0.00 ,$32.69 ,$0.00 ,$0.00 ,$0.00 ,$32.69 ,$261.70 ,"$7,901.20 "
"3535 West Loop 820 South  Fort Worth, TX 76116",Subaru,Auto - Subaru Plant (Floorplan-New) - East,2/26/2026,57915,2/26/2026,9/26/2027,2026 Subaru FORESTERSUVPR,Automobile,FORESTERSUVPR,4S4SLDD67T3057915,R4999,"$34,249.00 ","$34,249.00 ",$0.00 ,,"($34,249.00)",$0.00 ,"($34,249.00)",$0.00 ,$0.00 ,$0.00 ,$0.00 ,$0.00 ,$0.00 ,$61.40 ,$0.00 ,$0.00 ,$0.00 ,$61.40 ,$222.10 ,"$14,841.23 "
"3535 West Loop 820 South  Fort Worth, TX 76116",Subaru,Auto - Subaru Plant (Floorplan-New) - East,3/26/2026,64226,3/26/2026,10/26/2027,2026 Subaru FORESTERSUVTO,Automobile,FORESTERSUVTO,4S4SLST7XT3064226,,"$41,182.00 ","$41,182.00 ",$0.00 ,,$0.00 ,$0.00 ,$0.00 ,"$41,182.00 ",$0.00 ,$0.00 ,$0.00 ,$0.00 ,$0.00 ,$170.38 ,$0.00 ,$0.00 ,$0.00 ,$170.38 ,$204.48 ,"$41,182.00 "
"3535 West Loop 820 South  Fort Worth, TX 76116",Subaru,Auto - Subaru Plant (Floorplan-New) - East,3/20/2026,64655,3/20/2026,10/20/2027,2026 Subaru FORESTERSUVLI,Automobile,FORESTERSUVLI,4S4SLSR71T3064655,R5086,"$38,871.00 ","$38,871.00 ",$0.00 ,,"($38,871.00)",$0.00 ,"($38,871.00)",$0.00 ,$0.00 ,$0.00 ,$0.00 ,$0.00 ,$0.00 ,$69.69 ,$0.00 ,$0.00 ,$0.00 ,$69.69 ,$134.06 ,"$16,844.10 "
"3535 West Loop 820 South  Fort Worth, TX 76116",Subaru,Auto - Subaru Plant (Floorplan-New) - East,3/24/2026,64681,3/24/2026,10/24/2027,2026 Subaru FORESTERSUVSP,Automobile,FORESTERSUVSP,4S4SLSJ78T3064681,,"$37,441.00 ","$37,441.00 ",$0.00 ,,$0.00 ,$0.00 ,$0.00 ,"$37,441.00 ",$0.00 ,$0.00 ,$0.00 ,$0.00 ,$0.00 ,$154.91 ,$0.00 ,$0.00 ,$0.00 ,$154.91 ,$196.24 ,"$37,441.00 "
"3535 West Loop 820 South  Fort Worth, TX 76116",Subaru,Auto - Subaru Plant (Floorplan-New) - East,3/24/2026,64770,3/24/2026,10/24/2027,2026 Subaru FORESTERSUVTO,Automobile,FORESTERSUVTO,4S4SLST70T3064770,R5128,"$41,182.00 ","$41,182.00 ",$0.00 ,,"($41,182.00)",$0.00 ,"($41,182.00)",$0.00 ,$0.00 ,$0.00 ,$0.00 ,$0.00 ,$0.00 ,$68.15 ,$0.00 ,$0.00 ,$0.00 ,$68.15 ,$113.61 ,"$16,472.80 "
"3535 West Loop 820 South  Fort Worth, TX 76116",Subaru,Auto - Subaru Plant (Floorplan-New) - East,3/13/2026,67568,3/13/2026,10/13/2027,2026 Subaru FORESTERSUVWI,Automobile,FORESTERSUVWI,4S4SLDL65T3067568,,"$38,428.00 ","$38,428.00 ",$0.00 ,,$0.00 ,$0.00 ,$0.00 ,"$38,428.00 ",$0.00 ,$0.00 ,$0.00 ,$0.00 ,$0.00 ,$158.99 ,$0.00 ,$0.00 ,$0.00 ,$158.99 ,$259.74 ,"$38,428.00 "
"3535 West Loop 820 South  Fort Worth, TX 76116",Subaru,Auto - Subaru Plant (Floorplan-New) - East,3/19/2026,68072,3/19/2026,10/19/2027,2026 Subaru FORESTERSUVTO,Automobile,FORESTERSUVTO,4S4SLDT63T3068072,,"$39,762.00 ","$39,762.00 ",$0.00 ,,$0.00 ,$0.00 ,$0.00 ,"$39,762.00 ",$0.00 ,$0.00 ,$0.00 ,$0.00 ,$0.00 ,$164.51 ,$0.00 ,$0.00 ,$0.00 ,$164.51 ,$235.84 ,"$39,762.00 "
"3535 West Loop 820 South  Fort Worth, TX 76116",Subaru,Auto - Subaru Plant (Floorplan-New) - East,3/13/2026,68181,3/13/2026,10/13/2027,2026 Subaru FORESTERSUVTO,Automobile,FORESTERSUVTO,4S4SLDT68T3068181,,"$40,137.00 ","$40,137.00 ",$0.00 ,,$0.00 ,$0.00 ,$0.00 ,"$40,137.00 ",$0.00 ,$0.00 ,$0.00 ,$0.00 ,$0.00 ,$166.06 ,$0.00 ,$0.00 ,$0.00 ,$166.06 ,$271.29 ,"$40,137.00 "
"3535 West Loop 820 South  Fort Worth, TX 76116",Subaru,Auto - Subaru Plant (Floorplan-New) - East,3/5/2026,68486,3/5/2026,10/5/2027,2026 Subaru FORESTERSUVWI,Automobile,FORESTERSUVWI,4S4SLDL68T3068486,,"$38,428.00 ","$38,428.00 ",$0.00 ,,"($38,428.00)",$0.00 ,"($38,428.00)",$0.00 ,$0.00 ,$0.00 ,$0.00 ,$0.00 ,$0.00 ,$84.79 ,$0.00 ,$0.00 ,$0.00 ,$84.79 ,$227.96 ,"$20,494.93 "
"3535 West Loop 820 South  Fort Worth, TX 76116",Subaru,Auto - Subaru Plant (Floorplan-New) - East,3/9/2026,69212,3/9/2026,10/9/2027,2026 Subaru FORESTERSUVSP,Automobile,FORESTERSUVSP,4S4SLSJ79T3069212,,"$37,441.00 ","$37,441.00 ",$0.00 ,,$0.00 ,$0.00 ,$0.00 ,"$37,441.00 ",$0.00 ,$0.00 ,$0.00 ,$0.00 ,$0.00 ,$154.91 ,$0.00 ,$0.00 ,$0.00 ,$154.91 ,$273.74 ,"$37,441.00 "
"3535 West Loop 820 South  Fort Worth, TX 76116",Subaru,Auto - Subaru Plant (Floorplan-New) - East,3/5/2026,69632,3/5/2026,10/5/2027,2026 Subaru FORESTERSUVPR,Automobile,FORESTERSUVPR,4S4SLDB67T3069632,R5038,"$31,593.00 ","$31,593.00 ",$0.00 ,,"($31,593.00)",$0.00 ,"($31,593.00)",$0.00 ,$0.00 ,$0.00 ,$0.00 ,$0.00 ,$0.00 ,$26.14 ,$0.00 ,$0.00 ,$0.00 ,$26.14 ,$143.85 ,"$6,318.60 "
"3535 West Loop 820 South  Fort Worth, TX 76116",Subaru,Auto - Subaru Plant (Floorplan-New) - East,3/26/2026,77442,3/26/2026,10/26/2027,2026 Subaru FORESTERSUVPR,Automobile,FORESTERSUVPR,4S4SLDD62T3077442,R5153,"$32,593.00 ","$32,593.00 ",$0.00 ,,"($32,593.00)",$0.00 ,"($32,593.00)",$0.00 ,$0.00 ,$0.00 ,$0.00 ,$0.00 ,$0.00 ,$67.42 ,$0.00 ,$0.00 ,$0.00 ,$67.42 ,$94.41 ,"$16,296.50 "
"3535 West Loop 820 South  Fort Worth, TX 76116",Subaru,Auto - Subaru Plant (Floorplan-New) - East,3/24/2026,78116,3/24/2026,10/24/2027,2026 Subaru FORESTERSUVWI,Automobile,FORESTERSUVWI,4S4SLDL63T3078116,R5115,"$39,101.00 ","$39,101.00 ",$0.00 ,,"($39,101.00)",$0.00 ,"($39,101.00)",$0.00 ,$0.00 ,$0.00 ,$0.00 ,$0.00 ,$0.00 ,$5.39 ,$0.00 ,$0.00 ,$0.00 ,$5.39 ,$48.55 ,"$1,303.37 "
"3535 West Loop 820 South  Fort Worth, TX 76116",Subaru,Auto - Subaru Plant (Floorplan-New) - East,3/31/2026,78179,3/31/2026,10/31/2027,2026 Subaru FORESTERSUVLI,Automobile,FORESTERSUVLI,4S4SLSR7XT3078179,,"$38,703.00 ","$38,703.00 ",$0.00 ,,$0.00 ,$0.00 ,$0.00 ,"$38,703.00 ",$0.00 ,$0.00 ,$0.00 ,$0.00 ,$0.00 ,$160.13 ,$0.00 ,$0.00 ,$0.00 ,$160.13 ,$165.47 ,"$38,703.00 "
"3535 West Loop 820 South  Fort Worth, TX 76116",Subaru,Auto - Subaru Plant (Floorplan-New) - East,3/24/2026,78478,3/24/2026,10/24/2027,2026 Subaru FORESTERSUVTO,Automobile,FORESTERSUVTO,4S4SLST78T3078478,R5120,"$40,934.00 ","$40,934.00 ",$0.00 ,,"($40,934.00)",$0.00 ,"($40,934.00)",$0.00 ,$0.00 ,$0.00 ,$0.00 ,$0.00 ,$0.00 ,$5.65 ,$0.00 ,$0.00 ,$0.00 ,$5.65 ,$50.84 ,"$1,364.47 "
"3535 West Loop 820 South  Fort Worth, TX 76116",Subaru,Auto - Subaru Plant (Floorplan-New) - East,3/24/2026,78550,3/24/2026,10/24/2027,2026 Subaru FORESTERSUVWI,Automobile,FORESTERSUVWI,4S4SLDL68T3078550,,"$39,101.00 ","$39,101.00 ",$0.00 ,,$0.00 ,$0.00 ,$0.00 ,"$39,101.00 ",$0.00 ,$0.00 ,$0.00 ,$0.00 ,$0.00 ,$161.77 ,$0.00 ,$0.00 ,$0.00 ,$161.77 ,$204.93 ,"$39,101.00 "
"3535 West Loop 820 South  Fort Worth, TX 76116",Subaru,Auto - Subaru Plant (Floorplan-New) - East,3/24/2026,78618,3/24/2026,10/24/2027,2026 Subaru FORESTERSUVPR,Automobile,FORESTERSUVPR,4S4SLDD67T3078618,R5113,"$32,672.00 ","$32,672.00 ",$0.00 ,,"($32,672.00)",$0.00 ,"($32,672.00)",$0.00 ,$0.00 ,$0.00 ,$0.00 ,$0.00 ,$0.00 ,$40.55 ,$0.00 ,$0.00 ,$0.00 ,$40.55 ,$76.62 ,"$9,801.60 "
"3535 West Loop 820 South  Fort Worth, TX 76116",Subaru,Auto - Subaru Plant (Floorplan-New) - East,4/6/2026,78681,4/6/2026,11/6/2027,2026 Subaru FORESTERSUVPR,Automobile,FORESTERSUVPR,4S4SLSE79T3078681,R5205,"$34,181.00 ",$0.00 ,"$34,181.00 ",4/6/2026,"($34,181.00)",$0.00 ,$0.00 ,$0.00 ,$0.00 ,$0.00 ,$0.00 ,$0.00 ,$0.00 ,$70.71 ,$0.00 ,$0.00 ,$0.00 ,$70.71 ,$70.71 ,"$17,090.50 "
"3535 West Loop 820 South  Fort Worth, TX 76116",Subaru,Auto - Subaru Plant (Floorplan-New) - East,3/31/2026,78704,3/31/2026,10/31/2027,2026 Subaru FORESTERSUVSP,Automobile,FORESTERSUVSP,4S4SLDH68T3078704,,"$36,156.00 ","$36,156.00 ",$0.00 ,,$0.00 ,$0.00 ,$0.00 ,"$36,156.00 ",$0.00 ,$0.00 ,$0.00 ,$0.00 ,$0.00 ,$149.59 ,$0.00 ,$0.00 ,$0.00 ,$149.59 ,$154.58 ,"$36,156.00 "
"3535 West Loop 820 South  Fort Worth, TX 76116",Subaru,Auto - Subaru Plant (Floorplan-New) - East,3/31/2026,78717,3/31/2026,10/31/2027,2026 Subaru FORESTERSUVSP,Automobile,FORESTERSUVSP,4S4SLDH66T3078717,,"$36,156.00 ","$36,156.00 ",$0.00 ,,$0.00 ,$0.00 ,$0.00 ,"$36,156.00 ",$0.00 ,$0.00 ,$0.00 ,$0.00 ,$0.00 ,$149.59 ,$0.00 ,$0.00 ,$0.00 ,$149.59 ,$154.58 ,"$36,156.00 "
"3535 West Loop 820 South  Fort Worth, TX 76116",Subaru,Auto - Subaru Plant (Floorplan-New) - East,3/24/2026,78801,3/24/2026,10/24/2027,2026 Subaru FORESTERSUVWI,Automobile,FORESTERSUVWI,4S4SLDL67T3078801,,"$39,101.00 ","$39,101.00 ",$0.00 ,,$0.00 ,$0.00 ,$0.00 ,"$39,101.00 ",$0.00 ,$0.00 ,$0.00 ,$0.00 ,$0.00 ,$161.77 ,$0.00 ,$0.00 ,$0.00 ,$161.77 ,$204.93 ,"$39,101.00 "
"3535 West Loop 820 South  Fort Worth, TX 76116",Subaru,Auto - Subaru Plant (Floorplan-New) - East,4/6/2026,78911,4/6/2026,11/6/2027,2026 Subaru FORESTERSUVLI,Automobile,FORESTERSUVLI,4S4SLSR78T3078911,R5208,"$38,703.00 ",$0.00 ,"$38,703.00 ",4/6/2026,"($38,703.00)",$0.00 ,$0.00 ,$0.00 ,$0.00 ,$0.00 ,$0.00 ,$0.00 ,$0.00 ,$96.08 ,$0.00 ,$0.00 ,$0.00 ,$96.08 ,$96.08 ,"$23,221.80 "
"3535 West Loop 820 South  Fort Worth, TX 76116",Subaru,Auto - Subaru Plant (Floorplan-New) - East,4/10/2026,78948,4/10/2026,11/10/2027,2026 Subaru FORESTERSUVTO,Automobile,FORESTERSUVTO,4S4SLDT64T3078948,R5233,"$39,889.00 ",$0.00 ,"$39,889.00 ",4/10/2026,"($39,889.00)",$0.00 ,$0.00 ,$0.00 ,$0.00 ,$0.00 ,$0.00 ,$0.00 ,$0.00 ,$60.51 ,$0.00 ,$0.00 ,$0.00 ,$60.51 ,$60.51 ,"$14,625.97 "
"3535 West Loop 820 South  Fort Worth, TX 76116",Subaru,Auto - Subaru Plant (Floorplan-New) - East,4/6/2026,78971,4/6/2026,11/6/2027,2026 Subaru FORESTERSUVPR,Automobile,FORESTERSUVPR,4S4SLSE77T3078971,R5207,"$34,181.00 ",$0.00 ,"$34,181.00 ",4/6/2026,"($34,181.00)",$0.00 ,$0.00 ,$0.00 ,$0.00 ,$0.00 ,$0.00 ,$0.00 ,$0.00 ,$70.71 ,$0.00 ,$0.00 ,$0.00 ,$70.71 ,$70.71 ,"$17,090.50 "
"3535 West Loop 820 South  Fort Worth, TX 76116",Subaru,Auto - Subaru Plant (Floorplan-New) - East,4/6/2026,78985,4/6/2026,11/6/2027,2026 Subaru FORESTERSUVPR,Automobile,FORESTERSUVPR,4S4SLSE77T3078985,R5206,"$34,181.00 ",$0.00 ,"$34,181.00 ",4/6/2026,"($34,181.00)",$0.00 ,$0.00 ,$0.00 ,$0.00 ,$0.00 ,$0.00 ,$0.00 ,$0.00 ,$103.71 ,$0.00 ,$0.00 ,$0.00 ,$103.71 ,$103.71 ,"$25,066.07 "
"3535 West Loop 820 South  Fort Worth, TX 76116",Subaru,Auto - Subaru Plant (Floorplan-New) - East,3/26/2026,78998,3/26/2026,10/26/2027,2026 Subaru FORESTERSUVWI,Automobile,FORESTERSUVWI,4S4SLDL68T3078998,,"$39,101.00 ","$39,101.00 ",$0.00 ,,$0.00 ,$0.00 ,$0.00 ,"$39,101.00 ",$0.00 ,$0.00 ,$0.00 ,$0.00 ,$0.00 ,$161.77 ,$0.00 ,$0.00 ,$0.00 ,$161.77 ,$194.14 ,"$39,101.00 "
"3535 West Loop 820 South  Fort Worth, TX 76116",Subaru,Auto - Subaru Plant (Floorplan-New) - East,4/8/2026,79045,4/8/2026,11/8/2027,2026 Subaru FORESTERSUVTO,Automobile,FORESTERSUVTO,4S4SLST74T3079045,,"$40,934.00 ",$0.00 ,"$40,934.00 ",4/8/2026,$0.00 ,$0.00 ,"$40,934.00 ","$40,934.00 ",$0.00 ,$0.00 ,$0.00 ,$0.00 ,$0.00 ,$129.84 ,$0.00 ,$0.00 ,$0.00 ,$129.84 ,$129.84 ,"$31,382.73 "
"3535 West Loop 820 South  Fort Worth, TX 76116",Subaru,Auto - Subaru Plant (Floorplan-New) - East,3/19/2026,79083,3/19/2026,10/19/2027,2026 Subaru FORESTERSUVPR,Automobile,FORESTERSUVPR,4S4SLDD6XT3079083,R5111,"$33,047.00 ","$33,047.00 ",$0.00 ,,"($33,047.00)",$0.00 ,"($33,047.00)",$0.00 ,$0.00 ,$0.00 ,$0.00 ,$0.00 ,$0.00 ,$31.90 ,$0.00 ,$0.00 ,$0.00 ,$31.90 ,$91.18 ,"$7,710.97 "
"3535 West Loop 820 South  Fort Worth, TX 76116",Subaru,Auto - Subaru Plant (Floorplan-New) - East,3/31/2026,79089,3/31/2026,10/31/2027,2026 Subaru FORESTERSUVTO,Automobile,FORESTERSUVTO,4S4SLDT69T3079089,R5200,"$39,514.00 ","$39,514.00 ",$0.00 ,,"($39,514.00)",$0.00 ,"($39,514.00)",$0.00 ,$0.00 ,$0.00 ,$0.00 ,$0.00 ,$0.00 ,$27.25 ,$0.00 ,$0.00 ,$0.00 ,$27.25 ,$32.70 ,"$6,585.67 "
"3535 West Loop 820 South  Fort Worth, TX 76116",Subaru,Auto - Subaru Plant (Floorplan-New) - East,3/31/2026,79101,3/31/2026,10/31/2027,2026 Subaru FORESTERSUVPR,Automobile,FORESTERSUVPR,4S4SLDD68T3079101,R5196,"$32,672.00 ","$32,672.00 ",$0.00 ,,"($32,672.00)",$0.00 ,"($32,672.00)",$0.00 ,$0.00 ,$0.00 ,$0.00 ,$0.00 ,$0.00 ,$27.03 ,$0.00 ,$0.00 ,$0.00 ,$27.03 ,$31.54 ,"$6,534.40 "
"3535 West Loop 820 South  Fort Worth, TX 76116",Subaru,Auto - Subaru Plant (Floorplan-New) - East,3/31/2026,79156,3/31/2026,10/31/2027,2026 Subaru FORESTERSUVLI,Automobile,FORESTERSUVLI,4S4SLDR6XT3079156,,"$37,294.00 ","$37,294.00 ",$0.00 ,,$0.00 ,$0.00 ,$0.00 ,"$37,294.00 ",$0.00 ,$0.00 ,$0.00 ,$0.00 ,$0.00 ,$154.30 ,$0.00 ,$0.00 ,$0.00 ,$154.30 ,$159.45 ,"$37,294.00 "
"3535 West Loop 820 South  Fort Worth, TX 76116",Subaru,Auto - Subaru Plant (Floorplan-New) - East,3/24/2026,79171,3/24/2026,10/24/2027,2026 Subaru FORESTERSUVPR,Automobile,FORESTERSUVPR,4S4SLDD67T3079171,R5114,"$32,672.00 ","$32,672.00 ",$0.00 ,,"($32,672.00)",$0.00 ,"($32,672.00)",$0.00 ,$0.00 ,$0.00 ,$0.00 ,$0.00 ,$0.00 ,$99.13 ,$0.00 ,$0.00 ,$0.00 ,$99.13 ,$135.20 ,"$23,959.47 "
"3535 West Loop 820 South  Fort Worth, TX 76116",Subaru,Auto - Subaru Plant (Floorplan-New) - East,3/24/2026,79179,3/24/2026,10/24/2027,2026 Subaru FORESTERSUVLI,Automobile,FORESTERSUVLI,4S4SLDR60T3079179,R5119,"$37,294.00 ","$37,294.00 ",$0.00 ,,"($37,294.00)",$0.00 ,"($37,294.00)",$0.00 ,$0.00 ,$0.00 ,$0.00 ,$0.00 ,$0.00 ,$25.72 ,$0.00 ,$0.00 ,$0.00 ,$25.72 ,$66.89 ,"$6,215.67 "
"3535 West Loop 820 South  Fort Worth, TX 76116",Subaru,Auto - Subaru Plant (Floorplan-New) - East,3/26/2026,79418,3/26/2026,10/26/2027,2026 Subaru FORESTERSUVTO,Automobile,FORESTERSUVTO,4S4SLST76T3079418,,"$40,934.00 ","$40,934.00 ",$0.00 ,,$0.00 ,$0.00 ,$0.00 ,"$40,934.00 ",$0.00 ,$0.00 ,$0.00 ,$0.00 ,$0.00 ,$169.36 ,$0.00 ,$0.00 ,$0.00 ,$169.36 ,$203.25 ,"$40,934.00 "
"3535 West Loop 820 South  Fort Worth, TX 76116",Subaru,Auto - Subaru Plant (Floorplan-New) - East,3/26/2026,79430,3/26/2026,10/26/2027,2026 Subaru FORESTERSUVTO,Automobile,FORESTERSUVTO,4S4SLST77T3079430,,"$40,934.00 ","$40,934.00 ",$0.00 ,,$0.00 ,$0.00 ,$0.00 ,"$40,934.00 ",$0.00 ,$0.00 ,$0.00 ,$0.00 ,$0.00 ,$169.36 ,$0.00 ,$0.00 ,$0.00 ,$169.36 ,$203.25 ,"$40,934.00 "
"3535 West Loop 820 South  Fort Worth, TX 76116",Subaru,Auto - Subaru Plant (Floorplan-New) - East,4/27/2026,79434,4/27/2026,11/27/2027,2026 Subaru FORESTERSUVLI,Automobile,FORESTERSUVLI,4S4SLSR75T3079434,,"$38,703.00 ",$0.00 ,"$38,703.00 ",4/27/2026,$0.00 ,$0.00 ,"$38,703.00 ","$38,703.00 ",$0.00 ,$0.00 ,$0.00 ,$0.00 ,$0.00 ,$21.35 ,$0.00 ,$0.00 ,$0.00 ,$21.35 ,$21.35 ,"$5,160.40 "
"3535 West Loop 820 South  Fort Worth, TX 76116",Subaru,Auto - Subaru Plant (Floorplan-New) - East,3/26/2026,79502,3/26/2026,10/26/2027,2026 Subaru FORESTERSUVLI,Automobile,FORESTERSUVLI,4S4SLSR77T3079502,R5148,"$39,078.00 ","$39,078.00 ",$0.00 ,,"($39,078.00)",$0.00 ,"($39,078.00)",$0.00 ,$0.00 ,$0.00 ,$0.00 ,$0.00 ,$0.00 ,$102.40 ,$0.00 ,$0.00 ,$0.00 ,$102.40 ,$134.75 ,"$24,749.40 "
"3535 West Loop 820 South  Fort Worth, TX 76116",Subaru,Auto - Subaru Plant (Floorplan-New) - East,3/26/2026,79576,3/26/2026,10/26/2027,2026 Subaru FORESTERSUVWI,Automobile,FORESTERSUVWI,4S4SLDL69T3079576,,"$39,101.00 ","$39,101.00 ",$0.00 ,,$0.00 ,$0.00 ,$0.00 ,"$39,101.00 ",$0.00 ,$0.00 ,$0.00 ,$0.00 ,$0.00 ,$161.77 ,$0.00 ,$0.00 ,$0.00 ,$161.77 ,$194.14 ,"$39,101.00 "
"3535 West Loop 820 South  Fort Worth, TX 76116",Subaru,Auto - Subaru Plant (Floorplan-New) - East,3/26/2026,79665,3/26/2026,10/26/2027,2026 Subaru FORESTERSUVSP,Automobile,FORESTERSUVSP,4S4SLSJ78T3079665,,"$37,687.00 ","$37,687.00 ",$0.00 ,,$0.00 ,$0.00 ,$0.00 ,"$37,687.00 ",$0.00 ,$0.00 ,$0.00 ,$0.00 ,$0.00 ,$155.92 ,$0.00 ,$0.00 ,$0.00 ,$155.92 ,$187.12 ,"$37,687.00 "
"3535 West Loop 820 South  Fort Worth, TX 76116",Subaru,Auto - Subaru Plant (Floorplan-New) - East,4/15/2026,86246,4/15/2026,11/15/2027,2026 Subaru FORESTERSUVPR,Automobile,FORESTERSUVPR,4S4SLDB6XT3086246,R5255,"$31,672.00 ",$0.00 ,"$31,672.00 ",4/15/2026,"($31,672.00)",$0.00 ,$0.00 ,$0.00 ,$0.00 ,$0.00 ,$0.00 ,$0.00 ,$0.00 ,$21.84 ,$0.00 ,$0.00 ,$0.00 ,$21.84 ,$21.84 ,"$5,278.67 "
"3535 West Loop 820 South  Fort Worth, TX 76116",Subaru,Auto - Subaru Plant (Floorplan-New) - East,4/8/2026,86605,4/8/2026,11/8/2027,2026 Subaru FORESTERSUVSP,Automobile,FORESTERSUVSP,4S4SLDH62T3086605,R5219,"$36,156.00 ",$0.00 ,"$36,156.00 ",4/8/2026,"($36,156.00)",$0.00 ,$0.00 ,$0.00 ,$0.00 ,$0.00 ,$0.00 ,$0.00 ,$0.00 ,$69.81 ,$0.00 ,$0.00 ,$0.00 ,$69.81 ,$69.81 ,"$16,872.80 "
"3535 West Loop 820 South  Fort Worth, TX 76116",Subaru,Auto - Subaru Plant (Floorplan-New) - East,4/23/2026,86633,4/23/2026,11/23/2027,2026 Subaru FORESTERSUVSP,Automobile,FORESTERSUVSP,4S4SLDH67T3086633,R5273,"$36,531.00 ",$0.00 ,"$36,531.00 ",4/23/2026,"($36,531.00)",$0.00 ,$0.00 ,$0.00 ,$0.00 ,$0.00 ,$0.00 ,$0.00 ,$0.00 ,$35.27 ,$0.00 ,$0.00 ,$0.00 ,$35.27 ,$35.27 ,"$8,523.90 "
"3535 West Loop 820 South  Fort Worth, TX 76116",Subaru,Auto - Subaru Plant (Floorplan-New) - East,4/23/2026,86696,4/23/2026,11/23/2027,2026 Subaru FORESTERSUV-,Automobile,FORESTERSUV-,4S4SLDA66T3086696,R5271,"$30,171.00 ",$0.00 ,"$30,171.00 ",4/23/2026,"($30,171.00)",$0.00 ,$0.00 ,$0.00 ,$0.00 ,$0.00 ,$0.00 ,$0.00 ,$0.00 ,$20.80 ,$0.00 ,$0.00 ,$0.00 ,$20.80 ,$20.80 ,"$5,028.50 "
"3535 West Loop 820 South  Fort Worth, TX 76116",Subaru,Auto - Subaru Plant (Floorplan-New) - East,4/10/2026,86812,4/10/2026,11/10/2027,2026 Subaru FORESTERSUVSP,Automobile,FORESTERSUVSP,4S4SLDH67T3086812,,"$36,156.00 ",$0.00 ,"$36,156.00 ",4/10/2026,$0.00 ,$0.00 ,"$36,156.00 ","$36,156.00 ",$0.00 ,$0.00 ,$0.00 ,$0.00 ,$0.00 ,$104.71 ,$0.00 ,$0.00 ,$0.00 ,$104.71 ,$104.71 ,"$25,309.20 "
"3535 West Loop 820 South  Fort Worth, TX 76116",Subaru,Auto - Subaru Plant (Floorplan-New) - East,4/15/2026,86818,4/15/2026,11/15/2027,2026 Subaru FORESTERSUVSP,Automobile,FORESTERSUVSP,4S4SLDH68T3086818,,"$36,156.00 ",$0.00 ,"$36,156.00 ",4/15/2026,$0.00 ,$0.00 ,"$36,156.00 ","$36,156.00 ",$0.00 ,$0.00 ,$0.00 ,$0.00 ,$0.00 ,$79.78 ,$0.00 ,$0.00 ,$0.00 ,$79.78 ,$79.78 ,"$19,283.20 "
"3535 West Loop 820 South  Fort Worth, TX 76116",Subaru,Auto - Subaru Plant (Floorplan-New) - East,4/17/2026,87155,4/17/2026,11/17/2027,2026 Subaru FORESTERSUVTO,Automobile,FORESTERSUVTO,4S4SLDT63T3087155,,"$39,514.00 ",$0.00 ,"$39,514.00 ",4/17/2026,$0.00 ,$0.00 ,"$39,514.00 ","$39,514.00 ",$0.00 ,$0.00 ,$0.00 ,$0.00 ,$0.00 ,$76.29 ,$0.00 ,$0.00 ,$0.00 ,$76.29 ,$76.29 ,"$18,439.87 "
"3535 West Loop 820 South  Fort Worth, TX 76116",Subaru,Auto - Subaru Plant (Floorplan-New) - East,4/23/2026,87158,4/23/2026,11/23/2027,2026 Subaru FORESTERSUVPR,Automobile,FORESTERSUVPR,4S4SLDB67T3087158,R5272,"$31,672.00 ",$0.00 ,"$31,672.00 ",4/23/2026,"($31,672.00)",$0.00 ,$0.00 ,$0.00 ,$0.00 ,$0.00 ,$0.00 ,$0.00 ,$0.00 ,$21.84 ,$0.00 ,$0.00 ,$0.00 ,$21.84 ,$21.84 ,"$5,278.67 "
"3535 West Loop 820 South  Fort Worth, TX 76116",Subaru,Auto - Subaru Plant (Floorplan-New) - East,4/8/2026,87195,4/8/2026,11/8/2027,2026 Subaru FORESTERSUVPR,Automobile,FORESTERSUVPR,4S4SLDB62T3087195,,"$31,672.00 ",$0.00 ,"$31,672.00 ",4/8/2026,$0.00 ,$0.00 ,"$31,672.00 ","$31,672.00 ",$0.00 ,$0.00 ,$0.00 ,$0.00 ,$0.00 ,$100.46 ,$0.00 ,$0.00 ,$0.00 ,$100.46 ,$100.46 ,"$24,281.87 "
"3535 West Loop 820 South  Fort Worth, TX 76116",Subaru,Auto - Subaru Plant (Floorplan-New) - East,4/10/2026,87246,4/10/2026,11/10/2027,2026 Subaru FORESTERSUVTO,Automobile,FORESTERSUVTO,4S4SLDT66T3087246,R5226,"$39,514.00 ",$0.00 ,"$39,514.00 ",4/10/2026,"($39,514.00)",$0.00 ,$0.00 ,$0.00 ,$0.00 ,$0.00 ,$0.00 ,$0.00 ,$0.00 ,$32.70 ,$0.00 ,$0.00 ,$0.00 ,$32.70 ,$32.70 ,"$7,902.80 "
"3535 West Loop 820 South  Fort Worth, TX 76116",Subaru,Auto - Subaru Plant (Floorplan-New) - East,4/23/2026,94607,4/23/2026,11/23/2027,2026 Subaru FORESTERSUVTO,Automobile,FORESTERSUVTO,4S4SLST77T3094607,,"$40,934.00 ",$0.00 ,"$40,934.00 ",4/23/2026,$0.00 ,$0.00 ,"$40,934.00 ","$40,934.00 ",$0.00 ,$0.00 ,$0.00 ,$0.00 ,$0.00 ,$45.16 ,$0.00 ,$0.00 ,$0.00 ,$45.16 ,$45.16 ,"$10,915.73 "
"3535 West Loop 820 South  Fort Worth, TX 76116",Subaru,Auto - Subaru Plant (Floorplan-New) - East,4/30/2026,94629,4/30/2026,11/30/2027,2026 Subaru FORESTERSUVTO,Automobile,FORESTERSUVTO,4S4SLST76T3094629,,"$41,813.00 ",$0.00 ,"$41,813.00 ",4/30/2026,$0.00 ,$0.00 ,"$41,813.00 ","$41,813.00 ",$0.00 ,$0.00 ,$0.00 ,$0.00 ,$0.00 ,$5.77 ,$0.00 ,$0.00 ,$0.00 ,$5.77 ,$5.77 ,"$1,393.77 "
"3535 West Loop 820 South  Fort Worth, TX 76116",Subaru,Auto - Subaru Plant (Floorplan-New) - East,4/30/2026,96303,4/30/2026,11/30/2027,2026 Subaru FORESTERSUVWI,Automobile,FORESTERSUVWI,4S4SLDL64T3096303,,"$38,794.00 ",$0.00 ,"$38,794.00 ",4/30/2026,$0.00 ,$0.00 ,"$38,794.00 ","$38,794.00 ",$0.00 ,$0.00 ,$0.00 ,$0.00 ,$0.00 ,$5.35 ,$0.00 ,$0.00 ,$0.00 ,$5.35 ,$5.35 ,"$1,293.13 "
"3535 West Loop 820 South  Fort Worth, TX 76116",Subaru,Auto - Subaru Plant (Floorplan-New) - East,4/27/2026,96372,4/27/2026,11/27/2027,2026 Subaru FORESTERSUVPR,Automobile,FORESTERSUVPR,4S4SLSE79T3096372,,"$34,726.00 ",$0.00 ,"$34,726.00 ",4/27/2026,$0.00 ,$0.00 ,"$34,726.00 ","$34,726.00 ",$0.00 ,$0.00 ,$0.00 ,$0.00 ,$0.00 ,$19.16 ,$0.00 ,$0.00 ,$0.00 ,$19.16 ,$19.16 ,"$4,630.13 "
"3535 West Loop 820 South  Fort Worth, TX 76116",Subaru,Auto - Subaru Plant (Floorplan-New) - East,4/27/2026,96515,4/27/2026,11/27/2027,2026 Subaru FORESTERSUVSP,Automobile,FORESTERSUVSP,4S4SLDH67T3096515,,"$36,350.00 ",$0.00 ,"$36,350.00 ",4/27/2026,$0.00 ,$0.00 ,"$36,350.00 ","$36,350.00 ",$0.00 ,$0.00 ,$0.00 ,$0.00 ,$0.00 ,$20.05 ,$0.00 ,$0.00 ,$0.00 ,$20.05 ,$20.05 ,"$4,846.67 "
"3535 West Loop 820 South  Fort Worth, TX 76116",Subaru,Auto - Subaru Plant (Floorplan-New) - East,4/30/2026,96623,4/30/2026,11/30/2027,2026 Subaru FORESTERSUVPR,Automobile,FORESTERSUVPR,4S4SLSE78T3096623,,"$34,726.00 ",$0.00 ,"$34,726.00 ",4/30/2026,$0.00 ,$0.00 ,"$34,726.00 ","$34,726.00 ",$0.00 ,$0.00 ,$0.00 ,$0.00 ,$0.00 ,$4.79 ,$0.00 ,$0.00 ,$0.00 ,$4.79 ,$4.79 ,"$1,157.53 "
"3535 West Loop 820 South  Fort Worth, TX 76116",Subaru,Auto - Subaru Plant (Floorplan-New) - East,4/30/2026,96817,4/30/2026,11/30/2027,2026 Subaru FORESTERSUV-,Automobile,FORESTERSUV-,4S4SLDA69T3096817,,"$30,602.00 ",$0.00 ,"$30,602.00 ",4/30/2026,$0.00 ,$0.00 ,"$30,602.00 ","$30,602.00 ",$0.00 ,$0.00 ,$0.00 ,$0.00 ,$0.00 ,$4.22 ,$0.00 ,$0.00 ,$0.00 ,$4.22 ,$4.22 ,"$1,020.07 "
"3535 West Loop 820 South  Fort Worth, TX 76116",Subaru,Auto - Subaru Plant (Floorplan-New) - East,4/30/2026,96850,4/30/2026,11/30/2027,2026 Subaru FORESTERSUV-,Automobile,FORESTERSUV-,4S4SLDA67T3096850,,"$30,227.00 ",$0.00 ,"$30,227.00 ",4/30/2026,$0.00 ,$0.00 ,"$30,227.00 ","$30,227.00 ",$0.00 ,$0.00 ,$0.00 ,$0.00 ,$0.00 ,$4.17 ,$0.00 ,$0.00 ,$0.00 ,$4.17 ,$4.17 ,"$1,007.57 "
"3535 West Loop 820 South  Fort Worth, TX 76116",Subaru,Auto - Subaru Plant (Floorplan-New) - East,4/30/2026,99132,4/30/2026,11/30/2027,2026 Subaru FORESTERSUVPR,Automobile,FORESTERSUVPR,4S4SLDB65T3099132,,"$32,592.00 ",$0.00 ,"$32,592.00 ",4/30/2026,$0.00 ,$0.00 ,"$32,592.00 ","$32,592.00 ",$0.00 ,$0.00 ,$0.00 ,$0.00 ,$0.00 ,$4.49 ,$0.00 ,$0.00 ,$0.00 ,$4.49 ,$4.49 ,"$1,086.40 "
"3535 West Loop 820 South  Fort Worth, TX 76116",Subaru,Auto - Subaru Plant (Floorplan-New) - East,4/30/2026,99157,4/30/2026,11/30/2027,2026 Subaru FORESTERSUVPR,Automobile,FORESTERSUVPR,4S4SLDB6XT3099157,,"$32,217.00 ",$0.00 ,"$32,217.00 ",4/30/2026,$0.00 ,$0.00 ,"$32,217.00 ","$32,217.00 ",$0.00 ,$0.00 ,$0.00 ,$0.00 ,$0.00 ,$4.44 ,$0.00 ,$0.00 ,$0.00 ,$4.44 ,$4.44 ,"$1,073.90 "
"3535 West Loop 820 South  Fort Worth, TX 76116",Subaru,Auto - Subaru Plant (Floorplan-New) - East,12/18/2025,215156,12/18/2025,7/18/2027,2026 Subaru CROSSTREK5 DO,Automobile,CROSSTREK5 DO,JF2GUSND6T8215156,R4726,"$36,745.00 ","$36,745.00 ",$0.00 ,,"($36,745.00)",$0.00 ,"($36,745.00)",$0.00 ,$0.00 ,$0.00 ,$0.00 ,$0.00 ,$0.00 ,$5.07 ,$0.00 ,$0.00 ,$0.00 ,$5.07 ,$536.65 ,"$1,224.83 "
"3535 West Loop 820 South  Fort Worth, TX 76116",Subaru,Auto - Subaru Plant (Floorplan-New) - East,2/9/2026,218896,2/9/2026,9/9/2027,2026 Subaru CROSSTREK5 DO,Automobile,CROSSTREK5 DO,JF2GUSND6T8218896,,"$35,554.00 ","$35,554.00 ",$0.00 ,,$0.00 ,$0.00 ,$0.00 ,"$35,554.00 ",$0.00 ,$0.00 ,$0.00 ,$0.00 ,$0.00 ,$147.10 ,$0.00 ,$0.00 ,$0.00 ,$147.10 ,$397.38 ,"$35,554.00 "
"3535 West Loop 820 South  Fort Worth, TX 76116",Subaru,Auto - Subaru Plant (Floorplan-New) - East,2/11/2026,220629,2/11/2026,9/11/2027,2026 Subaru CROSSTREK5 DO,Automobile,CROSSTREK5 DO,JF2GUSND4T8220629,,"$36,975.00 ","$36,975.00 ",$0.00 ,,$0.00 ,$0.00 ,$0.00 ,"$36,975.00 ",$0.00 ,$0.00 ,$0.00 ,$0.00 ,$0.00 ,$152.98 ,$0.00 ,$0.00 ,$0.00 ,$152.98 ,$403.07 ,"$36,975.00 "
"3535 West Loop 820 South  Fort Worth, TX 76116",Subaru,Auto - Subaru Plant (Floorplan-New) - East,2/9/2026,222993,2/9/2026,9/9/2027,2026 Subaru IMPREZA5 DOOR,Automobile,IMPREZA5 DOOR,JF1GUAFC7T8222993,R4930,"$27,501.00 ","$27,501.00 ",$0.00 ,,"($27,501.00)",$0.00 ,"($27,501.00)",$0.00 ,$0.00 ,$0.00 ,$0.00 ,$0.00 ,$0.00 ,$49.31 ,$0.00 ,$0.00 ,$0.00 ,$49.31 ,$242.91 ,"$11,917.10 "
"3535 West Loop 820 South  Fort Worth, TX 76116",Subaru,Auto - Subaru Plant (Floorplan-New) - East,3/6/2026,232778,3/6/2026,10/6/2027,2026 Subaru CROSSTREK5 DO,Automobile,CROSSTREK5 DO,JF2GUSGD8T8232778,,"$34,027.00 ","$34,027.00 ",$0.00 ,,$0.00 ,$0.00 ,$0.00 ,"$34,027.00 ",$0.00 ,$0.00 ,$0.00 ,$0.00 ,$0.00 ,$140.78 ,$0.00 ,$0.00 ,$0.00 ,$140.78 ,$262.86 ,"$34,027.00 "
"3535 West Loop 820 South  Fort Worth, TX 76116",Subaru,Auto - Subaru Plant (Floorplan-New) - East,3/6/2026,233558,3/6/2026,10/6/2027,2026 Subaru CROSSTREK5 DO,Automobile,CROSSTREK5 DO,JF2GUSND6T8233558,,"$34,951.00 ","$34,951.00 ",$0.00 ,,$0.00 ,$0.00 ,$0.00 ,"$34,951.00 ",$0.00 ,$0.00 ,$0.00 ,$0.00 ,$0.00 ,$144.60 ,$0.00 ,$0.00 ,$0.00 ,$144.60 ,$270.00 ,"$34,951.00 "
"3535 West Loop 820 South  Fort Worth, TX 76116",Subaru,Auto - Subaru Plant (Floorplan-New) - East,3/31/2026,234135,3/31/2026,10/31/2027,2026 Subaru CROSSTREK5 DO,Automobile,CROSSTREK5 DO,JF2GUSND5T8234135,R5183,"$36,372.00 ","$36,372.00 ",$0.00 ,,"($36,372.00)",$0.00 ,"($36,372.00)",$0.00 ,$0.00 ,$0.00 ,$0.00 ,$0.00 ,$0.00 ,$115.37 ,$0.00 ,$0.00 ,$0.00 ,$115.37 ,$120.39 ,"$27,885.20 "
"3535 West Loop 820 South  Fort Worth, TX 76116",Subaru,Auto - Subaru Plant (Floorplan-New) - East,3/31/2026,234229,3/31/2026,10/31/2027,2026 Subaru CROSSTREK5 DO,Automobile,CROSSTREK5 DO,JF2GUSND3T8234229,R5182,"$36,372.00 ","$36,372.00 ",$0.00 ,,"($36,372.00)",$0.00 ,"($36,372.00)",$0.00 ,$0.00 ,$0.00 ,$0.00 ,$0.00 ,$0.00 ,$130.42 ,$0.00 ,$0.00 ,$0.00 ,$130.42 ,$135.44 ,"$31,522.40 "
"3535 West Loop 820 South  Fort Worth, TX 76116",Subaru,Auto - Subaru Plant (Floorplan-New) - East,3/13/2026,234261,3/13/2026,10/13/2027,2026 Subaru CROSSTREK5 DO,Automobile,CROSSTREK5 DO,JF2GUSGD3T8234261,,"$34,027.00 ","$34,027.00 ",$0.00 ,,$0.00 ,$0.00 ,$0.00 ,"$34,027.00 ",$0.00 ,$0.00 ,$0.00 ,$0.00 ,$0.00 ,$140.78 ,$0.00 ,$0.00 ,$0.00 ,$140.78 ,$229.99 ,"$34,027.00 "
"3535 West Loop 820 South  Fort Worth, TX 76116",Subaru,Auto - Subaru Plant (Floorplan-New) - East,3/13/2026,234404,3/13/2026,10/13/2027,2026 Subaru CROSSTREK5 DO,Automobile,CROSSTREK5 DO,JF2GUSND6T8234404,,"$36,372.00 ","$36,372.00 ",$0.00 ,,$0.00 ,$0.00 ,$0.00 ,"$36,372.00 ",$0.00 ,$0.00 ,$0.00 ,$0.00 ,$0.00 ,$150.48 ,$0.00 ,$0.00 ,$0.00 ,$150.48 ,$245.84 ,"$36,372.00 "
"3535 West Loop 820 South  Fort Worth, TX 76116",Subaru,Auto - Subaru Plant (Floorplan-New) - East,3/30/2026,234513,3/30/2026,10/30/2027,2026 Subaru CROSSTREK5 DO,Automobile,CROSSTREK5 DO,JF2GUSGD4T8234513,R5175,"$34,027.00 ","$34,027.00 ",$0.00 ,,"($34,027.00)",$0.00 ,"($34,027.00)",$0.00 ,$0.00 ,$0.00 ,$0.00 ,$0.00 ,$0.00 ,$136.09 ,$0.00 ,$0.00 ,$0.00 ,$136.09 ,$145.48 ,"$32,892.77 "
"3535 West Loop 820 South  Fort Worth, TX 76116",Subaru,Auto - Subaru Plant (Floorplan-New) - East,3/31/2026,234632,3/31/2026,10/31/2027,2026 Subaru CROSSTREK5 DO,Automobile,CROSSTREK5 DO,JF2GUSND8T8234632,,"$36,372.00 ","$36,372.00 ",$0.00 ,,$0.00 ,$0.00 ,$0.00 ,"$36,372.00 ",$0.00 ,$0.00 ,$0.00 ,$0.00 ,$0.00 ,$150.48 ,$0.00 ,$0.00 ,$0.00 ,$150.48 ,$155.50 ,"$36,372.00 "
"3535 West Loop 820 South  Fort Worth, TX 76116",Subaru,Auto - Subaru Plant (Floorplan-New) - East,3/27/2026,234872,3/27/2026,10/27/2027,2026 Subaru CROSSTREK5 DO,Automobile,CROSSTREK5 DO,JF2GUSND6T8234872,,"$36,372.00 ","$36,372.00 ",$0.00 ,,$0.00 ,$0.00 ,$0.00 ,"$36,372.00 ",$0.00 ,$0.00 ,$0.00 ,$0.00 ,$0.00 ,$150.48 ,$0.00 ,$0.00 ,$0.00 ,$150.48 ,$175.58 ,"$36,372.00 "
"3535 West Loop 820 South  Fort Worth, TX 76116",Subaru,Auto - Subaru Plant (Floorplan-New) - East,4/8/2026,237339,4/8/2026,11/8/2027,2026 Subaru CROSSTREK5 DO,Automobile,CROSSTREK5 DO,JF2GUSND3T8237339,R5224,"$34,951.00 ",$0.00 ,"$34,951.00 ",4/8/2026,"($34,951.00)",$0.00 ,$0.00 ,$0.00 ,$0.00 ,$0.00 ,$0.00 ,$0.00 ,$0.00 ,$96.40 ,$0.00 ,$0.00 ,$0.00 ,$96.40 ,$96.40 ,"$23,300.67 "
"3535 West Loop 820 South  Fort Worth, TX 76116",Subaru,Auto - Subaru Plant (Floorplan-New) - East,3/19/2026,238561,3/19/2026,10/19/2027,2026 Subaru IMPREZA5 DOOR,Automobile,IMPREZA5 DOOR,JF1GUAFC3T8238561,,"$27,310.00 ","$27,310.00 ",$0.00 ,,$0.00 ,$0.00 ,$0.00 ,"$27,310.00 ",$0.00 ,$0.00 ,$0.00 ,$0.00 ,$0.00 ,$112.99 ,$0.00 ,$0.00 ,$0.00 ,$112.99 ,$161.98 ,"$27,310.00 "
"3535 West Loop 820 South  Fort Worth, TX 76116",Subaru,Auto - Subaru Plant (Floorplan-New) - East,3/19/2026,239860,3/19/2026,10/19/2027,2026 Subaru CROSSTREK5 DO,Automobile,CROSSTREK5 DO,JF2GUSGD6T8239860,R5139,"$34,027.00 ","$34,027.00 ",$0.00 ,,"($34,027.00)",$0.00 ,"($34,027.00)",$0.00 ,$0.00 ,$0.00 ,$0.00 ,$0.00 ,$0.00 ,$28.16 ,$0.00 ,$0.00 ,$0.00 ,$28.16 ,$89.20 ,"$6,805.40 "
"3535 West Loop 820 South  Fort Worth, TX 76116",Subaru,Auto - Subaru Plant (Floorplan-New) - East,4/2/2026,240042,4/2/2026,11/2/2027,2026 Subaru CROSSTREK5 DO,Automobile,CROSSTREK5 DO,JF2GUSND6T8240042,,"$34,951.00 ",$0.00 ,"$34,951.00 ",4/2/2026,$0.00 ,$0.00 ,"$34,951.00 ","$34,951.00 ",$0.00 ,$0.00 ,$0.00 ,$0.00 ,$0.00 ,$139.78 ,$0.00 ,$0.00 ,$0.00 ,$139.78 ,$139.78 ,"$33,785.97 "
"3535 West Loop 820 South  Fort Worth, TX 76116",Subaru,Auto - Subaru Plant (Floorplan-New) - East,3/27/2026,240167,3/27/2026,10/27/2027,2026 Subaru CROSSTREK5 DO,Automobile,CROSSTREK5 DO,JF2GUSGD8T8240167,R5169,"$34,402.00 ","$34,402.00 ",$0.00 ,,"($34,402.00)",$0.00 ,"($34,402.00)",$0.00 ,$0.00 ,$0.00 ,$0.00 ,$0.00 ,$0.00 ,$4.74 ,$0.00 ,$0.00 ,$0.00 ,$4.74 ,$28.48 ,"$1,146.73 "
"3535 West Loop 820 South  Fort Worth, TX 76116",Subaru,Auto - Subaru Plant (Floorplan-New) - East,3/31/2026,240219,3/31/2026,10/31/2027,2026 Subaru CROSSTREK5 DO,Automobile,CROSSTREK5 DO,JF2GUSND8T8240219,R5185,"$35,111.00 ","$35,111.00 ",$0.00 ,,"($35,111.00)",$0.00 ,"($35,111.00)",$0.00 ,$0.00 ,$0.00 ,$0.00 ,$0.00 ,$0.00 ,$96.84 ,$0.00 ,$0.00 ,$0.00 ,$96.84 ,$101.69 ,"$23,407.33 "
"3535 West Loop 820 South  Fort Worth, TX 76116",Subaru,Auto - Subaru Plant (Floorplan-New) - East,3/31/2026,240446,3/31/2026,10/31/2027,2026 Subaru CROSSTREK5 DO,Automobile,CROSSTREK5 DO,JF2GUSND8T8240446,,"$36,532.00 ","$36,532.00 ",$0.00 ,,$0.00 ,$0.00 ,$0.00 ,"$36,532.00 ",$0.00 ,$0.00 ,$0.00 ,$0.00 ,$0.00 ,$151.15 ,$0.00 ,$0.00 ,$0.00 ,$151.15 ,$156.19 ,"$36,532.00 "
"3535 West Loop 820 South  Fort Worth, TX 76116",Subaru,Auto - Subaru Plant (Floorplan-New) - East,4/8/2026,240507,4/8/2026,11/8/2027,2026 Subaru CROSSTREK5 DO,Automobile,CROSSTREK5 DO,JF2GUSND2T8240507,,"$36,532.00 ",$0.00 ,"$36,532.00 ",4/8/2026,$0.00 ,$0.00 ,"$36,532.00 ","$36,532.00 ",$0.00 ,$0.00 ,$0.00 ,$0.00 ,$0.00 ,$115.88 ,$0.00 ,$0.00 ,$0.00 ,$115.88 ,$115.88 ,"$28,007.87 "
"3535 West Loop 820 South  Fort Worth, TX 76116",Subaru,Auto - Subaru Plant (Floorplan-New) - East,4/14/2026,240511,4/14/2026,11/14/2027,2026 Subaru CROSSTREK5 DO,Automobile,CROSSTREK5 DO,JF2GUSGD8T8240511,,"$34,220.00 ",$0.00 ,"$34,220.00 ",4/14/2026,$0.00 ,$0.00 ,"$34,220.00 ","$34,220.00 ",$0.00 ,$0.00 ,$0.00 ,$0.00 ,$0.00 ,$80.23 ,$0.00 ,$0.00 ,$0.00 ,$80.23 ,$80.23 ,"$19,391.33 "
"3535 West Loop 820 South  Fort Worth, TX 76116",Subaru,Auto - Subaru Plant (Floorplan-New) - East,4/14/2026,240623,4/14/2026,11/14/2027,2026 Subaru CROSSTREK5 DO,Automobile,CROSSTREK5 DO,JF2GUSGD8T8240623,,"$34,220.00 ",$0.00 ,"$34,220.00 ",4/14/2026,$0.00 ,$0.00 ,"$34,220.00 ","$34,220.00 ",$0.00 ,$0.00 ,$0.00 ,$0.00 ,$0.00 ,$80.23 ,$0.00 ,$0.00 ,$0.00 ,$80.23 ,$80.23 ,"$19,391.33 "
"3535 West Loop 820 South  Fort Worth, TX 76116",Subaru,Auto - Subaru Plant (Floorplan-New) - East,4/14/2026,240940,4/14/2026,11/14/2027,2026 Subaru CROSSTREK5 DO,Automobile,CROSSTREK5 DO,JF2GUSND5T8240940,,"$36,532.00 ",$0.00 ,"$36,532.00 ",4/14/2026,$0.00 ,$0.00 ,"$36,532.00 ","$36,532.00 ",$0.00 ,$0.00 ,$0.00 ,$0.00 ,$0.00 ,$85.65 ,$0.00 ,$0.00 ,$0.00 ,$85.65 ,$85.65 ,"$20,701.47 "
"3535 West Loop 820 South  Fort Worth, TX 76116",Subaru,Auto - Subaru Plant (Floorplan-New) - East,4/13/2026,243147,4/13/2026,11/13/2027,2026 Subaru CROSSTREK5 DO,Automobile,CROSSTREK5 DO,JF2GUSND2T8243147,R5229,"$36,532.00 ",$0.00 ,"$36,532.00 ",4/13/2026,"($36,532.00)",$0.00 ,$0.00 ,$0.00 ,$0.00 ,$0.00 ,$0.00 ,$0.00 ,$0.00 ,$85.65 ,$0.00 ,$0.00 ,$0.00 ,$85.65 ,$85.65 ,"$20,701.47 "
"3535 West Loop 820 South  Fort Worth, TX 76116",Subaru,Auto - Subaru Plant (Floorplan-New) - East,4/14/2026,243231,4/14/2026,11/14/2027,2026 Subaru CROSSTREK5 DO,Automobile,CROSSTREK5 DO,JF2GUSGD6T8243231,R5240,"$34,595.00 ",$0.00 ,"$34,595.00 ",4/14/2026,"($34,595.00)",$0.00 ,$0.00 ,$0.00 ,$0.00 ,$0.00 ,$0.00 ,$0.00 ,$0.00 ,$4.77 ,$0.00 ,$0.00 ,$0.00 ,$4.77 ,$4.77 ,"$1,153.17 "
"3535 West Loop 820 South  Fort Worth, TX 76116",Subaru,Auto - Subaru Plant (Floorplan-New) - East,10/22/2025,286822,10/22/2025,5/22/2027,2025 Subaru OUTBACKWAGONO,Automobile,OUTBACKWAGONO,4S4BTALCXS3286822,R4100,"$35,463.00 ","$35,463.00 ",$0.00 ,,"($35,463.00)",$0.00 ,"($35,463.00)",$0.00 ,$0.00 ,$0.00 ,$0.00 ,$0.00 ,$0.00 ,$24.45 ,$0.00 ,$0.00 ,$0.00 ,$24.45 ,$834.10 ,"$5,910.50 "
"3535 West Loop 820 South  Fort Worth, TX 76116",Subaru,Auto - Subaru Plant (Floorplan-New) - East,12/22/2025,293057,12/22/2025,7/22/2027,2025 Subaru OUTBACKWAGONP,Automobile,OUTBACKWAGONP,4S4BTADC1S3293057,R4367,"$32,228.00 ","$32,228.00 ",$0.00 ,,$0.00 ,$0.00 ,$0.00 ,"$32,228.00 ",$0.00 ,$0.00 ,$0.00 ,$0.00 ,$0.00 ,$133.34 ,$0.00 ,$0.00 ,$0.00 ,$133.34 ,$581.06 ,"$32,228.00 "
"3535 West Loop 820 South  Fort Worth, TX 76116",Subaru,Auto - Subaru Plant (Floorplan-New) - East,12/22/2025,293579,12/22/2025,7/22/2027,2025 Subaru OUTBACKWAGONP,Automobile,OUTBACKWAGONP,4S4BTADC9S3293579,,"$32,228.00 ","$32,228.00 ",$0.00 ,,$0.00 ,$0.00 ,$0.00 ,"$32,228.00 ",$0.00 ,$0.00 ,$0.00 ,$0.00 ,$0.00 ,$133.34 ,$0.00 ,$0.00 ,$0.00 ,$133.34 ,$581.06 ,"$32,228.00 "
"3535 West Loop 820 South  Fort Worth, TX 76116",Subaru,Auto - Subaru Plant (Floorplan-New) - East,11/25/2025,293721,11/25/2025,6/25/2027,2025 Subaru OUTBACKWAGONP,Automobile,OUTBACKWAGONP,4S4BTADC8S3293721,,"$32,228.00 ","$32,228.00 ",$0.00 ,,$0.00 ,$0.00 ,$0.00 ,"$32,228.00 ",$0.00 ,$0.00 ,$0.00 ,$0.00 ,$0.00 ,$133.34 ,$0.00 ,$0.00 ,$0.00 ,$133.34 ,$706.68 ,"$32,228.00 "
"3535 West Loop 820 South  Fort Worth, TX 76116",Subaru,Auto - Subaru Plant (Floorplan-New) - East,12/22/2025,312823,12/22/2025,7/22/2027,2025 Subaru OUTBACKWAGONL,Automobile,OUTBACKWAGONL,4S4BTANC5S3312823,R4415,"$36,833.00 ","$36,833.00 ",$0.00 ,,$0.00 ,$0.00 ,$0.00 ,"$36,833.00 ",$0.00 ,$0.00 ,$0.00 ,$0.00 ,$0.00 ,$152.39 ,$0.00 ,$0.00 ,$0.00 ,$152.39 ,$664.08 ,"$36,833.00 "
"3535 West Loop 820 South  Fort Worth, TX 76116",Subaru,Auto - Subaru Plant (Floorplan-New) - East,11/25/2025,330436,11/25/2025,6/25/2027,2025 Subaru OUTBACKWAGONP,Automobile,OUTBACKWAGONP,4S4BTADC9S3330436,R4530,"$32,279.00 ","$32,279.00 ",$0.00 ,,$0.00 ,$0.00 ,$0.00 ,"$32,279.00 ",$0.00 ,$0.00 ,$0.00 ,$0.00 ,$0.00 ,$133.55 ,$0.00 ,$0.00 ,$0.00 ,$133.55 ,$707.80 ,"$32,279.00 "
"3535 West Loop 820 South  Fort Worth, TX 76116",Subaru,Auto - Subaru Plant (Floorplan-New) - East,11/3/2025,336683,11/3/2025,6/3/2027,2025 Subaru OUTBACKWAGONL,Automobile,OUTBACKWAGONL,4S4BTANC3S3336683,R4588,"$36,476.00 ","$36,476.00 ",$0.00 ,,"($36,476.00)",$0.00 ,"($36,476.00)",$0.00 ,$0.00 ,$0.00 ,$0.00 ,$0.00 ,$0.00 ,$25.15 ,$0.00 ,$0.00 ,$0.00 ,$25.15 ,$791.85 ,"$6,079.33 "
"3535 West Loop 820 South  Fort Worth, TX 76116",Subaru,Auto - Subaru Plant (Floorplan-New) - East,3/25/2026,401516,3/25/2026,10/25/2027,2026 Subaru ASCENTSUVLIMI,Automobile,ASCENTSUVLIMI,4S4WMAGD6T3401516,,"$43,264.00 ","$43,264.00 ",$0.00 ,,$0.00 ,$0.00 ,$0.00 ,"$43,264.00 ",$0.00 ,$0.00 ,$0.00 ,$0.00 ,$0.00 ,$179.00 ,$0.00 ,$0.00 ,$0.00 ,$179.00 ,$220.79 ,"$43,264.00 "
"3535 West Loop 820 South  Fort Worth, TX 76116",Subaru,Auto - Subaru Plant (Floorplan-New) - East,4/24/2026,402023,4/24/2026,11/24/2027,2026 Subaru ASCENTSUVLIMI,Automobile,ASCENTSUVLIMI,4S4WMAHD1T3402023,,"$44,206.00 ",$0.00 ,"$44,206.00 ",4/24/2026,$0.00 ,$0.00 ,"$44,206.00 ","$44,206.00 ",$0.00 ,$0.00 ,$0.00 ,$0.00 ,$0.00 ,$42.68 ,$0.00 ,$0.00 ,$0.00 ,$42.68 ,$42.68 ,"$10,314.73 "
"3535 West Loop 820 South  Fort Worth, TX 76116",Subaru,Auto - Subaru Plant (Floorplan-New) - East,11/25/2025,402023,11/25/2025,6/25/2027,2026 Subaru ASCENTSUVLIMI,Automobile,ASCENTSUVLIMI,4S4WMAHD1T3402023,,"$48,066.00 ","$48,066.00 ",$0.00 ,,"($48,066.00)",$0.00 ,"($48,066.00)",$0.00 ,$0.00 ,$0.00 ,$0.00 ,$0.00 ,$0.00 ,$145.83 ,$0.00 ,$0.00 ,$0.00 ,$145.83 ,"$1,000.93 ","$35,248.40 "
"3535 West Loop 820 South  Fort Worth, TX 76116",Subaru,Auto - Subaru Plant (Floorplan-New) - East,4/24/2026,402066,4/24/2026,11/24/2027,2026 Subaru ASCENTSUVONYX,Automobile,ASCENTSUVONYX,4S4WMALD9T3402066,,"$47,376.00 ",$0.00 ,"$47,376.00 ",4/24/2026,$0.00 ,$0.00 ,"$47,376.00 ","$47,376.00 ",$0.00 ,$0.00 ,$0.00 ,$0.00 ,$0.00 ,$45.74 ,$0.00 ,$0.00 ,$0.00 ,$45.74 ,$45.74 ,"$11,054.40 "
"3535 West Loop 820 South  Fort Worth, TX 76116",Subaru,Auto - Subaru Plant (Floorplan-New) - East,11/25/2025,402066,11/25/2025,6/25/2027,2026 Subaru ASCENTSUVONYX,Automobile,ASCENTSUVONYX,4S4WMALD9T3402066,,"$51,356.00 ","$51,356.00 ",$0.00 ,,"($51,356.00)",$0.00 ,"($51,356.00)",$0.00 ,$0.00 ,$0.00 ,$0.00 ,$0.00 ,$0.00 ,$155.82 ,$0.00 ,$0.00 ,$0.00 ,$155.82 ,"$1,069.44 ","$37,661.07 "
"3535 West Loop 820 South  Fort Worth, TX 76116",Subaru,Auto - Subaru Plant (Floorplan-New) - East,11/26/2025,402145,11/26/2025,6/26/2027,2026 Subaru ASCENTSUVONYX,Automobile,ASCENTSUVONYX,4S4WMALD5T3402145,,"$51,356.00 ","$51,356.00 ",$0.00 ,,$0.00 ,$0.00 ,$0.00 ,"$51,356.00 ",$0.00 ,$0.00 ,$0.00 ,$0.00 ,$0.00 ,$212.48 ,$0.00 ,$0.00 ,$0.00 ,$212.48 ,"$1,118.56 ","$51,356.00 "
"3535 West Loop 820 South  Fort Worth, TX 76116",Subaru,Auto - Subaru Plant (Floorplan-New) - East,1/26/2026,404998,1/26/2026,8/26/2027,2026 Subaru ASCENTSUVPREM,Automobile,ASCENTSUVPREM,4S4WMAAD9T3404998,R4748,"$36,686.00 ","$36,686.00 ",$0.00 ,,$0.00 ,$0.00 ,$0.00 ,"$36,686.00 ",$0.00 ,$0.00 ,$0.00 ,$0.00 ,$0.00 ,$151.78 ,$0.00 ,$0.00 ,$0.00 ,$151.78 ,$481.16 ,"$36,686.00 "
"3535 West Loop 820 South  Fort Worth, TX 76116",Subaru,Auto - Subaru Plant (Floorplan-New) - East,1/26/2026,406409,1/26/2026,8/26/2027,2026 Subaru ASCENTSUVLIMI,Automobile,ASCENTSUVLIMI,4S4WMAGD8T3406409,R4731,"$43,223.00 ","$43,223.00 ",$0.00 ,,$0.00 ,$0.00 ,$0.00 ,"$43,223.00 ",$0.00 ,$0.00 ,$0.00 ,$0.00 ,$0.00 ,$178.83 ,$0.00 ,$0.00 ,$0.00 ,$178.83 ,$566.91 ,"$43,223.00 "
"3535 West Loop 820 South  Fort Worth, TX 76116",Subaru,Auto - Subaru Plant (Floorplan-New) - East,1/6/2026,408079,1/6/2026,8/6/2027,2026 Subaru ASCENTSUVLIMI,Automobile,ASCENTSUVLIMI,4S4WMAGD1T3408079,,"$47,248.00 ","$47,248.00 ",$0.00 ,,$0.00 ,$0.00 ,$0.00 ,"$47,248.00 ",$0.00 ,$0.00 ,$0.00 ,$0.00 ,$0.00 ,$195.48 ,$0.00 ,$0.00 ,$0.00 ,$195.48 ,$750.91 ,"$47,248.00 "
"3535 West Loop 820 South  Fort Worth, TX 76116",Subaru,Auto - Subaru Plant (Floorplan-New) - East,1/12/2026,408399,1/12/2026,8/12/2027,2026 Subaru ASCENTSUVTOUR,Automobile,ASCENTSUVTOUR,4S4WMAKD9T3408399,R4836,"$50,101.00 ","$50,101.00 ",$0.00 ,,"($50,101.00)",$0.00 ,"($50,101.00)",$0.00 ,$0.00 ,$0.00 ,$0.00 ,$0.00 ,$0.00 ,$6.91 ,$0.00 ,$0.00 ,$0.00 ,$6.91 ,$554.16 ,"$1,670.03 "
"3535 West Loop 820 South  Fort Worth, TX 76116",Subaru,Auto - Subaru Plant (Floorplan-New) - East,1/6/2026,408427,1/6/2026,8/6/2027,2026 Subaru ASCENTSUVTOUR,Automobile,ASCENTSUVTOUR,4S4WMAKDXT3408427,,"$50,101.00 ","$50,101.00 ",$0.00 ,,$0.00 ,$0.00 ,$0.00 ,"$50,101.00 ",$0.00 ,$0.00 ,$0.00 ,$0.00 ,$0.00 ,$207.28 ,$0.00 ,$0.00 ,$0.00 ,$207.28 ,$796.27 ,"$50,101.00 "
"3535 West Loop 820 South  Fort Worth, TX 76116",Subaru,Auto - Subaru Plant (Floorplan-New) - East,1/26/2026,409561,1/26/2026,8/26/2027,2026 Subaru ASCENTSUVTOUR,Automobile,ASCENTSUVTOUR,4S4WMAKD8T3409561,,"$50,101.00 ","$50,101.00 ",$0.00 ,,"($50,101.00)",$0.00 ,"($50,101.00)",$0.00 ,$0.00 ,$0.00 ,$0.00 ,$0.00 ,$0.00 ,$152.01 ,$0.00 ,$0.00 ,$0.00 ,$152.01 ,$601.85 ,"$36,740.73 "
"3535 West Loop 820 South  Fort Worth, TX 76116",Subaru,Auto - Subaru Plant (Floorplan-New) - East,4/24/2026,409561,4/24/2026,11/24/2027,2026 Subaru ASCENTSUVTOUR,Automobile,ASCENTSUVTOUR,4S4WMAKD8T3409561,,"$46,155.00 ",$0.00 ,"$46,155.00 ",4/24/2026,$0.00 ,$0.00 ,"$46,155.00 ","$46,155.00 ",$0.00 ,$0.00 ,$0.00 ,$0.00 ,$0.00 ,$44.56 ,$0.00 ,$0.00 ,$0.00 ,$44.56 ,$44.56 ,"$10,769.50 "
"3535 West Loop 820 South  Fort Worth, TX 76116",Subaru,Auto - Subaru Plant (Floorplan-New) - East,2/18/2026,411169,2/18/2026,9/18/2027,2026 Subaru ASCENTSUVLIMI,Automobile,ASCENTSUVLIMI,4S4WMAHD8T3411169,R4961,"$47,610.00 ","$47,610.00 ",$0.00 ,,"($47,610.00)",$0.00 ,"($47,610.00)",$0.00 ,$0.00 ,$0.00 ,$0.00 ,$0.00 ,$0.00 ,$190.41 ,$0.00 ,$0.00 ,$0.00 ,$190.41 ,$466.39 ,"$46,023.00 "
"3535 West Loop 820 South  Fort Worth, TX 76116",Subaru,Auto - Subaru Plant (Floorplan-New) - East,2/6/2026,411263,2/6/2026,9/6/2027,2026 Subaru ASCENTSUVLIMI,Automobile,ASCENTSUVLIMI,4S4WMAGD9T3411263,R4935,"$46,368.00 ","$46,368.00 ",$0.00 ,,"($46,368.00)",$0.00 ,"($46,368.00)",$0.00 ,$0.00 ,$0.00 ,$0.00 ,$0.00 ,$0.00 ,$147.08 ,$0.00 ,$0.00 ,$0.00 ,$147.08 ,$492.70 ,"$35,548.80 "
"3535 West Loop 820 South  Fort Worth, TX 76116",Subaru,Auto - Subaru Plant (Floorplan-New) - East,2/24/2026,411461,2/24/2026,9/24/2027,2026 Subaru ASCENTSUVONYX,Automobile,ASCENTSUVONYX,4S4WMALD5T3411461,,"$50,593.00 ","$50,593.00 ",$0.00 ,,$0.00 ,$0.00 ,$0.00 ,"$50,593.00 ",$0.00 ,$0.00 ,$0.00 ,$0.00 ,$0.00 ,$209.32 ,$0.00 ,$0.00 ,$0.00 ,$209.32 ,$460.68 ,"$50,593.00 "
"3535 West Loop 820 South  Fort Worth, TX 76116",Subaru,Auto - Subaru Plant (Floorplan-New) - East,2/20/2026,412800,2/20/2026,9/20/2027,2026 Subaru ASCENTSUVPREM,Automobile,ASCENTSUVPREM,4S4WMABD4T3412800,R4971,"$40,536.00 ","$40,536.00 ",$0.00 ,,"($40,536.00)",$0.00 ,"($40,536.00)",$0.00 ,$0.00 ,$0.00 ,$0.00 ,$0.00 ,$0.00 ,$39.13 ,$0.00 ,$0.00 ,$0.00 ,$39.13 ,$262.92 ,"$9,458.40 "
"3535 West Loop 820 South  Fort Worth, TX 76116",Subaru,Auto - Subaru Plant (Floorplan-New) - East,2/26/2026,412933,2/26/2026,9/26/2027,2026 Subaru ASCENTSUVTOUR,Automobile,ASCENTSUVTOUR,4S4WMAKD1T3412933,,"$50,405.00 ","$50,405.00 ",$0.00 ,,$0.00 ,$0.00 ,$0.00 ,"$50,405.00 ",$0.00 ,$0.00 ,$0.00 ,$0.00 ,$0.00 ,$208.54 ,$0.00 ,$0.00 ,$0.00 ,$208.54 ,$445.04 ,"$50,405.00 "
"3535 West Loop 820 South  Fort Worth, TX 76116",Subaru,Auto - Subaru Plant (Floorplan-New) - East,2/26/2026,413058,2/26/2026,9/26/2027,2026 Subaru ASCENTSUVONYX,Automobile,ASCENTSUVONYX,4S4WMALDXT3413058,R5004,"$50,593.00 ","$50,593.00 ",$0.00 ,,"($50,593.00)",$0.00 ,"($50,593.00)",$0.00 ,$0.00 ,$0.00 ,$0.00 ,$0.00 ,$0.00 ,$34.89 ,$0.00 ,$0.00 ,$0.00 ,$34.89 ,$272.28 ,"$8,432.17 "
"3535 West Loop 820 South  Fort Worth, TX 76116",Subaru,Auto - Subaru Plant (Floorplan-New) - East,2/26/2026,413118,2/26/2026,9/26/2027,2026 Subaru ASCENTSUVONYX,Automobile,ASCENTSUVONYX,4S4WMALD2T3413118,,"$50,593.00 ","$50,593.00 ",$0.00 ,,$0.00 ,$0.00 ,$0.00 ,"$50,593.00 ",$0.00 ,$0.00 ,$0.00 ,$0.00 ,$0.00 ,$209.32 ,$0.00 ,$0.00 ,$0.00 ,$209.32 ,$446.71 ,"$50,593.00 "
"3535 West Loop 820 South  Fort Worth, TX 76116",Subaru,Auto - Subaru Plant (Floorplan-New) - East,3/19/2026,415457,3/19/2026,10/19/2027,2026 Subaru ASCENTSUVPREM,Automobile,ASCENTSUVPREM,4S4WMABDXT3415457,R5081,"$40,844.00 ","$40,844.00 ",$0.00 ,,"($40,844.00)",$0.00 ,"($40,844.00)",$0.00 ,$0.00 ,$0.00 ,$0.00 ,$0.00 ,$0.00 ,$73.23 ,$0.00 ,$0.00 ,$0.00 ,$73.23 ,$146.50 ,"$17,699.07 "
"3535 West Loop 820 South  Fort Worth, TX 76116",Subaru,Auto - Subaru Plant (Floorplan-New) - East,3/9/2026,415620,3/9/2026,10/9/2027,2026 Subaru ASCENTSUVONYX,Automobile,ASCENTSUVONYX,4S4WMALD8T3415620,,"$50,593.00 ","$50,593.00 ",$0.00 ,,$0.00 ,$0.00 ,$0.00 ,"$50,593.00 ",$0.00 ,$0.00 ,$0.00 ,$0.00 ,$0.00 ,$209.32 ,$0.00 ,$0.00 ,$0.00 ,$209.32 ,$369.89 ,"$50,593.00 "
"3535 West Loop 820 South  Fort Worth, TX 76116",Subaru,Auto - Subaru Plant (Floorplan-New) - East,3/9/2026,415635,3/9/2026,10/9/2027,2026 Subaru ASCENTSUVONYX,Automobile,ASCENTSUVONYX,4S4WMALDXT3415635,,"$50,593.00 ","$50,593.00 ",$0.00 ,,$0.00 ,$0.00 ,$0.00 ,"$50,593.00 ",$0.00 ,$0.00 ,$0.00 ,$0.00 ,$0.00 ,$209.32 ,$0.00 ,$0.00 ,$0.00 ,$209.32 ,$369.89 ,"$50,593.00 "
"3535 West Loop 820 South  Fort Worth, TX 76116",Subaru,Auto - Subaru Plant (Floorplan-New) - East,3/10/2026,415920,3/10/2026,10/10/2027,2026 Subaru ASCENTSUVLIMI,Automobile,ASCENTSUVLIMI,4S4WMAHD8T3415920,,"$48,353.00 ","$48,353.00 ",$0.00 ,,$0.00 ,$0.00 ,$0.00 ,"$48,353.00 ",$0.00 ,$0.00 ,$0.00 ,$0.00 ,$0.00 ,$200.05 ,$0.00 ,$0.00 ,$0.00 ,$200.05 ,$346.84 ,"$48,353.00 "
"3535 West Loop 820 South  Fort Worth, TX 76116",Subaru,Auto - Subaru Plant (Floorplan-New) - East,3/24/2026,416012,3/24/2026,10/24/2027,2026 Subaru ASCENTSUVLIMI,Automobile,ASCENTSUVLIMI,4S4WMAGD9T3416012,,"$47,333.00 ","$47,333.00 ",$0.00 ,,$0.00 ,$0.00 ,$0.00 ,"$47,333.00 ",$0.00 ,$0.00 ,$0.00 ,$0.00 ,$0.00 ,$195.83 ,$0.00 ,$0.00 ,$0.00 ,$195.83 ,$248.08 ,"$47,333.00 "
"3535 West Loop 820 South  Fort Worth, TX 76116",Subaru,Auto - Subaru Plant (Floorplan-New) - East,3/9/2026,416028,3/9/2026,10/9/2027,2026 Subaru ASCENTSUVONYX,Automobile,ASCENTSUVONYX,4S4WMALD5T3416028,,"$50,593.00 ","$50,593.00 ",$0.00 ,,$0.00 ,$0.00 ,$0.00 ,"$50,593.00 ",$0.00 ,$0.00 ,$0.00 ,$0.00 ,$0.00 ,$209.32 ,$0.00 ,$0.00 ,$0.00 ,$209.32 ,$369.89 ,"$50,593.00 "
"3535 West Loop 820 South  Fort Worth, TX 76116",Subaru,Auto - Subaru Plant (Floorplan-New) - East,3/19/2026,416381,3/19/2026,10/19/2027,2026 Subaru ASCENTSUVLIMI,Automobile,ASCENTSUVLIMI,4S4WMAFD5T3416381,,"$47,333.00 ","$47,333.00 ",$0.00 ,,$0.00 ,$0.00 ,$0.00 ,"$47,333.00 ",$0.00 ,$0.00 ,$0.00 ,$0.00 ,$0.00 ,$195.83 ,$0.00 ,$0.00 ,$0.00 ,$195.83 ,$280.74 ,"$47,333.00 "
"3535 West Loop 820 South  Fort Worth, TX 76116",Subaru,Auto - Subaru Plant (Floorplan-New) - East,3/26/2026,416850,3/26/2026,10/26/2027,2026 Subaru ASCENTSUVONYX,Automobile,ASCENTSUVONYX,4S4WMALD8T3416850,,"$50,593.00 ","$50,593.00 ",$0.00 ,,$0.00 ,$0.00 ,$0.00 ,"$50,593.00 ",$0.00 ,$0.00 ,$0.00 ,$0.00 ,$0.00 ,$209.32 ,$0.00 ,$0.00 ,$0.00 ,$209.32 ,$251.21 ,"$50,593.00 "
"3535 West Loop 820 South  Fort Worth, TX 76116",Subaru,Auto - Subaru Plant (Floorplan-New) - East,4/15/2026,420732,4/15/2026,11/15/2027,2026 Subaru ASCENTSUVONYX,Automobile,ASCENTSUVONYX,4S4WMALD0T3420732,,"$50,907.00 ",$0.00 ,"$50,907.00 ",4/15/2026,$0.00 ,$0.00 ,"$50,907.00 ","$50,907.00 ",$0.00 ,$0.00 ,$0.00 ,$0.00 ,$0.00 ,$112.33 ,$0.00 ,$0.00 ,$0.00 ,$112.33 ,$112.33 ,"$27,150.40 "
"3535 West Loop 820 South  Fort Worth, TX 76116",Subaru,Auto - Subaru Plant (Floorplan-New) - East,4/23/2026,420740,4/23/2026,11/23/2027,2026 Subaru ASCENTSUVTOUR,Automobile,ASCENTSUVTOUR,4S4WMAKD8T3420740,,"$49,925.00 ",$0.00 ,"$49,925.00 ",4/23/2026,$0.00 ,$0.00 ,"$49,925.00 ","$49,925.00 ",$0.00 ,$0.00 ,$0.00 ,$0.00 ,$0.00 ,$55.08 ,$0.00 ,$0.00 ,$0.00 ,$55.08 ,$55.08 ,"$13,313.33 "
"3535 West Loop 820 South  Fort Worth, TX 76116",Subaru,Auto - Subaru Plant (Floorplan-New) - East,4/23/2026,420749,4/23/2026,11/23/2027,2026 Subaru ASCENTSUVONYX,Automobile,ASCENTSUVONYX,4S4WMALD6T3420749,,"$50,907.00 ",$0.00 ,"$50,907.00 ",4/23/2026,$0.00 ,$0.00 ,"$50,907.00 ","$50,907.00 ",$0.00 ,$0.00 ,$0.00 ,$0.00 ,$0.00 ,$56.17 ,$0.00 ,$0.00 ,$0.00 ,$56.17 ,$56.17 ,"$13,575.20 "
"3535 West Loop 820 South  Fort Worth, TX 76116",Subaru,Auto - Subaru Plant (Floorplan-New) - East,4/15/2026,420757,4/15/2026,11/15/2027,2026 Subaru ASCENTSUVLIMI,Automobile,ASCENTSUVLIMI,4S4WMAHD4T3420757,,"$48,087.00 ",$0.00 ,"$48,087.00 ",4/15/2026,$0.00 ,$0.00 ,"$48,087.00 ","$48,087.00 ",$0.00 ,$0.00 ,$0.00 ,$0.00 ,$0.00 ,$106.11 ,$0.00 ,$0.00 ,$0.00 ,$106.11 ,$106.11 ,"$25,646.40 "
"3535 West Loop 820 South  Fort Worth, TX 76116",Subaru,Auto - Subaru Plant (Floorplan-New) - East,4/23/2026,420801,4/23/2026,11/23/2027,2026 Subaru ASCENTSUVLIMI,Automobile,ASCENTSUVLIMI,4S4WMAFDXT3420801,,"$47,067.00 ",$0.00 ,"$47,067.00 ",4/23/2026,$0.00 ,$0.00 ,"$47,067.00 ","$47,067.00 ",$0.00 ,$0.00 ,$0.00 ,$0.00 ,$0.00 ,$51.93 ,$0.00 ,$0.00 ,$0.00 ,$51.93 ,$51.93 ,"$12,551.20 "
"3535 West Loop 820 South  Fort Worth, TX 76116",Subaru,Auto - Subaru Plant (Floorplan-New) - East,4/30/2026,422289,4/30/2026,11/30/2027,2026 Subaru ASCENTSUVTOUR,Automobile,ASCENTSUVTOUR,4S4WMAKD6T3422289,,"$49,925.00 ",$0.00 ,"$49,925.00 ",4/30/2026,$0.00 ,$0.00 ,"$49,925.00 ","$49,925.00 ",$0.00 ,$0.00 ,$0.00 ,$0.00 ,$0.00 ,$6.89 ,$0.00 ,$0.00 ,$0.00 ,$6.89 ,$6.89 ,"$1,664.17 "
"3535 West Loop 820 South  Fort Worth, TX 76116",Subaru,Auto - Subaru Plant (Floorplan-New) - East,11/25/2025,427487,11/25/2025,6/25/2027,2025 Subaru FORESTERSUVLI,Automobile,FORESTERSUVLI,JF2SLSRD7SH427487,R4404,"$37,828.00 ","$37,828.00 ",$0.00 ,,"($37,828.00)",$0.00 ,"($37,828.00)",$0.00 ,$0.00 ,$0.00 ,$0.00 ,$0.00 ,$0.00 ,$78.25 ,$0.00 ,$0.00 ,$0.00 ,$78.25 ,$751.21 ,"$18,914.00 "
"3535 West Loop 820 South  Fort Worth, TX 76116",Subaru,Auto - Subaru Plant (Floorplan-New) - East,10/22/2025,432467,10/22/2025,5/22/2027,2025 Subaru ASCENTSUVONYX,Automobile,ASCENTSUVONYX,4S4WMAWD9S3432467,R4215,"$47,623.00 ","$47,623.00 ",$0.00 ,,"($47,623.00)",$0.00 ,"($47,623.00)",$0.00 ,$0.00 ,$0.00 ,$0.00 ,$0.00 ,$0.00 ,$32.84 ,$0.00 ,$0.00 ,$0.00 ,$32.84 ,"$1,120.11 ","$7,937.17 "
"3535 West Loop 820 South  Fort Worth, TX 76116",Subaru,Auto - Subaru Plant (Floorplan-New) - East,11/25/2025,435256,11/25/2025,6/25/2027,2025 Subaru ASCENTSUVTOUR,Automobile,ASCENTSUVTOUR,4S4WMAUD7S3435256,R4324,"$46,633.00 ","$46,633.00 ",$0.00 ,,$0.00 ,$0.00 ,$0.00 ,"$46,633.00 ",$0.00 ,$0.00 ,$0.00 ,$0.00 ,$0.00 ,$192.94 ,$0.00 ,$0.00 ,$0.00 ,$192.94 ,"$1,022.55 ","$46,633.00 "
"3535 West Loop 820 South  Fort Worth, TX 76116",Subaru,Auto - Subaru Plant (Floorplan-New) - East,12/22/2025,439473,12/22/2025,7/22/2027,2025 Subaru ASCENTSUVONYX,Automobile,ASCENTSUVONYX,4S4WMAFD6S3439473,R4444,"$40,196.00 ","$40,196.00 ",$0.00 ,,$0.00 ,$0.00 ,$0.00 ,"$40,196.00 ",$0.00 ,$0.00 ,$0.00 ,$0.00 ,$0.00 ,$166.30 ,$0.00 ,$0.00 ,$0.00 ,$166.30 ,$724.71 ,"$40,196.00 "
"3535 West Loop 820 South  Fort Worth, TX 76116",Subaru,Auto - Subaru Plant (Floorplan-New) - East,11/25/2025,439709,11/25/2025,6/25/2027,2025 Subaru ASCENTSUVONYX,Automobile,ASCENTSUVONYX,4S4WMAWD9S3439709,,"$47,576.00 ","$47,576.00 ",$0.00 ,,$0.00 ,$0.00 ,$0.00 ,"$47,576.00 ",$0.00 ,$0.00 ,$0.00 ,$0.00 ,$0.00 ,$196.84 ,$0.00 ,$0.00 ,$0.00 ,$196.84 ,"$1,043.23 ","$47,576.00 "
"3535 West Loop 820 South  Fort Worth, TX 76116",Subaru,Auto - Subaru Plant (Floorplan-New) - East,12/22/2025,440470,12/22/2025,7/22/2027,2025 Subaru ASCENTSUVBRON,Automobile,ASCENTSUVBRON,4S4WMARD0S3440470,,"$44,759.00 ","$44,759.00 ",$0.00 ,,$0.00 ,$0.00 ,$0.00 ,"$44,759.00 ",$0.00 ,$0.00 ,$0.00 ,$0.00 ,$0.00 ,$185.18 ,$0.00 ,$0.00 ,$0.00 ,$185.18 ,$806.97 ,"$44,759.00 "
"3535 West Loop 820 South  Fort Worth, TX 76116",Subaru,Auto - Subaru Plant (Floorplan-New) - East,2/2/2026,451283,2/2/2026,9/2/2027,2025 Subaru FORESTERSUVLI,Automobile,FORESTERSUVLI,JF2SLSRD1SH451283,,"$37,879.00 ","$37,879.00 ",$0.00 ,,$0.00 ,$0.00 ,$0.00 ,"$37,879.00 ",$0.00 ,$0.00 ,$0.00 ,$0.00 ,$0.00 ,$156.72 ,$0.00 ,$0.00 ,$0.00 ,$156.72 ,$459.99 ,"$37,879.00 "
"3535 West Loop 820 South  Fort Worth, TX 76116",Subaru,Auto - Subaru Plant (Floorplan-New) - East,1/26/2026,458310,1/26/2026,8/26/2027,2026 Subaru OUTBACKWAGONL,Automobile,OUTBACKWAGONL,JF2BUPDD9TY458310,R4753,"$38,542.00 ","$38,542.00 ",$0.00 ,,$0.00 ,$0.00 ,$0.00 ,"$38,542.00 ",$0.00 ,$0.00 ,$0.00 ,$0.00 ,$0.00 ,$159.46 ,$0.00 ,$0.00 ,$0.00 ,$159.46 ,$505.50 ,"$38,542.00 "
"3535 West Loop 820 South  Fort Worth, TX 76116",Subaru,Auto - Subaru Plant (Floorplan-New) - East,1/26/2026,462560,1/26/2026,8/26/2027,2026 Subaru OUTBACKWAGONT,Automobile,OUTBACKWAGONT,JF2BURJD8TY462560,R4770,"$43,817.00 ","$43,817.00 ",$0.00 ,,$0.00 ,$0.00 ,$0.00 ,"$43,817.00 ",$0.00 ,$0.00 ,$0.00 ,$0.00 ,$0.00 ,$181.29 ,$0.00 ,$0.00 ,$0.00 ,$181.29 ,$574.70 ,"$43,817.00 "
"3535 West Loop 820 South  Fort Worth, TX 76116",Subaru,Auto - Subaru Plant (Floorplan-New) - East,1/26/2026,470165,1/26/2026,8/26/2027,2026 Subaru OUTBACKWAGONL,Automobile,OUTBACKWAGONL,JF2BURGDXTY470165,,"$43,749.00 ","$43,749.00 ",$0.00 ,,"($43,749.00)",$0.00 ,"($43,749.00)",$0.00 ,$0.00 ,$0.00 ,$0.00 ,$0.00 ,$0.00 ,$132.74 ,$0.00 ,$0.00 ,$0.00 ,$132.74 ,$525.54 ,"$32,082.60 "
"3535 West Loop 820 South  Fort Worth, TX 76116",Subaru,Auto - Subaru Plant (Floorplan-New) - East,4/24/2026,470165,4/24/2026,11/24/2027,2026 Subaru OUTBACKWAGONL,Automobile,OUTBACKWAGONL,JF2BURGDXTY470165,,"$40,825.00 ",$0.00 ,"$40,825.00 ",4/24/2026,$0.00 ,$0.00 ,"$40,825.00 ","$40,825.00 ",$0.00 ,$0.00 ,$0.00 ,$0.00 ,$0.00 ,$39.41 ,$0.00 ,$0.00 ,$0.00 ,$39.41 ,$39.41 ,"$9,525.83 "
"3535 West Loop 820 South  Fort Worth, TX 76116",Subaru,Auto - Subaru Plant (Floorplan-New) - East,3/25/2026,471407,3/25/2026,10/25/2027,2026 Subaru OUTBACKWAGONP,Automobile,OUTBACKWAGONP,JF2BUPBD8TY471407,R4852,"$34,513.00 ","$34,513.00 ",$0.00 ,,$0.00 ,$0.00 ,$0.00 ,"$34,513.00 ",$0.00 ,$0.00 ,$0.00 ,$0.00 ,$0.00 ,$142.79 ,$0.00 ,$0.00 ,$0.00 ,$142.79 ,$176.13 ,"$34,513.00 "
"3535 West Loop 820 South  Fort Worth, TX 76116",Subaru,Auto - Subaru Plant (Floorplan-New) - East,3/2/2026,471521,3/2/2026,10/2/2027,2026 Subaru OUTBACKWAGONL,Automobile,OUTBACKWAGONL,JF2BUPDDXTY471521,R4862,"$39,165.00 ","$39,165.00 ",$0.00 ,,$0.00 ,$0.00 ,$0.00 ,"$39,165.00 ",$0.00 ,$0.00 ,$0.00 ,$0.00 ,$0.00 ,$162.04 ,$0.00 ,$0.00 ,$0.00 ,$162.04 ,$324.17 ,"$39,165.00 "
"3535 West Loop 820 South  Fort Worth, TX 76116",Subaru,Auto - Subaru Plant (Floorplan-New) - East,3/25/2026,471564,3/25/2026,10/25/2027,2026 Subaru OUTBACKWAGONP,Automobile,OUTBACKWAGONP,JF2BUPBD2TY471564,R4844,"$34,513.00 ","$34,513.00 ",$0.00 ,,$0.00 ,$0.00 ,$0.00 ,"$34,513.00 ",$0.00 ,$0.00 ,$0.00 ,$0.00 ,$0.00 ,$142.79 ,$0.00 ,$0.00 ,$0.00 ,$142.79 ,$176.13 ,"$34,513.00 "
"3535 West Loop 820 South  Fort Worth, TX 76116",Subaru,Auto - Subaru Plant (Floorplan-New) - East,1/16/2026,472089,1/16/2026,8/16/2027,2026 Subaru OUTBACKWAGONP,Automobile,OUTBACKWAGONP,JF2BUPBD3TY472089,,"$37,153.00 ","$37,153.00 ",$0.00 ,,"($37,153.00)",$0.00 ,"($37,153.00)",$0.00 ,$0.00 ,$0.00 ,$0.00 ,$0.00 ,$0.00 ,$112.72 ,$0.00 ,$0.00 ,$0.00 ,$112.72 ,$497.88 ,"$27,245.53 "
"3535 West Loop 820 South  Fort Worth, TX 76116",Subaru,Auto - Subaru Plant (Floorplan-New) - East,4/24/2026,472089,4/24/2026,11/24/2027,2026 Subaru OUTBACKWAGONP,Automobile,OUTBACKWAGONP,JF2BUPBD3TY472089,,"$34,513.00 ",$0.00 ,"$34,513.00 ",4/24/2026,$0.00 ,$0.00 ,"$34,513.00 ","$34,513.00 ",$0.00 ,$0.00 ,$0.00 ,$0.00 ,$0.00 ,$33.32 ,$0.00 ,$0.00 ,$0.00 ,$33.32 ,$33.32 ,"$8,053.03 "
"3535 West Loop 820 South  Fort Worth, TX 76116",Subaru,Auto - Subaru Plant (Floorplan-New) - East,3/2/2026,472611,3/2/2026,10/2/2027,2026 Subaru OUTBACKWAGONP,Automobile,OUTBACKWAGONP,JF2BUPBD1TY472611,R4848,"$34,513.00 ","$34,513.00 ",$0.00 ,,$0.00 ,$0.00 ,$0.00 ,"$34,513.00 ",$0.00 ,$0.00 ,$0.00 ,$0.00 ,$0.00 ,$142.79 ,$0.00 ,$0.00 ,$0.00 ,$142.79 ,$285.67 ,"$34,513.00 "
"3535 West Loop 820 South  Fort Worth, TX 76116",Subaru,Auto - Subaru Plant (Floorplan-New) - East,2/2/2026,472900,2/2/2026,9/2/2027,2026 Subaru OUTBACKWAGONP,Automobile,OUTBACKWAGONP,JF2BUPBD8TY472900,,"$37,153.00 ","$37,153.00 ",$0.00 ,,$0.00 ,$0.00 ,$0.00 ,"$37,153.00 ",$0.00 ,$0.00 ,$0.00 ,$0.00 ,$0.00 ,$153.71 ,$0.00 ,$0.00 ,$0.00 ,$153.71 ,$451.16 ,"$37,153.00 "
"3535 West Loop 820 South  Fort Worth, TX 76116",Subaru,Auto - Subaru Plant (Floorplan-New) - East,2/2/2026,472994,2/2/2026,9/2/2027,2026 Subaru OUTBACKWAGONP,Automobile,OUTBACKWAGONP,JF2BUPBDXTY472994,,"$37,153.00 ","$37,153.00 ",$0.00 ,,$0.00 ,$0.00 ,$0.00 ,"$37,153.00 ",$0.00 ,$0.00 ,$0.00 ,$0.00 ,$0.00 ,$153.71 ,$0.00 ,$0.00 ,$0.00 ,$153.71 ,$451.16 ,"$37,153.00 "
"3535 West Loop 820 South  Fort Worth, TX 76116",Subaru,Auto - Subaru Plant (Floorplan-New) - East,4/24/2026,473737,4/24/2026,11/24/2027,2026 Subaru OUTBACKWAGONP,Automobile,OUTBACKWAGONP,JF2BUPBD6TY473737,,"$34,513.00 ",$0.00 ,"$34,513.00 ",4/24/2026,$0.00 ,$0.00 ,"$34,513.00 ","$34,513.00 ",$0.00 ,$0.00 ,$0.00 ,$0.00 ,$0.00 ,$33.32 ,$0.00 ,$0.00 ,$0.00 ,$33.32 ,$33.32 ,"$8,053.03 "
"3535 West Loop 820 South  Fort Worth, TX 76116",Subaru,Auto - Subaru Plant (Floorplan-New) - East,1/26/2026,473737,1/26/2026,8/26/2027,2026 Subaru OUTBACKWAGONP,Automobile,OUTBACKWAGONP,JF2BUPBD6TY473737,,"$37,153.00 ","$37,153.00 ",$0.00 ,,"($37,153.00)",$0.00 ,"($37,153.00)",$0.00 ,$0.00 ,$0.00 ,$0.00 ,$0.00 ,$0.00 ,$112.72 ,$0.00 ,$0.00 ,$0.00 ,$112.72 ,$446.29 ,"$27,245.53 "
"3535 West Loop 820 South  Fort Worth, TX 76116",Subaru,Auto - Subaru Plant (Floorplan-New) - East,4/24/2026,474458,4/24/2026,11/24/2027,2026 Subaru OUTBACKWAGONP,Automobile,OUTBACKWAGONP,JF2BUPBD7TY474458,,"$34,513.00 ",$0.00 ,"$34,513.00 ",4/24/2026,$0.00 ,$0.00 ,"$34,513.00 ","$34,513.00 ",$0.00 ,$0.00 ,$0.00 ,$0.00 ,$0.00 ,$33.32 ,$0.00 ,$0.00 ,$0.00 ,$33.32 ,$33.32 ,"$8,053.03 "
"3535 West Loop 820 South  Fort Worth, TX 76116",Subaru,Auto - Subaru Plant (Floorplan-New) - East,2/2/2026,474458,2/2/2026,9/2/2027,2026 Subaru OUTBACKWAGONP,Automobile,OUTBACKWAGONP,JF2BUPBD7TY474458,,"$37,153.00 ","$37,153.00 ",$0.00 ,,"($37,153.00)",$0.00 ,"($37,153.00)",$0.00 ,$0.00 ,$0.00 ,$0.00 ,$0.00 ,$0.00 ,$112.72 ,$0.00 ,$0.00 ,$0.00 ,$112.72 ,$410.17 ,"$27,245.53 "
"3535 West Loop 820 South  Fort Worth, TX 76116",Subaru,Auto - Subaru Plant (Floorplan-New) - East,2/2/2026,477416,2/2/2026,9/2/2027,2026 Subaru OUTBACKWAGONP,Automobile,OUTBACKWAGONP,JF2BUPBD6TY477416,,"$37,153.00 ","$37,153.00 ",$0.00 ,,$0.00 ,$0.00 ,$0.00 ,"$37,153.00 ",$0.00 ,$0.00 ,$0.00 ,$0.00 ,$0.00 ,$153.71 ,$0.00 ,$0.00 ,$0.00 ,$153.71 ,$451.16 ,"$37,153.00 "
"3535 West Loop 820 South  Fort Worth, TX 76116",Subaru,Auto - Subaru Plant (Floorplan-New) - East,3/25/2026,477843,3/25/2026,10/25/2027,2026 Subaru OUTBACKWAGONL,Automobile,OUTBACKWAGONL,JF2BUPDD7TY477843,,"$38,806.00 ","$38,806.00 ",$0.00 ,,$0.00 ,$0.00 ,$0.00 ,"$38,806.00 ",$0.00 ,$0.00 ,$0.00 ,$0.00 ,$0.00 ,$160.55 ,$0.00 ,$0.00 ,$0.00 ,$160.55 ,$198.03 ,"$38,806.00 "
"3535 West Loop 820 South  Fort Worth, TX 76116",Subaru,Auto - Subaru Plant (Floorplan-New) - East,2/25/2026,483726,2/25/2026,9/25/2027,2026 Subaru OUTBACKWAGONP,Automobile,OUTBACKWAGONP,JF2BUPBD7TY483726,,"$37,418.00 ","$37,418.00 ",$0.00 ,,$0.00 ,$0.00 ,$0.00 ,"$37,418.00 ",$0.00 ,$0.00 ,$0.00 ,$0.00 ,$0.00 ,$154.81 ,$0.00 ,$0.00 ,$0.00 ,$154.81 ,$335.55 ,"$37,418.00 "
"3535 West Loop 820 South  Fort Worth, TX 76116",Subaru,Auto - Subaru Plant (Floorplan-New) - East,2/11/2026,484261,2/11/2026,9/11/2027,2026 Subaru OUTBACKWAGONL,Automobile,OUTBACKWAGONL,JF2BUPDD9TY484261,,"$40,724.00 ","$40,724.00 ",$0.00 ,,$0.00 ,$0.00 ,$0.00 ,"$40,724.00 ",$0.00 ,$0.00 ,$0.00 ,$0.00 ,$0.00 ,$168.49 ,$0.00 ,$0.00 ,$0.00 ,$168.49 ,$443.93 ,"$40,724.00 "
"3535 West Loop 820 South  Fort Worth, TX 76116",Subaru,Auto - Subaru Plant (Floorplan-New) - East,2/24/2026,484381,2/24/2026,9/24/2027,2026 Subaru OUTBACKWAGONL,Automobile,OUTBACKWAGONL,JF2BURGD9TY484381,R4994,"$43,650.00 ","$43,650.00 ",$0.00 ,,"($43,650.00)",$0.00 ,"($43,650.00)",$0.00 ,$0.00 ,$0.00 ,$0.00 ,$0.00 ,$0.00 ,$138.46 ,$0.00 ,$0.00 ,$0.00 ,$138.46 ,$355.33 ,"$33,465.00 "
"3535 West Loop 820 South  Fort Worth, TX 76116",Subaru,Auto - Subaru Plant (Floorplan-New) - East,2/26/2026,484976,2/26/2026,9/26/2027,2026 Subaru OUTBACKWAGONP,Automobile,OUTBACKWAGONP,JF2BUPBD2TY484976,R5006,"$37,418.00 ","$37,418.00 ",$0.00 ,,"($37,418.00)",$0.00 ,"($37,418.00)",$0.00 ,$0.00 ,$0.00 ,$0.00 ,$0.00 ,$0.00 ,$30.96 ,$0.00 ,$0.00 ,$0.00 ,$30.96 ,$206.53 ,"$7,483.60 "
"3535 West Loop 820 South  Fort Worth, TX 76116",Subaru,Auto - Subaru Plant (Floorplan-New) - East,2/24/2026,485113,2/24/2026,9/24/2027,2026 Subaru OUTBACKWAGONP,Automobile,OUTBACKWAGONP,JF2BUPBD6TY485113,R4987,"$37,418.00 ","$37,418.00 ",$0.00 ,,"($37,418.00)",$0.00 ,"($37,418.00)",$0.00 ,$0.00 ,$0.00 ,$0.00 ,$0.00 ,$0.00 ,$25.80 ,$0.00 ,$0.00 ,$0.00 ,$25.80 ,$211.71 ,"$6,236.33 "
"3535 West Loop 820 South  Fort Worth, TX 76116",Subaru,Auto - Subaru Plant (Floorplan-New) - East,2/24/2026,485145,2/24/2026,9/24/2027,2026 Subaru OUTBACKWAGONP,Automobile,OUTBACKWAGONP,JF2BUPBD8TY485145,,"$37,418.00 ","$37,418.00 ",$0.00 ,,$0.00 ,$0.00 ,$0.00 ,"$37,418.00 ",$0.00 ,$0.00 ,$0.00 ,$0.00 ,$0.00 ,$154.81 ,$0.00 ,$0.00 ,$0.00 ,$154.81 ,$340.72 ,"$37,418.00 "
"3535 West Loop 820 South  Fort Worth, TX 76116",Subaru,Auto - Subaru Plant (Floorplan-New) - East,2/11/2026,487295,2/11/2026,9/11/2027,2026 Subaru OUTBACKWAGONL,Automobile,OUTBACKWAGONL,JF2BUPDD8TY487295,,"$40,724.00 ","$40,724.00 ",$0.00 ,,$0.00 ,$0.00 ,$0.00 ,"$40,724.00 ",$0.00 ,$0.00 ,$0.00 ,$0.00 ,$0.00 ,$168.49 ,$0.00 ,$0.00 ,$0.00 ,$168.49 ,$443.93 ,"$40,724.00 "
"3535 West Loop 820 South  Fort Worth, TX 76116",Subaru,Auto - Subaru Plant (Floorplan-New) - East,2/11/2026,487547,2/11/2026,9/11/2027,2026 Subaru OUTBACKWAGONL,Automobile,OUTBACKWAGONL,JF2BUPDD9TY487547,R4939,"$40,724.00 ","$40,724.00 ",$0.00 ,,"($40,724.00)",$0.00 ,"($40,724.00)",$0.00 ,$0.00 ,$0.00 ,$0.00 ,$0.00 ,$0.00 ,$162.87 ,$0.00 ,$0.00 ,$0.00 ,$162.87 ,$438.31 ,"$39,366.53 "
"3535 West Loop 820 South  Fort Worth, TX 76116",Subaru,Auto - Subaru Plant (Floorplan-New) - East,2/11/2026,487953,2/11/2026,9/11/2027,2026 Subaru OUTBACKWAGONL,Automobile,OUTBACKWAGONL,JF2BUPDD9TY487953,,"$40,724.00 ","$40,724.00 ",$0.00 ,,$0.00 ,$0.00 ,$0.00 ,"$40,724.00 ",$0.00 ,$0.00 ,$0.00 ,$0.00 ,$0.00 ,$168.49 ,$0.00 ,$0.00 ,$0.00 ,$168.49 ,$443.93 ,"$40,724.00 "
"3535 West Loop 820 South  Fort Worth, TX 76116",Subaru,Auto - Subaru Plant (Floorplan-New) - East,3/3/2026,490483,3/3/2026,10/3/2027,2026 Subaru OUTBACKWAGONP,Automobile,OUTBACKWAGONP,JF2BUPAD7TY490483,R5021,"$35,526.00 ","$35,526.00 ",$0.00 ,,"($35,526.00)",$0.00 ,"($35,526.00)",$0.00 ,$0.00 ,$0.00 ,$0.00 ,$0.00 ,$0.00 ,$132.28 ,$0.00 ,$0.00 ,$0.00 ,$132.28 ,$274.45 ,"$31,973.40 "
"3535 West Loop 820 South  Fort Worth, TX 76116",Subaru,Auto - Subaru Plant (Floorplan-New) - East,3/3/2026,490680,3/3/2026,10/3/2027,2026 Subaru OUTBACKWAGONL,Automobile,OUTBACKWAGONL,JF2BUPDD4TY490680,,"$40,724.00 ","$40,724.00 ",$0.00 ,,$0.00 ,$0.00 ,$0.00 ,"$40,724.00 ",$0.00 ,$0.00 ,$0.00 ,$0.00 ,$0.00 ,$168.49 ,$0.00 ,$0.00 ,$0.00 ,$168.49 ,$331.46 ,"$40,724.00 "
"3535 West Loop 820 South  Fort Worth, TX 76116",Subaru,Auto - Subaru Plant (Floorplan-New) - East,3/3/2026,490688,3/3/2026,10/3/2027,2026 Subaru OUTBACKWAGONP,Automobile,OUTBACKWAGONP,JF2BUPBD5TY490688,,"$37,418.00 ","$37,418.00 ",$0.00 ,,$0.00 ,$0.00 ,$0.00 ,"$37,418.00 ",$0.00 ,$0.00 ,$0.00 ,$0.00 ,$0.00 ,$154.81 ,$0.00 ,$0.00 ,$0.00 ,$154.81 ,$304.55 ,"$37,418.00 "
"3535 West Loop 820 South  Fort Worth, TX 76116",Subaru,Auto - Subaru Plant (Floorplan-New) - East,3/3/2026,490730,3/3/2026,10/3/2027,2026 Subaru OUTBACKWAGONL,Automobile,OUTBACKWAGONL,JF2BUPDD4TY490730,,"$40,724.00 ","$40,724.00 ",$0.00 ,,$0.00 ,$0.00 ,$0.00 ,"$40,724.00 ",$0.00 ,$0.00 ,$0.00 ,$0.00 ,$0.00 ,$168.49 ,$0.00 ,$0.00 ,$0.00 ,$168.49 ,$331.46 ,"$40,724.00 "
"3535 West Loop 820 South  Fort Worth, TX 76116",Subaru,Auto - Subaru Plant (Floorplan-New) - East,3/12/2026,496080,3/12/2026,10/12/2027,2026 Subaru OUTBACKWAGONL,Automobile,OUTBACKWAGONL,JF2BUPDDXTY496080,,"$41,554.00 ","$41,554.00 ",$0.00 ,,$0.00 ,$0.00 ,$0.00 ,"$41,554.00 ",$0.00 ,$0.00 ,$0.00 ,$0.00 ,$0.00 ,$171.92 ,$0.00 ,$0.00 ,$0.00 ,$171.92 ,$286.60 ,"$41,554.00 "
"3535 West Loop 820 South  Fort Worth, TX 76116",Subaru,Auto - Subaru Plant (Floorplan-New) - East,3/19/2026,500406,3/19/2026,10/19/2027,2026 Subaru OUTBACKWAGONP,Automobile,OUTBACKWAGONP,JF2BUPAD8TY500406,,"$34,889.00 ","$34,889.00 ",$0.00 ,,$0.00 ,$0.00 ,$0.00 ,"$34,889.00 ",$0.00 ,$0.00 ,$0.00 ,$0.00 ,$0.00 ,$144.35 ,$0.00 ,$0.00 ,$0.00 ,$144.35 ,$206.94 ,"$34,889.00 "
"3535 West Loop 820 South  Fort Worth, TX 76116",Subaru,Auto - Subaru Plant (Floorplan-New) - East,3/12/2026,500751,3/12/2026,10/12/2027,2026 Subaru OUTBACKWAGONT,Automobile,OUTBACKWAGONT,JF2BURJD9TY500751,R5069,"$47,108.00 ","$47,108.00 ",$0.00 ,,"($47,108.00)",$0.00 ,"($47,108.00)",$0.00 ,$0.00 ,$0.00 ,$0.00 ,$0.00 ,$0.00 ,$175.41 ,$0.00 ,$0.00 ,$0.00 ,$175.41 ,$305.42 ,"$42,397.20 "
"3535 West Loop 820 South  Fort Worth, TX 76116",Subaru,Auto - Subaru Plant (Floorplan-New) - East,3/13/2026,502323,3/13/2026,10/13/2027,2026 Subaru OUTBACKWAGONP,Automobile,OUTBACKWAGONP,JF2BUPBD5TY502323,R5064,"$36,781.00 ","$36,781.00 ",$0.00 ,,"($36,781.00)",$0.00 ,"($36,781.00)",$0.00 ,$0.00 ,$0.00 ,$0.00 ,$0.00 ,$0.00 ,$101.45 ,$0.00 ,$0.00 ,$0.00 ,$101.45 ,$197.88 ,"$24,520.67 "
"3535 West Loop 820 South  Fort Worth, TX 76116",Subaru,Auto - Subaru Plant (Floorplan-New) - East,4/10/2026,502525,4/10/2026,11/10/2027,2026 Subaru OUTBACKWAGONP,Automobile,OUTBACKWAGONP,JF2BUPBD6TY502525,,"$37,148.00 ",$0.00 ,"$37,148.00 ",4/10/2026,$0.00 ,$0.00 ,"$37,148.00 ","$37,148.00 ",$0.00 ,$0.00 ,$0.00 ,$0.00 ,$0.00 ,$107.59 ,$0.00 ,$0.00 ,$0.00 ,$107.59 ,$107.59 ,"$26,003.60 "
"3535 West Loop 820 South  Fort Worth, TX 76116",Subaru,Auto - Subaru Plant (Floorplan-New) - East,3/25/2026,502673,3/25/2026,10/25/2027,2026 Subaru OUTBACKWAGONW,Automobile,OUTBACKWAGONW,JF2BURLD7TY502673,,"$46,360.00 ","$46,360.00 ",$0.00 ,,$0.00 ,$0.00 ,$0.00 ,"$46,360.00 ",$0.00 ,$0.00 ,$0.00 ,$0.00 ,$0.00 ,$191.81 ,$0.00 ,$0.00 ,$0.00 ,$191.81 ,$236.59 ,"$46,360.00 "
"3535 West Loop 820 South  Fort Worth, TX 76116",Subaru,Auto - Subaru Plant (Floorplan-New) - East,3/27/2026,502854,3/27/2026,10/27/2027,2026 Subaru OUTBACKWAGONT,Automobile,OUTBACKWAGONT,JF2BURJD7TY502854,,"$47,108.00 ","$47,108.00 ",$0.00 ,,$0.00 ,$0.00 ,$0.00 ,"$47,108.00 ",$0.00 ,$0.00 ,$0.00 ,$0.00 ,$0.00 ,$194.90 ,$0.00 ,$0.00 ,$0.00 ,$194.90 ,$227.40 ,"$47,108.00 "
"3535 West Loop 820 South  Fort Worth, TX 76116",Subaru,Auto - Subaru Plant (Floorplan-New) - East,3/20/2026,503053,3/20/2026,10/20/2027,2026 Subaru OUTBACKWAGONL,Automobile,OUTBACKWAGONL,JF2BURGD1TY503053,,"$44,179.00 ","$44,179.00 ",$0.00 ,,$0.00 ,$0.00 ,$0.00 ,"$44,179.00 ",$0.00 ,$0.00 ,$0.00 ,$0.00 ,$0.00 ,$182.78 ,$0.00 ,$0.00 ,$0.00 ,$182.78 ,$255.94 ,"$44,179.00 "
"3535 West Loop 820 South  Fort Worth, TX 76116",Subaru,Auto - Subaru Plant (Floorplan-New) - East,3/27/2026,505625,3/27/2026,10/27/2027,2026 Subaru OUTBACKWAGONL,Automobile,OUTBACKWAGONL,JF2BURGD8TY505625,R5162,"$44,179.00 ","$44,179.00 ",$0.00 ,,"($44,179.00)",$0.00 ,"($44,179.00)",$0.00 ,$0.00 ,$0.00 ,$0.00 ,$0.00 ,$0.00 ,$91.39 ,$0.00 ,$0.00 ,$0.00 ,$91.39 ,$121.87 ,"$22,089.50 "
"3535 West Loop 820 South  Fort Worth, TX 76116",Subaru,Auto - Subaru Plant (Floorplan-New) - East,3/27/2026,505633,3/27/2026,10/27/2027,2026 Subaru OUTBACKWAGONT,Automobile,OUTBACKWAGONT,JF2BURJD6TY505633,R5163,"$47,108.00 ","$47,108.00 ",$0.00 ,,"($47,108.00)",$0.00 ,"($47,108.00)",$0.00 ,$0.00 ,$0.00 ,$0.00 ,$0.00 ,$0.00 ,$97.45 ,$0.00 ,$0.00 ,$0.00 ,$97.45 ,$129.95 ,"$23,554.00 "
"3535 West Loop 820 South  Fort Worth, TX 76116",Subaru,Auto - Subaru Plant (Floorplan-New) - East,3/20/2026,506075,3/20/2026,10/20/2027,2026 Subaru OUTBACKWAGONL,Automobile,OUTBACKWAGONL,JF2BUPDD3TY506075,,"$41,554.00 ","$41,554.00 ",$0.00 ,,$0.00 ,$0.00 ,$0.00 ,"$41,554.00 ",$0.00 ,$0.00 ,$0.00 ,$0.00 ,$0.00 ,$171.92 ,$0.00 ,$0.00 ,$0.00 ,$171.92 ,$240.73 ,"$41,554.00 "
"3535 West Loop 820 South  Fort Worth, TX 76116",Subaru,Auto - Subaru Plant (Floorplan-New) - East,3/25/2026,506132,3/25/2026,10/25/2027,2026 Subaru OUTBACKWAGONL,Automobile,OUTBACKWAGONL,JF2BUPDD0TY506132,,"$41,554.00 ","$41,554.00 ",$0.00 ,,$0.00 ,$0.00 ,$0.00 ,"$41,554.00 ",$0.00 ,$0.00 ,$0.00 ,$0.00 ,$0.00 ,$171.92 ,$0.00 ,$0.00 ,$0.00 ,$171.92 ,$212.06 ,"$41,554.00 "
"3535 West Loop 820 South  Fort Worth, TX 76116",Subaru,Auto - Subaru Plant (Floorplan-New) - East,3/30/2026,506431,3/30/2026,10/30/2027,2026 Subaru OUTBACKWAGONL,Automobile,OUTBACKWAGONL,JF2BURGD0TY506431,,"$44,554.00 ","$44,554.00 ",$0.00 ,,$0.00 ,$0.00 ,$0.00 ,"$44,554.00 ",$0.00 ,$0.00 ,$0.00 ,$0.00 ,$0.00 ,$184.33 ,$0.00 ,$0.00 ,$0.00 ,$184.33 ,$196.63 ,"$44,554.00 "
"3535 West Loop 820 South  Fort Worth, TX 76116",Subaru,Auto - Subaru Plant (Floorplan-New) - East,3/27/2026,506892,3/27/2026,10/27/2027,2026 Subaru OUTBACKWAGONL,Automobile,OUTBACKWAGONL,JF2BUPDD2TY506892,,"$41,554.00 ","$41,554.00 ",$0.00 ,,$0.00 ,$0.00 ,$0.00 ,"$41,554.00 ",$0.00 ,$0.00 ,$0.00 ,$0.00 ,$0.00 ,$171.92 ,$0.00 ,$0.00 ,$0.00 ,$171.92 ,$200.59 ,"$41,554.00 "
"3535 West Loop 820 South  Fort Worth, TX 76116",Subaru,Auto - Subaru Plant (Floorplan-New) - East,3/20/2026,506911,3/20/2026,10/20/2027,2026 Subaru OUTBACKWAGONL,Automobile,OUTBACKWAGONL,JF2BUPDD2TY506911,,"$41,554.00 ","$41,554.00 ",$0.00 ,,$0.00 ,$0.00 ,$0.00 ,"$41,554.00 ",$0.00 ,$0.00 ,$0.00 ,$0.00 ,$0.00 ,$171.92 ,$0.00 ,$0.00 ,$0.00 ,$171.92 ,$240.73 ,"$41,554.00 "
"3535 West Loop 820 South  Fort Worth, TX 76116",Subaru,Auto - Subaru Plant (Floorplan-New) - East,4/10/2026,506937,4/10/2026,11/10/2027,2026 Subaru OUTBACKWAGONT,Automobile,OUTBACKWAGONT,JF2BURJD9TY506937,R5225,"$47,138.00 ",$0.00 ,"$47,138.00 ",4/10/2026,"($47,138.00)",$0.00 ,$0.00 ,$0.00 ,$0.00 ,$0.00 ,$0.00 ,$0.00 ,$0.00 ,$26.00 ,$0.00 ,$0.00 ,$0.00 ,$26.00 ,$26.00 ,"$6,285.07 "
"3535 West Loop 820 South  Fort Worth, TX 76116",Subaru,Auto - Subaru Plant (Floorplan-New) - East,3/20/2026,507248,3/20/2026,10/20/2027,2026 Subaru OUTBACKWAGONL,Automobile,OUTBACKWAGONL,JF2BUPDD2TY507248,,"$41,554.00 ","$41,554.00 ",$0.00 ,,$0.00 ,$0.00 ,$0.00 ,"$41,554.00 ",$0.00 ,$0.00 ,$0.00 ,$0.00 ,$0.00 ,$171.92 ,$0.00 ,$0.00 ,$0.00 ,$171.92 ,$240.73 ,"$41,554.00 "
"3535 West Loop 820 South  Fort Worth, TX 76116",Subaru,Auto - Subaru Plant (Floorplan-New) - East,3/27/2026,507309,3/27/2026,10/27/2027,2026 Subaru OUTBACKWAGONW,Automobile,OUTBACKWAGONW,JF2BURLD0TY507309,R5165,"$46,735.00 ","$46,735.00 ",$0.00 ,,"($46,735.00)",$0.00 ,"($46,735.00)",$0.00 ,$0.00 ,$0.00 ,$0.00 ,$0.00 ,$0.00 ,$77.34 ,$0.00 ,$0.00 ,$0.00 ,$77.34 ,$109.59 ,"$18,694.00 "
"3535 West Loop 820 South  Fort Worth, TX 76116",Subaru,Auto - Subaru Plant (Floorplan-New) - East,3/20/2026,507393,3/20/2026,10/20/2027,2026 Subaru OUTBACKWAGONL,Automobile,OUTBACKWAGONL,JF2BUPDD0TY507393,,"$41,929.00 ","$41,929.00 ",$0.00 ,,$0.00 ,$0.00 ,$0.00 ,"$41,929.00 ",$0.00 ,$0.00 ,$0.00 ,$0.00 ,$0.00 ,$173.47 ,$0.00 ,$0.00 ,$0.00 ,$173.47 ,$242.90 ,"$41,929.00 "
"3535 West Loop 820 South  Fort Worth, TX 76116",Subaru,Auto - Subaru Plant (Floorplan-New) - East,3/20/2026,507663,3/20/2026,10/20/2027,2026 Subaru OUTBACKWAGONT,Automobile,OUTBACKWAGONT,JF2BURJD3TY507663,R5091,"$47,108.00 ","$47,108.00 ",$0.00 ,,"($47,108.00)",$0.00 ,"($47,108.00)",$0.00 ,$0.00 ,$0.00 ,$0.00 ,$0.00 ,$0.00 ,$6.50 ,$0.00 ,$0.00 ,$0.00 ,$6.50 ,$84.51 ,"$1,570.27 "
"3535 West Loop 820 South  Fort Worth, TX 76116",Subaru,Auto - Subaru Plant (Floorplan-New) - East,3/20/2026,507680,3/20/2026,10/20/2027,2026 Subaru OUTBACKWAGONT,Automobile,OUTBACKWAGONT,JF2BURJD3TY507680,,"$47,108.00 ","$47,108.00 ",$0.00 ,,$0.00 ,$0.00 ,$0.00 ,"$47,108.00 ",$0.00 ,$0.00 ,$0.00 ,$0.00 ,$0.00 ,$194.90 ,$0.00 ,$0.00 ,$0.00 ,$194.90 ,$272.91 ,"$47,108.00 "
"3535 West Loop 820 South  Fort Worth, TX 76116",Subaru,Auto - Subaru Plant (Floorplan-New) - East,3/24/2026,508842,3/24/2026,10/24/2027,2026 Subaru OUTBACKWAGONT,Automobile,OUTBACKWAGONT,JF2BURJD8TY508842,R5130,"$47,108.00 ","$47,108.00 ",$0.00 ,,"($47,108.00)",$0.00 ,"($47,108.00)",$0.00 ,$0.00 ,$0.00 ,$0.00 ,$0.00 ,$0.00 ,$6.50 ,$0.00 ,$0.00 ,$0.00 ,$6.50 ,$58.50 ,"$1,570.27 "
"3535 West Loop 820 South  Fort Worth, TX 76116",Subaru,Auto - Subaru Plant (Floorplan-New) - East,3/27/2026,508865,3/27/2026,10/27/2027,2026 Subaru OUTBACKWAGONW,Automobile,OUTBACKWAGONW,JF2BURMD4TY508865,R5166,"$48,065.00 ","$48,065.00 ",$0.00 ,,"($48,065.00)",$0.00 ,"($48,065.00)",$0.00 ,$0.00 ,$0.00 ,$0.00 ,$0.00 ,$0.00 ,$33.14 ,$0.00 ,$0.00 ,$0.00 ,$33.14 ,$66.30 ,"$8,010.83 "
"3535 West Loop 820 South  Fort Worth, TX 76116",Subaru,Auto - Subaru Plant (Floorplan-New) - East,4/14/2026,509986,4/14/2026,11/14/2027,2026 Subaru OUTBACKWAGONW,Automobile,OUTBACKWAGONW,JF2BURLD8TY509986,,"$46,360.00 ",$0.00 ,"$46,360.00 ",4/14/2026,$0.00 ,$0.00 ,"$46,360.00 ","$46,360.00 ",$0.00 ,$0.00 ,$0.00 ,$0.00 ,$0.00 ,$108.69 ,$0.00 ,$0.00 ,$0.00 ,$108.69 ,$108.69 ,"$26,270.67 "
"3535 West Loop 820 South  Fort Worth, TX 76116",Subaru,Auto - Subaru Plant (Floorplan-New) - East,3/20/2026,510181,3/20/2026,10/20/2027,2026 Subaru OUTBACKWAGONP,Automobile,OUTBACKWAGONP,JF2BUPBD7TY510181,R5172,"$36,781.00 ","$36,781.00 ",$0.00 ,,"($36,781.00)",$0.00 ,"($36,781.00)",$0.00 ,$0.00 ,$0.00 ,$0.00 ,$0.00 ,$0.00 ,$30.44 ,$0.00 ,$0.00 ,$0.00 ,$30.44 ,$91.35 ,"$7,356.20 "
"3535 West Loop 820 South  Fort Worth, TX 76116",Subaru,Auto - Subaru Plant (Floorplan-New) - East,4/6/2026,510687,4/6/2026,11/6/2027,2026 Subaru OUTBACKWAGONP,Automobile,OUTBACKWAGONP,JF2BUPBD6TY510687,,"$36,406.00 ",$0.00 ,"$36,406.00 ",4/6/2026,$0.00 ,$0.00 ,"$36,406.00 ","$36,406.00 ",$0.00 ,$0.00 ,$0.00 ,$0.00 ,$0.00 ,$125.52 ,$0.00 ,$0.00 ,$0.00 ,$125.52 ,$125.52 ,"$30,338.33 "
"3535 West Loop 820 South  Fort Worth, TX 76116",Subaru,Auto - Subaru Plant (Floorplan-New) - East,4/10/2026,513473,4/10/2026,11/10/2027,2026 Subaru OUTBACKWAGONL,Automobile,OUTBACKWAGONL,JF2BUPDD6TY513473,,"$41,728.00 ",$0.00 ,"$41,728.00 ",4/10/2026,$0.00 ,$0.00 ,"$41,728.00 ","$41,728.00 ",$0.00 ,$0.00 ,$0.00 ,$0.00 ,$0.00 ,$120.85 ,$0.00 ,$0.00 ,$0.00 ,$120.85 ,$120.85 ,"$29,209.60 "
"3535 West Loop 820 South  Fort Worth, TX 76116",Subaru,Auto - Subaru Plant (Floorplan-New) - East,3/19/2026,513989,3/19/2026,10/19/2027,2026 Subaru OUTBACKWAGONP,Automobile,OUTBACKWAGONP,JF2BUPBD4TY513989,,"$36,406.00 ","$36,406.00 ",$0.00 ,,$0.00 ,$0.00 ,$0.00 ,"$36,406.00 ",$0.00 ,$0.00 ,$0.00 ,$0.00 ,$0.00 ,$150.62 ,$0.00 ,$0.00 ,$0.00 ,$150.62 ,$215.93 ,"$36,406.00 "
"3535 West Loop 820 South  Fort Worth, TX 76116",Subaru,Auto - Subaru Plant (Floorplan-New) - East,4/14/2026,514129,4/14/2026,11/14/2027,2026 Subaru OUTBACKWAGONL,Automobile,OUTBACKWAGONL,JF2BUPDD7TY514129,,"$42,103.00 ",$0.00 ,"$42,103.00 ",4/14/2026,$0.00 ,$0.00 ,"$42,103.00 ","$42,103.00 ",$0.00 ,$0.00 ,$0.00 ,$0.00 ,$0.00 ,$98.71 ,$0.00 ,$0.00 ,$0.00 ,$98.71 ,$98.71 ,"$23,858.37 "
"3535 West Loop 820 South  Fort Worth, TX 76116",Subaru,Auto - Subaru Plant (Floorplan-New) - East,4/14/2026,514420,4/14/2026,11/14/2027,2026 Subaru OUTBACKWAGONP,Automobile,OUTBACKWAGONP,JF2BUPAD6TY514420,,"$35,256.00 ",$0.00 ,"$35,256.00 ",4/14/2026,$0.00 ,$0.00 ,"$35,256.00 ","$35,256.00 ",$0.00 ,$0.00 ,$0.00 ,$0.00 ,$0.00 ,$82.66 ,$0.00 ,$0.00 ,$0.00 ,$82.66 ,$82.66 ,"$19,978.40 "
"3535 West Loop 820 South  Fort Worth, TX 76116",Subaru,Auto - Subaru Plant (Floorplan-New) - East,4/14/2026,514679,4/14/2026,11/14/2027,2026 Subaru OUTBACKWAGONW,Automobile,OUTBACKWAGONW,JF2BURLD2TY514679,,"$46,253.00 ",$0.00 ,"$46,253.00 ",4/14/2026,$0.00 ,$0.00 ,"$46,253.00 ","$46,253.00 ",$0.00 ,$0.00 ,$0.00 ,$0.00 ,$0.00 ,$108.44 ,$0.00 ,$0.00 ,$0.00 ,$108.44 ,$108.44 ,"$26,210.03 "
"3535 West Loop 820 South  Fort Worth, TX 76116",Subaru,Auto - Subaru Plant (Floorplan-New) - East,4/10/2026,514790,4/10/2026,11/10/2027,2026 Subaru OUTBACKWAGONP,Automobile,OUTBACKWAGONP,JF2BUPBD8TY514790,,"$37,148.00 ",$0.00 ,"$37,148.00 ",4/10/2026,$0.00 ,$0.00 ,"$37,148.00 ","$37,148.00 ",$0.00 ,$0.00 ,$0.00 ,$0.00 ,$0.00 ,$107.59 ,$0.00 ,$0.00 ,$0.00 ,$107.59 ,$107.59 ,"$26,003.60 "
"3535 West Loop 820 South  Fort Worth, TX 76116",Subaru,Auto - Subaru Plant (Floorplan-New) - East,4/8/2026,514813,4/8/2026,11/8/2027,2026 Subaru OUTBACKWAGONT,Automobile,OUTBACKWAGONT,JF2BUPED0TY514813,R5222,"$44,806.00 ",$0.00 ,"$44,806.00 ",4/8/2026,"($44,806.00)",$0.00 ,$0.00 ,$0.00 ,$0.00 ,$0.00 ,$0.00 ,$0.00 ,$0.00 ,$86.51 ,$0.00 ,$0.00 ,$0.00 ,$86.51 ,$86.51 ,"$20,909.47 "
"3535 West Loop 820 South  Fort Worth, TX 76116",Subaru,Auto - Subaru Plant (Floorplan-New) - East,4/10/2026,514832,4/10/2026,11/10/2027,2026 Subaru OUTBACKWAGONP,Automobile,OUTBACKWAGONP,JF2BUPBD9TY514832,,"$37,523.00 ",$0.00 ,"$37,523.00 ",4/10/2026,$0.00 ,$0.00 ,"$37,523.00 ","$37,523.00 ",$0.00 ,$0.00 ,$0.00 ,$0.00 ,$0.00 ,$108.67 ,$0.00 ,$0.00 ,$0.00 ,$108.67 ,$108.67 ,"$26,266.10 "
"3535 West Loop 820 South  Fort Worth, TX 76116",Subaru,Auto - Subaru Plant (Floorplan-New) - East,4/8/2026,516813,4/8/2026,11/8/2027,2026 Subaru OUTBACKWAGONL,Automobile,OUTBACKWAGONL,JF2BUPDD8TY516813,R5221,"$41,728.00 ",$0.00 ,"$41,728.00 ",4/8/2026,"($41,728.00)",$0.00 ,$0.00 ,$0.00 ,$0.00 ,$0.00 ,$0.00 ,$0.00 ,$0.00 ,$115.10 ,$0.00 ,$0.00 ,$0.00 ,$115.10 ,$115.10 ,"$27,818.67 "
"3535 West Loop 820 South  Fort Worth, TX 76116",Subaru,Auto - Subaru Plant (Floorplan-New) - East,4/14/2026,516850,4/14/2026,11/14/2027,2026 Subaru OUTBACKWAGONP,Automobile,OUTBACKWAGONP,JF2BUPAD8TY516850,,"$35,631.00 ",$0.00 ,"$35,631.00 ",4/14/2026,$0.00 ,$0.00 ,"$35,631.00 ","$35,631.00 ",$0.00 ,$0.00 ,$0.00 ,$0.00 ,$0.00 ,$83.54 ,$0.00 ,$0.00 ,$0.00 ,$83.54 ,$83.54 ,"$20,190.90 "
"3535 West Loop 820 South  Fort Worth, TX 76116",Subaru,Auto - Subaru Plant (Floorplan-New) - East,4/14/2026,517420,4/14/2026,11/14/2027,2026 Subaru OUTBACKWAGONP,Automobile,OUTBACKWAGONP,JF2BUPADXTY517420,,"$35,256.00 ",$0.00 ,"$35,256.00 ",4/14/2026,$0.00 ,$0.00 ,"$35,256.00 ","$35,256.00 ",$0.00 ,$0.00 ,$0.00 ,$0.00 ,$0.00 ,$82.66 ,$0.00 ,$0.00 ,$0.00 ,$82.66 ,$82.66 ,"$19,978.40 "
"3535 West Loop 820 South  Fort Worth, TX 76116",Subaru,Auto - Subaru Plant (Floorplan-New) - East,4/14/2026,517620,4/14/2026,11/14/2027,2026 Subaru OUTBACKWAGONP,Automobile,OUTBACKWAGONP,JF2BUPBD9TY517620,,"$37,523.00 ",$0.00 ,"$37,523.00 ",4/14/2026,$0.00 ,$0.00 ,"$37,523.00 ","$37,523.00 ",$0.00 ,$0.00 ,$0.00 ,$0.00 ,$0.00 ,$87.97 ,$0.00 ,$0.00 ,$0.00 ,$87.97 ,$87.97 ,"$21,263.03 "
"3535 West Loop 820 South  Fort Worth, TX 76116",Subaru,Auto - Subaru Plant (Floorplan-New) - East,4/23/2026,519092,4/23/2026,11/23/2027,2026 Subaru OUTBACKWAGONP,Automobile,OUTBACKWAGONP,JF2BUPAD7TY519092,,"$35,256.00 ",$0.00 ,"$35,256.00 ",4/23/2026,$0.00 ,$0.00 ,"$35,256.00 ","$35,256.00 ",$0.00 ,$0.00 ,$0.00 ,$0.00 ,$0.00 ,$38.90 ,$0.00 ,$0.00 ,$0.00 ,$38.90 ,$38.90 ,"$9,401.60 "
"3535 West Loop 820 South  Fort Worth, TX 76116",Subaru,Auto - Subaru Plant (Floorplan-New) - East,4/15/2026,519342,4/15/2026,11/15/2027,2026 Subaru OUTBACKWAGONW,Automobile,OUTBACKWAGONW,JF2BURKD1TY519342,,"$44,548.00 ",$0.00 ,"$44,548.00 ",4/15/2026,$0.00 ,$0.00 ,"$44,548.00 ","$44,548.00 ",$0.00 ,$0.00 ,$0.00 ,$0.00 ,$0.00 ,$98.30 ,$0.00 ,$0.00 ,$0.00 ,$98.30 ,$98.30 ,"$23,758.93 "
"3535 West Loop 820 South  Fort Worth, TX 76116",Subaru,Auto - Subaru Plant (Floorplan-New) - East,4/15/2026,519730,4/15/2026,11/15/2027,2026 Subaru OUTBACKWAGONT,Automobile,OUTBACKWAGONT,JF2BURJD8TY519730,,"$46,931.00 ",$0.00 ,"$46,931.00 ",4/15/2026,$0.00 ,$0.00 ,"$46,931.00 ","$46,931.00 ",$0.00 ,$0.00 ,$0.00 ,$0.00 ,$0.00 ,$103.56 ,$0.00 ,$0.00 ,$0.00 ,$103.56 ,$103.56 ,"$25,029.87 "
"3535 West Loop 820 South  Fort Worth, TX 76116",Subaru,Auto - Subaru Plant (Floorplan-New) - East,4/14/2026,519789,4/14/2026,11/14/2027,2026 Subaru OUTBACKWAGONL,Automobile,OUTBACKWAGONL,JF2BUPDD8TY519789,R5246,"$42,103.00 ",$0.00 ,"$42,103.00 ",4/14/2026,"($42,103.00)",$0.00 ,$0.00 ,$0.00 ,$0.00 ,$0.00 ,$0.00 ,$0.00 ,$0.00 ,$5.81 ,$0.00 ,$0.00 ,$0.00 ,$5.81 ,$5.81 ,"$1,403.43 "
"3535 West Loop 820 South  Fort Worth, TX 76116",Subaru,Auto - Subaru Plant (Floorplan-New) - East,4/15/2026,519809,4/15/2026,11/15/2027,2026 Subaru OUTBACKWAGONT,Automobile,OUTBACKWAGONT,JF2BURJDXTY519809,,"$46,931.00 ",$0.00 ,"$46,931.00 ",4/15/2026,$0.00 ,$0.00 ,"$46,931.00 ","$46,931.00 ",$0.00 ,$0.00 ,$0.00 ,$0.00 ,$0.00 ,$103.56 ,$0.00 ,$0.00 ,$0.00 ,$103.56 ,$103.56 ,"$25,029.87 "
"3535 West Loop 820 South  Fort Worth, TX 76116",Subaru,Auto - Subaru Plant (Floorplan-New) - East,4/23/2026,520351,4/23/2026,11/23/2027,2026 Subaru OUTBACKWAGONW,Automobile,OUTBACKWAGONW,JF2BURMD0TY520351,R5279,"$48,333.00 ",$0.00 ,"$48,333.00 ",4/23/2026,"($48,333.00)",$0.00 ,$0.00 ,$0.00 ,$0.00 ,$0.00 ,$0.00 ,$0.00 ,$0.00 ,$39.99 ,$0.00 ,$0.00 ,$0.00 ,$39.99 ,$39.99 ,"$9,666.60 "
"3535 West Loop 820 South  Fort Worth, TX 76116",Subaru,Auto - Subaru Plant (Floorplan-New) - East,4/14/2026,520357,4/14/2026,11/14/2027,2026 Subaru OUTBACKWAGONT,Automobile,OUTBACKWAGONT,JF2BURJD6TY520357,R5253,"$46,931.00 ",$0.00 ,"$46,931.00 ",4/14/2026,"($46,931.00)",$0.00 ,$0.00 ,$0.00 ,$0.00 ,$0.00 ,$0.00 ,$0.00 ,$0.00 ,$64.72 ,$0.00 ,$0.00 ,$0.00 ,$64.72 ,$64.72 ,"$15,643.67 "
"3535 West Loop 820 South  Fort Worth, TX 76116",Subaru,Auto - Subaru Plant (Floorplan-New) - East,4/15/2026,520473,4/15/2026,11/15/2027,2026 Subaru OUTBACKWAGONL,Automobile,OUTBACKWAGONL,JF2BURGD9TY520473,R5259,"$43,761.00 ",$0.00 ,"$43,761.00 ",4/15/2026,"($43,761.00)",$0.00 ,$0.00 ,$0.00 ,$0.00 ,$0.00 ,$0.00 ,$0.00 ,$0.00 ,$90.53 ,$0.00 ,$0.00 ,$0.00 ,$90.53 ,$90.53 ,"$21,880.50 "
"3535 West Loop 820 South  Fort Worth, TX 76116",Subaru,Auto - Subaru Plant (Floorplan-New) - East,4/14/2026,520525,4/14/2026,11/14/2027,2026 Subaru OUTBACKWAGONL,Automobile,OUTBACKWAGONL,JF2BUPDD1TY520525,,"$41,728.00 ",$0.00 ,"$41,728.00 ",4/14/2026,$0.00 ,$0.00 ,"$41,728.00 ","$41,728.00 ",$0.00 ,$0.00 ,$0.00 ,$0.00 ,$0.00 ,$97.83 ,$0.00 ,$0.00 ,$0.00 ,$97.83 ,$97.83 ,"$23,645.87 "
"3535 West Loop 820 South  Fort Worth, TX 76116",Subaru,Auto - Subaru Plant (Floorplan-New) - East,4/14/2026,520880,4/14/2026,11/14/2027,2026 Subaru OUTBACKWAGONT,Automobile,OUTBACKWAGONT,JF2BUPED1TY520880,R5244,"$44,376.00 ",$0.00 ,"$44,376.00 ",4/14/2026,"($44,376.00)",$0.00 ,$0.00 ,$0.00 ,$0.00 ,$0.00 ,$0.00 ,$0.00 ,$0.00 ,$48.96 ,$0.00 ,$0.00 ,$0.00 ,$48.96 ,$48.96 ,"$11,833.60 "
"3535 West Loop 820 South  Fort Worth, TX 76116",Subaru,Auto - Subaru Plant (Floorplan-New) - East,4/14/2026,520895,4/14/2026,11/14/2027,2026 Subaru OUTBACKWAGONL,Automobile,OUTBACKWAGONL,JF2BUPDD1TY520895,,"$41,728.00 ",$0.00 ,"$41,728.00 ",4/14/2026,$0.00 ,$0.00 ,"$41,728.00 ","$41,728.00 ",$0.00 ,$0.00 ,$0.00 ,$0.00 ,$0.00 ,$97.83 ,$0.00 ,$0.00 ,$0.00 ,$97.83 ,$97.83 ,"$23,645.87 "
"3535 West Loop 820 South  Fort Worth, TX 76116",Subaru,Auto - Subaru Plant (Floorplan-New) - East,4/15/2026,520925,4/15/2026,11/15/2027,2026 Subaru OUTBACKWAGONT,Automobile,OUTBACKWAGONT,JF2BURJD6TY520925,,"$46,931.00 ",$0.00 ,"$46,931.00 ",4/15/2026,"($46,931.00)",$0.00 ,$0.00 ,$0.00 ,$0.00 ,$0.00 ,$0.00 ,$0.00 ,$0.00 ,$12.94 ,$0.00 ,$0.00 ,$0.00 ,$12.94 ,$12.94 ,"$3,128.73 "
"3535 West Loop 820 South  Fort Worth, TX 76116",Subaru,Auto - Subaru Plant (Floorplan-New) - East,4/14/2026,520942,4/14/2026,11/14/2027,2026 Subaru OUTBACKWAGONP,Automobile,OUTBACKWAGONP,JF2BUPAD0TY520942,,"$35,256.00 ",$0.00 ,"$35,256.00 ",4/14/2026,$0.00 ,$0.00 ,"$35,256.00 ","$35,256.00 ",$0.00 ,$0.00 ,$0.00 ,$0.00 ,$0.00 ,$82.66 ,$0.00 ,$0.00 ,$0.00 ,$82.66 ,$82.66 ,"$19,978.40 "
"3535 West Loop 820 South  Fort Worth, TX 76116",Subaru,Auto - Subaru Plant (Floorplan-New) - East,11/25/2025,606029,11/25/2025,6/25/2027,2025 Subaru FORESTERSUVSP,Automobile,FORESTERSUVSP,JF2SLDFC8SH606029,R4550,"$33,892.00 ","$33,892.00 ",$0.00 ,,$0.00 ,$0.00 ,$0.00 ,"$33,892.00 ",$0.00 ,$0.00 ,$0.00 ,$0.00 ,$0.00 ,$140.22 ,$0.00 ,$0.00 ,$0.00 ,$140.22 ,$743.16 ,"$33,892.00 "
"3535 West Loop 820 South  Fort Worth, TX 76116",Subaru,Auto - Subaru Plant (Floorplan-New) - East,4/14/2026,701539,4/14/2026,11/14/2027,2026 Subaru BRZ2 DOOR COU,Automobile,BRZ2 DOOR COU,JF1ZDBE15T8701539,,"$36,400.00 ",$0.00 ,"$36,400.00 ",4/14/2026,$0.00 ,$0.00 ,"$36,400.00 ","$36,400.00 ",$0.00 ,$0.00 ,$0.00 ,$0.00 ,$0.00 ,$85.34 ,$0.00 ,$0.00 ,$0.00 ,$85.34 ,$85.34 ,"$20,626.67 "
"3535 West Loop 820 South  Fort Worth, TX 76116",Subaru,Auto - Subaru Plant (Floorplan-New) - East,11/3/2025,704821,11/3/2025,6/3/2027,2026 Subaru CROSSTREK5 DO,Automobile,CROSSTREK5 DO,4S4GUHF63T3704821,R4589,"$29,240.00 ","$29,240.00 ",$0.00 ,,$0.00 ,$0.00 ,$0.00 ,"$29,240.00 ",$0.00 ,$0.00 ,$0.00 ,$0.00 ,$0.00 ,$120.98 ,$0.00 ,$0.00 ,$0.00 ,$120.98 ,$735.58 ,"$29,240.00 "
"3535 West Loop 820 South  Fort Worth, TX 76116",Subaru,Auto - Subaru Plant (Floorplan-New) - East,11/6/2025,704829,11/6/2025,6/6/2027,2026 Subaru CROSSTREK5 DO,Automobile,CROSSTREK5 DO,4S4GUHB60T3704829,R4601,"$26,212.00 ","$26,212.00 ",$0.00 ,,"($26,212.00)",$0.00 ,"($26,212.00)",$0.00 ,$0.00 ,$0.00 ,$0.00 ,$0.00 ,$0.00 ,$18.07 ,$0.00 ,$0.00 ,$0.00 ,$18.07 ,$557.49 ,"$4,368.67 "
"3535 West Loop 820 South  Fort Worth, TX 76116",Subaru,Auto - Subaru Plant (Floorplan-New) - East,10/29/2025,705052,10/29/2025,5/29/2027,2026 Subaru CROSSTREK5 DO,Automobile,CROSSTREK5 DO,4S4GUHU65T3705052,R4584,"$34,441.00 ","$34,441.00 ",$0.00 ,,"($34,441.00)",$0.00 ,"($34,441.00)",$0.00 ,$0.00 ,$0.00 ,$0.00 ,$0.00 ,$0.00 ,$23.75 ,$0.00 ,$0.00 ,$0.00 ,$23.75 ,$773.67 ,"$5,740.17 "
"3535 West Loop 820 South  Fort Worth, TX 76116",Subaru,Auto - Subaru Plant (Floorplan-New) - East,1/26/2026,706986,1/26/2026,8/26/2027,2026 Subaru CROSSTREK5 DO,Automobile,CROSSTREK5 DO,4S4GUHD68T3706986,,"$26,459.00 ","$26,459.00 ",$0.00 ,,$0.00 ,$0.00 ,$0.00 ,"$26,459.00 ",$0.00 ,$0.00 ,$0.00 ,$0.00 ,$0.00 ,$109.47 ,$0.00 ,$0.00 ,$0.00 ,$109.47 ,$347.02 ,"$26,459.00 "
"3535 West Loop 820 South  Fort Worth, TX 76116",Subaru,Auto - Subaru Plant (Floorplan-New) - East,3/25/2026,707704,3/25/2026,10/25/2027,2026 Subaru CROSSTREK5 DO,Automobile,CROSSTREK5 DO,4S4GUHD6XT3707704,,"$28,722.00 ","$28,722.00 ",$0.00 ,,"($28,722.00)",$0.00 ,"($28,722.00)",$0.00 ,$0.00 ,$0.00 ,$0.00 ,$0.00 ,$0.00 ,$59.42 ,$0.00 ,$0.00 ,$0.00 ,$59.42 ,$87.16 ,"$14,361.00 "
"3535 West Loop 820 South  Fort Worth, TX 76116",Subaru,Auto - Subaru Plant (Floorplan-New) - East,3/25/2026,715844,3/25/2026,10/25/2027,2026 Subaru CROSSTREK5 DO,Automobile,CROSSTREK5 DO,4S4GUHL69T3715844,R4696,"$30,937.00 ","$30,937.00 ",$0.00 ,,$0.00 ,$0.00 ,$0.00 ,"$30,937.00 ",$0.00 ,$0.00 ,$0.00 ,$0.00 ,$0.00 ,$128.00 ,$0.00 ,$0.00 ,$0.00 ,$128.00 ,$157.88 ,"$30,937.00 "
"3535 West Loop 820 South  Fort Worth, TX 76116",Subaru,Auto - Subaru Plant (Floorplan-New) - East,3/25/2026,717905,3/25/2026,10/25/2027,2026 Subaru CROSSTREK5 DO,Automobile,CROSSTREK5 DO,4S4GUHF68T3717905,R4705,"$29,134.00 ","$29,134.00 ",$0.00 ,,$0.00 ,$0.00 ,$0.00 ,"$29,134.00 ",$0.00 ,$0.00 ,$0.00 ,$0.00 ,$0.00 ,$120.54 ,$0.00 ,$0.00 ,$0.00 ,$120.54 ,$148.68 ,"$29,134.00 "
"3535 West Loop 820 South  Fort Worth, TX 76116",Subaru,Auto - Subaru Plant (Floorplan-New) - East,1/26/2026,719099,1/26/2026,8/26/2027,2026 Subaru CROSSTREK5 DO,Automobile,CROSSTREK5 DO,4S4GUHU62T3719099,R4778,"$33,808.00 ","$33,808.00 ",$0.00 ,,$0.00 ,$0.00 ,$0.00 ,"$33,808.00 ",$0.00 ,$0.00 ,$0.00 ,$0.00 ,$0.00 ,$139.87 ,$0.00 ,$0.00 ,$0.00 ,$139.87 ,$443.42 ,"$33,808.00 "
"3535 West Loop 820 South  Fort Worth, TX 76116",Subaru,Auto - Subaru Plant (Floorplan-New) - East,4/24/2026,723124,4/24/2026,11/24/2027,2026 Subaru CROSSTREK5 DO,Automobile,CROSSTREK5 DO,4S4GUHF6XT3723124,,"$29,134.00 ",$0.00 ,"$29,134.00 ",4/24/2026,$0.00 ,$0.00 ,"$29,134.00 ","$29,134.00 ",$0.00 ,$0.00 ,$0.00 ,$0.00 ,$0.00 ,$28.13 ,$0.00 ,$0.00 ,$0.00 ,$28.13 ,$28.13 ,"$6,797.93 "
"3535 West Loop 820 South  Fort Worth, TX 76116",Subaru,Auto - Subaru Plant (Floorplan-New) - East,12/22/2025,723124,12/22/2025,7/22/2027,2026 Subaru CROSSTREK5 DO,Automobile,CROSSTREK5 DO,4S4GUHF6XT3723124,,"$31,210.00 ","$31,210.00 ",$0.00 ,,"($31,210.00)",$0.00 ,"($31,210.00)",$0.00 ,$0.00 ,$0.00 ,$0.00 ,$0.00 ,$0.00 ,$94.69 ,$0.00 ,$0.00 ,$0.00 ,$94.69 ,$528.25 ,"$22,887.33 "
"3535 West Loop 820 South  Fort Worth, TX 76116",Subaru,Auto - Subaru Plant (Floorplan-New) - East,1/26/2026,730606,1/26/2026,8/26/2027,2026 Subaru CROSSTREK5 DO,Automobile,CROSSTREK5 DO,4S4GUHD64T3730606,,"$28,669.00 ","$28,669.00 ",$0.00 ,,$0.00 ,$0.00 ,$0.00 ,"$28,669.00 ",$0.00 ,$0.00 ,$0.00 ,$0.00 ,$0.00 ,$118.61 ,$0.00 ,$0.00 ,$0.00 ,$118.61 ,$376.01 ,"$28,669.00 "
"3535 West Loop 820 South  Fort Worth, TX 76116",Subaru,Auto - Subaru Plant (Floorplan-New) - East,1/26/2026,733071,1/26/2026,8/26/2027,2026 Subaru CROSSTREK5 DO,Automobile,CROSSTREK5 DO,4S4GUHU66T3733071,R4900,"$36,192.00 ","$36,192.00 ",$0.00 ,,"($36,192.00)",$0.00 ,"($36,192.00)",$0.00 ,$0.00 ,$0.00 ,$0.00 ,$0.00 ,$0.00 ,$44.92 ,$0.00 ,$0.00 ,$0.00 ,$44.92 ,$369.88 ,"$10,857.60 "
"3535 West Loop 820 South  Fort Worth, TX 76116",Subaru,Auto - Subaru Plant (Floorplan-New) - East,1/30/2026,735745,1/30/2026,8/30/2027,2026 Subaru CROSSTREK5 DO,Automobile,CROSSTREK5 DO,4S4GUHB66T3735745,R4901,"$27,270.00 ","$27,270.00 ",$0.00 ,,"($27,270.00)",$0.00 ,"($27,270.00)",$0.00 ,$0.00 ,$0.00 ,$0.00 ,$0.00 ,$0.00 ,$30.09 ,$0.00 ,$0.00 ,$0.00 ,$30.09 ,$259.79 ,"$7,272.00 "
"3535 West Loop 820 South  Fort Worth, TX 76116",Subaru,Auto - Subaru Plant (Floorplan-New) - East,1/30/2026,735807,1/30/2026,8/30/2027,2026 Subaru CROSSTREK5 DO,Automobile,CROSSTREK5 DO,4S4GUHD66T3735807,,"$28,891.00 ","$28,891.00 ",$0.00 ,,"($28,891.00)",$0.00 ,"($28,891.00)",$0.00 ,$0.00 ,$0.00 ,$0.00 ,$0.00 ,$0.00 ,$87.66 ,$0.00 ,$0.00 ,$0.00 ,$87.66 ,$331.00 ,"$21,186.73 "
"3535 West Loop 820 South  Fort Worth, TX 76116",Subaru,Auto - Subaru Plant (Floorplan-New) - East,4/24/2026,735807,4/24/2026,11/24/2027,2026 Subaru CROSSTREK5 DO,Automobile,CROSSTREK5 DO,4S4GUHD66T3735807,,"$26,921.00 ",$0.00 ,"$26,921.00 ",4/24/2026,$0.00 ,$0.00 ,"$26,921.00 ","$26,921.00 ",$0.00 ,$0.00 ,$0.00 ,$0.00 ,$0.00 ,$25.99 ,$0.00 ,$0.00 ,$0.00 ,$25.99 ,$25.99 ,"$6,281.57 "
"3535 West Loop 820 South  Fort Worth, TX 76116",Subaru,Auto - Subaru Plant (Floorplan-New) - East,2/27/2026,737625,2/27/2026,9/27/2027,2026 Subaru CROSSTREK5 DO,Automobile,CROSSTREK5 DO,4S4GUHU6XT3737625,R5009,"$35,567.00 ","$35,567.00 ",$0.00 ,,"($35,567.00)",$0.00 ,"($35,567.00)",$0.00 ,$0.00 ,$0.00 ,$0.00 ,$0.00 ,$0.00 ,$63.77 ,$0.00 ,$0.00 ,$0.00 ,$63.77 ,$225.74 ,"$15,412.37 "
"3535 West Loop 820 South  Fort Worth, TX 76116",Subaru,Auto - Subaru Plant (Floorplan-New) - East,2/20/2026,737799,2/20/2026,9/20/2027,2026 Subaru CROSSTREK5 DO,Automobile,CROSSTREK5 DO,4S4GUHL68T3737799,,"$33,093.00 ","$33,093.00 ",$0.00 ,,$0.00 ,$0.00 ,$0.00 ,"$33,093.00 ",$0.00 ,$0.00 ,$0.00 ,$0.00 ,$0.00 ,$136.92 ,$0.00 ,$0.00 ,$0.00 ,$136.92 ,$319.62 ,"$33,093.00 "
"3535 West Loop 820 South  Fort Worth, TX 76116",Subaru,Auto - Subaru Plant (Floorplan-New) - East,2/25/2026,742471,2/25/2026,9/25/2027,2026 Subaru CROSSTREK5 DO,Automobile,CROSSTREK5 DO,4S4GUHB68T3742471,,"$27,270.00 ","$27,270.00 ",$0.00 ,,$0.00 ,$0.00 ,$0.00 ,"$27,270.00 ",$0.00 ,$0.00 ,$0.00 ,$0.00 ,$0.00 ,$112.83 ,$0.00 ,$0.00 ,$0.00 ,$112.83 ,$244.55 ,"$27,270.00 "
"3535 West Loop 820 South  Fort Worth, TX 76116",Subaru,Auto - Subaru Plant (Floorplan-New) - East,3/3/2026,745191,3/3/2026,10/3/2027,2026 Subaru CROSSTREK5 DO,Automobile,CROSSTREK5 DO,4S4GUHD6XT3745191,R5027,"$30,516.00 ","$30,516.00 ",$0.00 ,,"($30,516.00)",$0.00 ,"($30,516.00)",$0.00 ,$0.00 ,$0.00 ,$0.00 ,$0.00 ,$0.00 ,$50.50 ,$0.00 ,$0.00 ,$0.00 ,$50.50 ,$172.62 ,"$12,206.40 "
"3535 West Loop 820 South  Fort Worth, TX 76116",Subaru,Auto - Subaru Plant (Floorplan-New) - East,2/27/2026,745537,2/27/2026,9/27/2027,2026 Subaru CROSSTREK5 DO,Automobile,CROSSTREK5 DO,4S4GUHL67T3745537,R5014,"$33,108.00 ","$33,108.00 ",$0.00 ,,"($33,108.00)",$0.00 ,"($33,108.00)",$0.00 ,$0.00 ,$0.00 ,$0.00 ,$0.00 ,$0.00 ,$86.75 ,$0.00 ,$0.00 ,$0.00 ,$86.75 ,$237.52 ,"$20,968.40 "
"3535 West Loop 820 South  Fort Worth, TX 76116",Subaru,Auto - Subaru Plant (Floorplan-New) - East,3/13/2026,745568,3/13/2026,10/13/2027,2026 Subaru CROSSTREK5 DO,Automobile,CROSSTREK5 DO,4S4GUHD69T3745568,,"$30,516.00 ","$30,516.00 ",$0.00 ,,$0.00 ,$0.00 ,$0.00 ,"$30,516.00 ",$0.00 ,$0.00 ,$0.00 ,$0.00 ,$0.00 ,$126.25 ,$0.00 ,$0.00 ,$0.00 ,$126.25 ,$206.26 ,"$30,516.00 "
"3535 West Loop 820 South  Fort Worth, TX 76116",Subaru,Auto - Subaru Plant (Floorplan-New) - East,3/9/2026,746346,3/9/2026,10/9/2027,2026 Subaru CROSSTREK5 DO,Automobile,CROSSTREK5 DO,4S4GUHU67T3746346,,"$36,355.00 ","$36,355.00 ",$0.00 ,,$0.00 ,$0.00 ,$0.00 ,"$36,355.00 ",$0.00 ,$0.00 ,$0.00 ,$0.00 ,$0.00 ,$150.41 ,$0.00 ,$0.00 ,$0.00 ,$150.41 ,$265.79 ,"$36,355.00 "
"3535 West Loop 820 South  Fort Worth, TX 76116",Subaru,Auto - Subaru Plant (Floorplan-New) - East,3/6/2026,746498,3/6/2026,10/6/2027,2026 Subaru CROSSTREK5 DO,Automobile,CROSSTREK5 DO,4S4GUHD68T3746498,R5044,"$30,516.00 ","$30,516.00 ",$0.00 ,,"($30,516.00)",$0.00 ,"($30,516.00)",$0.00 ,$0.00 ,$0.00 ,$0.00 ,$0.00 ,$0.00 ,$113.63 ,$0.00 ,$0.00 ,$0.00 ,$113.63 ,$223.11 ,"$27,464.40 "
"3535 West Loop 820 South  Fort Worth, TX 76116",Subaru,Auto - Subaru Plant (Floorplan-New) - East,3/6/2026,746802,3/6/2026,10/6/2027,2026 Subaru CROSSTREK5 DO,Automobile,CROSSTREK5 DO,4S4GUHU67T3746802,,"$36,355.00 ","$36,355.00 ",$0.00 ,,$0.00 ,$0.00 ,$0.00 ,"$36,355.00 ",$0.00 ,$0.00 ,$0.00 ,$0.00 ,$0.00 ,$150.41 ,$0.00 ,$0.00 ,$0.00 ,$150.41 ,$280.84 ,"$36,355.00 "
"3535 West Loop 820 South  Fort Worth, TX 76116",Subaru,Auto - Subaru Plant (Floorplan-New) - East,3/19/2026,748074,3/19/2026,10/19/2027,2026 Subaru CROSSTREK5 DO,Automobile,CROSSTREK5 DO,4S4GUHU6XT3748074,R5078,"$36,355.00 ","$36,355.00 ",$0.00 ,,"($36,355.00)",$0.00 ,"($36,355.00)",$0.00 ,$0.00 ,$0.00 ,$0.00 ,$0.00 ,$0.00 ,$105.29 ,$0.00 ,$0.00 ,$0.00 ,$105.29 ,$170.51 ,"$25,448.50 "
"3535 West Loop 820 South  Fort Worth, TX 76116",Subaru,Auto - Subaru Plant (Floorplan-New) - East,3/19/2026,748415,3/19/2026,10/19/2027,2026 Subaru CROSSTREK5 DO,Automobile,CROSSTREK5 DO,4S4GUHD6XT3748415,R5075,"$30,516.00 ","$30,516.00 ",$0.00 ,,"($30,516.00)",$0.00 ,"($30,516.00)",$0.00 ,$0.00 ,$0.00 ,$0.00 ,$0.00 ,$0.00 ,$63.13 ,$0.00 ,$0.00 ,$0.00 ,$63.13 ,$117.87 ,"$15,258.00 "
"3535 West Loop 820 South  Fort Worth, TX 76116",Subaru,Auto - Subaru Plant (Floorplan-New) - East,3/10/2026,750141,3/10/2026,10/10/2027,2026 Subaru CROSSTREK5 DO,Automobile,CROSSTREK5 DO,4S4GUHD69T3750141,R5058,"$28,522.00 ","$28,522.00 ",$0.00 ,,"($28,522.00)",$0.00 ,"($28,522.00)",$0.00 ,$0.00 ,$0.00 ,$0.00 ,$0.00 ,$0.00 ,$27.53 ,$0.00 ,$0.00 ,$0.00 ,$27.53 ,$114.12 ,"$6,655.13 "
"3535 West Loop 820 South  Fort Worth, TX 76116",Subaru,Auto - Subaru Plant (Floorplan-New) - East,3/9/2026,750309,3/9/2026,10/9/2027,2026 Subaru CROSSTREK5 DO,Automobile,CROSSTREK5 DO,4S4GUHD6XT3750309,,"$28,522.00 ","$28,522.00 ",$0.00 ,,$0.00 ,$0.00 ,$0.00 ,"$28,522.00 ",$0.00 ,$0.00 ,$0.00 ,$0.00 ,$0.00 ,$118.01 ,$0.00 ,$0.00 ,$0.00 ,$118.01 ,$208.53 ,"$28,522.00 "
"3535 West Loop 820 South  Fort Worth, TX 76116",Subaru,Auto - Subaru Plant (Floorplan-New) - East,3/24/2026,750942,3/24/2026,10/24/2027,2026 Subaru CROSSTREK5 DO,Automobile,CROSSTREK5 DO,4S4GUHL68T3750942,R5125,"$33,108.00 ","$33,108.00 ",$0.00 ,,"($33,108.00)",$0.00 ,"($33,108.00)",$0.00 ,$0.00 ,$0.00 ,$0.00 ,$0.00 ,$0.00 ,$91.32 ,$0.00 ,$0.00 ,$0.00 ,$91.32 ,$127.87 ,"$22,072.00 "
"3535 West Loop 820 South  Fort Worth, TX 76116",Subaru,Auto - Subaru Plant (Floorplan-New) - East,3/12/2026,751265,3/12/2026,10/12/2027,2026 Subaru CROSSTREK5 DO,Automobile,CROSSTREK5 DO,4S4GUHD6XT3751265,,"$30,516.00 ","$30,516.00 ",$0.00 ,,$0.00 ,$0.00 ,$0.00 ,"$30,516.00 ",$0.00 ,$0.00 ,$0.00 ,$0.00 ,$0.00 ,$126.25 ,$0.00 ,$0.00 ,$0.00 ,$126.25 ,$210.47 ,"$30,516.00 "
"3535 West Loop 820 South  Fort Worth, TX 76116",Subaru,Auto - Subaru Plant (Floorplan-New) - East,3/19/2026,752223,3/19/2026,10/19/2027,2026 Subaru CROSSTREK5 DO,Automobile,CROSSTREK5 DO,4S4GUHD6XT3752223,R5076,"$30,891.00 ","$30,891.00 ",$0.00 ,,"($30,891.00)",$0.00 ,"($30,891.00)",$0.00 ,$0.00 ,$0.00 ,$0.00 ,$0.00 ,$0.00 ,$80.94 ,$0.00 ,$0.00 ,$0.00 ,$80.94 ,$136.36 ,"$19,564.30 "
"3535 West Loop 820 South  Fort Worth, TX 76116",Subaru,Auto - Subaru Plant (Floorplan-New) - East,3/25/2026,752271,3/25/2026,10/25/2027,2026 Subaru CROSSTREK5 DO,Automobile,CROSSTREK5 DO,4S4GUHD6XT3752271,,"$30,516.00 ","$30,516.00 ",$0.00 ,,$0.00 ,$0.00 ,$0.00 ,"$30,516.00 ",$0.00 ,$0.00 ,$0.00 ,$0.00 ,$0.00 ,$126.25 ,$0.00 ,$0.00 ,$0.00 ,$126.25 ,$155.73 ,"$30,516.00 "
"3535 West Loop 820 South  Fort Worth, TX 76116",Subaru,Auto - Subaru Plant (Floorplan-New) - East,3/24/2026,752335,3/24/2026,10/24/2027,2026 Subaru CROSSTREK5 DO,Automobile,CROSSTREK5 DO,4S4GUHD6XT3752335,,"$30,516.00 ","$30,516.00 ",$0.00 ,,$0.00 ,$0.00 ,$0.00 ,"$30,516.00 ",$0.00 ,$0.00 ,$0.00 ,$0.00 ,$0.00 ,$126.25 ,$0.00 ,$0.00 ,$0.00 ,$126.25 ,$159.94 ,"$30,516.00 "
"3535 West Loop 820 South  Fort Worth, TX 76116",Subaru,Auto - Subaru Plant (Floorplan-New) - East,3/25/2026,752434,3/25/2026,10/25/2027,2026 Subaru CROSSTREK5 DO,Automobile,CROSSTREK5 DO,4S4GUHB68T3752434,R5131,"$27,090.00 ","$27,090.00 ",$0.00 ,,"($27,090.00)",$0.00 ,"($27,090.00)",$0.00 ,$0.00 ,$0.00 ,$0.00 ,$0.00 ,$0.00 ,$3.74 ,$0.00 ,$0.00 ,$0.00 ,$3.74 ,$29.91 ,$903.00 
"3535 West Loop 820 South  Fort Worth, TX 76116",Subaru,Auto - Subaru Plant (Floorplan-New) - East,4/8/2026,755458,4/8/2026,11/8/2027,2026 Subaru CROSSTREK5 DO,Automobile,CROSSTREK5 DO,4S4GUHM68T3755458,,"$34,863.00 ",$0.00 ,"$34,863.00 ",4/8/2026,$0.00 ,$0.00 ,"$34,863.00 ","$34,863.00 ",$0.00 ,$0.00 ,$0.00 ,$0.00 ,$0.00 ,$110.58 ,$0.00 ,$0.00 ,$0.00 ,$110.58 ,$110.58 ,"$26,728.30 "
"3535 West Loop 820 South  Fort Worth, TX 76116",Subaru,Auto - Subaru Plant (Floorplan-New) - East,4/8/2026,755653,4/8/2026,11/8/2027,2026 Subaru CROSSTREK5 DO,Automobile,CROSSTREK5 DO,4S4GUHF6XT3755653,,"$30,723.00 ",$0.00 ,"$30,723.00 ",4/8/2026,$0.00 ,$0.00 ,"$30,723.00 ","$30,723.00 ",$0.00 ,$0.00 ,$0.00 ,$0.00 ,$0.00 ,$97.45 ,$0.00 ,$0.00 ,$0.00 ,$97.45 ,$97.45 ,"$23,554.30 "
"3535 West Loop 820 South  Fort Worth, TX 76116",Subaru,Auto - Subaru Plant (Floorplan-New) - East,3/26/2026,755661,3/26/2026,10/26/2027,2026 Subaru CROSSTREK5 DO,Automobile,CROSSTREK5 DO,4S4GUHM65T3755661,,"$34,863.00 ","$34,863.00 ",$0.00 ,,$0.00 ,$0.00 ,$0.00 ,"$34,863.00 ",$0.00 ,$0.00 ,$0.00 ,$0.00 ,$0.00 ,$144.24 ,$0.00 ,$0.00 ,$0.00 ,$144.24 ,$173.10 ,"$34,863.00 "
"3535 West Loop 820 South  Fort Worth, TX 76116",Subaru,Auto - Subaru Plant (Floorplan-New) - East,3/26/2026,755689,3/26/2026,10/26/2027,2026 Subaru CROSSTREK5 DO,Automobile,CROSSTREK5 DO,4S4GUHD65T3755689,,"$30,648.00 ","$30,648.00 ",$0.00 ,,$0.00 ,$0.00 ,$0.00 ,"$30,648.00 ",$0.00 ,$0.00 ,$0.00 ,$0.00 ,$0.00 ,$126.80 ,$0.00 ,$0.00 ,$0.00 ,$126.80 ,$152.18 ,"$30,648.00 "
"3535 West Loop 820 South  Fort Worth, TX 76116",Subaru,Auto - Subaru Plant (Floorplan-New) - East,3/26/2026,755742,3/26/2026,10/26/2027,2026 Subaru CROSSTREK5 DO,Automobile,CROSSTREK5 DO,4S4GUHM65T3755742,,"$34,863.00 ","$34,863.00 ",$0.00 ,,$0.00 ,$0.00 ,$0.00 ,"$34,863.00 ",$0.00 ,$0.00 ,$0.00 ,$0.00 ,$0.00 ,$144.24 ,$0.00 ,$0.00 ,$0.00 ,$144.24 ,$173.10 ,"$34,863.00 "
"3535 West Loop 820 South  Fort Worth, TX 76116",Subaru,Auto - Subaru Plant (Floorplan-New) - East,3/26/2026,755756,3/26/2026,10/26/2027,2026 Subaru CROSSTREK5 DO,Automobile,CROSSTREK5 DO,4S4GUHM65T3755756,R5147,"$35,238.00 ","$35,238.00 ",$0.00 ,,"($35,238.00)",$0.00 ,"($35,238.00)",$0.00 ,$0.00 ,$0.00 ,$0.00 ,$0.00 ,$0.00 ,$58.32 ,$0.00 ,$0.00 ,$0.00 ,$58.32 ,$87.50 ,"$14,095.20 "
"3535 West Loop 820 South  Fort Worth, TX 76116",Subaru,Auto - Subaru Plant (Floorplan-New) - East,3/26/2026,755772,3/26/2026,10/26/2027,2026 Subaru CROSSTREK5 DO,Automobile,CROSSTREK5 DO,4S4GUHM63T3755772,R5143,"$34,863.00 ","$34,863.00 ",$0.00 ,,"($34,863.00)",$0.00 ,"($34,863.00)",$0.00 ,$0.00 ,$0.00 ,$0.00 ,$0.00 ,$0.00 ,$134.62 ,$0.00 ,$0.00 ,$0.00 ,$134.62 ,$163.48 ,"$32,538.80 "
"3535 West Loop 820 South  Fort Worth, TX 76116",Subaru,Auto - Subaru Plant (Floorplan-New) - East,3/27/2026,755782,3/27/2026,10/27/2027,2026 Subaru CROSSTREK5 DO,Automobile,CROSSTREK5 DO,4S4GUHM66T3755782,R5160,"$34,863.00 ","$34,863.00 ",$0.00 ,,"($34,863.00)",$0.00 ,"($34,863.00)",$0.00 ,$0.00 ,$0.00 ,$0.00 ,$0.00 ,$0.00 ,$57.70 ,$0.00 ,$0.00 ,$0.00 ,$57.70 ,$81.75 ,"$13,945.20 "
"3535 West Loop 820 South  Fort Worth, TX 76116",Subaru,Auto - Subaru Plant (Floorplan-New) - East,3/26/2026,755814,3/26/2026,10/26/2027,2026 Subaru CROSSTREK5 DO,Automobile,CROSSTREK5 DO,4S4GUHM64T3755814,,"$35,238.00 ","$35,238.00 ",$0.00 ,,$0.00 ,$0.00 ,$0.00 ,"$35,238.00 ",$0.00 ,$0.00 ,$0.00 ,$0.00 ,$0.00 ,$145.79 ,$0.00 ,$0.00 ,$0.00 ,$145.79 ,$174.97 ,"$35,238.00 "
"3535 West Loop 820 South  Fort Worth, TX 76116",Subaru,Auto - Subaru Plant (Floorplan-New) - East,3/26/2026,755913,3/26/2026,10/26/2027,2026 Subaru CROSSTREK5 DO,Automobile,CROSSTREK5 DO,4S4GUHM66T3755913,,"$34,863.00 ","$34,863.00 ",$0.00 ,,$0.00 ,$0.00 ,$0.00 ,"$34,863.00 ",$0.00 ,$0.00 ,$0.00 ,$0.00 ,$0.00 ,$144.24 ,$0.00 ,$0.00 ,$0.00 ,$144.24 ,$173.10 ,"$34,863.00 "
"3535 West Loop 820 South  Fort Worth, TX 76116",Subaru,Auto - Subaru Plant (Floorplan-New) - East,3/19/2026,756010,3/19/2026,10/19/2027,2026 Subaru CROSSTREK5 DO,Automobile,CROSSTREK5 DO,4S4GUHB69T3756010,R5103,"$27,256.00 ","$27,256.00 ",$0.00 ,,"($27,256.00)",$0.00 ,"($27,256.00)",$0.00 ,$0.00 ,$0.00 ,$0.00 ,$0.00 ,$0.00 ,$45.11 ,$0.00 ,$0.00 ,$0.00 ,$45.11 ,$94.00 ,"$10,902.40 "
"3535 West Loop 820 South  Fort Worth, TX 76116",Subaru,Auto - Subaru Plant (Floorplan-New) - East,3/19/2026,756020,3/19/2026,10/19/2027,2026 Subaru CROSSTREK5 DO,Automobile,CROSSTREK5 DO,4S4GUHD65T3756020,,"$28,654.00 ","$28,654.00 ",$0.00 ,,$0.00 ,$0.00 ,$0.00 ,"$28,654.00 ",$0.00 ,$0.00 ,$0.00 ,$0.00 ,$0.00 ,$118.55 ,$0.00 ,$0.00 ,$0.00 ,$118.55 ,$169.95 ,"$28,654.00 "
"3535 West Loop 820 South  Fort Worth, TX 76116",Subaru,Auto - Subaru Plant (Floorplan-New) - East,3/19/2026,756070,3/19/2026,10/19/2027,2026 Subaru CROSSTREK5 DO,Automobile,CROSSTREK5 DO,4S4GUHD69T3756070,R5110,"$30,648.00 ","$30,648.00 ",$0.00 ,,"($30,648.00)",$0.00 ,"($30,648.00)",$0.00 ,$0.00 ,$0.00 ,$0.00 ,$0.00 ,$0.00 ,$97.21 ,$0.00 ,$0.00 ,$0.00 ,$97.21 ,$152.19 ,"$23,496.80 "
"3535 West Loop 820 South  Fort Worth, TX 76116",Subaru,Auto - Subaru Plant (Floorplan-New) - East,3/31/2026,756073,3/31/2026,10/31/2027,2026 Subaru CROSSTREK5 DO,Automobile,CROSSTREK5 DO,4S4GUHD64T3756073,,"$28,654.00 ","$28,654.00 ",$0.00 ,,$0.00 ,$0.00 ,$0.00 ,"$28,654.00 ",$0.00 ,$0.00 ,$0.00 ,$0.00 ,$0.00 ,$118.55 ,$0.00 ,$0.00 ,$0.00 ,$118.55 ,$122.50 ,"$28,654.00 "
"3535 West Loop 820 South  Fort Worth, TX 76116",Subaru,Auto - Subaru Plant (Floorplan-New) - East,3/19/2026,756116,3/19/2026,10/19/2027,2026 Subaru CROSSTREK5 DO,Automobile,CROSSTREK5 DO,4S4GUHD67T3756116,,"$30,648.00 ","$30,648.00 ",$0.00 ,,$0.00 ,$0.00 ,$0.00 ,"$30,648.00 ",$0.00 ,$0.00 ,$0.00 ,$0.00 ,$0.00 ,$126.80 ,$0.00 ,$0.00 ,$0.00 ,$126.80 ,$181.78 ,"$30,648.00 "
"3535 West Loop 820 South  Fort Worth, TX 76116",Subaru,Auto - Subaru Plant (Floorplan-New) - East,3/31/2026,756164,3/31/2026,10/31/2027,2026 Subaru CROSSTREK5 DO,Automobile,CROSSTREK5 DO,4S4GUHD67T3756164,,"$31,023.00 ","$31,023.00 ",$0.00 ,,$0.00 ,$0.00 ,$0.00 ,"$31,023.00 ",$0.00 ,$0.00 ,$0.00 ,$0.00 ,$0.00 ,$128.35 ,$0.00 ,$0.00 ,$0.00 ,$128.35 ,$132.63 ,"$31,023.00 "
"3535 West Loop 820 South  Fort Worth, TX 76116",Subaru,Auto - Subaru Plant (Floorplan-New) - East,3/19/2026,756181,3/19/2026,10/19/2027,2026 Subaru CROSSTREK5 DO,Automobile,CROSSTREK5 DO,4S4GUHD67T3756181,,"$28,654.00 ","$28,654.00 ",$0.00 ,,$0.00 ,$0.00 ,$0.00 ,"$28,654.00 ",$0.00 ,$0.00 ,$0.00 ,$0.00 ,$0.00 ,$118.55 ,$0.00 ,$0.00 ,$0.00 ,$118.55 ,$169.95 ,"$28,654.00 "
"3535 West Loop 820 South  Fort Worth, TX 76116",Subaru,Auto - Subaru Plant (Floorplan-New) - East,3/19/2026,756223,3/19/2026,10/19/2027,2026 Subaru CROSSTREK5 DO,Automobile,CROSSTREK5 DO,4S4GUHD68T3756223,,"$31,023.00 ","$31,023.00 ",$0.00 ,,$0.00 ,$0.00 ,$0.00 ,"$31,023.00 ",$0.00 ,$0.00 ,$0.00 ,$0.00 ,$0.00 ,$128.35 ,$0.00 ,$0.00 ,$0.00 ,$128.35 ,$184.00 ,"$31,023.00 "
"3535 West Loop 820 South  Fort Worth, TX 76116",Subaru,Auto - Subaru Plant (Floorplan-New) - East,3/31/2026,756246,3/31/2026,10/31/2027,2026 Subaru CROSSTREK5 DO,Automobile,CROSSTREK5 DO,4S4GUHD69T3756246,,"$30,648.00 ","$30,648.00 ",$0.00 ,,$0.00 ,$0.00 ,$0.00 ,"$30,648.00 ",$0.00 ,$0.00 ,$0.00 ,$0.00 ,$0.00 ,$126.80 ,$0.00 ,$0.00 ,$0.00 ,$126.80 ,$131.03 ,"$30,648.00 "
"3535 West Loop 820 South  Fort Worth, TX 76116",Subaru,Auto - Subaru Plant (Floorplan-New) - East,3/31/2026,756254,3/31/2026,10/31/2027,2026 Subaru CROSSTREK5 DO,Automobile,CROSSTREK5 DO,4S4GUHD68T3756254,,"$28,654.00 ","$28,654.00 ",$0.00 ,,$0.00 ,$0.00 ,$0.00 ,"$28,654.00 ",$0.00 ,$0.00 ,$0.00 ,$0.00 ,$0.00 ,$118.55 ,$0.00 ,$0.00 ,$0.00 ,$118.55 ,$122.50 ,"$28,654.00 "
"3535 West Loop 820 South  Fort Worth, TX 76116",Subaru,Auto - Subaru Plant (Floorplan-New) - East,3/24/2026,756358,3/24/2026,10/24/2027,2026 Subaru CROSSTREK5 DO,Automobile,CROSSTREK5 DO,4S4GUHD69T3756358,R5112,"$30,648.00 ","$30,648.00 ",$0.00 ,,"($30,648.00)",$0.00 ,"($30,648.00)",$0.00 ,$0.00 ,$0.00 ,$0.00 ,$0.00 ,$0.00 ,$25.36 ,$0.00 ,$0.00 ,$0.00 ,$25.36 ,$59.19 ,"$6,129.60 "
"3535 West Loop 820 South  Fort Worth, TX 76116",Subaru,Auto - Subaru Plant (Floorplan-New) - East,3/19/2026,756365,3/19/2026,10/19/2027,2026 Subaru CROSSTREK5 DO,Automobile,CROSSTREK5 DO,4S4GUHD66T3756365,,"$28,654.00 ","$28,654.00 ",$0.00 ,,$0.00 ,$0.00 ,$0.00 ,"$28,654.00 ",$0.00 ,$0.00 ,$0.00 ,$0.00 ,$0.00 ,$118.55 ,$0.00 ,$0.00 ,$0.00 ,$118.55 ,$169.95 ,"$28,654.00 "
"3535 West Loop 820 South  Fort Worth, TX 76116",Subaru,Auto - Subaru Plant (Floorplan-New) - East,3/26/2026,756455,3/26/2026,10/26/2027,2026 Subaru CROSSTREK5 DO,Automobile,CROSSTREK5 DO,4S4GUHD67T3756455,,"$31,023.00 ","$31,023.00 ",$0.00 ,,$0.00 ,$0.00 ,$0.00 ,"$31,023.00 ",$0.00 ,$0.00 ,$0.00 ,$0.00 ,$0.00 ,$128.35 ,$0.00 ,$0.00 ,$0.00 ,$128.35 ,$154.04 ,"$31,023.00 "
"3535 West Loop 820 South  Fort Worth, TX 76116",Subaru,Auto - Subaru Plant (Floorplan-New) - East,3/19/2026,756495,3/19/2026,10/19/2027,2026 Subaru CROSSTREK5 DO,Automobile,CROSSTREK5 DO,4S4GUHD68T3756495,R5109,"$30,648.00 ","$30,648.00 ",$0.00 ,,"($30,648.00)",$0.00 ,"($30,648.00)",$0.00 ,$0.00 ,$0.00 ,$0.00 ,$0.00 ,$0.00 ,$114.12 ,$0.00 ,$0.00 ,$0.00 ,$114.12 ,$169.10 ,"$27,583.20 "
"3535 West Loop 820 South  Fort Worth, TX 76116",Subaru,Auto - Subaru Plant (Floorplan-New) - East,4/6/2026,756642,4/6/2026,11/6/2027,2026 Subaru CROSSTREK5 DO,Automobile,CROSSTREK5 DO,4S4GUHU66T3756642,R5209,"$35,981.00 ",$0.00 ,"$35,981.00 ",4/6/2026,"($35,981.00)",$0.00 ,$0.00 ,$0.00 ,$0.00 ,$0.00 ,$0.00 ,$0.00 ,$0.00 ,$39.70 ,$0.00 ,$0.00 ,$0.00 ,$39.70 ,$39.70 ,"$9,594.93 "
"3535 West Loop 820 South  Fort Worth, TX 76116",Subaru,Auto - Subaru Plant (Floorplan-New) - East,3/31/2026,756688,3/31/2026,10/31/2027,2026 Subaru CROSSTREK5 DO,Automobile,CROSSTREK5 DO,4S4GUHU68T3756688,R5178,"$36,356.00 ","$36,356.00 ",$0.00 ,,"($36,356.00)",$0.00 ,"($36,356.00)",$0.00 ,$0.00 ,$0.00 ,$0.00 ,$0.00 ,$0.00 ,$115.32 ,$0.00 ,$0.00 ,$0.00 ,$115.32 ,$120.34 ,"$27,872.93 "
"3535 West Loop 820 South  Fort Worth, TX 76116",Subaru,Auto - Subaru Plant (Floorplan-New) - East,3/31/2026,756747,3/31/2026,10/31/2027,2026 Subaru CROSSTREK5 DO,Automobile,CROSSTREK5 DO,4S4GUHM69T3756747,R5188,"$34,863.00 ","$34,863.00 ",$0.00 ,,"($34,863.00)",$0.00 ,"($34,863.00)",$0.00 ,$0.00 ,$0.00 ,$0.00 ,$0.00 ,$0.00 ,$28.85 ,$0.00 ,$0.00 ,$0.00 ,$28.85 ,$33.66 ,"$6,972.60 "
"3535 West Loop 820 South  Fort Worth, TX 76116",Subaru,Auto - Subaru Plant (Floorplan-New) - East,4/6/2026,756808,4/6/2026,11/6/2027,2026 Subaru CROSSTREK5 DO,Automobile,CROSSTREK5 DO,4S4GUHU63T3756808,,"$35,981.00 ",$0.00 ,"$35,981.00 ",4/6/2026,$0.00 ,$0.00 ,"$35,981.00 ","$35,981.00 ",$0.00 ,$0.00 ,$0.00 ,$0.00 ,$0.00 ,$124.05 ,$0.00 ,$0.00 ,$0.00 ,$124.05 ,$124.05 ,"$29,984.17 "
"3535 West Loop 820 South  Fort Worth, TX 76116",Subaru,Auto - Subaru Plant (Floorplan-New) - East,4/27/2026,756845,4/27/2026,11/27/2027,2026 Subaru CROSSTREK5 DO,Automobile,CROSSTREK5 DO,4S4GUHU69T3756845,,"$35,981.00 ",$0.00 ,"$35,981.00 ",4/27/2026,$0.00 ,$0.00 ,"$35,981.00 ","$35,981.00 ",$0.00 ,$0.00 ,$0.00 ,$0.00 ,$0.00 ,$19.85 ,$0.00 ,$0.00 ,$0.00 ,$19.85 ,$19.85 ,"$4,797.47 "
"3535 West Loop 820 South  Fort Worth, TX 76116",Subaru,Auto - Subaru Plant (Floorplan-New) - East,3/31/2026,756964,3/31/2026,10/31/2027,2026 Subaru CROSSTREK5 DO,Automobile,CROSSTREK5 DO,4S4GUHU66T3756964,R5189,"$35,981.00 ","$35,981.00 ",$0.00 ,,"($35,981.00)",$0.00 ,"($35,981.00)",$0.00 ,$0.00 ,$0.00 ,$0.00 ,$0.00 ,$0.00 ,$94.28 ,$0.00 ,$0.00 ,$0.00 ,$94.28 ,$99.25 ,"$22,787.97 "
"3535 West Loop 820 South  Fort Worth, TX 76116",Subaru,Auto - Subaru Plant (Floorplan-New) - East,4/6/2026,756974,4/6/2026,11/6/2027,2026 Subaru CROSSTREK5 DO,Automobile,CROSSTREK5 DO,4S4GUHU69T3756974,,"$35,981.00 ",$0.00 ,"$35,981.00 ",4/6/2026,$0.00 ,$0.00 ,"$35,981.00 ","$35,981.00 ",$0.00 ,$0.00 ,$0.00 ,$0.00 ,$0.00 ,$124.05 ,$0.00 ,$0.00 ,$0.00 ,$124.05 ,$124.05 ,"$29,984.17 "
"3535 West Loop 820 South  Fort Worth, TX 76116",Subaru,Auto - Subaru Plant (Floorplan-New) - East,3/30/2026,757038,3/30/2026,10/30/2027,2026 Subaru CROSSTREK5 DO,Automobile,CROSSTREK5 DO,4S4GUHT65T3757038,R5173,"$33,967.00 ","$33,967.00 ",$0.00 ,,"($33,967.00)",$0.00 ,"($33,967.00)",$0.00 ,$0.00 ,$0.00 ,$0.00 ,$0.00 ,$0.00 ,$126.48 ,$0.00 ,$0.00 ,$0.00 ,$126.48 ,$135.85 ,"$30,570.30 "
"3535 West Loop 820 South  Fort Worth, TX 76116",Subaru,Auto - Subaru Plant (Floorplan-New) - East,12/22/2025,767170,12/22/2025,7/22/2027,2025 Subaru CROSSTREK5 DO,Automobile,CROSSTREK5 DO,4S4GUHF68S3767170,R4304,"$30,553.00 ","$30,553.00 ",$0.00 ,,$0.00 ,$0.00 ,$0.00 ,"$30,553.00 ",$0.00 ,$0.00 ,$0.00 ,$0.00 ,$0.00 ,$126.41 ,$0.00 ,$0.00 ,$0.00 ,$126.41 ,$550.85 ,"$30,553.00 "
"3535 West Loop 820 South  Fort Worth, TX 76116",Subaru,Auto - Subaru Plant (Floorplan-New) - East,12/22/2025,767712,12/22/2025,7/22/2027,2025 Subaru CROSSTREK5 DO,Automobile,CROSSTREK5 DO,4S4GUHF67S3767712,R4370,"$28,925.00 ","$28,925.00 ",$0.00 ,,$0.00 ,$0.00 ,$0.00 ,"$28,925.00 ",$0.00 ,$0.00 ,$0.00 ,$0.00 ,$0.00 ,$119.67 ,$0.00 ,$0.00 ,$0.00 ,$119.67 ,$521.50 ,"$28,925.00 "
"3535 West Loop 820 South  Fort Worth, TX 76116",Subaru,Auto - Subaru Plant (Floorplan-New) - East,12/22/2025,768423,12/22/2025,7/22/2027,2025 Subaru CROSSTREK5 DO,Automobile,CROSSTREK5 DO,4S4GUHL6XS3768423,R4305,"$30,809.00 ","$30,809.00 ",$0.00 ,,$0.00 ,$0.00 ,$0.00 ,"$30,809.00 ",$0.00 ,$0.00 ,$0.00 ,$0.00 ,$0.00 ,$127.47 ,$0.00 ,$0.00 ,$0.00 ,$127.47 ,$555.47 ,"$30,809.00 "
"3535 West Loop 820 South  Fort Worth, TX 76116",Subaru,Auto - Subaru Plant (Floorplan-New) - East,11/25/2025,768475,11/25/2025,6/25/2027,2025 Subaru CROSSTREK5 DO,Automobile,CROSSTREK5 DO,4S4GUHM69S3768475,,"$32,332.00 ","$32,332.00 ",$0.00 ,,$0.00 ,$0.00 ,$0.00 ,"$32,332.00 ",$0.00 ,$0.00 ,$0.00 ,$0.00 ,$0.00 ,$133.77 ,$0.00 ,$0.00 ,$0.00 ,$133.77 ,$708.96 ,"$32,332.00 "
"3535 West Loop 820 South  Fort Worth, TX 76116",Subaru,Auto - Subaru Plant (Floorplan-New) - East,10/22/2025,768622,10/22/2025,5/22/2027,2025 Subaru CROSSTREK5 DO,Automobile,CROSSTREK5 DO,4S4GUHM67S3768622,R4270,"$32,332.00 ","$32,332.00 ",$0.00 ,,$0.00 ,$0.00 ,$0.00 ,"$32,332.00 ",$0.00 ,$0.00 ,$0.00 ,$0.00 ,$0.00 ,$133.77 ,$0.00 ,$0.00 ,$0.00 ,$133.77 ,$871.94 ,"$32,332.00 "
"3535 West Loop 820 South  Fort Worth, TX 76116",Subaru,Auto - Subaru Plant (Floorplan-New) - East,4/27/2026,769342,4/27/2026,11/27/2027,2026 Subaru CROSSTREK5 DO,Automobile,CROSSTREK5 DO,4S4GUHD64T3769342,,"$28,456.00 ",$0.00 ,"$28,456.00 ",4/27/2026,$0.00 ,$0.00 ,"$28,456.00 ","$28,456.00 ",$0.00 ,$0.00 ,$0.00 ,$0.00 ,$0.00 ,$15.70 ,$0.00 ,$0.00 ,$0.00 ,$15.70 ,$15.70 ,"$3,794.13 "
"3535 West Loop 820 South  Fort Worth, TX 76116",Subaru,Auto - Subaru Plant (Floorplan-New) - East,4/27/2026,769552,4/27/2026,11/27/2027,2026 Subaru CROSSTREK5 DO,Automobile,CROSSTREK5 DO,4S4GUHD64T3769552,,"$26,552.00 ",$0.00 ,"$26,552.00 ",4/27/2026,$0.00 ,$0.00 ,"$26,552.00 ","$26,552.00 ",$0.00 ,$0.00 ,$0.00 ,$0.00 ,$0.00 ,$14.65 ,$0.00 ,$0.00 ,$0.00 ,$14.65 ,$14.65 ,"$3,540.27 "
"3535 West Loop 820 South  Fort Worth, TX 76116",Subaru,Auto - Subaru Plant (Floorplan-New) - East,12/22/2025,776735,12/22/2025,7/22/2027,2025 Subaru CROSSTREK5 DO,Automobile,CROSSTREK5 DO,4S4GUHL63S3776735,R4434,"$30,593.00 ","$30,593.00 ",$0.00 ,,$0.00 ,$0.00 ,$0.00 ,"$30,593.00 ",$0.00 ,$0.00 ,$0.00 ,$0.00 ,$0.00 ,$126.57 ,$0.00 ,$0.00 ,$0.00 ,$126.57 ,$551.58 ,"$30,593.00 "
"3535 West Loop 820 South  Fort Worth, TX 76116",Subaru,Auto - Subaru Plant (Floorplan-New) - East,12/22/2025,776942,12/22/2025,7/22/2027,2025 Subaru CROSSTREK5 DO,Automobile,CROSSTREK5 DO,4S4GUHM6XS3776942,,"$32,116.00 ","$32,116.00 ",$0.00 ,,$0.00 ,$0.00 ,$0.00 ,"$32,116.00 ",$0.00 ,$0.00 ,$0.00 ,$0.00 ,$0.00 ,$132.87 ,$0.00 ,$0.00 ,$0.00 ,$132.87 ,$579.01 ,"$32,116.00 "
"3535 West Loop 820 South  Fort Worth, TX 76116",Subaru,Auto - Subaru Plant (Floorplan-New) - East,3/31/2026,801803,3/31/2026,10/31/2027,2026 Subaru WRX4 DOORPREM,Automobile,WRX4 DOORPREM,JF1VBAH63T9801803,R5179,"$33,515.00 ","$33,515.00 ",$0.00 ,,"($33,515.00)",$0.00 ,"($33,515.00)",$0.00 ,$0.00 ,$0.00 ,$0.00 ,$0.00 ,$0.00 ,$60.09 ,$0.00 ,$0.00 ,$0.00 ,$60.09 ,$64.71 ,"$14,523.17 "
"3535 West Loop 820 South  Fort Worth, TX 76116",Subaru,Auto - Subaru Plant (Floorplan-New) - East,3/31/2026,801998,3/31/2026,10/31/2027,2026 Subaru WRX4 DOORTS,Automobile,WRX4 DOORTS,JF1VBAZ62T9801998,R5181,"$44,238.00 ","$44,238.00 ",$0.00 ,,"($44,238.00)",$0.00 ,"($44,238.00)",$0.00 ,$0.00 ,$0.00 ,$0.00 ,$0.00 ,$0.00 ,$158.62 ,$0.00 ,$0.00 ,$0.00 ,$158.62 ,$164.72 ,"$38,339.60 "
"3535 West Loop 820 South  Fort Worth, TX 76116",Subaru,Auto - Subaru Plant (Floorplan-New) - East,3/31/2026,802012,3/31/2026,10/31/2027,2026 Subaru WRX4 DOORLIMI,Automobile,WRX4 DOORLIMI,JF1VBAN67T8802012,R5180,"$39,452.00 ","$39,452.00 ",$0.00 ,,"($39,452.00)",$0.00 ,"($39,452.00)",$0.00 ,$0.00 ,$0.00 ,$0.00 ,$0.00 ,$0.00 ,$38.09 ,$0.00 ,$0.00 ,$0.00 ,$38.09 ,$43.53 ,"$9,205.47 "
"3535 West Loop 820 South  Fort Worth, TX 76116",Subaru,Auto - Subaru Plant (Floorplan-New) - East,3/20/2026,802442,3/20/2026,10/20/2027,2026 Subaru WRX4 DOORPREM,Automobile,WRX4 DOORPREM,JF1VBAH62T9802442,R5171,"$33,515.00 ","$33,515.00 ",$0.00 ,,"($33,515.00)",$0.00 ,"($33,515.00)",$0.00 ,$0.00 ,$0.00 ,$0.00 ,$0.00 ,$0.00 ,$92.44 ,$0.00 ,$0.00 ,$0.00 ,$92.44 ,$147.94 ,"$22,343.33 "
"3535 West Loop 820 South  Fort Worth, TX 76116",Subaru,Auto - Subaru Plant (Floorplan-New) - East,4/30/2026,804076,4/30/2026,11/30/2027,2026 Subaru WRX4 DOORPREM,Automobile,WRX4 DOORPREM,JF1VBAH62T9804076,,"$35,204.00 ",$0.00 ,"$35,204.00 ",4/30/2026,$0.00 ,$0.00 ,"$35,204.00 ","$35,204.00 ",$0.00 ,$0.00 ,$0.00 ,$0.00 ,$0.00 ,$4.86 ,$0.00 ,$0.00 ,$0.00 ,$4.86 ,$4.86 ,"$1,173.47 "
"3535 West Loop 820 South  Fort Worth, TX 76116",GMC Truck,Auto - GMC Truck Plant (Floorplan-New) - East,10/11/2024,100365,10/11/2024,5/11/2026,2025 GMC Truck GMC HMER EV3,Automobile,GMC HMER EV3,1GT40DDA2SU100365,,"$110,883.25 ","$55,441.60 ",$0.00 ,,"($11,088.33)",$0.00 ,"($11,088.33)","$44,353.27 ",$0.00 ,$0.00 ,"$44,353.27 ",$0.00 ,"$44,353.27 ",$201.85 ,$0.00 ,$0.00 ,$0.00 ,$201.85 ,"$8,699.16 ","$48,788.60 "
"3535 West Loop 820 South  Fort Worth, TX 76116",GMC Truck,Auto - GMC Truck Plant (Floorplan-New) - East,10/24/2024,105483,10/24/2024,5/24/2026,2024 GMC Truck GMC HMMER EV,Automobile,GMC HMMER EV,1GKB0NDE2RU105483,G33700,"$112,675.00 ","$56,337.50 ",$0.00 ,,"($11,267.50)",$0.00 ,"($11,267.50)","$45,070.00 ",$0.00 ,$0.00 ,"$45,070.00 ",$0.00 ,"$45,070.00 ",$205.11 ,$0.00 ,$0.00 ,$0.00 ,$205.11 ,"$8,592.27 ","$49,577.00 "
"3535 West Loop 820 South  Fort Worth, TX 76116",GMC Truck,Auto - GMC Truck Plant (Floorplan-New) - East,8/13/2025,109432,8/13/2025,3/13/2027,2026 GMC Truck GMC SIER 15E,Automobile,GMC SIER 15E,3GTPHCED7TG109432,G35110,"$61,024.80 ","$61,024.80 ",$0.00 ,,$0.00 ,$0.00 ,$0.00 ,"$61,024.80 ",$0.00 ,$0.00 ,$0.00 ,$0.00 ,$0.00 ,$252.48 ,$0.00 ,$0.00 ,$0.00 ,$252.48 ,"$2,305.15 ","$61,024.80 "
"3535 West Loop 820 South  Fort Worth, TX 76116",GMC Truck,Auto - GMC Truck Plant (Floorplan-New) - East,8/13/2025,109496,8/13/2025,3/13/2027,2026 GMC Truck GMC SIER 15E,Automobile,GMC SIER 15E,3GTPHCED0TG109496,G35111,"$61,024.80 ","$61,024.80 ",$0.00 ,,$0.00 ,$0.00 ,$0.00 ,"$61,024.80 ",$0.00 ,$0.00 ,$0.00 ,$0.00 ,$0.00 ,$252.48 ,$0.00 ,$0.00 ,$0.00 ,$252.48 ,"$2,305.15 ","$61,024.80 "
"3535 West Loop 820 South  Fort Worth, TX 76116",GMC Truck,Auto - GMC Truck Plant (Floorplan-New) - East,3/10/2025,115236,3/10/2025,10/10/2026,2025 GMC Truck GMC HMER EV3,Automobile,GMC HMER EV3,1GT40DDBXSU115236,G34234,"$121,885.00 ","$121,885.00 ",$0.00 ,,"($12,188.50)",$0.00 ,"($12,188.50)","$109,696.50 ","$12,188.50 ",$0.00 ,$0.00 ,$0.00 ,"$12,188.50 ",$474.02 ,$0.00 ,$0.00 ,$0.00 ,$474.02 ,"$7,545.86 ","$114,571.90 "
"3535 West Loop 820 South  Fort Worth, TX 76116",GMC Truck,Auto - GMC Truck Plant (Floorplan-New) - East,9/8/2025,120405,9/8/2025,4/8/2027,2026 GMC Truck GMC SIER 15D,Automobile,GMC SIER 15D,3GTUUGEL8TG120405,G35291,"$75,297.20 ","$75,297.20 ",$0.00 ,,"($75,297.20)",$0.00 ,"($75,297.20)",$0.00 ,$0.00 ,$0.00 ,$0.00 ,$0.00 ,$0.00 ,$228.46 ,$0.00 ,$0.00 ,$0.00 ,$228.46 ,"$2,454.67 ","$55,217.95 "
"3535 West Loop 820 South  Fort Worth, TX 76116",GMC Truck,Auto - GMC Truck Plant (Floorplan-New) - East,9/16/2025,126894,9/16/2025,4/16/2027,2026 GMC Truck GMC SIER 15D,Automobile,GMC SIER 15D,3GTUUGEL2TG126894,G35379,"$75,855.20 ","$75,855.20 ",$0.00 ,,$0.00 ,$0.00 ,$0.00 ,"$75,855.20 ",$0.00 ,$0.00 ,$0.00 ,$0.00 ,$0.00 ,$313.84 ,$0.00 ,$0.00 ,$0.00 ,$313.84 ,"$2,462.48 ","$75,855.20 "
"3535 West Loop 820 South  Fort Worth, TX 76116",GMC Truck,Auto - GMC Truck Plant (Floorplan-New) - East,9/16/2025,126916,9/16/2025,4/16/2027,2026 GMC Truck GMC SIER 15D,Automobile,GMC SIER 15D,3GTUUGEL8TG126916,G35380,"$75,855.20 ","$75,855.20 ",$0.00 ,,$0.00 ,$0.00 ,$0.00 ,"$75,855.20 ",$0.00 ,$0.00 ,$0.00 ,$0.00 ,$0.00 ,$313.84 ,$0.00 ,$0.00 ,$0.00 ,$313.84 ,"$2,462.48 ","$75,855.20 "
"3535 West Loop 820 South  Fort Worth, TX 76116",GMC Truck,Auto - GMC Truck Plant (Floorplan-New) - East,9/17/2025,126923,9/17/2025,4/17/2027,2026 GMC Truck GMC SIER 15D,Automobile,GMC SIER 15D,3GTUUGEL5TG126923,G35470,"$75,855.20 ","$75,855.20 ",$0.00 ,,$0.00 ,$0.00 ,$0.00 ,"$75,855.20 ",$0.00 ,$0.00 ,$0.00 ,$0.00 ,$0.00 ,$313.84 ,$0.00 ,$0.00 ,$0.00 ,$313.84 ,"$2,450.72 ","$75,855.20 "
"3535 West Loop 820 South  Fort Worth, TX 76116",GMC Truck,Auto - GMC Truck Plant (Floorplan-New) - East,9/15/2025,126928,9/15/2025,4/15/2027,2026 GMC Truck GMC SIER 15D,Automobile,GMC SIER 15D,3GTUUGEL4TG126928,G35366,"$75,855.20 ","$75,855.20 ",$0.00 ,,$0.00 ,$0.00 ,$0.00 ,"$75,855.20 ",$0.00 ,$0.00 ,$0.00 ,$0.00 ,$0.00 ,$313.84 ,$0.00 ,$0.00 ,$0.00 ,$313.84 ,"$2,474.24 ","$75,855.20 "
"3535 West Loop 820 South  Fort Worth, TX 76116",GMC Truck,Auto - GMC Truck Plant (Floorplan-New) - East,11/28/2025,130228,11/28/2025,6/28/2027,2026 GMC Truck GMC CNYN AT4,Automobile,GMC CNYN AT4,1GTP2EEK0T1130228,G35995,"$53,153.00 ","$53,153.00 ",$0.00 ,,$0.00 ,$0.00 ,$0.00 ,"$53,153.00 ",$0.00 ,$0.00 ,$0.00 ,$0.00 ,$0.00 ,$219.91 ,$0.00 ,$0.00 ,$0.00 ,$219.91 ,"$1,142.11 ","$53,153.00 "
"3535 West Loop 820 South  Fort Worth, TX 76116",GMC Truck,Auto - GMC Truck Plant (Floorplan-New) - East,8/18/2025,131491,8/18/2025,3/18/2027,2026 GMC Truck GMC SIER 15E,Automobile,GMC SIER 15E,1GTPHCED1TZ131491,,"$61,024.80 ","$61,024.80 ",$0.00 ,,$0.00 ,$0.00 ,$0.00 ,"$61,024.80 ",$0.00 ,$0.00 ,$0.00 ,$0.00 ,$0.00 ,$252.48 ,$0.00 ,$0.00 ,$0.00 ,$252.48 ,"$2,257.23 ","$61,024.80 "
"3535 West Loop 820 South  Fort Worth, TX 76116",GMC Truck,Auto - GMC Truck Plant (Floorplan-New) - East,9/23/2025,135217,9/23/2025,4/23/2027,2026 GMC Truck GMC CNYN 2WD,Automobile,GMC CNYN 2WD,1GTP1BEK7T1135217,,"$44,445.50 ","$44,445.50 ",$0.00 ,,$0.00 ,$0.00 ,$0.00 ,"$44,445.50 ",$0.00 ,$0.00 ,$0.00 ,$0.00 ,$0.00 ,$183.89 ,$0.00 ,$0.00 ,$0.00 ,$183.89 ,"$1,394.60 ","$44,445.50 "
"3535 West Loop 820 South  Fort Worth, TX 76116",GMC Truck,Auto - GMC Truck Plant (Floorplan-New) - East,9/26/2025,137574,9/26/2025,4/26/2027,2026 GMC Truck GMC CNYN 2WD,Automobile,GMC CNYN 2WD,1GTP1BEK8T1137574,,"$45,417.35 ","$45,417.35 ",$0.00 ,,"($45,417.35)",$0.00 ,"($45,417.35)",$0.00 ,$0.00 ,$0.00 ,$0.00 ,$0.00 ,$0.00 ,$100.22 ,$0.00 ,$0.00 ,$0.00 ,$100.22 ,"$1,316.31 ","$24,222.59 "
"3535 West Loop 820 South  Fort Worth, TX 76116",GMC Truck,Auto - GMC Truck Plant (Floorplan-New) - East,8/25/2025,138888,8/25/2025,3/25/2027,2026 GMC Truck GMC SIER 15E,Automobile,GMC SIER 15E,1GTPHCED8TZ138888,G35147,"$61,071.30 ","$61,071.30 ",$0.00 ,,$0.00 ,$0.00 ,$0.00 ,"$61,071.30 ",$0.00 ,$0.00 ,$0.00 ,$0.00 ,$0.00 ,$252.67 ,$0.00 ,$0.00 ,$0.00 ,$252.67 ,"$2,191.83 ","$61,071.30 "
"3535 West Loop 820 South  Fort Worth, TX 76116",GMC Truck,Auto - GMC Truck Plant (Floorplan-New) - East,8/25/2025,139025,8/25/2025,3/25/2027,2026 GMC Truck GMC SIER 15E,Automobile,GMC SIER 15E,1GTPHCED1TZ139025,G35148,"$61,071.30 ","$61,071.30 ",$0.00 ,,$0.00 ,$0.00 ,$0.00 ,"$61,071.30 ",$0.00 ,$0.00 ,$0.00 ,$0.00 ,$0.00 ,$252.67 ,$0.00 ,$0.00 ,$0.00 ,$252.67 ,"$2,191.83 ","$61,071.30 "
"3535 West Loop 820 South  Fort Worth, TX 76116",GMC Truck,Auto - GMC Truck Plant (Floorplan-New) - East,8/25/2025,139067,8/25/2025,3/25/2027,2026 GMC Truck GMC SIER 15E,Automobile,GMC SIER 15E,1GTPHCED6TZ139067,G35149,"$61,071.30 ","$61,071.30 ",$0.00 ,,"($61,071.30)",$0.00 ,"($61,071.30)",$0.00 ,$0.00 ,$0.00 ,$0.00 ,$0.00 ,$0.00 ,$227.41 ,$0.00 ,$0.00 ,$0.00 ,$227.41 ,"$2,166.57 ","$54,964.17 "
"3535 West Loop 820 South  Fort Worth, TX 76116",GMC Truck,Auto - GMC Truck Plant (Floorplan-New) - East,11/28/2025,139130,11/28/2025,6/28/2027,2026 GMC Truck GMC ACAD DEN,Automobile,GMC ACAD DEN,1GKENLKS1TJ139130,,"$59,006.23 ","$59,006.23 ",$0.00 ,,$0.00 ,$0.00 ,$0.00 ,"$59,006.23 ",$0.00 ,$0.00 ,$0.00 ,$0.00 ,$0.00 ,$244.13 ,$0.00 ,$0.00 ,$0.00 ,$244.13 ,"$1,267.86 ","$59,006.23 "
"3535 West Loop 820 South  Fort Worth, TX 76116",GMC Truck,Auto - GMC Truck Plant (Floorplan-New) - East,11/28/2025,139283,11/28/2025,6/28/2027,2026 GMC Truck GMC ACAD ELV,Automobile,GMC ACAD ELV,1GKENKKS1TJ139283,G36004,"$48,594.73 ","$48,594.73 ",$0.00 ,,$0.00 ,$0.00 ,$0.00 ,"$48,594.73 ",$0.00 ,$0.00 ,$0.00 ,$0.00 ,$0.00 ,$201.05 ,$0.00 ,$0.00 ,$0.00 ,$201.05 ,"$1,044.15 ","$48,594.73 "
"3535 West Loop 820 South  Fort Worth, TX 76116",GMC Truck,Auto - GMC Truck Plant (Floorplan-New) - East,11/28/2025,139615,11/28/2025,6/28/2027,2026 GMC Truck GMC ACAD AT4,Automobile,GMC ACAD AT4,1GKENPKS4TJ139615,G36005,"$54,651.15 ","$54,651.15 ",$0.00 ,,$0.00 ,$0.00 ,$0.00 ,"$54,651.15 ",$0.00 ,$0.00 ,$0.00 ,$0.00 ,$0.00 ,$226.11 ,$0.00 ,$0.00 ,$0.00 ,$226.11 ,"$1,174.29 ","$54,651.15 "
"3535 West Loop 820 South  Fort Worth, TX 76116",GMC Truck,Auto - GMC Truck Plant (Floorplan-New) - East,11/28/2025,139663,11/28/2025,6/28/2027,2026 GMC Truck GMC ACAD AT4,Automobile,GMC ACAD AT4,1GKENPKS4TJ139663,G36006,"$54,651.15 ","$54,651.15 ",$0.00 ,,$0.00 ,$0.00 ,$0.00 ,"$54,651.15 ",$0.00 ,$0.00 ,$0.00 ,$0.00 ,$0.00 ,$226.11 ,$0.00 ,$0.00 ,$0.00 ,$226.11 ,"$1,174.29 ","$54,651.15 "
"3535 West Loop 820 South  Fort Worth, TX 76116",GMC Truck,Auto - GMC Truck Plant (Floorplan-New) - East,8/25/2025,139864,8/25/2025,3/25/2027,2026 GMC Truck GMC SIER 15E,Automobile,GMC SIER 15E,1GTUUCED1TZ139864,G35171,"$64,847.10 ","$64,847.10 ",$0.00 ,,"($64,847.10)",$0.00 ,"($64,847.10)",$0.00 ,$0.00 ,$0.00 ,$0.00 ,$0.00 ,$0.00 ,$259.35 ,$0.00 ,$0.00 ,$0.00 ,$259.35 ,"$2,318.39 ","$62,685.53 "
"3535 West Loop 820 South  Fort Worth, TX 76116",GMC Truck,Auto - GMC Truck Plant (Floorplan-New) - East,10/7/2025,141767,10/7/2025,5/7/2027,2026 GMC Truck GMC CNYN 2WD,Automobile,GMC CNYN 2WD,1GTP1BEK6T1141767,,"$45,417.35 ","$45,417.35 ",$0.00 ,,$0.00 ,$0.00 ,$0.00 ,"$45,417.35 ",$0.00 ,$0.00 ,$0.00 ,$0.00 ,$0.00 ,$187.91 ,$0.00 ,$0.00 ,$0.00 ,$187.91 ,"$1,327.67 ","$45,417.35 "
"3535 West Loop 820 South  Fort Worth, TX 76116",GMC Truck,Auto - GMC Truck Plant (Floorplan-New) - East,8/26/2025,141917,8/26/2025,3/26/2027,2026 GMC Truck GMC SIER 15E,Automobile,GMC SIER 15E,1GTPHCED4TZ141917,G35177,"$61,071.30 ","$61,071.30 ",$0.00 ,,$0.00 ,$0.00 ,$0.00 ,"$61,071.30 ",$0.00 ,$0.00 ,$0.00 ,$0.00 ,$0.00 ,$252.67 ,$0.00 ,$0.00 ,$0.00 ,$252.67 ,"$2,182.24 ","$61,071.30 "
"3535 West Loop 820 South  Fort Worth, TX 76116",GMC Truck,Auto - GMC Truck Plant (Floorplan-New) - East,8/26/2025,141942,8/26/2025,3/26/2027,2026 GMC Truck GMC SIER 15E,Automobile,GMC SIER 15E,1GTPHCED3TZ141942,,"$60,610.95 ","$60,610.95 ",$0.00 ,,$0.00 ,$0.00 ,$0.00 ,"$60,610.95 ",$0.00 ,$0.00 ,$0.00 ,$0.00 ,$0.00 ,$250.77 ,$0.00 ,$0.00 ,$0.00 ,$250.77 ,"$2,165.79 ","$60,610.95 "
"3535 West Loop 820 South  Fort Worth, TX 76116",GMC Truck,Auto - GMC Truck Plant (Floorplan-New) - East,8/27/2025,141949,8/27/2025,3/27/2027,2026 GMC Truck GMC SIER 15E,Automobile,GMC SIER 15E,1GTPHCED6TZ141949,,"$61,071.30 ","$61,071.30 ",$0.00 ,,$0.00 ,$0.00 ,$0.00 ,"$61,071.30 ",$0.00 ,$0.00 ,$0.00 ,$0.00 ,$0.00 ,$252.67 ,$0.00 ,$0.00 ,$0.00 ,$252.67 ,"$2,172.64 ","$61,071.30 "
"3535 West Loop 820 South  Fort Worth, TX 76116",GMC Truck,Auto - GMC Truck Plant (Floorplan-New) - East,8/27/2025,141966,8/27/2025,3/27/2027,2026 GMC Truck GMC SIER 15E,Automobile,GMC SIER 15E,1GTPHCED6TZ141966,G35180,"$60,610.95 ","$60,610.95 ",$0.00 ,,$0.00 ,$0.00 ,$0.00 ,"$60,610.95 ",$0.00 ,$0.00 ,$0.00 ,$0.00 ,$0.00 ,$250.77 ,$0.00 ,$0.00 ,$0.00 ,$250.77 ,"$2,156.27 ","$60,610.95 "
"3535 West Loop 820 South  Fort Worth, TX 76116",GMC Truck,Auto - GMC Truck Plant (Floorplan-New) - East,8/26/2025,141989,8/26/2025,3/26/2027,2026 GMC Truck GMC SIER 15E,Automobile,GMC SIER 15E,1GTPHCED7TZ141989,,"$61,071.30 ","$61,071.30 ",$0.00 ,,$0.00 ,$0.00 ,$0.00 ,"$61,071.30 ",$0.00 ,$0.00 ,$0.00 ,$0.00 ,$0.00 ,$252.67 ,$0.00 ,$0.00 ,$0.00 ,$252.67 ,"$2,182.24 ","$61,071.30 "
"3535 West Loop 820 South  Fort Worth, TX 76116",GMC Truck,Auto - GMC Truck Plant (Floorplan-New) - East,9/30/2025,142125,9/30/2025,4/30/2027,2026 GMC Truck GMC SIER 15D,Automobile,GMC SIER 15D,3GTUUGEL2TG142125,G35609,"$75,855.20 ","$75,855.20 ",$0.00 ,,$0.00 ,$0.00 ,$0.00 ,"$75,855.20 ",$0.00 ,$0.00 ,$0.00 ,$0.00 ,$0.00 ,$313.84 ,$0.00 ,$0.00 ,$0.00 ,$313.84 ,"$2,297.87 ","$75,855.20 "
"3535 West Loop 820 South  Fort Worth, TX 76116",GMC Truck,Auto - GMC Truck Plant (Floorplan-New) - East,8/27/2025,142376,8/27/2025,3/27/2027,2026 GMC Truck GMC SIER 15E,Automobile,GMC SIER 15E,1GTPHCED1TZ142376,G35245,"$60,610.95 ","$60,610.95 ",$0.00 ,,$0.00 ,$0.00 ,$0.00 ,"$60,610.95 ",$0.00 ,$0.00 ,$0.00 ,$0.00 ,$0.00 ,$250.77 ,$0.00 ,$0.00 ,$0.00 ,$250.77 ,"$2,156.27 ","$60,610.95 "
"3535 West Loop 820 South  Fort Worth, TX 76116",GMC Truck,Auto - GMC Truck Plant (Floorplan-New) - East,8/27/2025,142377,8/27/2025,3/27/2027,2026 GMC Truck GMC SIER 15E,Automobile,GMC SIER 15E,1GTPHCED3TZ142377,,"$60,610.95 ","$60,610.95 ",$0.00 ,,$0.00 ,$0.00 ,$0.00 ,"$60,610.95 ",$0.00 ,$0.00 ,$0.00 ,$0.00 ,$0.00 ,$250.77 ,$0.00 ,$0.00 ,$0.00 ,$250.77 ,"$2,156.27 ","$60,610.95 "
"3535 West Loop 820 South  Fort Worth, TX 76116",GMC Truck,Auto - GMC Truck Plant (Floorplan-New) - East,8/27/2025,142411,8/27/2025,3/27/2027,2026 GMC Truck GMC SIER 15E,Automobile,GMC SIER 15E,1GTPHCEDXTZ142411,,"$60,610.95 ","$60,610.95 ",$0.00 ,,$0.00 ,$0.00 ,$0.00 ,"$60,610.95 ",$0.00 ,$0.00 ,$0.00 ,$0.00 ,$0.00 ,$250.77 ,$0.00 ,$0.00 ,$0.00 ,$250.77 ,"$2,156.27 ","$60,610.95 "
"3535 West Loop 820 South  Fort Worth, TX 76116",GMC Truck,Auto - GMC Truck Plant (Floorplan-New) - East,8/27/2025,142501,8/27/2025,3/27/2027,2026 GMC Truck GMC SIER 15E,Automobile,GMC SIER 15E,1GTPHCED0TZ142501,G35247,"$60,610.95 ","$60,610.95 ",$0.00 ,,$0.00 ,$0.00 ,$0.00 ,"$60,610.95 ",$0.00 ,$0.00 ,$0.00 ,$0.00 ,$0.00 ,$250.77 ,$0.00 ,$0.00 ,$0.00 ,$250.77 ,"$2,156.27 ","$60,610.95 "
"3535 West Loop 820 South  Fort Worth, TX 76116",GMC Truck,Auto - GMC Truck Plant (Floorplan-New) - East,10/10/2025,142543,10/10/2025,5/10/2027,2026 GMC Truck GMC CNYN 2WD,Automobile,GMC CNYN 2WD,1GTP1BEK0T1142543,,"$45,417.35 ","$45,417.35 ",$0.00 ,,$0.00 ,$0.00 ,$0.00 ,"$45,417.35 ",$0.00 ,$0.00 ,$0.00 ,$0.00 ,$0.00 ,$187.91 ,$0.00 ,$0.00 ,$0.00 ,$187.91 ,"$1,307.10 ","$45,417.35 "
"3535 West Loop 820 South  Fort Worth, TX 76116",GMC Truck,Auto - GMC Truck Plant (Floorplan-New) - East,8/28/2025,143414,8/28/2025,3/28/2027,2026 GMC Truck GMC SIER 15E,Automobile,GMC SIER 15E,1GTUUCED1TZ143414,,"$64,386.75 ","$64,386.75 ",$0.00 ,,$0.00 ,$0.00 ,$0.00 ,"$64,386.75 ",$0.00 ,$0.00 ,$0.00 ,$0.00 ,$0.00 ,$266.39 ,$0.00 ,$0.00 ,$0.00 ,$266.39 ,"$2,280.48 ","$64,386.75 "
"3535 West Loop 820 South  Fort Worth, TX 76116",GMC Truck,Auto - GMC Truck Plant (Floorplan-New) - East,8/28/2025,143421,8/28/2025,3/28/2027,2026 GMC Truck GMC SIER 15E,Automobile,GMC SIER 15E,1GTUUCED9TZ143421,G35248,"$64,386.75 ","$64,386.75 ",$0.00 ,,$0.00 ,$0.00 ,$0.00 ,"$64,386.75 ",$0.00 ,$0.00 ,$0.00 ,$0.00 ,$0.00 ,$266.39 ,$0.00 ,$0.00 ,$0.00 ,$266.39 ,"$2,280.48 ","$64,386.75 "
"3535 West Loop 820 South  Fort Worth, TX 76116",GMC Truck,Auto - GMC Truck Plant (Floorplan-New) - East,8/28/2025,143450,8/28/2025,3/28/2027,2026 GMC Truck GMC SIER 15E,Automobile,GMC SIER 15E,1GTUUCED5TZ143450,G35249,"$64,386.75 ","$64,386.75 ",$0.00 ,,$0.00 ,$0.00 ,$0.00 ,"$64,386.75 ",$0.00 ,$0.00 ,$0.00 ,$0.00 ,$0.00 ,$266.39 ,$0.00 ,$0.00 ,$0.00 ,$266.39 ,"$2,280.48 ","$64,386.75 "
"3535 West Loop 820 South  Fort Worth, TX 76116",GMC Truck,Auto - GMC Truck Plant (Floorplan-New) - East,8/28/2025,143553,8/28/2025,3/28/2027,2026 GMC Truck GMC SIER 15E,Automobile,GMC SIER 15E,1GTUUCED4TZ143553,G35279,"$64,386.75 ","$64,386.75 ",$0.00 ,,"($64,386.75)",$0.00 ,"($64,386.75)",$0.00 ,$0.00 ,$0.00 ,$0.00 ,$0.00 ,$0.00 ,$177.59 ,$0.00 ,$0.00 ,$0.00 ,$177.59 ,"$2,191.68 ","$42,924.50 "
"3535 West Loop 820 South  Fort Worth, TX 76116",GMC Truck,Auto - GMC Truck Plant (Floorplan-New) - East,8/28/2025,143565,8/28/2025,3/28/2027,2026 GMC Truck GMC SIER 15E,Automobile,GMC SIER 15E,1GTUUCED0TZ143565,G35250,"$64,386.75 ","$64,386.75 ",$0.00 ,,$0.00 ,$0.00 ,$0.00 ,"$64,386.75 ",$0.00 ,$0.00 ,$0.00 ,$0.00 ,$0.00 ,$266.39 ,$0.00 ,$0.00 ,$0.00 ,$266.39 ,"$2,280.48 ","$64,386.75 "
"3535 West Loop 820 South  Fort Worth, TX 76116",GMC Truck,Auto - GMC Truck Plant (Floorplan-New) - East,10/10/2025,143574,10/10/2025,5/10/2027,2026 GMC Truck GMC CNYN 2WD,Automobile,GMC CNYN 2WD,1GTP1BEK5T1143574,,"$45,417.35 ","$45,417.35 ",$0.00 ,,$0.00 ,$0.00 ,$0.00 ,"$45,417.35 ",$0.00 ,$0.00 ,$0.00 ,$0.00 ,$0.00 ,$187.91 ,$0.00 ,$0.00 ,$0.00 ,$187.91 ,"$1,307.10 ","$45,417.35 "
"3535 West Loop 820 South  Fort Worth, TX 76116",GMC Truck,Auto - GMC Truck Plant (Floorplan-New) - East,8/28/2025,143849,8/28/2025,3/28/2027,2026 GMC Truck GMC SIER 15E,Automobile,GMC SIER 15E,1GTUUCED3TZ143849,G35280,"$64,386.75 ","$64,386.75 ",$0.00 ,,$0.00 ,$0.00 ,$0.00 ,"$64,386.75 ",$0.00 ,$0.00 ,$0.00 ,$0.00 ,$0.00 ,$266.39 ,$0.00 ,$0.00 ,$0.00 ,$266.39 ,"$2,280.48 ","$64,386.75 "
"3535 West Loop 820 South  Fort Worth, TX 76116",GMC Truck,Auto - GMC Truck Plant (Floorplan-New) - East,10/23/2025,146018,10/23/2025,5/23/2027,2026 GMC Truck GMC CNYN 2WD,Automobile,GMC CNYN 2WD,1GTP1BEK1T1146018,,"$44,975.60 ","$44,975.60 ",$0.00 ,,$0.00 ,$0.00 ,$0.00 ,"$44,975.60 ",$0.00 ,$0.00 ,$0.00 ,$0.00 ,$0.00 ,$186.08 ,$0.00 ,$0.00 ,$0.00 ,$186.08 ,"$1,206.11 ","$44,975.60 "
"3535 West Loop 820 South  Fort Worth, TX 76116",GMC Truck,Auto - GMC Truck Plant (Floorplan-New) - East,10/23/2025,146094,10/23/2025,5/23/2027,2026 GMC Truck GMC CNYN 2WD,Automobile,GMC CNYN 2WD,1GTP1BEK6T1146094,,"$44,975.60 ","$44,975.60 ",$0.00 ,,$0.00 ,$0.00 ,$0.00 ,"$44,975.60 ",$0.00 ,$0.00 ,$0.00 ,$0.00 ,$0.00 ,$186.08 ,$0.00 ,$0.00 ,$0.00 ,$186.08 ,"$1,206.11 ","$44,975.60 "
"3535 West Loop 820 South  Fort Worth, TX 76116",GMC Truck,Auto - GMC Truck Plant (Floorplan-New) - East,9/2/2025,146270,9/2/2025,4/2/2027,2026 GMC Truck GMC SIER 15E,Automobile,GMC SIER 15E,1GTUUCED7TZ146270,G35276,"$64,847.10 ","$64,847.10 ",$0.00 ,,"($64,847.10)",$0.00 ,"($64,847.10)",$0.00 ,$0.00 ,$0.00 ,$0.00 ,$0.00 ,$0.00 ,$232.52 ,$0.00 ,$0.00 ,$0.00 ,$232.52 ,"$2,210.09 ","$56,200.82 "
"3535 West Loop 820 South  Fort Worth, TX 76116",GMC Truck,Auto - GMC Truck Plant (Floorplan-New) - East,9/29/2025,146779,9/29/2025,4/29/2027,2026 GMC Truck GMC SIER 15D,Automobile,GMC SIER 15D,3GTUUGEL3TG146779,G35553,"$78,268.55 ","$78,268.55 ",$0.00 ,,"($78,268.55)",$0.00 ,"($78,268.55)",$0.00 ,$0.00 ,$0.00 ,$0.00 ,$0.00 ,$0.00 ,$215.88 ,$0.00 ,$0.00 ,$0.00 ,$215.88 ,"$2,275.18 ","$52,179.03 "
"3535 West Loop 820 South  Fort Worth, TX 76116",GMC Truck,Auto - GMC Truck Plant (Floorplan-New) - East,6/4/2025,150099,6/4/2025,1/4/2027,2025 GMC Truck GMC TERRN AT,Automobile,GMC TERRN AT,3GKALYEG9TL150099,G34772,"$38,991.40 ","$38,991.40 ",$0.00 ,,$0.00 ,$0.00 ,$0.00 ,"$38,991.40 ",$0.00 ,$0.00 ,$0.00 ,$0.00 ,$0.00 ,$161.32 ,$0.00 ,$0.00 ,$0.00 ,$161.32 ,"$1,899.79 ","$38,991.40 "
"3535 West Loop 820 South  Fort Worth, TX 76116",GMC Truck,Auto - GMC Truck Plant (Floorplan-New) - East,9/8/2025,152042,9/8/2025,4/8/2027,2026 GMC Truck GMC SIER 15E,Automobile,GMC SIER 15E,1GTUUCED2TZ152042,G35293,"$64,386.75 ","$64,386.75 ",$0.00 ,,"($64,386.75)",$0.00 ,"($64,386.75)",$0.00 ,$0.00 ,$0.00 ,$0.00 ,$0.00 ,$0.00 ,$8.88 ,$0.00 ,$0.00 ,$0.00 ,$8.88 ,"$1,912.53 ","$2,146.23 "
"3535 West Loop 820 South  Fort Worth, TX 76116",GMC Truck,Auto - GMC Truck Plant (Floorplan-New) - East,3/26/2026,154559,3/26/2026,10/26/2027,2026 GMC Truck GMC YUK 4XDE,Automobile,GMC YUK 4XDE,1GKS2JKL3TR154559,,"$90,923.13 ","$90,923.13 ",$0.00 ,,$0.00 ,$0.00 ,$0.00 ,"$90,923.13 ",$0.00 ,$0.00 ,$0.00 ,$0.00 ,$0.00 ,$376.18 ,$0.00 ,$0.00 ,$0.00 ,$376.18 ,$451.46 ,"$90,923.13 "
"3535 West Loop 820 South  Fort Worth, TX 76116",GMC Truck,Auto - GMC Truck Plant (Floorplan-New) - East,3/26/2026,154570,3/26/2026,10/26/2027,2026 GMC Truck GMC YUK 4XAT,Automobile,GMC YUK 4XAT,1GKS2HKL1TR154570,G36650,"$87,965.50 ","$87,965.50 ",$0.00 ,,"($87,965.50)",$0.00 ,"($87,965.50)",$0.00 ,$0.00 ,$0.00 ,$0.00 ,$0.00 ,$0.00 ,$327.55 ,$0.00 ,$0.00 ,$0.00 ,$327.55 ,$400.38 ,"$79,168.95 "
"3535 West Loop 820 South  Fort Worth, TX 76116",GMC Truck,Auto - GMC Truck Plant (Floorplan-New) - East,10/24/2025,154577,10/24/2025,5/24/2027,2026 GMC Truck GMC YUK 4XDE,Automobile,GMC YUK 4XDE,1GKS2JKL5TR154577,,"$91,132.65 ","$91,132.65 ",$0.00 ,,$0.00 ,$0.00 ,$0.00 ,"$91,132.65 ",$0.00 ,$0.00 ,$0.00 ,$0.00 ,$0.00 ,$377.05 ,$0.00 ,$0.00 ,$0.00 ,$377.05 ,"$2,430.14 ","$91,132.65 "
"3535 West Loop 820 South  Fort Worth, TX 76116",GMC Truck,Auto - GMC Truck Plant (Floorplan-New) - East,10/24/2025,154581,10/24/2025,5/24/2027,2026 GMC Truck GMC YUK 4XDE,Automobile,GMC YUK 4XDE,1GKS2JKL7TR154581,,"$89,165.70 ","$89,165.70 ",$0.00 ,,$0.00 ,$0.00 ,$0.00 ,"$89,165.70 ",$0.00 ,$0.00 ,$0.00 ,$0.00 ,$0.00 ,$368.91 ,$0.00 ,$0.00 ,$0.00 ,$368.91 ,"$2,377.69 ","$89,165.70 "
"3535 West Loop 820 South  Fort Worth, TX 76116",GMC Truck,Auto - GMC Truck Plant (Floorplan-New) - East,10/8/2025,155537,10/8/2025,5/8/2027,2026 GMC Truck GMC SIER 15D,Automobile,GMC SIER 15D,3GTUUGEL2TG155537,,"$78,175.55 ","$78,175.55 ",$0.00 ,,$0.00 ,$0.00 ,$0.00 ,"$78,175.55 ",$0.00 ,$0.00 ,$0.00 ,$0.00 ,$0.00 ,$323.44 ,$0.00 ,$0.00 ,$0.00 ,$323.44 ,"$2,273.45 ","$78,175.55 "
"3535 West Loop 820 South  Fort Worth, TX 76116",GMC Truck,Auto - GMC Truck Plant (Floorplan-New) - East,11/17/2025,155548,11/17/2025,6/17/2027,2026 GMC Truck GMC CNYN 2WD,Automobile,GMC CNYN 2WD,1GTP1BEK9T1155548,,"$45,193.73 ","$45,193.73 ",$0.00 ,,$0.00 ,$0.00 ,$0.00 ,"$45,193.73 ",$0.00 ,$0.00 ,$0.00 ,$0.00 ,$0.00 ,$186.98 ,$0.00 ,$0.00 ,$0.00 ,$186.98 ,"$1,044.05 ","$45,193.73 "
"3535 West Loop 820 South  Fort Worth, TX 76116",GMC Truck,Auto - GMC Truck Plant (Floorplan-New) - East,4/22/2026,156108,4/22/2026,11/22/2027,2026 GMC TRUCK SIERRA 1500,Automobile,SIERRA 1500,3GTUUGEL6TG156108,G35618,"$76,000.00 ",$0.00 ,"$76,000.00 ",4/22/2026,$0.00 ,$0.00 ,"$76,000.00 ","$76,000.00 ",$0.00 ,$0.00 ,$0.00 ,$0.00 ,$0.00 ,$94.33 ,$0.00 ,$0.00 ,$0.00 ,$94.33 ,$94.33 ,"$22,800.00 "
"3535 West Loop 820 South  Fort Worth, TX 76116",GMC Truck,Auto - GMC Truck Plant (Floorplan-New) - East,10/8/2025,156112,10/8/2025,5/8/2027,2026 GMC Truck GMC SIER 15D,Automobile,GMC SIER 15D,3GTUUGEL8TG156112,,"$77,710.55 ","$77,710.55 ",$0.00 ,,$0.00 ,$0.00 ,$0.00 ,"$77,710.55 ",$0.00 ,$0.00 ,$0.00 ,$0.00 ,$0.00 ,$321.51 ,$0.00 ,$0.00 ,$0.00 ,$321.51 ,"$2,259.90 ","$77,710.55 "
"3535 West Loop 820 South  Fort Worth, TX 76116",GMC Truck,Auto - GMC Truck Plant (Floorplan-New) - East,11/17/2025,157342,11/17/2025,6/17/2027,2026 GMC Truck GMC CNYN 2WD,Automobile,GMC CNYN 2WD,1GTP1BEKXT1157342,,"$44,735.85 ","$44,735.85 ",$0.00 ,,$0.00 ,$0.00 ,$0.00 ,"$44,735.85 ",$0.00 ,$0.00 ,$0.00 ,$0.00 ,$0.00 ,$185.09 ,$0.00 ,$0.00 ,$0.00 ,$185.09 ,"$1,033.49 ","$44,735.85 "
"3535 West Loop 820 South  Fort Worth, TX 76116",GMC Truck,Auto - GMC Truck Plant (Floorplan-New) - East,11/19/2025,159072,11/19/2025,6/19/2027,2026 GMC Truck GMC CNYN 2WD,Automobile,GMC CNYN 2WD,1GTP1BEK6T1159072,,"$42,538.98 ","$42,538.98 ",$0.00 ,,$0.00 ,$0.00 ,$0.00 ,"$42,538.98 ",$0.00 ,$0.00 ,$0.00 ,$0.00 ,$0.00 ,$176.00 ,$0.00 ,$0.00 ,$0.00 ,$176.00 ,$970.24 ,"$42,538.98 "
"3535 West Loop 820 South  Fort Worth, TX 76116",GMC Truck,Auto - GMC Truck Plant (Floorplan-New) - East,9/16/2025,159417,9/16/2025,4/16/2027,2026 GMC Truck GMC SIER 15E,Automobile,GMC SIER 15E,1GTPHCED8TZ159417,G36473,"$60,573.75 ","$60,573.75 ",$0.00 ,,$0.00 ,$0.00 ,$0.00 ,"$60,573.75 ",$0.00 ,$0.00 ,$0.00 ,$0.00 ,$0.00 ,$250.61 ,$0.00 ,$0.00 ,$0.00 ,$250.61 ,"$1,966.40 ","$60,573.75 "
"3535 West Loop 820 South  Fort Worth, TX 76116",GMC Truck,Auto - GMC Truck Plant (Floorplan-New) - East,11/21/2025,159924,11/21/2025,6/21/2027,2026 GMC Truck GMC CNYN 2WD,Automobile,GMC CNYN 2WD,1GTP1BEK9T1159924,,"$44,735.85 ","$44,735.85 ",$0.00 ,,$0.00 ,$0.00 ,$0.00 ,"$44,735.85 ",$0.00 ,$0.00 ,$0.00 ,$0.00 ,$0.00 ,$185.09 ,$0.00 ,$0.00 ,$0.00 ,$185.09 ,"$1,007.22 ","$44,735.85 "
"3535 West Loop 820 South  Fort Worth, TX 76116",GMC Truck,Auto - GMC Truck Plant (Floorplan-New) - East,11/24/2025,160527,11/24/2025,6/24/2027,2026 GMC Truck GMC CNYN 2WD,Automobile,GMC CNYN 2WD,1GTP1BEK4T1160527,,"$44,735.85 ","$44,735.85 ",$0.00 ,,$0.00 ,$0.00 ,$0.00 ,"$44,735.85 ",$0.00 ,$0.00 ,$0.00 ,$0.00 ,$0.00 ,$185.09 ,$0.00 ,$0.00 ,$0.00 ,$185.09 ,$987.52 ,"$44,735.85 "
"3535 West Loop 820 South  Fort Worth, TX 76116",GMC Truck,Auto - GMC Truck Plant (Floorplan-New) - East,11/24/2025,160661,11/24/2025,6/24/2027,2026 GMC Truck GMC CNYN 2WD,Automobile,GMC CNYN 2WD,1GTP1BEK8T1160661,,"$45,193.73 ","$45,193.73 ",$0.00 ,,$0.00 ,$0.00 ,$0.00 ,"$45,193.73 ",$0.00 ,$0.00 ,$0.00 ,$0.00 ,$0.00 ,$186.98 ,$0.00 ,$0.00 ,$0.00 ,$186.98 ,$997.61 ,"$45,193.73 "
"3535 West Loop 820 South  Fort Worth, TX 76116",GMC Truck,Auto - GMC Truck Plant (Floorplan-New) - East,11/28/2025,160680,11/28/2025,6/28/2027,2026 GMC Truck GMC CNYN 2WD,Automobile,GMC CNYN 2WD,1GTP1BEK1T1160680,,"$45,193.73 ","$45,193.73 ",$0.00 ,,$0.00 ,$0.00 ,$0.00 ,"$45,193.73 ",$0.00 ,$0.00 ,$0.00 ,$0.00 ,$0.00 ,$186.98 ,$0.00 ,$0.00 ,$0.00 ,$186.98 ,$971.08 ,"$45,193.73 "
"3535 West Loop 820 South  Fort Worth, TX 76116",GMC Truck,Auto - GMC Truck Plant (Floorplan-New) - East,11/24/2025,161446,11/24/2025,6/24/2027,2026 GMC Truck GMC CNYN 2WD,Automobile,GMC CNYN 2WD,1GTP1BEK9T1161446,,"$45,193.73 ","$45,193.73 ",$0.00 ,,$0.00 ,$0.00 ,$0.00 ,"$45,193.73 ",$0.00 ,$0.00 ,$0.00 ,$0.00 ,$0.00 ,$186.98 ,$0.00 ,$0.00 ,$0.00 ,$186.98 ,$997.61 ,"$45,193.73 "
"3535 West Loop 820 South  Fort Worth, TX 76116",GMC Truck,Auto - GMC Truck Plant (Floorplan-New) - East,11/24/2025,161459,11/24/2025,6/24/2027,2026 GMC Truck GMC CNYN 2WD,Automobile,GMC CNYN 2WD,1GTP1BEK7T1161459,,"$45,193.73 ","$45,193.73 ",$0.00 ,,$0.00 ,$0.00 ,$0.00 ,"$45,193.73 ",$0.00 ,$0.00 ,$0.00 ,$0.00 ,$0.00 ,$186.98 ,$0.00 ,$0.00 ,$0.00 ,$186.98 ,$997.61 ,"$45,193.73 "
"3535 West Loop 820 South  Fort Worth, TX 76116",GMC Truck,Auto - GMC Truck Plant (Floorplan-New) - East,9/16/2025,162127,9/16/2025,4/16/2027,2026 GMC Truck GMC SIER 15E,Automobile,GMC SIER 15E,1GTPHCED3TZ162127,G35357,"$60,113.40 ","$60,113.40 ",$0.00 ,,$0.00 ,$0.00 ,$0.00 ,"$60,113.40 ",$0.00 ,$0.00 ,$0.00 ,$0.00 ,$0.00 ,$248.71 ,$0.00 ,$0.00 ,$0.00 ,$248.71 ,"$1,951.46 ","$60,113.40 "
"3535 West Loop 820 South  Fort Worth, TX 76116",GMC Truck,Auto - GMC Truck Plant (Floorplan-New) - East,9/17/2025,162190,9/17/2025,4/17/2027,2026 GMC Truck GMC SIER 15E,Automobile,GMC SIER 15E,1GTPHCEDXTZ162190,,"$60,113.40 ","$60,113.40 ",$0.00 ,,$0.00 ,$0.00 ,$0.00 ,"$60,113.40 ",$0.00 ,$0.00 ,$0.00 ,$0.00 ,$0.00 ,$248.71 ,$0.00 ,$0.00 ,$0.00 ,$248.71 ,"$1,942.14 ","$60,113.40 "
"3535 West Loop 820 South  Fort Worth, TX 76116",GMC Truck,Auto - GMC Truck Plant (Floorplan-New) - East,9/17/2025,162242,9/17/2025,4/17/2027,2026 GMC Truck GMC SIER 15E,Automobile,GMC SIER 15E,1GTUUCED5TZ162242,,"$63,889.20 ","$63,889.20 ",$0.00 ,,"($63,889.20)",$0.00 ,"($63,889.20)",$0.00 ,$0.00 ,$0.00 ,$0.00 ,$0.00 ,$0.00 ,$140.98 ,$0.00 ,$0.00 ,$0.00 ,$140.98 ,"$1,940.78 ","$34,074.24 "
"3535 West Loop 820 South  Fort Worth, TX 76116",GMC Truck,Auto - GMC Truck Plant (Floorplan-New) - East,9/17/2025,162347,9/17/2025,4/17/2027,2026 GMC Truck GMC SIER 15E,Automobile,GMC SIER 15E,1GTUUCED8TZ162347,,"$63,889.20 ","$63,889.20 ",$0.00 ,,$0.00 ,$0.00 ,$0.00 ,"$63,889.20 ",$0.00 ,$0.00 ,$0.00 ,$0.00 ,$0.00 ,$264.33 ,$0.00 ,$0.00 ,$0.00 ,$264.33 ,"$2,064.13 ","$63,889.20 "
"3535 West Loop 820 South  Fort Worth, TX 76116",GMC Truck,Auto - GMC Truck Plant (Floorplan-New) - East,11/25/2025,162506,11/25/2025,6/25/2027,2026 GMC Truck GMC CNYN 2WD,Automobile,GMC CNYN 2WD,1GTP1BEK6T1162506,,"$45,193.73 ","$45,193.73 ",$0.00 ,,$0.00 ,$0.00 ,$0.00 ,"$45,193.73 ",$0.00 ,$0.00 ,$0.00 ,$0.00 ,$0.00 ,$186.98 ,$0.00 ,$0.00 ,$0.00 ,$186.98 ,$990.98 ,"$45,193.73 "
"3535 West Loop 820 South  Fort Worth, TX 76116",GMC Truck,Auto - GMC Truck Plant (Floorplan-New) - East,11/25/2025,162526,11/25/2025,6/25/2027,2026 GMC Truck GMC CNYN 2WD,Automobile,GMC CNYN 2WD,1GTP1BEK1T1162526,,"$45,193.73 ","$45,193.73 ",$0.00 ,,$0.00 ,$0.00 ,$0.00 ,"$45,193.73 ",$0.00 ,$0.00 ,$0.00 ,$0.00 ,$0.00 ,$186.98 ,$0.00 ,$0.00 ,$0.00 ,$186.98 ,$990.98 ,"$45,193.73 "
"3535 West Loop 820 South  Fort Worth, TX 76116",GMC Truck,Auto - GMC Truck Plant (Floorplan-New) - East,9/17/2025,162535,9/17/2025,4/17/2027,2026 GMC Truck GMC SIER 15E,Automobile,GMC SIER 15E,1GTUUCED9TZ162535,,"$63,889.20 ","$63,889.20 ",$0.00 ,,$0.00 ,$0.00 ,$0.00 ,"$63,889.20 ",$0.00 ,$0.00 ,$0.00 ,$0.00 ,$0.00 ,$264.33 ,$0.00 ,$0.00 ,$0.00 ,$264.33 ,"$2,064.13 ","$63,889.20 "
"3535 West Loop 820 South  Fort Worth, TX 76116",GMC Truck,Auto - GMC Truck Plant (Floorplan-New) - East,9/18/2025,164306,9/18/2025,4/18/2027,2026 GMC Truck GMC SIER 15E,Automobile,GMC SIER 15E,1GTPHCED2TZ164306,G35428,"$61,071.30 ","$61,071.30 ",$0.00 ,,$0.00 ,$0.00 ,$0.00 ,"$61,071.30 ",$0.00 ,$0.00 ,$0.00 ,$0.00 ,$0.00 ,$252.67 ,$0.00 ,$0.00 ,$0.00 ,$252.67 ,"$1,963.63 ","$61,071.30 "
"3535 West Loop 820 South  Fort Worth, TX 76116",GMC Truck,Auto - GMC Truck Plant (Floorplan-New) - East,9/18/2025,164545,9/18/2025,4/18/2027,2026 GMC Truck GMC SIER 15E,Automobile,GMC SIER 15E,1GTPHCED9TZ164545,G35442,"$61,071.30 ","$61,071.30 ",$0.00 ,,$0.00 ,$0.00 ,$0.00 ,"$61,071.30 ",$0.00 ,$0.00 ,$0.00 ,$0.00 ,$0.00 ,$252.67 ,$0.00 ,$0.00 ,$0.00 ,$252.67 ,"$1,963.63 ","$61,071.30 "
"3535 West Loop 820 South  Fort Worth, TX 76116",GMC Truck,Auto - GMC Truck Plant (Floorplan-New) - East,10/27/2025,164624,10/27/2025,5/27/2027,2026 GMC Truck GMC YUK 4XDE,Automobile,GMC YUK 4XDE,1GKS2JKL5TR164624,G35782,"$96,889.35 ","$96,889.35 ",$0.00 ,,"($96,889.35)",$0.00 ,"($96,889.35)",$0.00 ,$0.00 ,$0.00 ,$0.00 ,$0.00 ,$0.00 ,$307.33 ,$0.00 ,$0.00 ,$0.00 ,$307.33 ,"$2,446.25 ","$74,281.84 "
"3535 West Loop 820 South  Fort Worth, TX 76116",GMC Truck,Auto - GMC Truck Plant (Floorplan-New) - East,9/19/2025,164900,9/19/2025,4/19/2027,2026 GMC Truck GMC SIER 15E,Automobile,GMC SIER 15E,1GTUUCED5TZ164900,G35409,"$64,847.10 ","$64,847.10 ",$0.00 ,,"($64,847.10)",$0.00 ,"($64,847.10)",$0.00 ,$0.00 ,$0.00 ,$0.00 ,$0.00 ,$0.00 ,$134.15 ,$0.00 ,$0.00 ,$0.00 ,$134.15 ,"$1,940.84 ","$32,423.55 "
"3535 West Loop 820 South  Fort Worth, TX 76116",GMC Truck,Auto - GMC Truck Plant (Floorplan-New) - East,9/19/2025,165450,9/19/2025,4/19/2027,2026 GMC Truck GMC SIER 15E,Automobile,GMC SIER 15E,1GTPHCED3TZ165450,G35396,"$61,071.30 ","$61,071.30 ",$0.00 ,,$0.00 ,$0.00 ,$0.00 ,"$61,071.30 ",$0.00 ,$0.00 ,$0.00 ,$0.00 ,$0.00 ,$252.67 ,$0.00 ,$0.00 ,$0.00 ,$252.67 ,"$1,954.17 ","$61,071.30 "
"3535 West Loop 820 South  Fort Worth, TX 76116",GMC Truck,Auto - GMC Truck Plant (Floorplan-New) - East,9/22/2025,166212,9/22/2025,4/22/2027,2026 GMC Truck GMC SIER 15E,Automobile,GMC SIER 15E,1GTPHCED3TZ166212,G35476,"$61,071.30 ","$61,071.30 ",$0.00 ,,"($61,071.30)",$0.00 ,"($61,071.30)",$0.00 ,$0.00 ,$0.00 ,$0.00 ,$0.00 ,$0.00 ,$244.25 ,$0.00 ,$0.00 ,$0.00 ,$244.25 ,"$1,917.35 ","$59,035.59 "
"3535 West Loop 820 South  Fort Worth, TX 76116",GMC Truck,Auto - GMC Truck Plant (Floorplan-New) - East,9/22/2025,166845,9/22/2025,4/22/2027,2026 GMC Truck GMC SIER 15D,Automobile,GMC SIER 15D,1GTUUGEL2TZ166845,G35408,"$78,682.40 ","$78,682.40 ",$0.00 ,,"($78,682.40)",$0.00 ,"($78,682.40)",$0.00 ,$0.00 ,$0.00 ,$0.00 ,$0.00 ,$0.00 ,$227.87 ,$0.00 ,$0.00 ,$0.00 ,$227.87 ,"$2,383.45 ","$55,077.68 "
"3535 West Loop 820 South  Fort Worth, TX 76116",GMC Truck,Auto - GMC Truck Plant (Floorplan-New) - East,9/22/2025,166892,9/22/2025,4/22/2027,2026 GMC Truck GMC SIER 15E,Automobile,GMC SIER 15E,1GTUUCED9TZ166892,G35410,"$64,386.75 ","$64,386.75 ",$0.00 ,,"($64,386.75)",$0.00 ,"($64,386.75)",$0.00 ,$0.00 ,$0.00 ,$0.00 ,$0.00 ,$0.00 ,$8.88 ,$0.00 ,$0.00 ,$0.00 ,$8.88 ,"$1,772.80 ","$2,146.23 "
"3535 West Loop 820 South  Fort Worth, TX 76116",GMC Truck,Auto - GMC Truck Plant (Floorplan-New) - East,12/15/2025,167123,12/15/2025,7/15/2027,2026 GMC Truck GMC CNYN 2WD,Automobile,GMC CNYN 2WD,1GTP1BEK4T1167123,,"$44,735.85 ","$44,735.85 ",$0.00 ,,$0.00 ,$0.00 ,$0.00 ,"$44,735.85 ",$0.00 ,$0.00 ,$0.00 ,$0.00 ,$0.00 ,$185.09 ,$0.00 ,$0.00 ,$0.00 ,$185.09 ,$851.56 ,"$44,735.85 "
"3535 West Loop 820 South  Fort Worth, TX 76116",GMC Truck,Auto - GMC Truck Plant (Floorplan-New) - East,12/11/2025,167738,12/11/2025,7/11/2027,2026 GMC Truck GMC CNYN 2WD,Automobile,GMC CNYN 2WD,1GTP1BEK8T1167738,,"$45,193.73 ","$45,193.73 ",$0.00 ,,$0.00 ,$0.00 ,$0.00 ,"$45,193.73 ",$0.00 ,$0.00 ,$0.00 ,$0.00 ,$0.00 ,$186.98 ,$0.00 ,$0.00 ,$0.00 ,$186.98 ,$886.24 ,"$45,193.73 "
"3535 West Loop 820 South  Fort Worth, TX 76116",GMC Truck,Auto - GMC Truck Plant (Floorplan-New) - East,12/12/2025,168387,12/12/2025,7/12/2027,2026 GMC Truck GMC CNYN 2WD,Automobile,GMC CNYN 2WD,1GTP1BEKXT1168387,,"$45,193.73 ","$45,193.73 ",$0.00 ,,$0.00 ,$0.00 ,$0.00 ,"$45,193.73 ",$0.00 ,$0.00 ,$0.00 ,$0.00 ,$0.00 ,$186.98 ,$0.00 ,$0.00 ,$0.00 ,$186.98 ,$879.74 ,"$45,193.73 "
"3535 West Loop 820 South  Fort Worth, TX 76116",GMC Truck,Auto - GMC Truck Plant (Floorplan-New) - East,12/12/2025,168532,12/12/2025,7/12/2027,2026 GMC Truck GMC CNYN 2WD,Automobile,GMC CNYN 2WD,1GTP1BEK4T1168532,,"$45,193.73 ","$45,193.73 ",$0.00 ,,$0.00 ,$0.00 ,$0.00 ,"$45,193.73 ",$0.00 ,$0.00 ,$0.00 ,$0.00 ,$0.00 ,$186.98 ,$0.00 ,$0.00 ,$0.00 ,$186.98 ,$879.74 ,"$45,193.73 "
"3535 West Loop 820 South  Fort Worth, TX 76116",GMC Truck,Auto - GMC Truck Plant (Floorplan-New) - East,9/24/2025,168947,9/24/2025,4/24/2027,2026 GMC Truck GMC SIER 15E,Automobile,GMC SIER 15E,1GTPHCED5TZ168947,G35430,"$61,071.30 ","$61,071.30 ",$0.00 ,,$0.00 ,$0.00 ,$0.00 ,"$61,071.30 ",$0.00 ,$0.00 ,$0.00 ,$0.00 ,$0.00 ,$252.67 ,$0.00 ,$0.00 ,$0.00 ,$252.67 ,"$1,906.83 ","$61,071.30 "
"3535 West Loop 820 South  Fort Worth, TX 76116",GMC Truck,Auto - GMC Truck Plant (Floorplan-New) - East,9/24/2025,169038,9/24/2025,4/24/2027,2026 GMC Truck GMC SIER 15E,Automobile,GMC SIER 15E,1GTPHCED6TZ169038,G35431,"$61,071.30 ","$61,071.30 ",$0.00 ,,$0.00 ,$0.00 ,$0.00 ,"$61,071.30 ",$0.00 ,$0.00 ,$0.00 ,$0.00 ,$0.00 ,$252.67 ,$0.00 ,$0.00 ,$0.00 ,$252.67 ,"$1,906.83 ","$61,071.30 "
"3535 West Loop 820 South  Fort Worth, TX 76116",GMC Truck,Auto - GMC Truck Plant (Floorplan-New) - East,9/24/2025,169060,9/24/2025,4/24/2027,2026 GMC Truck GMC SIER 15E,Automobile,GMC SIER 15E,1GTPHCEDXTZ169060,G35434,"$60,610.95 ","$60,610.95 ",$0.00 ,,$0.00 ,$0.00 ,$0.00 ,"$60,610.95 ",$0.00 ,$0.00 ,$0.00 ,$0.00 ,$0.00 ,$250.77 ,$0.00 ,$0.00 ,$0.00 ,$250.77 ,"$1,892.47 ","$60,610.95 "
"3535 West Loop 820 South  Fort Worth, TX 76116",GMC Truck,Auto - GMC Truck Plant (Floorplan-New) - East,9/23/2025,169230,9/23/2025,4/23/2027,2026 GMC Truck GMC SIER 15E,Automobile,GMC SIER 15E,1GTPHCED9TZ169230,,"$60,610.95 ","$60,610.95 ",$0.00 ,,$0.00 ,$0.00 ,$0.00 ,"$60,610.95 ",$0.00 ,$0.00 ,$0.00 ,$0.00 ,$0.00 ,$250.77 ,$0.00 ,$0.00 ,$0.00 ,$250.77 ,"$1,901.86 ","$60,610.95 "
"3535 West Loop 820 South  Fort Worth, TX 76116",GMC Truck,Auto - GMC Truck Plant (Floorplan-New) - East,9/24/2025,170751,9/24/2025,4/24/2027,2026 GMC Truck GMC SIER 15E,Automobile,GMC SIER 15E,1GTPHCED9TZ170751,,"$60,610.95 ","$60,610.95 ",$0.00 ,,$0.00 ,$0.00 ,$0.00 ,"$60,610.95 ",$0.00 ,$0.00 ,$0.00 ,$0.00 ,$0.00 ,$250.77 ,$0.00 ,$0.00 ,$0.00 ,$250.77 ,"$1,892.47 ","$60,610.95 "
"3535 West Loop 820 South  Fort Worth, TX 76116",GMC Truck,Auto - GMC Truck Plant (Floorplan-New) - East,10/21/2025,170758,10/21/2025,5/21/2027,2026 GMC Truck GMC SIER 15D,Automobile,GMC SIER 15D,3GTUUGEL5TG170758,,"$77,710.55 ","$77,710.55 ",$0.00 ,,$0.00 ,$0.00 ,$0.00 ,"$77,710.55 ",$0.00 ,$0.00 ,$0.00 ,$0.00 ,$0.00 ,$321.51 ,$0.00 ,$0.00 ,$0.00 ,$321.51 ,"$2,107.41 ","$77,710.55 "
"3535 West Loop 820 South  Fort Worth, TX 76116",GMC Truck,Auto - GMC Truck Plant (Floorplan-New) - East,9/26/2025,170837,9/26/2025,4/26/2027,2026 GMC Truck GMC SIER 15E,Automobile,GMC SIER 15E,1GTPHCED8TZ170837,G35436,"$60,610.95 ","$60,610.95 ",$0.00 ,,$0.00 ,$0.00 ,$0.00 ,"$60,610.95 ",$0.00 ,$0.00 ,$0.00 ,$0.00 ,$0.00 ,$250.77 ,$0.00 ,$0.00 ,$0.00 ,$250.77 ,"$1,873.68 ","$60,610.95 "
"3535 West Loop 820 South  Fort Worth, TX 76116",GMC Truck,Auto - GMC Truck Plant (Floorplan-New) - East,9/26/2025,172872,9/26/2025,4/26/2027,2026 GMC Truck GMC SIER 15E,Automobile,GMC SIER 15E,1GTPHCED9TZ172872,G35480,"$61,071.30 ","$61,071.30 ",$0.00 ,,$0.00 ,$0.00 ,$0.00 ,"$61,071.30 ",$0.00 ,$0.00 ,$0.00 ,$0.00 ,$0.00 ,$252.67 ,$0.00 ,$0.00 ,$0.00 ,$252.67 ,"$1,887.90 ","$61,071.30 "
"3535 West Loop 820 South  Fort Worth, TX 76116",GMC Truck,Auto - GMC Truck Plant (Floorplan-New) - East,9/29/2025,173135,9/29/2025,4/29/2027,2026 GMC Truck GMC SIER 15E,Automobile,GMC SIER 15E,1GTPHCED2TZ173135,,"$61,071.30 ","$61,071.30 ",$0.00 ,,$0.00 ,$0.00 ,$0.00 ,"$61,071.30 ",$0.00 ,$0.00 ,$0.00 ,$0.00 ,$0.00 ,$252.67 ,$0.00 ,$0.00 ,$0.00 ,$252.67 ,"$1,859.50 ","$61,071.30 "
"3535 West Loop 820 South  Fort Worth, TX 76116",GMC Truck,Auto - GMC Truck Plant (Floorplan-New) - East,9/29/2025,173585,9/29/2025,4/29/2027,2026 GMC Truck GMC SIER 15E,Automobile,GMC SIER 15E,1GTPHCED0TZ173585,,"$61,071.30 ","$61,071.30 ",$0.00 ,,$0.00 ,$0.00 ,$0.00 ,"$61,071.30 ",$0.00 ,$0.00 ,$0.00 ,$0.00 ,$0.00 ,$252.67 ,$0.00 ,$0.00 ,$0.00 ,$252.67 ,"$1,859.50 ","$61,071.30 "
"3535 West Loop 820 South  Fort Worth, TX 76116",GMC Truck,Auto - GMC Truck Plant (Floorplan-New) - East,10/1/2025,173941,10/1/2025,5/1/2027,2026 GMC Truck GMC SIER 15E,Automobile,GMC SIER 15E,1GTPHCED7TZ173941,,"$61,071.30 ","$61,071.30 ",$0.00 ,,$0.00 ,$0.00 ,$0.00 ,"$61,071.30 ",$0.00 ,$0.00 ,$0.00 ,$0.00 ,$0.00 ,$252.67 ,$0.00 ,$0.00 ,$0.00 ,$252.67 ,"$1,840.57 ","$61,071.30 "
"3535 West Loop 820 South  Fort Worth, TX 76116",GMC Truck,Auto - GMC Truck Plant (Floorplan-New) - East,9/29/2025,173969,9/29/2025,4/29/2027,2026 GMC Truck GMC SIER 15E,Automobile,GMC SIER 15E,1GTPHCED7TZ173969,G35478,"$61,071.30 ","$61,071.30 ",$0.00 ,,"($61,071.30)",$0.00 ,"($61,071.30)",$0.00 ,$0.00 ,$0.00 ,$0.00 ,$0.00 ,$0.00 ,$235.83 ,$0.00 ,$0.00 ,$0.00 ,$235.83 ,"$1,842.66 ","$56,999.88 "
"3535 West Loop 820 South  Fort Worth, TX 76116",GMC Truck,Auto - GMC Truck Plant (Floorplan-New) - East,9/29/2025,176096,9/29/2025,4/29/2027,2026 GMC Truck GMC SIER 15E,Automobile,GMC SIER 15E,1GTPHCED0TZ176096,G35567,"$61,071.30 ","$61,071.30 ",$0.00 ,,"($61,071.30)",$0.00 ,"($61,071.30)",$0.00 ,$0.00 ,$0.00 ,$0.00 ,$0.00 ,$0.00 ,$126.34 ,$0.00 ,$0.00 ,$0.00 ,$126.34 ,"$1,733.17 ","$30,535.65 "
"3535 West Loop 820 South  Fort Worth, TX 76116",GMC Truck,Auto - GMC Truck Plant (Floorplan-New) - East,9/29/2025,176280,9/29/2025,4/29/2027,2026 GMC Truck GMC SIER 15E,Automobile,GMC SIER 15E,1GTPHCED4TZ176280,,"$60,610.95 ","$60,610.95 ",$0.00 ,,$0.00 ,$0.00 ,$0.00 ,"$60,610.95 ",$0.00 ,$0.00 ,$0.00 ,$0.00 ,$0.00 ,$250.77 ,$0.00 ,$0.00 ,$0.00 ,$250.77 ,"$1,845.49 ","$60,610.95 "
"3535 West Loop 820 South  Fort Worth, TX 76116",GMC Truck,Auto - GMC Truck Plant (Floorplan-New) - East,9/29/2025,176318,9/29/2025,4/29/2027,2026 GMC Truck GMC SIER 15E,Automobile,GMC SIER 15E,1GTPHCED3TZ176318,,"$60,610.95 ","$60,610.95 ",$0.00 ,,$0.00 ,$0.00 ,$0.00 ,"$60,610.95 ",$0.00 ,$0.00 ,$0.00 ,$0.00 ,$0.00 ,$250.77 ,$0.00 ,$0.00 ,$0.00 ,$250.77 ,"$1,845.49 ","$60,610.95 "
"3535 West Loop 820 South  Fort Worth, TX 76116",GMC Truck,Auto - GMC Truck Plant (Floorplan-New) - East,9/29/2025,176344,9/29/2025,4/29/2027,2026 GMC Truck GMC SIER 15E,Automobile,GMC SIER 15E,1GTPHCED4TZ176344,,"$60,610.95 ","$60,610.95 ",$0.00 ,,$0.00 ,$0.00 ,$0.00 ,"$60,610.95 ",$0.00 ,$0.00 ,$0.00 ,$0.00 ,$0.00 ,$250.77 ,$0.00 ,$0.00 ,$0.00 ,$250.77 ,"$1,845.49 ","$60,610.95 "
"3535 West Loop 820 South  Fort Worth, TX 76116",GMC Truck,Auto - GMC Truck Plant (Floorplan-New) - East,9/30/2025,176405,9/30/2025,4/30/2027,2026 GMC Truck GMC SIER 15E,Automobile,GMC SIER 15E,1GTPHCED9TZ176405,,"$60,610.95 ","$60,610.95 ",$0.00 ,,$0.00 ,$0.00 ,$0.00 ,"$60,610.95 ",$0.00 ,$0.00 ,$0.00 ,$0.00 ,$0.00 ,$250.77 ,$0.00 ,$0.00 ,$0.00 ,$250.77 ,"$1,836.10 ","$60,610.95 "
"3535 West Loop 820 South  Fort Worth, TX 76116",GMC Truck,Auto - GMC Truck Plant (Floorplan-New) - East,9/29/2025,176409,9/29/2025,4/29/2027,2026 GMC Truck GMC SIER 15E,Automobile,GMC SIER 15E,1GTPHCED6TZ176409,,"$60,610.95 ","$60,610.95 ",$0.00 ,,$0.00 ,$0.00 ,$0.00 ,"$60,610.95 ",$0.00 ,$0.00 ,$0.00 ,$0.00 ,$0.00 ,$250.77 ,$0.00 ,$0.00 ,$0.00 ,$250.77 ,"$1,845.49 ","$60,610.95 "
"3535 West Loop 820 South  Fort Worth, TX 76116",GMC Truck,Auto - GMC Truck Plant (Floorplan-New) - East,9/29/2025,176425,9/29/2025,4/29/2027,2026 GMC Truck GMC SIER 15E,Automobile,GMC SIER 15E,1GTPHCED4TZ176425,,"$61,071.30 ","$61,071.30 ",$0.00 ,,$0.00 ,$0.00 ,$0.00 ,"$61,071.30 ",$0.00 ,$0.00 ,$0.00 ,$0.00 ,$0.00 ,$252.67 ,$0.00 ,$0.00 ,$0.00 ,$252.67 ,"$1,859.50 ","$61,071.30 "
"3535 West Loop 820 South  Fort Worth, TX 76116",GMC Truck,Auto - GMC Truck Plant (Floorplan-New) - East,9/29/2025,176494,9/29/2025,4/29/2027,2026 GMC Truck GMC SIER 15E,Automobile,GMC SIER 15E,1GTPHCED1TZ176494,G35488,"$60,610.95 ","$60,610.95 ",$0.00 ,,$0.00 ,$0.00 ,$0.00 ,"$60,610.95 ",$0.00 ,$0.00 ,$0.00 ,$0.00 ,$0.00 ,$250.77 ,$0.00 ,$0.00 ,$0.00 ,$250.77 ,"$1,845.49 ","$60,610.95 "
"3535 West Loop 820 South  Fort Worth, TX 76116",GMC Truck,Auto - GMC Truck Plant (Floorplan-New) - East,9/29/2025,176653,9/29/2025,4/29/2027,2026 GMC Truck GMC SIER 15E,Automobile,GMC SIER 15E,1GTUUCED8TZ176653,,"$64,386.75 ","$64,386.75 ",$0.00 ,,$0.00 ,$0.00 ,$0.00 ,"$64,386.75 ",$0.00 ,$0.00 ,$0.00 ,$0.00 ,$0.00 ,$266.39 ,$0.00 ,$0.00 ,$0.00 ,$266.39 ,"$1,960.45 ","$64,386.75 "
"3535 West Loop 820 South  Fort Worth, TX 76116",GMC Truck,Auto - GMC Truck Plant (Floorplan-New) - East,9/29/2025,176708,9/29/2025,4/29/2027,2026 GMC Truck GMC SIER 15E,Automobile,GMC SIER 15E,1GTUUCED7TZ176708,,"$64,386.75 ","$64,386.75 ",$0.00 ,,$0.00 ,$0.00 ,$0.00 ,"$64,386.75 ",$0.00 ,$0.00 ,$0.00 ,$0.00 ,$0.00 ,$266.39 ,$0.00 ,$0.00 ,$0.00 ,$266.39 ,"$1,960.45 ","$64,386.75 "
"3535 West Loop 820 South  Fort Worth, TX 76116",GMC Truck,Auto - GMC Truck Plant (Floorplan-New) - East,9/29/2025,176748,9/29/2025,4/29/2027,2026 GMC Truck GMC SIER 15E,Automobile,GMC SIER 15E,1GTUUCED8TZ176748,,"$64,386.75 ","$64,386.75 ",$0.00 ,,$0.00 ,$0.00 ,$0.00 ,"$64,386.75 ",$0.00 ,$0.00 ,$0.00 ,$0.00 ,$0.00 ,$266.39 ,$0.00 ,$0.00 ,$0.00 ,$266.39 ,"$1,960.45 ","$64,386.75 "
"3535 West Loop 820 South  Fort Worth, TX 76116",GMC Truck,Auto - GMC Truck Plant (Floorplan-New) - East,9/30/2025,176835,9/30/2025,4/30/2027,2026 GMC Truck GMC SIER 15E,Automobile,GMC SIER 15E,1GTPHCED1TZ176835,G35601,"$60,610.95 ","$60,610.95 ",$0.00 ,,$0.00 ,$0.00 ,$0.00 ,"$60,610.95 ",$0.00 ,$0.00 ,$0.00 ,$0.00 ,$0.00 ,$250.77 ,$0.00 ,$0.00 ,$0.00 ,$250.77 ,"$1,836.10 ","$60,610.95 "
"3535 West Loop 820 South  Fort Worth, TX 76116",GMC Truck,Auto - GMC Truck Plant (Floorplan-New) - East,6/30/2025,179430,6/30/2025,1/30/2027,2025 GMC Truck GMC TERRN AT,Automobile,GMC TERRN AT,3GKALYEG2TL179430,,"$39,777.25 ","$39,777.25 ",$0.00 ,,$0.00 ,$0.00 ,$0.00 ,"$39,777.25 ",$0.00 ,$0.00 ,$0.00 ,$0.00 ,$0.00 ,$164.57 ,$0.00 ,$0.00 ,$0.00 ,$164.57 ,"$1,776.53 ","$39,777.25 "
"3535 West Loop 820 South  Fort Worth, TX 76116",GMC Truck,Auto - GMC Truck Plant (Floorplan-New) - East,10/6/2025,180386,10/6/2025,5/6/2027,2026 GMC Truck GMC SIER 15E,Automobile,GMC SIER 15E,1GTRHCED6TZ180386,,"$57,317.20 ","$57,317.20 ",$0.00 ,,$0.00 ,$0.00 ,$0.00 ,"$57,317.20 ",$0.00 ,$0.00 ,$0.00 ,$0.00 ,$0.00 ,$237.14 ,$0.00 ,$0.00 ,$0.00 ,$237.14 ,"$1,684.18 ","$57,317.20 "
"3535 West Loop 820 South  Fort Worth, TX 76116",GMC Truck,Auto - GMC Truck Plant (Floorplan-New) - East,10/16/2025,180449,10/16/2025,5/16/2027,2026 GMC Truck GMC ACAD AT4,Automobile,GMC ACAD AT4,1GKENPKS9TJ180449,G35627,"$54,707.05 ","$54,707.05 ",$0.00 ,,$0.00 ,$0.00 ,$0.00 ,"$54,707.05 ",$0.00 ,$0.00 ,$0.00 ,$0.00 ,$0.00 ,$226.34 ,$0.00 ,$0.00 ,$0.00 ,$226.34 ,"$1,524.87 ","$54,707.05 "
"3535 West Loop 820 South  Fort Worth, TX 76116",GMC Truck,Auto - GMC Truck Plant (Floorplan-New) - East,10/16/2025,181203,10/16/2025,5/16/2027,2026 GMC Truck GMC ACAD ELV,Automobile,GMC ACAD ELV,1GKENKKS0TJ181203,,"$46,832.85 ","$46,832.85 ",$0.00 ,,$0.00 ,$0.00 ,$0.00 ,"$46,832.85 ",$0.00 ,$0.00 ,$0.00 ,$0.00 ,$0.00 ,$193.76 ,$0.00 ,$0.00 ,$0.00 ,$193.76 ,"$1,305.41 ","$46,832.85 "
"3535 West Loop 820 South  Fort Worth, TX 76116",GMC Truck,Auto - GMC Truck Plant (Floorplan-New) - East,10/16/2025,181507,10/16/2025,5/16/2027,2026 GMC Truck GMC ACAD ELV,Automobile,GMC ACAD ELV,1GKENKKS9TJ181507,,"$47,293.20 ","$47,293.20 ",$0.00 ,,$0.00 ,$0.00 ,$0.00 ,"$47,293.20 ",$0.00 ,$0.00 ,$0.00 ,$0.00 ,$0.00 ,$195.67 ,$0.00 ,$0.00 ,$0.00 ,$195.67 ,"$1,318.24 ","$47,293.20 "
"3535 West Loop 820 South  Fort Worth, TX 76116",GMC Truck,Auto - GMC Truck Plant (Floorplan-New) - East,10/6/2025,182778,10/6/2025,5/6/2027,2026 GMC Truck GMC SIER 15E,Automobile,GMC SIER 15E,1GTRHCED0TZ182778,G35578,"$57,317.20 ","$57,317.20 ",$0.00 ,,$0.00 ,$0.00 ,$0.00 ,"$57,317.20 ",$0.00 ,$0.00 ,$0.00 ,$0.00 ,$0.00 ,$237.14 ,$0.00 ,$0.00 ,$0.00 ,$237.14 ,"$1,684.18 ","$57,317.20 "
"3535 West Loop 820 South  Fort Worth, TX 76116",GMC Truck,Auto - GMC Truck Plant (Floorplan-New) - East,10/7/2025,182915,10/7/2025,5/7/2027,2026 GMC Truck GMC SIER 15E,Automobile,GMC SIER 15E,1GTRHCED6TZ182915,,"$56,856.85 ","$56,856.85 ",$0.00 ,,$0.00 ,$0.00 ,$0.00 ,"$56,856.85 ",$0.00 ,$0.00 ,$0.00 ,$0.00 ,$0.00 ,$235.24 ,$0.00 ,$0.00 ,$0.00 ,$235.24 ,"$1,662.07 ","$56,856.85 "
"3535 West Loop 820 South  Fort Worth, TX 76116",GMC Truck,Auto - GMC Truck Plant (Floorplan-New) - East,12/8/2025,183414,12/8/2025,7/8/2027,2026 GMC Truck GMC SIER 25D,Automobile,GMC SIER 25D,1GT4UREY4TF183414,,"$87,224.13 ","$87,224.13 ",$0.00 ,,$0.00 ,$0.00 ,$0.00 ,"$87,224.13 ",$0.00 ,$0.00 ,$0.00 ,$0.00 ,$0.00 ,$360.88 ,$0.00 ,$0.00 ,$0.00 ,$360.88 ,"$1,748.05 ","$87,224.13 "
"3535 West Loop 820 South  Fort Worth, TX 76116",GMC Truck,Auto - GMC Truck Plant (Floorplan-New) - East,12/5/2025,183496,12/5/2025,7/5/2027,2026 GMC Truck GMC SIER 25D,Automobile,GMC SIER 25D,1GT4UREYXTF183496,G35968,"$87,779.13 ","$87,779.13 ",$0.00 ,,"($87,779.13)",$0.00 ,"($87,779.13)",$0.00 ,$0.00 ,$0.00 ,$0.00 ,$0.00 ,$0.00 ,$266.33 ,$0.00 ,$0.00 ,$0.00 ,$266.33 ,"$1,700.16 ","$64,371.36 "
"3535 West Loop 820 South  Fort Worth, TX 76116",GMC Truck,Auto - GMC Truck Plant (Floorplan-New) - East,12/16/2025,183504,12/16/2025,7/16/2027,2026 GMC Truck GMC SIER 25D,Automobile,GMC SIER 25D,1GT4UREY5TF183504,,"$87,779.13 ","$87,779.13 ",$0.00 ,,$0.00 ,$0.00 ,$0.00 ,"$87,779.13 ",$0.00 ,$0.00 ,$0.00 ,$0.00 ,$0.00 ,$363.17 ,$0.00 ,$0.00 ,$0.00 ,$363.17 ,"$1,658.26 ","$87,779.13 "
"3535 West Loop 820 South  Fort Worth, TX 76116",GMC Truck,Auto - GMC Truck Plant (Floorplan-New) - East,12/8/2025,183578,12/8/2025,7/8/2027,2026 GMC Truck GMC SIER 25D,Automobile,GMC SIER 25D,1GT4UREY1TF183578,G35966,"$87,224.13 ","$87,224.13 ",$0.00 ,,"($87,224.13)",$0.00 ,"($87,224.13)",$0.00 ,$0.00 ,$0.00 ,$0.00 ,$0.00 ,$0.00 ,$240.58 ,$0.00 ,$0.00 ,$0.00 ,$240.58 ,"$1,627.75 ","$58,149.42 "
"3535 West Loop 820 South  Fort Worth, TX 76116",GMC Truck,Auto - GMC Truck Plant (Floorplan-New) - East,10/7/2025,183830,10/7/2025,5/7/2027,2026 GMC Truck GMC SIER 15E,Automobile,GMC SIER 15E,1GTRHCED3TZ183830,G35552,"$56,856.85 ","$56,856.85 ",$0.00 ,,$0.00 ,$0.00 ,$0.00 ,"$56,856.85 ",$0.00 ,$0.00 ,$0.00 ,$0.00 ,$0.00 ,$235.24 ,$0.00 ,$0.00 ,$0.00 ,$235.24 ,"$1,662.07 ","$56,856.85 "
"3535 West Loop 820 South  Fort Worth, TX 76116",GMC Truck,Auto - GMC Truck Plant (Floorplan-New) - East,11/14/2025,184450,11/14/2025,6/14/2027,2026 GMC Truck GMC YUK 4ELE,Automobile,GMC YUK 4ELE,1GKS2BKD1TR184450,G35846,"$75,889.95 ","$75,889.95 ",$0.00 ,,"($75,889.95)",$0.00 ,"($75,889.95)",$0.00 ,$0.00 ,$0.00 ,$0.00 ,$0.00 ,$0.00 ,$52.33 ,$0.00 ,$0.00 ,$0.00 ,$52.33 ,"$1,524.94 ","$12,648.33 "
"3535 West Loop 820 South  Fort Worth, TX 76116",GMC Truck,Auto - GMC Truck Plant (Floorplan-New) - East,10/21/2025,184453,10/21/2025,5/21/2027,2026 GMC Truck GMC ACAD ELV,Automobile,GMC ACAD ELV,1GKENKKS5TJ184453,,"$47,851.20 ","$47,851.20 ",$0.00 ,,$0.00 ,$0.00 ,$0.00 ,"$47,851.20 ",$0.00 ,$0.00 ,$0.00 ,$0.00 ,$0.00 ,$197.98 ,$0.00 ,$0.00 ,$0.00 ,$197.98 ,"$1,297.69 ","$47,851.20 "
"3535 West Loop 820 South  Fort Worth, TX 76116",GMC Truck,Auto - GMC Truck Plant (Floorplan-New) - East,11/17/2025,185539,11/17/2025,6/17/2027,2026 GMC Truck GMC YUK 4XEL,Automobile,GMC YUK 4XEL,1GKS2GKD4TR185539,,"$83,462.70 ","$83,462.70 ",$0.00 ,,$0.00 ,$0.00 ,$0.00 ,"$83,462.70 ",$0.00 ,$0.00 ,$0.00 ,$0.00 ,$0.00 ,$345.31 ,$0.00 ,$0.00 ,$0.00 ,$345.31 ,"$1,928.13 ","$83,462.70 "
"3535 West Loop 820 South  Fort Worth, TX 76116",GMC Truck,Auto - GMC Truck Plant (Floorplan-New) - East,12/10/2025,185702,12/10/2025,7/10/2027,2026 GMC Truck GMC SIER 25D,Automobile,GMC SIER 25D,1GT4UREY8TF185702,G36038,"$86,720.00 ","$86,720.00 ",$0.00 ,,"($86,720.00)",$0.00 ,"($86,720.00)",$0.00 ,$0.00 ,$0.00 ,$0.00 ,$0.00 ,$0.00 ,$322.91 ,$0.00 ,$0.00 ,$0.00 ,$322.91 ,"$1,677.15 ","$78,048.00 "
"3535 West Loop 820 South  Fort Worth, TX 76116",GMC Truck,Auto - GMC Truck Plant (Floorplan-New) - East,12/15/2025,185753,12/15/2025,7/15/2027,2026 GMC Truck GMC SIER 25D,Automobile,GMC SIER 25D,1GT4UREY3TF185753,,"$87,275.00 ","$87,275.00 ",$0.00 ,,$0.00 ,$0.00 ,$0.00 ,"$87,275.00 ",$0.00 ,$0.00 ,$0.00 ,$0.00 ,$0.00 ,$361.09 ,$0.00 ,$0.00 ,$0.00 ,$361.09 ,"$1,661.29 ","$87,275.00 "
"3535 West Loop 820 South  Fort Worth, TX 76116",GMC Truck,Auto - GMC Truck Plant (Floorplan-New) - East,12/15/2025,185881,12/15/2025,7/15/2027,2026 GMC Truck GMC SIER 25D,Automobile,GMC SIER 25D,1GT4UREY1TF185881,,"$87,275.00 ","$87,275.00 ",$0.00 ,,$0.00 ,$0.00 ,$0.00 ,"$87,275.00 ",$0.00 ,$0.00 ,$0.00 ,$0.00 ,$0.00 ,$361.09 ,$0.00 ,$0.00 ,$0.00 ,$361.09 ,"$1,661.29 ","$87,275.00 "
"3535 West Loop 820 South  Fort Worth, TX 76116",GMC Truck,Auto - GMC Truck Plant (Floorplan-New) - East,12/24/2025,186095,12/24/2025,7/24/2027,2026 GMC Truck GMC SIER 25D,Automobile,GMC SIER 25D,1GT4UREY7TF186095,,"$86,720.00 ","$86,720.00 ",$0.00 ,,$0.00 ,$0.00 ,$0.00 ,"$86,720.00 ",$0.00 ,$0.00 ,$0.00 ,$0.00 ,$0.00 ,$358.79 ,$0.00 ,$0.00 ,$0.00 ,$358.79 ,"$1,538.58 ","$86,720.00 "
"3535 West Loop 820 South  Fort Worth, TX 76116",GMC Truck,Auto - GMC Truck Plant (Floorplan-New) - East,12/22/2025,186372,12/22/2025,7/22/2027,2026 GMC Truck GMC SIER 25D,Automobile,GMC SIER 25D,1GT4UREY7TF186372,G36132,"$87,275.00 ","$87,275.00 ",$0.00 ,,"($87,275.00)",$0.00 ,"($87,275.00)",$0.00 ,$0.00 ,$0.00 ,$0.00 ,$0.00 ,$0.00 ,$72.22 ,$0.00 ,$0.00 ,$0.00 ,$72.22 ,"$1,284.64 ","$17,455.00 "
"3535 West Loop 820 South  Fort Worth, TX 76116",GMC Truck,Auto - GMC Truck Plant (Floorplan-New) - East,10/23/2025,186436,10/23/2025,5/23/2027,2026 GMC Truck GMC ACAD ELV,Automobile,GMC ACAD ELV,1GKENKKS4TJ186436,,"$47,293.20 ","$47,293.20 ",$0.00 ,,$0.00 ,$0.00 ,$0.00 ,"$47,293.20 ",$0.00 ,$0.00 ,$0.00 ,$0.00 ,$0.00 ,$195.67 ,$0.00 ,$0.00 ,$0.00 ,$195.67 ,"$1,268.27 ","$47,293.20 "
"3535 West Loop 820 South  Fort Worth, TX 76116",GMC Truck,Auto - GMC Truck Plant (Floorplan-New) - East,12/15/2025,186469,12/15/2025,7/15/2027,2026 GMC Truck GMC SIER 25D,Automobile,GMC SIER 25D,1GT4UREY0TF186469,G36022,"$86,720.00 ","$86,720.00 ",$0.00 ,,"($86,720.00)",$0.00 ,"($86,720.00)",$0.00 ,$0.00 ,$0.00 ,$0.00 ,$0.00 ,$0.00 ,$322.91 ,$0.00 ,$0.00 ,$0.00 ,$322.91 ,"$1,614.85 ","$78,048.00 "
"3535 West Loop 820 South  Fort Worth, TX 76116",GMC Truck,Auto - GMC Truck Plant (Floorplan-New) - East,12/15/2025,186501,12/15/2025,7/15/2027,2026 GMC Truck GMC SIER 25D,Automobile,GMC SIER 25D,1GT4UREY3TF186501,,"$86,720.00 ","$86,720.00 ",$0.00 ,,$0.00 ,$0.00 ,$0.00 ,"$86,720.00 ",$0.00 ,$0.00 ,$0.00 ,$0.00 ,$0.00 ,$358.79 ,$0.00 ,$0.00 ,$0.00 ,$358.79 ,"$1,650.73 ","$86,720.00 "
"3535 West Loop 820 South  Fort Worth, TX 76116",GMC Truck,Auto - GMC Truck Plant (Floorplan-New) - East,12/15/2025,186582,12/15/2025,7/15/2027,2026 GMC Truck GMC SIER 25D,Automobile,GMC SIER 25D,1GT4UREY7TF186582,,"$86,720.00 ","$86,720.00 ",$0.00 ,,$0.00 ,$0.00 ,$0.00 ,"$86,720.00 ",$0.00 ,$0.00 ,$0.00 ,$0.00 ,$0.00 ,$358.79 ,$0.00 ,$0.00 ,$0.00 ,$358.79 ,"$1,650.73 ","$86,720.00 "
"3535 West Loop 820 South  Fort Worth, TX 76116",GMC Truck,Auto - GMC Truck Plant (Floorplan-New) - East,12/16/2025,186652,12/16/2025,7/16/2027,2026 GMC Truck GMC SIER 25D,Automobile,GMC SIER 25D,1GT4UREY2TF186652,G36026,"$86,720.00 ","$86,720.00 ",$0.00 ,,"($86,720.00)",$0.00 ,"($86,720.00)",$0.00 ,$0.00 ,$0.00 ,$0.00 ,$0.00 ,$0.00 ,$155.48 ,$0.00 ,$0.00 ,$0.00 ,$155.48 ,"$1,434.96 ","$37,578.67 "
"3535 West Loop 820 South  Fort Worth, TX 76116",GMC Truck,Auto - GMC Truck Plant (Floorplan-New) - East,12/16/2025,186933,12/16/2025,7/16/2027,2026 GMC Truck GMC SIER 25D,Automobile,GMC SIER 25D,1GT4UREYXTF186933,,"$86,720.00 ","$86,720.00 ",$0.00 ,,$0.00 ,$0.00 ,$0.00 ,"$86,720.00 ",$0.00 ,$0.00 ,$0.00 ,$0.00 ,$0.00 ,$358.79 ,$0.00 ,$0.00 ,$0.00 ,$358.79 ,"$1,638.27 ","$86,720.00 "
"3535 West Loop 820 South  Fort Worth, TX 76116",GMC Truck,Auto - GMC Truck Plant (Floorplan-New) - East,4/22/2026,187596,4/22/2026,11/22/2027,2026 GMC TRUCK CANYON,Automobile,CANYON,1GTP2DEK3T1187596,G36495,"$49,000.00 ",$0.00 ,"$49,000.00 ",4/22/2026,"($49,000.00)",$0.00 ,$0.00 ,$0.00 ,$0.00 ,$0.00 ,$0.00 ,$0.00 ,$0.00 ,$40.55 ,$0.00 ,$0.00 ,$0.00 ,$40.55 ,$40.55 ,"$9,800.00 "
"3535 West Loop 820 South  Fort Worth, TX 76116",GMC Truck,Auto - GMC Truck Plant (Floorplan-New) - East,10/14/2025,188421,10/14/2025,5/14/2027,2026 GMC Truck GMC SIER 15D,Automobile,GMC SIER 15D,1GTUUGEL5TZ188421,G35768,"$78,682.40 ","$78,682.40 ",$0.00 ,,$0.00 ,$0.00 ,$0.00 ,"$78,682.40 ",$0.00 ,$0.00 ,$0.00 ,$0.00 ,$0.00 ,$325.54 ,$0.00 ,$0.00 ,$0.00 ,$325.54 ,"$2,216.94 ","$78,682.40 "
"3535 West Loop 820 South  Fort Worth, TX 76116",GMC Truck,Auto - GMC Truck Plant (Floorplan-New) - East,10/14/2025,188463,10/14/2025,5/14/2027,2026 GMC Truck GMC SIER 15D,Automobile,GMC SIER 15D,1GTUUGELXTZ188463,,"$78,682.40 ","$78,682.40 ",$0.00 ,,$0.00 ,$0.00 ,$0.00 ,"$78,682.40 ",$0.00 ,$0.00 ,$0.00 ,$0.00 ,$0.00 ,$325.54 ,$0.00 ,$0.00 ,$0.00 ,$325.54 ,"$2,216.94 ","$78,682.40 "
"3535 West Loop 820 South  Fort Worth, TX 76116",GMC Truck,Auto - GMC Truck Plant (Floorplan-New) - East,10/14/2025,190362,10/14/2025,5/14/2027,2026 GMC Truck GMC SIER 15D,Automobile,GMC SIER 15D,1GTUUGEL3TZ190362,,"$78,733.55 ","$78,733.55 ",$0.00 ,,$0.00 ,$0.00 ,$0.00 ,"$78,733.55 ",$0.00 ,$0.00 ,$0.00 ,$0.00 ,$0.00 ,$325.75 ,$0.00 ,$0.00 ,$0.00 ,$325.75 ,"$2,218.36 ","$78,733.55 "
"3535 West Loop 820 South  Fort Worth, TX 76116",GMC Truck,Auto - GMC Truck Plant (Floorplan-New) - East,12/22/2025,190991,12/22/2025,7/22/2027,2026 GMC Truck GMC SIER 25D,Automobile,GMC SIER 25D,1GT4UREY0TF190991,,"$87,224.13 ","$87,224.13 ",$0.00 ,,"($87,224.13)",$0.00 ,"($87,224.13)",$0.00 ,$0.00 ,$0.00 ,$0.00 ,$0.00 ,$0.00 ,$192.47 ,$0.00 ,$0.00 ,$0.00 ,$192.47 ,"$1,404.18 ","$46,519.54 "
"3535 West Loop 820 South  Fort Worth, TX 76116",GMC Truck,Auto - GMC Truck Plant (Floorplan-New) - East,12/22/2025,191044,12/22/2025,7/22/2027,2026 GMC Truck GMC SIER 25D,Automobile,GMC SIER 25D,1GT4UREY4TF191044,,"$87,224.13 ","$87,224.13 ",$0.00 ,,$0.00 ,$0.00 ,$0.00 ,"$87,224.13 ",$0.00 ,$0.00 ,$0.00 ,$0.00 ,$0.00 ,$360.88 ,$0.00 ,$0.00 ,$0.00 ,$360.88 ,"$1,572.59 ","$87,224.13 "
"3535 West Loop 820 South  Fort Worth, TX 76116",GMC Truck,Auto - GMC Truck Plant (Floorplan-New) - East,12/22/2025,191266,12/22/2025,7/22/2027,2026 GMC Truck GMC SIER 25D,Automobile,GMC SIER 25D,1GT4UREY0TF191266,,"$87,779.13 ","$87,779.13 ",$0.00 ,,$0.00 ,$0.00 ,$0.00 ,"$87,779.13 ",$0.00 ,$0.00 ,$0.00 ,$0.00 ,$0.00 ,$363.17 ,$0.00 ,$0.00 ,$0.00 ,$363.17 ,"$1,582.59 ","$87,779.13 "
"3535 West Loop 820 South  Fort Worth, TX 76116",GMC Truck,Auto - GMC Truck Plant (Floorplan-New) - East,12/22/2025,191306,12/22/2025,7/22/2027,2026 GMC Truck GMC SIER 25D,Automobile,GMC SIER 25D,1GT4UREY8TF191306,,"$87,779.13 ","$87,779.13 ",$0.00 ,,$0.00 ,$0.00 ,$0.00 ,"$87,779.13 ",$0.00 ,$0.00 ,$0.00 ,$0.00 ,$0.00 ,$363.17 ,$0.00 ,$0.00 ,$0.00 ,$363.17 ,"$1,582.59 ","$87,779.13 "
"3535 West Loop 820 South  Fort Worth, TX 76116",GMC Truck,Auto - GMC Truck Plant (Floorplan-New) - East,12/19/2025,191356,12/19/2025,7/19/2027,2026 GMC Truck GMC SIER 25D,Automobile,GMC SIER 25D,1GT4UREY1TF191356,G36077,"$87,224.13 ","$87,224.13 ",$0.00 ,,"($87,224.13)",$0.00 ,"($87,224.13)",$0.00 ,$0.00 ,$0.00 ,$0.00 ,$0.00 ,$0.00 ,$240.58 ,$0.00 ,$0.00 ,$0.00 ,$240.58 ,"$1,489.89 ","$58,149.42 "
"3535 West Loop 820 South  Fort Worth, TX 76116",GMC Truck,Auto - GMC Truck Plant (Floorplan-New) - East,12/19/2025,191471,12/19/2025,7/19/2027,2026 GMC Truck GMC SIER 25D,Automobile,GMC SIER 25D,1GT4UREY1TF191471,G36049,"$87,224.13 ","$87,224.13 ",$0.00 ,,"($87,224.13)",$0.00 ,"($87,224.13)",$0.00 ,$0.00 ,$0.00 ,$0.00 ,$0.00 ,$0.00 ,$240.58 ,$0.00 ,$0.00 ,$0.00 ,$240.58 ,"$1,489.89 ","$58,149.42 "
"3535 West Loop 820 South  Fort Worth, TX 76116",GMC Truck,Auto - GMC Truck Plant (Floorplan-New) - East,12/19/2025,191526,12/19/2025,7/19/2027,2026 GMC Truck GMC SIER 25D,Automobile,GMC SIER 25D,1GT4UREY0TF191526,G36043,"$87,224.13 ","$87,224.13 ",$0.00 ,,"($87,224.13)",$0.00 ,"($87,224.13)",$0.00 ,$0.00 ,$0.00 ,$0.00 ,$0.00 ,$0.00 ,$60.15 ,$0.00 ,$0.00 ,$0.00 ,$60.15 ,"$1,309.46 ","$14,537.36 "
"3535 West Loop 820 South  Fort Worth, TX 76116",GMC Truck,Auto - GMC Truck Plant (Floorplan-New) - East,12/19/2025,191579,12/19/2025,7/19/2027,2026 GMC Truck GMC SIER 25D,Automobile,GMC SIER 25D,1GT4UREYXTF191579,G36048,"$87,224.13 ","$87,224.13 ",$0.00 ,,"($87,224.13)",$0.00 ,"($87,224.13)",$0.00 ,$0.00 ,$0.00 ,$0.00 ,$0.00 ,$0.00 ,$168.41 ,$0.00 ,$0.00 ,$0.00 ,$168.41 ,"$1,417.72 ","$40,704.59 "
"3535 West Loop 820 South  Fort Worth, TX 76116",GMC Truck,Auto - GMC Truck Plant (Floorplan-New) - East,12/19/2025,191612,12/19/2025,7/19/2027,2026 GMC Truck GMC SIER 25D,Automobile,GMC SIER 25D,1GT4UREY4TF191612,,"$87,779.13 ","$87,779.13 ",$0.00 ,,$0.00 ,$0.00 ,$0.00 ,"$87,779.13 ",$0.00 ,$0.00 ,$0.00 ,$0.00 ,$0.00 ,$363.17 ,$0.00 ,$0.00 ,$0.00 ,$363.17 ,"$1,620.42 ","$87,779.13 "
"3535 West Loop 820 South  Fort Worth, TX 76116",GMC Truck,Auto - GMC Truck Plant (Floorplan-New) - East,12/19/2025,191786,12/19/2025,7/19/2027,2026 GMC Truck GMC SIER 25D,Automobile,GMC SIER 25D,1GT4UREY4TF191786,G36061,"$87,224.13 ","$87,224.13 ",$0.00 ,,"($87,224.13)",$0.00 ,"($87,224.13)",$0.00 ,$0.00 ,$0.00 ,$0.00 ,$0.00 ,$0.00 ,$312.76 ,$0.00 ,$0.00 ,$0.00 ,$312.76 ,"$1,562.07 ","$75,594.25 "
"3535 West Loop 820 South  Fort Worth, TX 76116",GMC Truck,Auto - GMC Truck Plant (Floorplan-New) - East,10/21/2025,198490,10/21/2025,5/21/2027,2026 GMC Truck GMC SIER 15E,Automobile,GMC SIER 15E,1GTUUCED6TZ198490,G35667,"$64,191.45 ","$64,191.45 ",$0.00 ,,$0.00 ,$0.00 ,$0.00 ,"$64,191.45 ",$0.00 ,$0.00 ,$0.00 ,$0.00 ,$0.00 ,$265.58 ,$0.00 ,$0.00 ,$0.00 ,$265.58 ,"$1,740.80 ","$64,191.45 "
"3535 West Loop 820 South  Fort Worth, TX 76116",GMC Truck,Auto - GMC Truck Plant (Floorplan-New) - East,10/21/2025,198605,10/21/2025,5/21/2027,2026 GMC Truck GMC SIER 15E,Automobile,GMC SIER 15E,1GTUUCED8TZ198605,G35843,"$64,191.45 ","$64,191.45 ",$0.00 ,,"($64,191.45)",$0.00 ,"($64,191.45)",$0.00 ,$0.00 ,$0.00 ,$0.00 ,$0.00 ,$0.00 ,$70.82 ,$0.00 ,$0.00 ,$0.00 ,$70.82 ,"$1,546.04 ","$17,117.72 "
"3535 West Loop 820 South  Fort Worth, TX 76116",GMC Truck,Auto - GMC Truck Plant (Floorplan-New) - East,10/27/2025,204022,10/27/2025,5/27/2027,2026 GMC Truck GMC SIER 15E,Automobile,GMC SIER 15E,1GTPHCED3TZ204022,G35758,"$60,187.80 ","$60,187.80 ",$0.00 ,,"($60,187.80)",$0.00 ,"($60,187.80)",$0.00 ,$0.00 ,$0.00 ,$0.00 ,$0.00 ,$0.00 ,$8.30 ,$0.00 ,$0.00 ,$0.00 ,$8.30 ,"$1,337.00 ","$2,006.26 "
"3535 West Loop 820 South  Fort Worth, TX 76116",GMC Truck,Auto - GMC Truck Plant (Floorplan-New) - East,10/27/2025,204043,10/27/2025,5/27/2027,2026 GMC Truck GMC SIER 15E,Automobile,GMC SIER 15E,1GTPHCED0TZ204043,G35669,"$60,187.80 ","$60,187.80 ",$0.00 ,,$0.00 ,$0.00 ,$0.00 ,"$60,187.80 ",$0.00 ,$0.00 ,$0.00 ,$0.00 ,$0.00 ,$249.02 ,$0.00 ,$0.00 ,$0.00 ,$249.02 ,"$1,577.72 ","$60,187.80 "
"3535 West Loop 820 South  Fort Worth, TX 76116",GMC Truck,Auto - GMC Truck Plant (Floorplan-New) - East,10/27/2025,204186,10/27/2025,5/27/2027,2026 GMC Truck GMC SIER 15E,Automobile,GMC SIER 15E,1GTUUCED2TZ204186,G35760,"$64,000.80 ","$64,000.80 ",$0.00 ,,$0.00 ,$0.00 ,$0.00 ,"$64,000.80 ",$0.00 ,$0.00 ,$0.00 ,$0.00 ,$0.00 ,$264.79 ,$0.00 ,$0.00 ,$0.00 ,$264.79 ,"$1,677.68 ","$64,000.80 "
"3535 West Loop 820 South  Fort Worth, TX 76116",GMC Truck,Auto - GMC Truck Plant (Floorplan-New) - East,12/11/2025,209778,12/11/2025,7/11/2027,2026 GMC Truck GMC YUK 4XEL,Automobile,GMC YUK 4XEL,1GKS2GKD1TR209778,,"$83,462.70 ","$83,462.70 ",$0.00 ,,$0.00 ,$0.00 ,$0.00 ,"$83,462.70 ",$0.00 ,$0.00 ,$0.00 ,$0.00 ,$0.00 ,$345.31 ,$0.00 ,$0.00 ,$0.00 ,$345.31 ,"$1,636.69 ","$83,462.70 "
"3535 West Loop 820 South  Fort Worth, TX 76116",GMC Truck,Auto - GMC Truck Plant (Floorplan-New) - East,12/11/2025,209832,12/11/2025,7/11/2027,2026 GMC Truck GMC YUK 4XEL,Automobile,GMC YUK 4XEL,1GKS2GKD3TR209832,,"$83,462.70 ","$83,462.70 ",$0.00 ,,$0.00 ,$0.00 ,$0.00 ,"$83,462.70 ",$0.00 ,$0.00 ,$0.00 ,$0.00 ,$0.00 ,$345.31 ,$0.00 ,$0.00 ,$0.00 ,$345.31 ,"$1,636.69 ","$83,462.70 "
"3535 West Loop 820 South  Fort Worth, TX 76116",GMC Truck,Auto - GMC Truck Plant (Floorplan-New) - East,2/18/2026,214456,2/18/2026,9/18/2027,2026 GMC Truck GMC SIER 25D,Automobile,GMC SIER 25D,1GT4UREY1TF214456,,"$86,781.83 ","$86,781.83 ",$0.00 ,,$0.00 ,$0.00 ,$0.00 ,"$86,781.83 ",$0.00 ,$0.00 ,$0.00 ,$0.00 ,$0.00 ,$359.05 ,$0.00 ,$0.00 ,$0.00 ,$359.05 ,$862.11 ,"$86,781.83 "
"3535 West Loop 820 South  Fort Worth, TX 76116",GMC Truck,Auto - GMC Truck Plant (Floorplan-New) - East,2/18/2026,214472,2/18/2026,9/18/2027,2026 GMC Truck GMC SIER 25D,Automobile,GMC SIER 25D,1GT4UREYXTF214472,G36326,"$86,226.83 ","$86,226.83 ",$0.00 ,,"($86,226.83)",$0.00 ,"($86,226.83)",$0.00 ,$0.00 ,$0.00 ,$0.00 ,$0.00 ,$0.00 ,$11.89 ,$0.00 ,$0.00 ,$0.00 ,$11.89 ,$511.74 ,"$2,874.23 "
"3535 West Loop 820 South  Fort Worth, TX 76116",GMC Truck,Auto - GMC Truck Plant (Floorplan-New) - East,2/17/2026,214585,2/17/2026,9/17/2027,2026 GMC Truck GMC SIER 25D,Automobile,GMC SIER 25D,1GT4UREY1TF214585,,"$86,226.83 ","$86,226.83 ",$0.00 ,,$0.00 ,$0.00 ,$0.00 ,"$86,226.83 ",$0.00 ,$0.00 ,$0.00 ,$0.00 ,$0.00 ,$356.75 ,$0.00 ,$0.00 ,$0.00 ,$356.75 ,$868.51 ,"$86,226.83 "
"3535 West Loop 820 South  Fort Worth, TX 76116",GMC Truck,Auto - GMC Truck Plant (Floorplan-New) - East,2/17/2026,214626,2/17/2026,9/17/2027,2026 GMC Truck GMC SIER 25D,Automobile,GMC SIER 25D,1GT4UREY0TF214626,,"$86,781.83 ","$86,781.83 ",$0.00 ,,$0.00 ,$0.00 ,$0.00 ,"$86,781.83 ",$0.00 ,$0.00 ,$0.00 ,$0.00 ,$0.00 ,$359.05 ,$0.00 ,$0.00 ,$0.00 ,$359.05 ,$874.10 ,"$86,781.83 "
"3535 West Loop 820 South  Fort Worth, TX 76116",GMC Truck,Auto - GMC Truck Plant (Floorplan-New) - East,2/17/2026,214728,2/17/2026,9/17/2027,2026 GMC Truck GMC SIER 25D,Automobile,GMC SIER 25D,1GT4UREY8TF214728,,"$86,226.83 ","$86,226.83 ",$0.00 ,,$0.00 ,$0.00 ,$0.00 ,"$86,226.83 ",$0.00 ,$0.00 ,$0.00 ,$0.00 ,$0.00 ,$356.75 ,$0.00 ,$0.00 ,$0.00 ,$356.75 ,$868.51 ,"$86,226.83 "
"3535 West Loop 820 South  Fort Worth, TX 76116",GMC Truck,Auto - GMC Truck Plant (Floorplan-New) - East,2/18/2026,214781,2/18/2026,9/18/2027,2026 GMC Truck GMC SIER 25D,Automobile,GMC SIER 25D,1GT4UREY1TF214781,,"$86,781.83 ","$86,781.83 ",$0.00 ,,$0.00 ,$0.00 ,$0.00 ,"$86,781.83 ",$0.00 ,$0.00 ,$0.00 ,$0.00 ,$0.00 ,$359.05 ,$0.00 ,$0.00 ,$0.00 ,$359.05 ,$862.11 ,"$86,781.83 "
"3535 West Loop 820 South  Fort Worth, TX 76116",GMC Truck,Auto - GMC Truck Plant (Floorplan-New) - East,2/18/2026,214844,2/18/2026,9/18/2027,2026 GMC Truck GMC SIER 25D,Automobile,GMC SIER 25D,1GT4UREYXTF214844,G36332,"$86,226.83 ","$86,226.83 ",$0.00 ,,"($86,226.83)",$0.00 ,"($86,226.83)",$0.00 ,$0.00 ,$0.00 ,$0.00 ,$0.00 ,$0.00 ,$11.89 ,$0.00 ,$0.00 ,$0.00 ,$11.89 ,$511.74 ,"$2,874.23 "
"3535 West Loop 820 South  Fort Worth, TX 76116",GMC Truck,Auto - GMC Truck Plant (Floorplan-New) - East,8/7/2025,221075,8/7/2025,3/7/2027,2025 GMC Truck GMC TERRN AT,Automobile,GMC TERRN AT,3GKALYEG0TL221075,,"$41,167.60 ","$41,167.60 ",$0.00 ,,"($41,167.60)",$0.00 ,"($41,167.60)",$0.00 ,$0.00 ,$0.00 ,$0.00 ,$0.00 ,$0.00 ,$85.16 ,$0.00 ,$0.00 ,$0.00 ,$85.16 ,"$1,508.69 ","$20,583.80 "
"3535 West Loop 820 South  Fort Worth, TX 76116",GMC Truck,Auto - GMC Truck Plant (Floorplan-New) - East,4/22/2026,221075,4/22/2026,11/22/2027,2027 GMC TRUCK TERRAIN,Automobile,TERRAIN,3GKALYEG0TL221075,G35088,"$40,600.00 ",$0.00 ,"$40,600.00 ",4/22/2026,$0.00 ,$0.00 ,"$40,600.00 ","$40,600.00 ",$0.00 ,$0.00 ,$0.00 ,$0.00 ,$0.00 ,$50.39 ,$0.00 ,$0.00 ,$0.00 ,$50.39 ,$50.39 ,"$12,180.00 "
"3535 West Loop 820 South  Fort Worth, TX 76116",GMC Truck,Auto - GMC Truck Plant (Floorplan-New) - East,8/11/2025,221470,8/11/2025,3/11/2027,2025 GMC Truck GMC TERRN AT,Automobile,GMC TERRN AT,3GKALYEG6TL221470,G35109,"$41,167.60 ","$41,167.60 ",$0.00 ,,$0.00 ,$0.00 ,$0.00 ,"$41,167.60 ",$0.00 ,$0.00 ,$0.00 ,$0.00 ,$0.00 ,$170.32 ,$0.00 ,$0.00 ,$0.00 ,$170.32 ,"$1,567.99 ","$41,167.60 "
"3535 West Loop 820 South  Fort Worth, TX 76116",GMC Truck,Auto - GMC Truck Plant (Floorplan-New) - East,8/8/2025,222915,8/8/2025,3/8/2027,2025 GMC Truck GMC TERRN AT,Automobile,GMC TERRN AT,3GKALYEG1TL222915,,"$41,627.95 ","$41,627.95 ",$0.00 ,,$0.00 ,$0.00 ,$0.00 ,"$41,627.95 ",$0.00 ,$0.00 ,$0.00 ,$0.00 ,$0.00 ,$172.23 ,$0.00 ,$0.00 ,$0.00 ,$172.23 ,"$1,605.14 ","$41,627.95 "
"3535 West Loop 820 South  Fort Worth, TX 76116",GMC Truck,Auto - GMC Truck Plant (Floorplan-New) - East,8/8/2025,222972,8/8/2025,3/8/2027,2025 GMC Truck GMC TERRN AT,Automobile,GMC TERRN AT,3GKALYEG2TL222972,G35086,"$41,627.95 ","$41,627.95 ",$0.00 ,,$0.00 ,$0.00 ,$0.00 ,"$41,627.95 ",$0.00 ,$0.00 ,$0.00 ,$0.00 ,$0.00 ,$172.23 ,$0.00 ,$0.00 ,$0.00 ,$172.23 ,"$1,605.14 ","$41,627.95 "
"3535 West Loop 820 South  Fort Worth, TX 76116",GMC Truck,Auto - GMC Truck Plant (Floorplan-New) - East,2/26/2026,223429,2/26/2026,9/26/2027,2026 GMC Truck GMC SIER 25D,Automobile,GMC SIER 25D,1GT4UREYXTF223429,G36343,"$88,534.70 ","$88,534.70 ",$0.00 ,,"($88,534.70)",$0.00 ,"($88,534.70)",$0.00 ,$0.00 ,$0.00 ,$0.00 ,$0.00 ,$0.00 ,$231.99 ,$0.00 ,$0.00 ,$0.00 ,$231.99 ,$647.41 ,"$56,071.98 "
"3535 West Loop 820 South  Fort Worth, TX 76116",GMC Truck,Auto - GMC Truck Plant (Floorplan-New) - East,2/27/2026,223466,2/27/2026,9/27/2027,2026 GMC Truck GMC SIER 25D,Automobile,GMC SIER 25D,1GT4UREY5TF223466,,"$88,534.70 ","$88,534.70 ",$0.00 ,,$0.00 ,$0.00 ,$0.00 ,"$88,534.70 ",$0.00 ,$0.00 ,$0.00 ,$0.00 ,$0.00 ,$366.30 ,$0.00 ,$0.00 ,$0.00 ,$366.30 ,$769.49 ,"$88,534.70 "
"3535 West Loop 820 South  Fort Worth, TX 76116",GMC Truck,Auto - GMC Truck Plant (Floorplan-New) - East,2/27/2026,223604,2/27/2026,9/27/2027,2026 GMC Truck GMC SIER 25D,Automobile,GMC SIER 25D,1GT4UREY2TF223604,,"$89,089.70 ","$89,089.70 ",$0.00 ,,$0.00 ,$0.00 ,$0.00 ,"$89,089.70 ",$0.00 ,$0.00 ,$0.00 ,$0.00 ,$0.00 ,$368.59 ,$0.00 ,$0.00 ,$0.00 ,$368.59 ,$774.31 ,"$89,089.70 "
"3535 West Loop 820 South  Fort Worth, TX 76116",GMC Truck,Auto - GMC Truck Plant (Floorplan-New) - East,2/27/2026,224018,2/27/2026,9/27/2027,2026 GMC Truck GMC SIER 25D,Automobile,GMC SIER 25D,1GT4UREY5TF224018,,"$88,534.70 ","$88,534.70 ",$0.00 ,,$0.00 ,$0.00 ,$0.00 ,"$88,534.70 ",$0.00 ,$0.00 ,$0.00 ,$0.00 ,$0.00 ,$366.30 ,$0.00 ,$0.00 ,$0.00 ,$366.30 ,$769.49 ,"$88,534.70 "
"3535 West Loop 820 South  Fort Worth, TX 76116",GMC Truck,Auto - GMC Truck Plant (Floorplan-New) - East,2/26/2026,224073,2/26/2026,9/26/2027,2026 GMC Truck GMC SIER 25D,Automobile,GMC SIER 25D,1GT4UREY2TF224073,,"$89,089.70 ","$89,089.70 ",$0.00 ,,$0.00 ,$0.00 ,$0.00 ,"$89,089.70 ",$0.00 ,$0.00 ,$0.00 ,$0.00 ,$0.00 ,$368.59 ,$0.00 ,$0.00 ,$0.00 ,$368.59 ,$786.61 ,"$89,089.70 "
"3535 West Loop 820 South  Fort Worth, TX 76116",GMC Truck,Auto - GMC Truck Plant (Floorplan-New) - East,2/27/2026,224149,2/27/2026,9/27/2027,2026 GMC Truck GMC SIER 25D,Automobile,GMC SIER 25D,1GT4UREY9TF224149,,"$89,089.70 ","$89,089.70 ",$0.00 ,,$0.00 ,$0.00 ,$0.00 ,"$89,089.70 ",$0.00 ,$0.00 ,$0.00 ,$0.00 ,$0.00 ,$368.59 ,$0.00 ,$0.00 ,$0.00 ,$368.59 ,$774.31 ,"$89,089.70 "
"3535 West Loop 820 South  Fort Worth, TX 76116",GMC Truck,Auto - GMC Truck Plant (Floorplan-New) - East,3/2/2026,224155,3/2/2026,10/2/2027,2026 GMC Truck GMC SIER 25A,Automobile,GMC SIER 25A,1GT4UPEY9TF224155,,"$86,930.45 ","$86,930.45 ",$0.00 ,,$0.00 ,$0.00 ,$0.00 ,"$86,930.45 ",$0.00 ,$0.00 ,$0.00 ,$0.00 ,$0.00 ,$359.66 ,$0.00 ,$0.00 ,$0.00 ,$359.66 ,$719.53 ,"$86,930.45 "
"3535 West Loop 820 South  Fort Worth, TX 76116",GMC Truck,Auto - GMC Truck Plant (Floorplan-New) - East,3/2/2026,224247,3/2/2026,10/2/2027,2026 GMC Truck GMC SIER 25D,Automobile,GMC SIER 25D,1GT4UREY9TF224247,G36741,"$88,534.70 ","$88,534.70 ",$0.00 ,,"($88,534.70)",$0.00 ,"($88,534.70)",$0.00 ,$0.00 ,$0.00 ,$0.00 ,$0.00 ,$0.00 ,$268.62 ,$0.00 ,$0.00 ,$0.00 ,$268.62 ,$635.13 ,"$64,925.45 "
"3535 West Loop 820 South  Fort Worth, TX 76116",GMC Truck,Auto - GMC Truck Plant (Floorplan-New) - East,3/2/2026,224506,3/2/2026,10/2/2027,2026 GMC Truck GMC SIER 25D,Automobile,GMC SIER 25D,1GT4UREY7TF224506,,"$88,534.70 ","$88,534.70 ",$0.00 ,,$0.00 ,$0.00 ,$0.00 ,"$88,534.70 ",$0.00 ,$0.00 ,$0.00 ,$0.00 ,$0.00 ,$366.30 ,$0.00 ,$0.00 ,$0.00 ,$366.30 ,$732.81 ,"$88,534.70 "
"3535 West Loop 820 South  Fort Worth, TX 76116",GMC Truck,Auto - GMC Truck Plant (Floorplan-New) - East,3/2/2026,224575,3/2/2026,10/2/2027,2026 GMC Truck GMC SIER 25D,Automobile,GMC SIER 25D,1GT4UREY4TF224575,,"$88,534.70 ","$88,534.70 ",$0.00 ,,$0.00 ,$0.00 ,$0.00 ,"$88,534.70 ",$0.00 ,$0.00 ,$0.00 ,$0.00 ,$0.00 ,$366.30 ,$0.00 ,$0.00 ,$0.00 ,$366.30 ,$732.81 ,"$88,534.70 "
"3535 West Loop 820 South  Fort Worth, TX 76116",GMC Truck,Auto - GMC Truck Plant (Floorplan-New) - East,8/12/2025,225551,8/12/2025,3/12/2027,2025 GMC Truck GMC TERRN AT,Automobile,GMC TERRN AT,3GKALYEG4TL225551,G35107,"$42,709.75 ","$42,709.75 ",$0.00 ,,"($42,709.75)",$0.00 ,"($42,709.75)",$0.00 ,$0.00 ,$0.00 ,$0.00 ,$0.00 ,$0.00 ,$35.34 ,$0.00 ,$0.00 ,$0.00 ,$35.34 ,"$1,478.67 ","$8,541.95 "
"3535 West Loop 820 South  Fort Worth, TX 76116",GMC Truck,Auto - GMC Truck Plant (Floorplan-New) - East,4/22/2026,229307,4/22/2026,11/22/2027,2026 GMC TRUCK ACADIA,Automobile,ACADIA,1GKENPKS5TJ229307,G36106,"$53,000.00 ",$0.00 ,"$53,000.00 ",4/22/2026,$0.00 ,$0.00 ,"$53,000.00 ","$53,000.00 ",$0.00 ,$0.00 ,$0.00 ,$0.00 ,$0.00 ,$65.78 ,$0.00 ,$0.00 ,$0.00 ,$65.78 ,$65.78 ,"$15,900.00 "
"3535 West Loop 820 South  Fort Worth, TX 76116",GMC Truck,Auto - GMC Truck Plant (Floorplan-New) - East,12/16/2025,232120,12/16/2025,7/16/2027,2026 GMC Truck GMC ACAD ELV,Automobile,GMC ACAD ELV,1GKENKKS0TJ232120,,"$47,614.55 ","$47,614.55 ",$0.00 ,,$0.00 ,$0.00 ,$0.00 ,"$47,614.55 ",$0.00 ,$0.00 ,$0.00 ,$0.00 ,$0.00 ,$197.00 ,$0.00 ,$0.00 ,$0.00 ,$197.00 ,$899.50 ,"$47,614.55 "
"3535 West Loop 820 South  Fort Worth, TX 76116",GMC Truck,Auto - GMC Truck Plant (Floorplan-New) - East,12/16/2025,232194,12/16/2025,7/16/2027,2026 GMC Truck GMC ACAD ELV,Automobile,GMC ACAD ELV,1GKENKKS7TJ232194,G36074,"$47,614.55 ","$47,614.55 ",$0.00 ,,$0.00 ,$0.00 ,$0.00 ,"$47,614.55 ",$0.00 ,$0.00 ,$0.00 ,$0.00 ,$0.00 ,$197.00 ,$0.00 ,$0.00 ,$0.00 ,$197.00 ,$899.50 ,"$47,614.55 "
"3535 West Loop 820 South  Fort Worth, TX 76116",GMC Truck,Auto - GMC Truck Plant (Floorplan-New) - East,12/16/2025,232589,12/16/2025,7/16/2027,2026 GMC Truck GMC ACAD ELV,Automobile,GMC ACAD ELV,1GKENKKS8TJ232589,,"$47,059.55 ","$47,059.55 ",$0.00 ,,$0.00 ,$0.00 ,$0.00 ,"$47,059.55 ",$0.00 ,$0.00 ,$0.00 ,$0.00 ,$0.00 ,$194.70 ,$0.00 ,$0.00 ,$0.00 ,$194.70 ,$889.02 ,"$47,059.55 "
"3535 West Loop 820 South  Fort Worth, TX 76116",GMC Truck,Auto - GMC Truck Plant (Floorplan-New) - East,12/16/2025,232645,12/16/2025,7/16/2027,2026 GMC Truck GMC ACAD ELV,Automobile,GMC ACAD ELV,1GKENKKS3TJ232645,G36055,"$47,059.55 ","$47,059.55 ",$0.00 ,,$0.00 ,$0.00 ,$0.00 ,"$47,059.55 ",$0.00 ,$0.00 ,$0.00 ,$0.00 ,$0.00 ,$194.70 ,$0.00 ,$0.00 ,$0.00 ,$194.70 ,$889.02 ,"$47,059.55 "
"3535 West Loop 820 South  Fort Worth, TX 76116",GMC Truck,Auto - GMC Truck Plant (Floorplan-New) - East,11/24/2025,233456,11/24/2025,6/24/2027,2026 GMC Truck GMC SIER 15E,Automobile,GMC SIER 15E,1GTRHCED4TZ233456,,"$55,329.50 ","$55,329.50 ",$0.00 ,,$0.00 ,$0.00 ,$0.00 ,"$55,329.50 ",$0.00 ,$0.00 ,$0.00 ,$0.00 ,$0.00 ,$228.92 ,$0.00 ,$0.00 ,$0.00 ,$228.92 ,"$1,221.35 ","$55,329.50 "
"3535 West Loop 820 South  Fort Worth, TX 76116",GMC Truck,Auto - GMC Truck Plant (Floorplan-New) - East,8/20/2025,234897,8/20/2025,3/20/2027,2025 GMC Truck GMC TERRN AT,Automobile,GMC TERRN AT,3GKALYEG8TL234897,,"$41,742.55 ","$41,742.55 ",$0.00 ,,$0.00 ,$0.00 ,$0.00 ,"$41,742.55 ",$0.00 ,$0.00 ,$0.00 ,$0.00 ,$0.00 ,$172.70 ,$0.00 ,$0.00 ,$0.00 ,$172.70 ,"$1,530.90 ","$41,742.55 "
"3535 West Loop 820 South  Fort Worth, TX 76116",GMC Truck,Auto - GMC Truck Plant (Floorplan-New) - East,8/21/2025,235755,8/21/2025,3/21/2027,2025 GMC Truck GMC TERRN AT,Automobile,GMC TERRN AT,3GKALYEG4TL235755,G35256,"$42,202.90 ","$42,202.90 ",$0.00 ,,$0.00 ,$0.00 ,$0.00 ,"$42,202.90 ",$0.00 ,$0.00 ,$0.00 ,$0.00 ,$0.00 ,$174.61 ,$0.00 ,$0.00 ,$0.00 ,$174.61 ,"$1,541.15 ","$42,202.90 "
"3535 West Loop 820 South  Fort Worth, TX 76116",GMC Truck,Auto - GMC Truck Plant (Floorplan-New) - East,4/22/2026,235877,4/22/2026,11/22/2027,2026 GMC TRUCK YUKON,Automobile,YUKON,1GKS2DKL4TR235877,G36316,"$82,000.00 ",$0.00 ,"$82,000.00 ",4/22/2026,$0.00 ,$0.00 ,"$82,000.00 ","$82,000.00 ",$0.00 ,$0.00 ,$0.00 ,$0.00 ,$0.00 ,$101.78 ,$0.00 ,$0.00 ,$0.00 ,$101.78 ,$101.78 ,"$24,600.00 "
"3535 West Loop 820 South  Fort Worth, TX 76116",GMC Truck,Auto - GMC Truck Plant (Floorplan-New) - East,12/22/2025,236565,12/22/2025,7/22/2027,2026 GMC Truck GMC ACAD ELV,Automobile,GMC ACAD ELV,1GKENKKS3TJ236565,,"$48,447.05 ","$48,447.05 ",$0.00 ,,$0.00 ,$0.00 ,$0.00 ,"$48,447.05 ",$0.00 ,$0.00 ,$0.00 ,$0.00 ,$0.00 ,$200.44 ,$0.00 ,$0.00 ,$0.00 ,$200.44 ,$873.46 ,"$48,447.05 "
"3535 West Loop 820 South  Fort Worth, TX 76116",GMC Truck,Auto - GMC Truck Plant (Floorplan-New) - East,8/25/2025,239797,8/25/2025,3/25/2027,2025 GMC Truck GMC TERRN AT,Automobile,GMC TERRN AT,3GKALYEG7TL239797,,"$42,202.90 ","$42,202.90 ",$0.00 ,,$0.00 ,$0.00 ,$0.00 ,"$42,202.90 ",$0.00 ,$0.00 ,$0.00 ,$0.00 ,$0.00 ,$174.61 ,$0.00 ,$0.00 ,$0.00 ,$174.61 ,"$1,514.63 ","$42,202.90 "
"3535 West Loop 820 South  Fort Worth, TX 76116",GMC Truck,Auto - GMC Truck Plant (Floorplan-New) - East,1/23/2026,241899,1/23/2026,8/23/2027,2026 GMC Truck GMC YUK 4XEL,Automobile,GMC YUK 4XEL,1GKS2GKD8TR241899,,"$81,734.60 ","$81,734.60 ",$0.00 ,,$0.00 ,$0.00 ,$0.00 ,"$81,734.60 ",$0.00 ,$0.00 ,$0.00 ,$0.00 ,$0.00 ,$338.16 ,$0.00 ,$0.00 ,$0.00 ,$338.16 ,"$1,106.07 ","$81,734.60 "
"3535 West Loop 820 South  Fort Worth, TX 76116",GMC Truck,Auto - GMC Truck Plant (Floorplan-New) - East,11/28/2025,243080,11/28/2025,6/28/2027,2025 GMC Truck GMC TERRN DE,Automobile,GMC TERRN DE,3GKALZEG7TL243080,G36001,"$41,086.45 ","$41,086.45 ",$0.00 ,,"($41,086.45)",$0.00 ,"($41,086.45)",$0.00 ,$0.00 ,$0.00 ,$0.00 ,$0.00 ,$0.00 ,$45.33 ,$0.00 ,$0.00 ,$0.00 ,$45.33 ,$758.17 ,"$10,956.39 "
"3535 West Loop 820 South  Fort Worth, TX 76116",GMC Truck,Auto - GMC Truck Plant (Floorplan-New) - East,3/23/2026,243706,3/23/2026,10/23/2027,2026 GMC Truck GMC SIER 25A,Automobile,GMC SIER 25A,1GT4UPE76TF243706,G36579,"$74,424.45 ","$74,424.45 ",$0.00 ,,"($74,424.45)",$0.00 ,"($74,424.45)",$0.00 ,$0.00 ,$0.00 ,$0.00 ,$0.00 ,$0.00 ,$277.13 ,$0.00 ,$0.00 ,$0.00 ,$277.13 ,$369.56 ,"$66,982.00 "
"3535 West Loop 820 South  Fort Worth, TX 76116",GMC Truck,Auto - GMC Truck Plant (Floorplan-New) - East,12/4/2025,243739,12/4/2025,7/4/2027,2026 GMC Truck GMC SIER 15D,Automobile,GMC SIER 15D,1GTUUGE80TZ243739,G35940,"$75,241.70 ","$75,241.70 ",$0.00 ,,$0.00 ,$0.00 ,$0.00 ,"$75,241.70 ",$0.00 ,$0.00 ,$0.00 ,$0.00 ,$0.00 ,$311.30 ,$0.00 ,$0.00 ,$0.00 ,$311.30 ,"$1,551.16 ","$75,241.70 "
"3535 West Loop 820 South  Fort Worth, TX 76116",GMC Truck,Auto - GMC Truck Plant (Floorplan-New) - East,12/29/2025,244496,12/29/2025,7/29/2027,2026 GMC Truck GMC ACAD ELV,Automobile,GMC ACAD ELV,1GKENKKS6TJ244496,,"$50,493.95 ","$50,493.95 ",$0.00 ,,$0.00 ,$0.00 ,$0.00 ,"$50,493.95 ",$0.00 ,$0.00 ,$0.00 ,$0.00 ,$0.00 ,$208.91 ,$0.00 ,$0.00 ,$0.00 ,$208.91 ,$859.59 ,"$50,493.95 "
"3535 West Loop 820 South  Fort Worth, TX 76116",GMC Truck,Auto - GMC Truck Plant (Floorplan-New) - East,12/29/2025,244547,12/29/2025,7/29/2027,2026 GMC Truck GMC ACAD ELV,Automobile,GMC ACAD ELV,1GKENKKS8TJ244547,,"$51,090.58 ","$51,090.58 ",$0.00 ,,$0.00 ,$0.00 ,$0.00 ,"$51,090.58 ",$0.00 ,$0.00 ,$0.00 ,$0.00 ,$0.00 ,$211.38 ,$0.00 ,$0.00 ,$0.00 ,$211.38 ,$869.75 ,"$51,090.58 "
"3535 West Loop 820 South  Fort Worth, TX 76116",GMC Truck,Auto - GMC Truck Plant (Floorplan-New) - East,11/28/2025,244816,11/28/2025,6/28/2027,2025 GMC Truck GMC TERRN AT,Automobile,GMC TERRN AT,3GKALYEGXTL244816,,"$39,577.45 ","$39,577.45 ",$0.00 ,,$0.00 ,$0.00 ,$0.00 ,"$39,577.45 ",$0.00 ,$0.00 ,$0.00 ,$0.00 ,$0.00 ,$163.75 ,$0.00 ,$0.00 ,$0.00 ,$163.75 ,$850.42 ,"$39,577.45 "
"3535 West Loop 820 South  Fort Worth, TX 76116",GMC Truck,Auto - GMC Truck Plant (Floorplan-New) - East,1/27/2026,245871,1/27/2026,8/27/2027,2026 GMC Truck GMC YUK 4XDE,Automobile,GMC YUK 4XDE,1GKS2JKL0TR245871,,"$97,816.03 ","$97,816.03 ",$0.00 ,,$0.00 ,$0.00 ,$0.00 ,"$97,816.03 ",$0.00 ,$0.00 ,$0.00 ,$0.00 ,$0.00 ,$404.70 ,$0.00 ,$0.00 ,$0.00 ,$404.70 ,"$1,269.34 ","$97,816.03 "
"3535 West Loop 820 South  Fort Worth, TX 76116",GMC Truck,Auto - GMC Truck Plant (Floorplan-New) - East,12/30/2025,245941,12/30/2025,7/30/2027,2026 GMC Truck GMC ACAD ELV,Automobile,GMC ACAD ELV,1GKENKKS6TJ245941,,"$50,493.95 ","$50,493.95 ",$0.00 ,,$0.00 ,$0.00 ,$0.00 ,"$50,493.95 ",$0.00 ,$0.00 ,$0.00 ,$0.00 ,$0.00 ,$208.91 ,$0.00 ,$0.00 ,$0.00 ,$208.91 ,$852.33 ,"$50,493.95 "
"3535 West Loop 820 South  Fort Worth, TX 76116",GMC Truck,Auto - GMC Truck Plant (Floorplan-New) - East,2/2/2026,246778,2/2/2026,9/2/2027,2026 GMC Truck GMC YUK 4XDE,Automobile,GMC YUK 4XDE,1GKS2JKL4TR246778,,"$97,816.03 ","$97,816.03 ",$0.00 ,,$0.00 ,$0.00 ,$0.00 ,"$97,816.03 ",$0.00 ,$0.00 ,$0.00 ,$0.00 ,$0.00 ,$404.70 ,$0.00 ,$0.00 ,$0.00 ,$404.70 ,"$1,187.84 ","$97,816.03 "
"3535 West Loop 820 South  Fort Worth, TX 76116",GMC Truck,Auto - GMC Truck Plant (Floorplan-New) - East,4/22/2026,247578,4/22/2026,11/22/2027,2026 GMC TRUCK YUKON,Automobile,YUKON,1GKS2DKLXTR247578,G36456,"$90,000.00 ",$0.00 ,"$90,000.00 ",4/22/2026,$0.00 ,$0.00 ,"$90,000.00 ","$90,000.00 ",$0.00 ,$0.00 ,$0.00 ,$0.00 ,$0.00 ,$111.71 ,$0.00 ,$0.00 ,$0.00 ,$111.71 ,$111.71 ,"$27,000.00 "
"3535 West Loop 820 South  Fort Worth, TX 76116",GMC Truck,Auto - GMC Truck Plant (Floorplan-New) - East,1/20/2026,251288,1/20/2026,8/20/2027,2026 GMC Truck GMC ACAD ELV,Automobile,GMC ACAD ELV,1GKENKKS1TJ251288,,"$48,088.95 ","$48,088.95 ",$0.00 ,,$0.00 ,$0.00 ,$0.00 ,"$48,088.95 ",$0.00 ,$0.00 ,$0.00 ,$0.00 ,$0.00 ,$198.96 ,$0.00 ,$0.00 ,$0.00 ,$198.96 ,$670.80 ,"$48,088.95 "
"3535 West Loop 820 South  Fort Worth, TX 76116",GMC Truck,Auto - GMC Truck Plant (Floorplan-New) - East,11/28/2025,251384,11/28/2025,6/28/2027,2025 GMC Truck GMC TERRN DE,Automobile,GMC TERRN DE,3GKALZEG1TL251384,G36003,"$41,086.45 ","$41,086.45 ",$0.00 ,,$0.00 ,$0.00 ,$0.00 ,"$41,086.45 ",$0.00 ,$0.00 ,$0.00 ,$0.00 ,$0.00 ,$169.99 ,$0.00 ,$0.00 ,$0.00 ,$169.99 ,$882.83 ,"$41,086.45 "
"3535 West Loop 820 South  Fort Worth, TX 76116",GMC Truck,Auto - GMC Truck Plant (Floorplan-New) - East,1/20/2026,251389,1/20/2026,8/20/2027,2026 GMC Truck GMC ACAD ELV,Automobile,GMC ACAD ELV,1GKENKKS7TJ251389,,"$48,227.70 ","$48,227.70 ",$0.00 ,,$0.00 ,$0.00 ,$0.00 ,"$48,227.70 ",$0.00 ,$0.00 ,$0.00 ,$0.00 ,$0.00 ,$199.53 ,$0.00 ,$0.00 ,$0.00 ,$199.53 ,$672.73 ,"$48,227.70 "
"3535 West Loop 820 South  Fort Worth, TX 76116",GMC Truck,Auto - GMC Truck Plant (Floorplan-New) - East,1/20/2026,251563,1/20/2026,8/20/2027,2026 GMC Truck GMC ACAD ELV,Automobile,GMC ACAD ELV,1GKENKKS8TJ251563,,"$48,088.95 ","$48,088.95 ",$0.00 ,,$0.00 ,$0.00 ,$0.00 ,"$48,088.95 ",$0.00 ,$0.00 ,$0.00 ,$0.00 ,$0.00 ,$198.96 ,$0.00 ,$0.00 ,$0.00 ,$198.96 ,$670.80 ,"$48,088.95 "
"3535 West Loop 820 South  Fort Worth, TX 76116",GMC Truck,Auto - GMC Truck Plant (Floorplan-New) - East,1/23/2026,254659,1/23/2026,8/23/2027,2026 GMC Truck GMC ACAD ELV,Automobile,GMC ACAD ELV,1GKENKKS3TJ254659,,"$47,811.45 ","$47,811.45 ",$0.00 ,,$0.00 ,$0.00 ,$0.00 ,"$47,811.45 ",$0.00 ,$0.00 ,$0.00 ,$0.00 ,$0.00 ,$197.81 ,$0.00 ,$0.00 ,$0.00 ,$197.81 ,$647.00 ,"$47,811.45 "
"3535 West Loop 820 South  Fort Worth, TX 76116",GMC Truck,Auto - GMC Truck Plant (Floorplan-New) - East,1/26/2026,256404,1/26/2026,8/26/2027,2026 GMC Truck GMC ACAD ELV,Automobile,GMC ACAD ELV,1GKENKKS2TJ256404,,"$47,256.45 ","$47,256.45 ",$0.00 ,,$0.00 ,$0.00 ,$0.00 ,"$47,256.45 ",$0.00 ,$0.00 ,$0.00 ,$0.00 ,$0.00 ,$195.52 ,$0.00 ,$0.00 ,$0.00 ,$195.52 ,$619.81 ,"$47,256.45 "
"3535 West Loop 820 South  Fort Worth, TX 76116",GMC Truck,Auto - GMC Truck Plant (Floorplan-New) - East,1/26/2026,256509,1/26/2026,8/26/2027,2026 GMC Truck GMC ACAD ELV,Automobile,GMC ACAD ELV,1GKENKKS5TJ256509,,"$47,256.45 ","$47,256.45 ",$0.00 ,,$0.00 ,$0.00 ,$0.00 ,"$47,256.45 ",$0.00 ,$0.00 ,$0.00 ,$0.00 ,$0.00 ,$195.52 ,$0.00 ,$0.00 ,$0.00 ,$195.52 ,$619.81 ,"$47,256.45 "
"3535 West Loop 820 South  Fort Worth, TX 76116",GMC Truck,Auto - GMC Truck Plant (Floorplan-New) - East,2/13/2026,260445,2/13/2026,9/13/2027,2026 GMC Truck GMC YUK 4XAT,Automobile,GMC YUK 4XAT,1GKS2WKL7TR260445,,"$100,234.28 ","$100,234.28 ",$0.00 ,,$0.00 ,$0.00 ,$0.00 ,"$100,234.28 ",$0.00 ,$0.00 ,$0.00 ,$0.00 ,$0.00 ,$414.70 ,$0.00 ,$0.00 ,$0.00 ,$414.70 ,"$1,064.94 ","$100,234.28 "
"3535 West Loop 820 South  Fort Worth, TX 76116",GMC Truck,Auto - GMC Truck Plant (Floorplan-New) - East,2/17/2026,262748,2/17/2026,9/17/2027,2026 GMC Truck GMC YUK 2XDE,Automobile,GMC YUK 2XDE,1GKS1JKL5TR262748,,"$92,440.15 ","$92,440.15 ",$0.00 ,,$0.00 ,$0.00 ,$0.00 ,"$92,440.15 ",$0.00 ,$0.00 ,$0.00 ,$0.00 ,$0.00 ,$382.46 ,$0.00 ,$0.00 ,$0.00 ,$382.46 ,$931.09 ,"$92,440.15 "
"3535 West Loop 820 South  Fort Worth, TX 76116",GMC Truck,Auto - GMC Truck Plant (Floorplan-New) - East,2/18/2026,265434,2/18/2026,9/18/2027,2026 GMC Truck GMC YUK 2XDE,Automobile,GMC YUK 2XDE,1GKS1JKL8TR265434,,"$92,995.15 ","$92,995.15 ",$0.00 ,,$0.00 ,$0.00 ,$0.00 ,"$92,995.15 ",$0.00 ,$0.00 ,$0.00 ,$0.00 ,$0.00 ,$384.75 ,$0.00 ,$0.00 ,$0.00 ,$384.75 ,$923.83 ,"$92,995.15 "
"3535 West Loop 820 South  Fort Worth, TX 76116",GMC Truck,Auto - GMC Truck Plant (Floorplan-New) - East,2/20/2026,267347,2/20/2026,9/20/2027,2026 GMC Truck GMC YUK 2XDE,Automobile,GMC YUK 2XDE,1GKS1JKL1TR267347,,"$92,440.15 ","$92,440.15 ",$0.00 ,,$0.00 ,$0.00 ,$0.00 ,"$92,440.15 ",$0.00 ,$0.00 ,$0.00 ,$0.00 ,$0.00 ,$382.46 ,$0.00 ,$0.00 ,$0.00 ,$382.46 ,$892.80 ,"$92,440.15 "
"3535 West Loop 820 South  Fort Worth, TX 76116",GMC Truck,Auto - GMC Truck Plant (Floorplan-New) - East,4/22/2026,267964,4/22/2026,11/22/2027,2026 GMC TRUCK YUKON,Automobile,YUKON,1GKS2EKL8TR267964,G36734,"$99,000.00 ",$0.00 ,"$99,000.00 ",4/22/2026,$0.00 ,$0.00 ,"$99,000.00 ","$99,000.00 ",$0.00 ,$0.00 ,$0.00 ,$0.00 ,$0.00 ,$122.88 ,$0.00 ,$0.00 ,$0.00 ,$122.88 ,$122.88 ,"$29,700.00 "
"3535 West Loop 820 South  Fort Worth, TX 76116",GMC Truck,Auto - GMC Truck Plant (Floorplan-New) - East,2/17/2026,269647,2/17/2026,9/17/2027,2026 GMC Truck GMC SIER 15D,Automobile,GMC SIER 15D,1GTUUGEL9TZ269647,G36698,"$79,231.15 ","$79,231.15 ",$0.00 ,,"($79,231.15)",$0.00 ,"($79,231.15)",$0.00 ,$0.00 ,$0.00 ,$0.00 ,$0.00 ,$0.00 ,$142.05 ,$0.00 ,$0.00 ,$0.00 ,$142.05 ,$612.28 ,"$34,333.50 "
"3535 West Loop 820 South  Fort Worth, TX 76116",GMC Truck,Auto - GMC Truck Plant (Floorplan-New) - East,2/11/2026,269885,2/11/2026,9/11/2027,2026 GMC Truck GMC ACAD ELV,Automobile,GMC ACAD ELV,1GKENKKSXTJ269885,,"$44,911.58 ","$44,911.58 ",$0.00 ,,$0.00 ,$0.00 ,$0.00 ,"$44,911.58 ",$0.00 ,$0.00 ,$0.00 ,$0.00 ,$0.00 ,$185.81 ,$0.00 ,$0.00 ,$0.00 ,$185.81 ,$489.56 ,"$44,911.58 "
"3535 West Loop 820 South  Fort Worth, TX 76116",GMC Truck,Auto - GMC Truck Plant (Floorplan-New) - East,2/12/2026,270300,2/12/2026,9/12/2027,2026 GMC Truck GMC ACAD ELV,Automobile,GMC ACAD ELV,1GKENKKS5TJ270300,,"$45,050.33 ","$45,050.33 ",$0.00 ,,$0.00 ,$0.00 ,$0.00 ,"$45,050.33 ",$0.00 ,$0.00 ,$0.00 ,$0.00 ,$0.00 ,$186.39 ,$0.00 ,$0.00 ,$0.00 ,$186.39 ,$484.87 ,"$45,050.33 "
"3535 West Loop 820 South  Fort Worth, TX 76116",GMC Truck,Auto - GMC Truck Plant (Floorplan-New) - East,2/13/2026,271536,2/13/2026,9/13/2027,2026 GMC Truck GMC ACAD ELV,Automobile,GMC ACAD ELV,1GKENKKS6TJ271536,G36301,"$45,466.58 ","$45,466.58 ",$0.00 ,,"($45,466.58)",$0.00 ,"($45,466.58)",$0.00 ,$0.00 ,$0.00 ,$0.00 ,$0.00 ,$0.00 ,$170.54 ,$0.00 ,$0.00 ,$0.00 ,$170.54 ,$465.50 ,"$41,219.17 "
"3535 West Loop 820 South  Fort Worth, TX 76116",GMC Truck,Auto - GMC Truck Plant (Floorplan-New) - East,2/26/2026,273809,2/26/2026,9/26/2027,2026 GMC Truck GMC YUK 4XDE,Automobile,GMC YUK 4XDE,1GKS2KKL6TR273809,G36357,"$107,850.28 ","$107,850.28 ",$0.00 ,,"($107,850.28)",$0.00 ,"($107,850.28)",$0.00 ,$0.00 ,$0.00 ,$0.00 ,$0.00 ,$0.00 ,$282.60 ,$0.00 ,$0.00 ,$0.00 ,$282.60 ,$788.64 ,"$68,305.18 "
"3535 West Loop 820 South  Fort Worth, TX 76116",GMC Truck,Auto - GMC Truck Plant (Floorplan-New) - East,2/10/2026,274721,2/10/2026,9/10/2027,2026 GMC Truck GMC SIER 15E,Automobile,GMC SIER 15E,1GTPHCED5TZ274721,G36252,"$61,568.68 ","$61,568.68 ",$0.00 ,,"($61,568.68)",$0.00 ,"($61,568.68)",$0.00 ,$0.00 ,$0.00 ,$0.00 ,$0.00 ,$0.00 ,$169.82 ,$0.00 ,$0.00 ,$0.00 ,$169.82 ,$594.74 ,"$41,045.79 "
"3535 West Loop 820 South  Fort Worth, TX 76116",GMC Truck,Auto - GMC Truck Plant (Floorplan-New) - East,2/27/2026,275639,2/27/2026,9/27/2027,2026 GMC Truck GMC YUK 4XEL,Automobile,GMC YUK 4XEL,1GKS2GKD9TR275639,,"$84,047.10 ","$84,047.10 ",$0.00 ,,$0.00 ,$0.00 ,$0.00 ,"$84,047.10 ",$0.00 ,$0.00 ,$0.00 ,$0.00 ,$0.00 ,$347.73 ,$0.00 ,$0.00 ,$0.00 ,$347.73 ,$730.48 ,"$84,047.10 "
"3535 West Loop 820 South  Fort Worth, TX 76116",GMC Truck,Auto - GMC Truck Plant (Floorplan-New) - East,2/27/2026,275891,2/27/2026,9/27/2027,2026 GMC Truck GMC YUK 2LEL,Automobile,GMC YUK 2LEL,1GKS1GKD4TR275891,,"$77,769.35 ","$77,769.35 ",$0.00 ,,$0.00 ,$0.00 ,$0.00 ,"$77,769.35 ",$0.00 ,$0.00 ,$0.00 ,$0.00 ,$0.00 ,$321.76 ,$0.00 ,$0.00 ,$0.00 ,$321.76 ,$675.93 ,"$77,769.35 "
"3535 West Loop 820 South  Fort Worth, TX 76116",GMC Truck,Auto - GMC Truck Plant (Floorplan-New) - East,2/27/2026,277149,2/27/2026,9/27/2027,2026 GMC Truck GMC YUK 2ELE,Automobile,GMC YUK 2ELE,1GKS1BKD5TR277149,G36360,"$70,820.98 ","$70,820.98 ",$0.00 ,,"($70,820.98)",$0.00 ,"($70,820.98)",$0.00 ,$0.00 ,$0.00 ,$0.00 ,$0.00 ,$0.00 ,$9.77 ,$0.00 ,$0.00 ,$0.00 ,$9.77 ,$332.29 ,"$2,360.70 "
"3535 West Loop 820 South  Fort Worth, TX 76116",GMC Truck,Auto - GMC Truck Plant (Floorplan-New) - East,2/9/2026,278147,2/9/2026,9/9/2027,2026 GMC Truck GMC SIER 15E,Automobile,GMC SIER 15E,1GTPHCED8TZ278147,,"$61,110.80 ","$61,110.80 ",$0.00 ,,$0.00 ,$0.00 ,$0.00 ,"$61,110.80 ",$0.00 ,$0.00 ,$0.00 ,$0.00 ,$0.00 ,$252.84 ,$0.00 ,$0.00 ,$0.00 ,$252.84 ,$683.04 ,"$61,110.80 "
"3535 West Loop 820 South  Fort Worth, TX 76116",GMC Truck,Auto - GMC Truck Plant (Floorplan-New) - East,2/9/2026,278162,2/9/2026,9/9/2027,2026 GMC Truck GMC SIER 15E,Automobile,GMC SIER 15E,1GTPHCED4TZ278162,G36236,"$61,568.68 ","$61,568.68 ",$0.00 ,,"($61,568.68)",$0.00 ,"($61,568.68)",$0.00 ,$0.00 ,$0.00 ,$0.00 ,$0.00 ,$0.00 ,$229.26 ,$0.00 ,$0.00 ,$0.00 ,$229.26 ,$662.68 ,"$55,411.81 "
"3535 West Loop 820 South  Fort Worth, TX 76116",GMC Truck,Auto - GMC Truck Plant (Floorplan-New) - East,2/10/2026,278493,2/10/2026,9/10/2027,2026 GMC Truck GMC SIER 15E,Automobile,GMC SIER 15E,1GTPHCED5TZ278493,G36342,"$61,110.80 ","$61,110.80 ",$0.00 ,,"($61,110.80)",$0.00 ,"($61,110.80)",$0.00 ,$0.00 ,$0.00 ,$0.00 ,$0.00 ,$0.00 ,$109.56 ,$0.00 ,$0.00 ,$0.00 ,$109.56 ,$531.32 ,"$26,481.35 "
"3535 West Loop 820 South  Fort Worth, TX 76116",GMC Truck,Auto - GMC Truck Plant (Floorplan-New) - East,3/5/2026,282344,3/5/2026,10/5/2027,2026 GMC Truck GMC YUK 4DEN,Automobile,GMC YUK 4DEN,1GKS2DKL6TR282344,,"$92,190.40 ","$92,190.40 ",$0.00 ,,$0.00 ,$0.00 ,$0.00 ,"$92,190.40 ",$0.00 ,$0.00 ,$0.00 ,$0.00 ,$0.00 ,$381.42 ,$0.00 ,$0.00 ,$0.00 ,$381.42 ,$724.90 ,"$92,190.40 "
"3535 West Loop 820 South  Fort Worth, TX 76116",GMC Truck,Auto - GMC Truck Plant (Floorplan-New) - East,3/6/2026,283984,3/6/2026,10/6/2027,2026 GMC Truck GMC YUK 4XDE,Automobile,GMC YUK 4XDE,1GKS2JKL5TR283984,,"$89,301.40 ","$89,301.40 ",$0.00 ,,$0.00 ,$0.00 ,$0.00 ,"$89,301.40 ",$0.00 ,$0.00 ,$0.00 ,$0.00 ,$0.00 ,$369.47 ,$0.00 ,$0.00 ,$0.00 ,$369.47 ,$689.86 ,"$89,301.40 "
"3535 West Loop 820 South  Fort Worth, TX 76116",GMC Truck,Auto - GMC Truck Plant (Floorplan-New) - East,3/6/2026,284369,3/6/2026,10/6/2027,2026 GMC Truck GMC YUK 4DEN,Automobile,GMC YUK 4DEN,1GKS2DKLXTR284369,G36409,"$92,255.15 ","$92,255.15 ",$0.00 ,,"($92,255.15)",$0.00 ,"($92,255.15)",$0.00 ,$0.00 ,$0.00 ,$0.00 ,$0.00 ,$0.00 ,$63.62 ,$0.00 ,$0.00 ,$0.00 ,$63.62 ,$394.61 ,"$15,375.86 "
"3535 West Loop 820 South  Fort Worth, TX 76116",GMC Truck,Auto - GMC Truck Plant (Floorplan-New) - East,2/24/2026,284445,2/24/2026,9/24/2027,2026 GMC Truck GMC SIER 15P,Automobile,GMC SIER 15P,3GTNHAEKXTG284445,G36354,"$39,540.18 ","$39,540.18 ",$0.00 ,,"($39,540.18)",$0.00 ,"($39,540.18)",$0.00 ,$0.00 ,$0.00 ,$0.00 ,$0.00 ,$0.00 ,$103.61 ,$0.00 ,$0.00 ,$0.00 ,$103.61 ,$300.06 ,"$25,042.11 "
"3535 West Loop 820 South  Fort Worth, TX 76116",GMC Truck,Auto - GMC Truck Plant (Floorplan-New) - East,2/20/2026,284450,2/20/2026,9/20/2027,2026 GMC Truck GMC SIER 15E,Automobile,GMC SIER 15E,1GTUUCE84TZ284450,G36340,"$65,565.23 ","$65,565.23 ",$0.00 ,,$0.00 ,$0.00 ,$0.00 ,"$65,565.23 ",$0.00 ,$0.00 ,$0.00 ,$0.00 ,$0.00 ,$271.27 ,$0.00 ,$0.00 ,$0.00 ,$271.27 ,$633.23 ,"$65,565.23 "
"3535 West Loop 820 South  Fort Worth, TX 76116",GMC Truck,Auto - GMC Truck Plant (Floorplan-New) - East,3/9/2026,284590,3/9/2026,10/9/2027,2026 GMC Truck GMC YUK 4XDE,Automobile,GMC YUK 4XDE,1GKS2JKL0TR284590,,"$91,794.28 ","$91,794.28 ",$0.00 ,,$0.00 ,$0.00 ,$0.00 ,"$91,794.28 ",$0.00 ,$0.00 ,$0.00 ,$0.00 ,$0.00 ,$379.78 ,$0.00 ,$0.00 ,$0.00 ,$379.78 ,$671.12 ,"$91,794.28 "
"3535 West Loop 820 South  Fort Worth, TX 76116",GMC Truck,Auto - GMC Truck Plant (Floorplan-New) - East,3/6/2026,284956,3/6/2026,10/6/2027,2026 GMC Truck GMC YUK 4XDE,Automobile,GMC YUK 4XDE,1GKS2JKL5TR284956,,"$91,794.28 ","$91,794.28 ",$0.00 ,,$0.00 ,$0.00 ,$0.00 ,"$91,794.28 ",$0.00 ,$0.00 ,$0.00 ,$0.00 ,$0.00 ,$379.78 ,$0.00 ,$0.00 ,$0.00 ,$379.78 ,$709.12 ,"$91,794.28 "
"3535 West Loop 820 South  Fort Worth, TX 76116",GMC Truck,Auto - GMC Truck Plant (Floorplan-New) - East,3/9/2026,285150,3/9/2026,10/9/2027,2026 GMC Truck GMC YUK 4XDE,Automobile,GMC YUK 4XDE,1GKS2JKLXTR285150,G36384,"$91,794.28 ","$91,794.28 ",$0.00 ,,$0.00 ,$0.00 ,$0.00 ,"$91,794.28 ",$0.00 ,$0.00 ,$0.00 ,$0.00 ,$0.00 ,$379.78 ,$0.00 ,$0.00 ,$0.00 ,$379.78 ,$671.12 ,"$91,794.28 "
"3535 West Loop 820 South  Fort Worth, TX 76116",GMC Truck,Auto - GMC Truck Plant (Floorplan-New) - East,3/10/2026,286602,3/10/2026,10/10/2027,2026 GMC Truck GMC YUK 4XEL,Automobile,GMC YUK 4XEL,1GKS2GKD8TR286602,,"$81,734.60 ","$81,734.60 ",$0.00 ,,$0.00 ,$0.00 ,$0.00 ,"$81,734.60 ",$0.00 ,$0.00 ,$0.00 ,$0.00 ,$0.00 ,$338.16 ,$0.00 ,$0.00 ,$0.00 ,$338.16 ,$586.29 ,"$81,734.60 "
"3535 West Loop 820 South  Fort Worth, TX 76116",GMC Truck,Auto - GMC Truck Plant (Floorplan-New) - East,5/23/2025,287373,5/23/2025,12/23/2026,2025 GMC Truck GMC SIER 15E,Automobile,GMC SIER 15E,1GTRHCED8SZ287373,,"$54,820.05 ","$54,820.05 ",$0.00 ,,$0.00 ,$0.00 ,$0.00 ,"$54,820.05 ",$0.00 ,$0.00 ,$0.00 ,$0.00 ,$0.00 ,$226.81 ,$0.00 ,$0.00 ,$0.00 ,$226.81 ,"$2,773.79 ","$54,820.05 "
"3535 West Loop 820 South  Fort Worth, TX 76116",GMC Truck,Auto - GMC Truck Plant (Floorplan-New) - East,3/10/2026,287503,3/10/2026,10/10/2027,2026 GMC Truck GMC YUK 4XEL,Automobile,GMC YUK 4XEL,1GKS2GKD0TR287503,G36427,"$81,734.60 ","$81,734.60 ",$0.00 ,,"($81,734.60)",$0.00 ,"($81,734.60)",$0.00 ,$0.00 ,$0.00 ,$0.00 ,$0.00 ,$0.00 ,$67.63 ,$0.00 ,$0.00 ,$0.00 ,$67.63 ,$315.76 ,"$16,346.92 "
"3535 West Loop 820 South  Fort Worth, TX 76116",GMC Truck,Auto - GMC Truck Plant (Floorplan-New) - East,3/11/2026,287784,3/11/2026,10/11/2027,2026 GMC Truck GMC YUK 4XEL,Automobile,GMC YUK 4XEL,1GKS2GKD1TR287784,,"$81,276.73 ","$81,276.73 ",$0.00 ,,$0.00 ,$0.00 ,$0.00 ,"$81,276.73 ",$0.00 ,$0.00 ,$0.00 ,$0.00 ,$0.00 ,$336.27 ,$0.00 ,$0.00 ,$0.00 ,$336.27 ,$571.80 ,"$81,276.73 "
"3535 West Loop 820 South  Fort Worth, TX 76116",GMC Truck,Auto - GMC Truck Plant (Floorplan-New) - East,3/13/2026,292875,3/13/2026,10/13/2027,2026 GMC Truck GMC YUK 4XDE,Automobile,GMC YUK 4XDE,1GKS2JKL1TR292875,,"$91,174.53 ","$91,174.53 ",$0.00 ,,$0.00 ,$0.00 ,$0.00 ,"$91,174.53 ",$0.00 ,$0.00 ,$0.00 ,$0.00 ,$0.00 ,$377.22 ,$0.00 ,$0.00 ,$0.00 ,$377.22 ,$616.27 ,"$91,174.53 "
"3535 West Loop 820 South  Fort Worth, TX 76116",GMC Truck,Auto - GMC Truck Plant (Floorplan-New) - East,3/6/2026,294315,3/6/2026,10/6/2027,2026 GMC Truck GMC SIER 15E,Automobile,GMC SIER 15E,3GTUUCED8TG294315,,"$63,960.35 ","$63,960.35 ",$0.00 ,,$0.00 ,$0.00 ,$0.00 ,"$63,960.35 ",$0.00 ,$0.00 ,$0.00 ,$0.00 ,$0.00 ,$264.63 ,$0.00 ,$0.00 ,$0.00 ,$264.63 ,$494.11 ,"$63,960.35 "
"3535 West Loop 820 South  Fort Worth, TX 76116",GMC Truck,Auto - GMC Truck Plant (Floorplan-New) - East,3/16/2026,294410,3/16/2026,10/16/2027,2026 GMC Truck GMC SIER 15E,Automobile,GMC SIER 15E,3GTUUCED2TG294410,,"$63,960.35 ","$63,960.35 ",$0.00 ,,$0.00 ,$0.00 ,$0.00 ,"$63,960.35 ",$0.00 ,$0.00 ,$0.00 ,$0.00 ,$0.00 ,$264.63 ,$0.00 ,$0.00 ,$0.00 ,$264.63 ,$405.85 ,"$63,960.35 "
"3535 West Loop 820 South  Fort Worth, TX 76116",GMC Truck,Auto - GMC Truck Plant (Floorplan-New) - East,3/17/2026,294590,3/17/2026,10/17/2027,2026 GMC Truck GMC YUK 4DEN,Automobile,GMC YUK 4DEN,1GKS2DKL4TR294590,,"$88,911.28 ","$88,911.28 ",$0.00 ,,$0.00 ,$0.00 ,$0.00 ,"$88,911.28 ",$0.00 ,$0.00 ,$0.00 ,$0.00 ,$0.00 ,$367.86 ,$0.00 ,$0.00 ,$0.00 ,$367.86 ,$551.90 ,"$88,911.28 "
"3535 West Loop 820 South  Fort Worth, TX 76116",GMC Truck,Auto - GMC Truck Plant (Floorplan-New) - East,3/24/2026,294802,3/24/2026,10/24/2027,2026 GMC Truck GMC SIER 15E,Automobile,GMC SIER 15E,3GTUUCED8TG294802,G36648,"$63,960.35 ","$63,960.35 ",$0.00 ,,"($63,960.35)",$0.00 ,"($63,960.35)",$0.00 ,$0.00 ,$0.00 ,$0.00 ,$0.00 ,$0.00 ,$114.67 ,$0.00 ,$0.00 ,$0.00 ,$114.67 ,$185.28 ,"$27,716.15 "
"3535 West Loop 820 South  Fort Worth, TX 76116",GMC Truck,Auto - GMC Truck Plant (Floorplan-New) - East,3/17/2026,294803,3/17/2026,10/17/2027,2026 GMC Truck GMC YUK 4DEN,Automobile,GMC YUK 4DEN,1GKS2DKL6TR294803,,"$88,911.28 ","$88,911.28 ",$0.00 ,,$0.00 ,$0.00 ,$0.00 ,"$88,911.28 ",$0.00 ,$0.00 ,$0.00 ,$0.00 ,$0.00 ,$367.86 ,$0.00 ,$0.00 ,$0.00 ,$367.86 ,$551.90 ,"$88,911.28 "
"3535 West Loop 820 South  Fort Worth, TX 76116",GMC Truck,Auto - GMC Truck Plant (Floorplan-New) - East,3/12/2026,294804,3/12/2026,10/12/2027,2026 GMC Truck GMC SIER 15D,Automobile,GMC SIER 15D,3GTPHGED0TG294804,G36580,"$67,381.35 ","$67,381.35 ",$0.00 ,,"($67,381.35)",$0.00 ,"($67,381.35)",$0.00 ,$0.00 ,$0.00 ,$0.00 ,$0.00 ,$0.00 ,$213.73 ,$0.00 ,$0.00 ,$0.00 ,$213.73 ,$399.69 ,"$51,659.04 "
"3535 West Loop 820 South  Fort Worth, TX 76116",GMC Truck,Auto - GMC Truck Plant (Floorplan-New) - East,3/13/2026,294811,3/13/2026,10/13/2027,2026 GMC Truck GMC SIER 15D,Automobile,GMC SIER 15D,3GTPHGED8TG294811,G36568,"$67,381.35 ","$67,381.35 ",$0.00 ,,"($67,381.35)",$0.00 ,"($67,381.35)",$0.00 ,$0.00 ,$0.00 ,$0.00 ,$0.00 ,$0.00 ,$130.10 ,$0.00 ,$0.00 ,$0.00 ,$130.10 ,$306.76 ,"$31,444.63 "
"3535 West Loop 820 South  Fort Worth, TX 76116",GMC Truck,Auto - GMC Truck Plant (Floorplan-New) - East,3/13/2026,294821,3/13/2026,10/13/2027,2026 GMC Truck GMC SIER 15E,Automobile,GMC SIER 15E,3GTPHCEDXTG294821,,"$60,204.30 ","$60,204.30 ",$0.00 ,,$0.00 ,$0.00 ,$0.00 ,"$60,204.30 ",$0.00 ,$0.00 ,$0.00 ,$0.00 ,$0.00 ,$249.09 ,$0.00 ,$0.00 ,$0.00 ,$249.09 ,$406.94 ,"$60,204.30 "
"3535 West Loop 820 South  Fort Worth, TX 76116",GMC Truck,Auto - GMC Truck Plant (Floorplan-New) - East,3/13/2026,294827,3/13/2026,10/13/2027,2026 GMC Truck GMC SIER 15E,Automobile,GMC SIER 15E,3GTPHCED0TG294827,,"$60,662.18 ","$60,662.18 ",$0.00 ,,$0.00 ,$0.00 ,$0.00 ,"$60,662.18 ",$0.00 ,$0.00 ,$0.00 ,$0.00 ,$0.00 ,$250.98 ,$0.00 ,$0.00 ,$0.00 ,$250.98 ,$410.03 ,"$60,662.18 "
"3535 West Loop 820 South  Fort Worth, TX 76116",GMC Truck,Auto - GMC Truck Plant (Floorplan-New) - East,3/17/2026,294868,3/17/2026,10/17/2027,2026 GMC Truck GMC YUK 4XDE,Automobile,GMC YUK 4XDE,1GKS2JKL3TR294868,,"$91,267.03 ","$91,267.03 ",$0.00 ,,$0.00 ,$0.00 ,$0.00 ,"$91,267.03 ",$0.00 ,$0.00 ,$0.00 ,$0.00 ,$0.00 ,$377.60 ,$0.00 ,$0.00 ,$0.00 ,$377.60 ,$566.51 ,"$91,267.03 "
"3535 West Loop 820 South  Fort Worth, TX 76116",GMC Truck,Auto - GMC Truck Plant (Floorplan-New) - East,3/16/2026,294882,3/16/2026,10/16/2027,2026 GMC Truck GMC SIER 15E,Automobile,GMC SIER 15E,3GTPHCED8TG294882,,"$60,204.30 ","$60,204.30 ",$0.00 ,,$0.00 ,$0.00 ,$0.00 ,"$60,204.30 ",$0.00 ,$0.00 ,$0.00 ,$0.00 ,$0.00 ,$249.09 ,$0.00 ,$0.00 ,$0.00 ,$249.09 ,$382.01 ,"$60,204.30 "
"3535 West Loop 820 South  Fort Worth, TX 76116",GMC Truck,Auto - GMC Truck Plant (Floorplan-New) - East,3/12/2026,294886,3/12/2026,10/12/2027,2026 GMC Truck GMC SIER 15E,Automobile,GMC SIER 15E,3GTUUCED7TG294886,G36557,"$63,960.35 ","$63,960.35 ",$0.00 ,,"($63,960.35)",$0.00 ,"($63,960.35)",$0.00 ,$0.00 ,$0.00 ,$0.00 ,$0.00 ,$0.00 ,$52.93 ,$0.00 ,$0.00 ,$0.00 ,$52.93 ,$229.45 ,"$12,792.07 "
"3535 West Loop 820 South  Fort Worth, TX 76116",GMC Truck,Auto - GMC Truck Plant (Floorplan-New) - East,3/12/2026,294937,3/12/2026,10/12/2027,2026 GMC Truck GMC SIER 15D,Automobile,GMC SIER 15D,3GTPHGED8TG294937,G36614,"$67,381.35 ","$67,381.35 ",$0.00 ,,"($67,381.35)",$0.00 ,"($67,381.35)",$0.00 ,$0.00 ,$0.00 ,$0.00 ,$0.00 ,$0.00 ,$176.56 ,$0.00 ,$0.00 ,$0.00 ,$176.56 ,$362.52 ,"$42,674.86 "
"3535 West Loop 820 South  Fort Worth, TX 76116",GMC Truck,Auto - GMC Truck Plant (Floorplan-New) - East,3/6/2026,294944,3/6/2026,10/6/2027,2026 GMC Truck GMC SIER 15E,Automobile,GMC SIER 15E,3GTPHCED4TG294944,,"$60,662.18 ","$60,662.18 ",$0.00 ,,$0.00 ,$0.00 ,$0.00 ,"$60,662.18 ",$0.00 ,$0.00 ,$0.00 ,$0.00 ,$0.00 ,$250.98 ,$0.00 ,$0.00 ,$0.00 ,$250.98 ,$468.62 ,"$60,662.18 "
"3535 West Loop 820 South  Fort Worth, TX 76116",GMC Truck,Auto - GMC Truck Plant (Floorplan-New) - East,3/12/2026,294947,3/12/2026,10/12/2027,2026 GMC Truck GMC SIER 15E,Automobile,GMC SIER 15E,3GTUUCED1TG294947,G36588,"$63,960.35 ","$63,960.35 ",$0.00 ,,"($63,960.35)",$0.00 ,"($63,960.35)",$0.00 ,$0.00 ,$0.00 ,$0.00 ,$0.00 ,$0.00 ,$185.24 ,$0.00 ,$0.00 ,$0.00 ,$185.24 ,$361.76 ,"$44,772.25 "
"3535 West Loop 820 South  Fort Worth, TX 76116",GMC Truck,Auto - GMC Truck Plant (Floorplan-New) - East,3/16/2026,294953,3/16/2026,10/16/2027,2026 GMC Truck GMC SIER 15E,Automobile,GMC SIER 15E,3GTPHCED5TG294953,G36632,"$60,662.18 ","$60,662.18 ",$0.00 ,,"($60,662.18)",$0.00 ,"($60,662.18)",$0.00 ,$0.00 ,$0.00 ,$0.00 ,$0.00 ,$0.00 ,$192.42 ,$0.00 ,$0.00 ,$0.00 ,$192.42 ,$326.35 ,"$46,507.67 "
"3535 West Loop 820 South  Fort Worth, TX 76116",GMC Truck,Auto - GMC Truck Plant (Floorplan-New) - East,3/17/2026,294955,3/17/2026,10/17/2027,2026 GMC Truck GMC SIER 15E,Automobile,GMC SIER 15E,3GTUUCED0TG294955,G36669,"$64,418.23 ","$64,418.23 ",$0.00 ,,"($64,418.23)",$0.00 ,"($64,418.23)",$0.00 ,$0.00 ,$0.00 ,$0.00 ,$0.00 ,$0.00 ,$186.56 ,$0.00 ,$0.00 ,$0.00 ,$186.56 ,$319.90 ,"$45,092.76 "
"3535 West Loop 820 South  Fort Worth, TX 76116",GMC Truck,Auto - GMC Truck Plant (Floorplan-New) - East,3/17/2026,294959,3/17/2026,10/17/2027,2026 GMC Truck GMC SIER 15E,Automobile,GMC SIER 15E,3GTUUCED8TG294959,G36581,"$64,418.23 ","$64,418.23 ",$0.00 ,,"($64,418.23)",$0.00 ,"($64,418.23)",$0.00 ,$0.00 ,$0.00 ,$0.00 ,$0.00 ,$0.00 ,$53.30 ,$0.00 ,$0.00 ,$0.00 ,$53.30 ,$186.64 ,"$12,883.65 "
"3535 West Loop 820 South  Fort Worth, TX 76116",GMC Truck,Auto - GMC Truck Plant (Floorplan-New) - East,3/12/2026,295013,3/12/2026,10/12/2027,2026 GMC Truck GMC SIER 15E,Automobile,GMC SIER 15E,3GTPHCED6TG295013,G36526,"$60,662.18 ","$60,662.18 ",$0.00 ,,"($60,662.18)",$0.00 ,"($60,662.18)",$0.00 ,$0.00 ,$0.00 ,$0.00 ,$0.00 ,$0.00 ,$184.05 ,$0.00 ,$0.00 ,$0.00 ,$184.05 ,$351.47 ,"$44,485.60 "
"3535 West Loop 820 South  Fort Worth, TX 76116",GMC Truck,Auto - GMC Truck Plant (Floorplan-New) - East,3/12/2026,295018,3/12/2026,10/12/2027,2026 GMC Truck GMC SIER 15E,Automobile,GMC SIER 15E,3GTPHCED5TG295018,G36585,"$60,662.18 ","$60,662.18 ",$0.00 ,,"($60,662.18)",$0.00 ,"($60,662.18)",$0.00 ,$0.00 ,$0.00 ,$0.00 ,$0.00 ,$0.00 ,$225.88 ,$0.00 ,$0.00 ,$0.00 ,$225.88 ,$393.30 ,"$54,595.96 "
"3535 West Loop 820 South  Fort Worth, TX 76116",GMC Truck,Auto - GMC Truck Plant (Floorplan-New) - East,3/12/2026,295021,3/12/2026,10/12/2027,2026 GMC Truck GMC SIER 15E,Automobile,GMC SIER 15E,3GTPHCED5TG295021,,"$60,662.18 ","$60,662.18 ",$0.00 ,,$0.00 ,$0.00 ,$0.00 ,"$60,662.18 ",$0.00 ,$0.00 ,$0.00 ,$0.00 ,$0.00 ,$250.98 ,$0.00 ,$0.00 ,$0.00 ,$250.98 ,$418.40 ,"$60,662.18 "
"3535 West Loop 820 South  Fort Worth, TX 76116",GMC Truck,Auto - GMC Truck Plant (Floorplan-New) - East,3/12/2026,295132,3/12/2026,10/12/2027,2026 GMC Truck GMC SIER 15E,Automobile,GMC SIER 15E,3GTPHCED3TG295132,,"$60,662.18 ","$60,662.18 ",$0.00 ,,$0.00 ,$0.00 ,$0.00 ,"$60,662.18 ",$0.00 ,$0.00 ,$0.00 ,$0.00 ,$0.00 ,$250.98 ,$0.00 ,$0.00 ,$0.00 ,$250.98 ,$418.40 ,"$60,662.18 "
"3535 West Loop 820 South  Fort Worth, TX 76116",GMC Truck,Auto - GMC Truck Plant (Floorplan-New) - East,3/17/2026,295136,3/17/2026,10/17/2027,2026 GMC Truck GMC SIER 15E,Automobile,GMC SIER 15E,3GTPHCED0TG295136,G36673,"$60,204.30 ","$60,204.30 ",$0.00 ,,$0.00 ,$0.00 ,$0.00 ,"$60,204.30 ",$0.00 ,$0.00 ,$0.00 ,$0.00 ,$0.00 ,$249.09 ,$0.00 ,$0.00 ,$0.00 ,$249.09 ,$373.71 ,"$60,204.30 "
"3535 West Loop 820 South  Fort Worth, TX 76116",GMC Truck,Auto - GMC Truck Plant (Floorplan-New) - East,3/12/2026,295139,3/12/2026,10/12/2027,2026 GMC Truck GMC SIER 15E,Automobile,GMC SIER 15E,3GTUUCED8TG295139,G36601,"$64,418.23 ","$64,418.23 ",$0.00 ,,"($64,418.23)",$0.00 ,"($64,418.23)",$0.00 ,$0.00 ,$0.00 ,$0.00 ,$0.00 ,$0.00 ,$239.87 ,$0.00 ,$0.00 ,$0.00 ,$239.87 ,$417.65 ,"$57,976.41 "
"3535 West Loop 820 South  Fort Worth, TX 76116",GMC Truck,Auto - GMC Truck Plant (Floorplan-New) - East,3/11/2026,295143,3/11/2026,10/11/2027,2026 GMC Truck GMC SIER 15E,Automobile,GMC SIER 15E,3GTUUCEDXTG295143,,"$64,418.23 ","$64,418.23 ",$0.00 ,,$0.00 ,$0.00 ,$0.00 ,"$64,418.23 ",$0.00 ,$0.00 ,$0.00 ,$0.00 ,$0.00 ,$266.52 ,$0.00 ,$0.00 ,$0.00 ,$266.52 ,$453.19 ,"$64,418.23 "
"3535 West Loop 820 South  Fort Worth, TX 76116",GMC Truck,Auto - GMC Truck Plant (Floorplan-New) - East,3/12/2026,295147,3/12/2026,10/12/2027,2026 GMC Truck GMC SIER 15E,Automobile,GMC SIER 15E,3GTUUCED7TG295147,G36582,"$64,418.23 ","$64,418.23 ",$0.00 ,,"($64,418.23)",$0.00 ,"($64,418.23)",$0.00 ,$0.00 ,$0.00 ,$0.00 ,$0.00 ,$0.00 ,$79.96 ,$0.00 ,$0.00 ,$0.00 ,$79.96 ,$257.74 ,"$19,325.47 "
"3535 West Loop 820 South  Fort Worth, TX 76116",GMC Truck,Auto - GMC Truck Plant (Floorplan-New) - East,3/6/2026,295213,3/6/2026,10/6/2027,2026 GMC Truck GMC SIER 15D,Automobile,GMC SIER 15D,3GTPHGED4TG295213,G36487,"$67,936.35 ","$67,936.35 ",$0.00 ,,"($67,936.35)",$0.00 ,"($67,936.35)",$0.00 ,$0.00 ,$0.00 ,$0.00 ,$0.00 ,$0.00 ,$74.95 ,$0.00 ,$0.00 ,$0.00 ,$74.95 ,$318.69 ,"$18,116.36 "
"3535 West Loop 820 South  Fort Worth, TX 76116",GMC Truck,Auto - GMC Truck Plant (Floorplan-New) - East,3/6/2026,295280,3/6/2026,10/6/2027,2026 GMC Truck GMC SIER 15D,Automobile,GMC SIER 15D,3GTPHGED8TG295280,G36569,"$67,381.35 ","$67,381.35 ",$0.00 ,,"($67,381.35)",$0.00 ,"($67,381.35)",$0.00 ,$0.00 ,$0.00 ,$0.00 ,$0.00 ,$0.00 ,$111.51 ,$0.00 ,$0.00 ,$0.00 ,$111.51 ,$353.26 ,"$26,952.54 "
"3535 West Loop 820 South  Fort Worth, TX 76116",GMC Truck,Auto - GMC Truck Plant (Floorplan-New) - East,3/16/2026,295308,3/16/2026,10/16/2027,2026 GMC Truck GMC SIER 15D,Automobile,GMC SIER 15D,3GTPHGED4TG295308,G36606,"$67,381.35 ","$67,381.35 ",$0.00 ,,"($67,381.35)",$0.00 ,"($67,381.35)",$0.00 ,$0.00 ,$0.00 ,$0.00 ,$0.00 ,$0.00 ,$130.10 ,$0.00 ,$0.00 ,$0.00 ,$130.10 ,$278.87 ,"$31,444.63 "
"3535 West Loop 820 South  Fort Worth, TX 76116",GMC Truck,Auto - GMC Truck Plant (Floorplan-New) - East,3/17/2026,295428,3/17/2026,10/17/2027,2026 GMC Truck GMC YUK 4DEN,Automobile,GMC YUK 4DEN,1GKS2DKL0TR295428,,"$89,466.28 ","$89,466.28 ",$0.00 ,,$0.00 ,$0.00 ,$0.00 ,"$89,466.28 ",$0.00 ,$0.00 ,$0.00 ,$0.00 ,$0.00 ,$370.15 ,$0.00 ,$0.00 ,$0.00 ,$370.15 ,$555.33 ,"$89,466.28 "
"3535 West Loop 820 South  Fort Worth, TX 76116",GMC Truck,Auto - GMC Truck Plant (Floorplan-New) - East,3/17/2026,295448,3/17/2026,10/17/2027,2026 GMC Truck GMC YUK 4DEN,Automobile,GMC YUK 4DEN,1GKS2DKL6TR295448,G36500,"$89,466.28 ","$89,466.28 ",$0.00 ,,$0.00 ,$0.00 ,$0.00 ,"$89,466.28 ",$0.00 ,$0.00 ,$0.00 ,$0.00 ,$0.00 ,$370.15 ,$0.00 ,$0.00 ,$0.00 ,$370.15 ,$555.33 ,"$89,466.28 "
"3535 West Loop 820 South  Fort Worth, TX 76116",GMC Truck,Auto - GMC Truck Plant (Floorplan-New) - East,3/10/2026,295545,3/10/2026,10/10/2027,2026 GMC Truck GMC SIER 15D,Automobile,GMC SIER 15D,3GTPHGED7TG295545,G36508,"$67,381.35 ","$67,381.35 ",$0.00 ,,"($67,381.35)",$0.00 ,"($67,381.35)",$0.00 ,$0.00 ,$0.00 ,$0.00 ,$0.00 ,$0.00 ,$130.10 ,$0.00 ,$0.00 ,$0.00 ,$130.10 ,$334.66 ,"$31,444.63 "
"3535 West Loop 820 South  Fort Worth, TX 76116",GMC Truck,Auto - GMC Truck Plant (Floorplan-New) - East,3/24/2026,296696,3/24/2026,10/24/2027,2026 GMC Truck GMC SIER 15A,Automobile,GMC SIER 15A,3GTUUEEL8TG296696,G36695,"$71,914.00 ","$71,914.00 ",$0.00 ,,"($71,914.00)",$0.00 ,"($71,914.00)",$0.00 ,$0.00 ,$0.00 ,$0.00 ,$0.00 ,$0.00 ,$198.35 ,$0.00 ,$0.00 ,$0.00 ,$198.35 ,$277.74 ,"$47,942.67 "
"3535 West Loop 820 South  Fort Worth, TX 76116",GMC Truck,Auto - GMC Truck Plant (Floorplan-New) - East,3/12/2026,296760,3/12/2026,10/12/2027,2026 GMC Truck GMC SIER 15A,Automobile,GMC SIER 15A,3GTUUEEL2TG296760,G36618,"$71,914.00 ","$71,914.00 ",$0.00 ,,"($71,914.00)",$0.00 ,"($71,914.00)",$0.00 ,$0.00 ,$0.00 ,$0.00 ,$0.00 ,$0.00 ,$228.11 ,$0.00 ,$0.00 ,$0.00 ,$228.11 ,$426.58 ,"$55,134.07 "
"3535 West Loop 820 South  Fort Worth, TX 76116",GMC Truck,Auto - GMC Truck Plant (Floorplan-New) - East,3/20/2026,297408,3/20/2026,10/20/2027,2026 GMC Truck GMC SIER 15A,Automobile,GMC SIER 15A,3GTUUEEL4TG297408,G36664,"$72,371.88 ","$72,371.88 ",$0.00 ,,"($72,371.88)",$0.00 ,"($72,371.88)",$0.00 ,$0.00 ,$0.00 ,$0.00 ,$0.00 ,$0.00 ,$129.75 ,$0.00 ,$0.00 ,$0.00 ,$129.75 ,$249.59 ,"$31,361.15 "
"3535 West Loop 820 South  Fort Worth, TX 76116",GMC Truck,Auto - GMC Truck Plant (Floorplan-New) - East,3/27/2026,297424,3/27/2026,10/27/2027,2026 GMC Truck GMC SIER 15A,Automobile,GMC SIER 15A,3GTUUEEL2TG297424,G36691,"$72,371.88 ","$72,371.88 ",$0.00 ,,"($72,371.88)",$0.00 ,"($72,371.88)",$0.00 ,$0.00 ,$0.00 ,$0.00 ,$0.00 ,$0.00 ,$269.48 ,$0.00 ,$0.00 ,$0.00 ,$269.48 ,$319.41 ,"$65,134.69 "
"3535 West Loop 820 South  Fort Worth, TX 76116",GMC Truck,Auto - GMC Truck Plant (Floorplan-New) - East,3/23/2026,297663,3/23/2026,10/23/2027,2026 GMC Truck GMC SIER 15A,Automobile,GMC SIER 15A,3GTUUEEL9TG297663,G36631,"$72,371.88 ","$72,371.88 ",$0.00 ,,"($72,371.88)",$0.00 ,"($72,371.88)",$0.00 ,$0.00 ,$0.00 ,$0.00 ,$0.00 ,$0.00 ,$59.89 ,$0.00 ,$0.00 ,$0.00 ,$59.89 ,$149.77 ,"$14,474.38 "
"3535 West Loop 820 South  Fort Worth, TX 76116",GMC Truck,Auto - GMC Truck Plant (Floorplan-New) - East,3/19/2026,297675,3/19/2026,10/19/2027,2026 GMC Truck GMC SIER 15A,Automobile,GMC SIER 15A,3GTUUEEL5TG297675,G36663,"$72,371.88 ","$72,371.88 ",$0.00 ,,"($72,371.88)",$0.00 ,"($72,371.88)",$0.00 ,$0.00 ,$0.00 ,$0.00 ,$0.00 ,$0.00 ,$129.75 ,$0.00 ,$0.00 ,$0.00 ,$129.75 ,$259.58 ,"$31,361.15 "
"3535 West Loop 820 South  Fort Worth, TX 76116",GMC Truck,Auto - GMC Truck Plant (Floorplan-New) - East,3/18/2026,297714,3/18/2026,10/18/2027,2026 GMC Truck GMC SIER 15A,Automobile,GMC SIER 15A,3GTUUEEL0TG297714,G36564,"$72,371.88 ","$72,371.88 ",$0.00 ,,"($72,371.88)",$0.00 ,"($72,371.88)",$0.00 ,$0.00 ,$0.00 ,$0.00 ,$0.00 ,$0.00 ,$59.89 ,$0.00 ,$0.00 ,$0.00 ,$59.89 ,$199.70 ,"$14,474.38 "
"3535 West Loop 820 South  Fort Worth, TX 76116",GMC Truck,Auto - GMC Truck Plant (Floorplan-New) - East,3/9/2026,297921,3/9/2026,10/9/2027,2026 GMC Truck GMC SIER 15A,Automobile,GMC SIER 15A,3GTUUEEL5TG297921,G36499,"$72,510.63 ","$72,510.63 ",$0.00 ,,"($72,510.63)",$0.00 ,"($72,510.63)",$0.00 ,$0.00 ,$0.00 ,$0.00 ,$0.00 ,$0.00 ,$60.00 ,$0.00 ,$0.00 ,$0.00 ,$60.00 ,$290.13 ,"$14,502.13 "
"3535 West Loop 820 South  Fort Worth, TX 76116",GMC Truck,Auto - GMC Truck Plant (Floorplan-New) - East,3/9/2026,297961,3/9/2026,10/9/2027,2026 GMC Truck GMC SIER 15A,Automobile,GMC SIER 15A,3GTUUEEL6TG297961,G36534,"$72,510.63 ","$72,510.63 ",$0.00 ,,"($72,510.63)",$0.00 ,"($72,510.63)",$0.00 ,$0.00 ,$0.00 ,$0.00 ,$0.00 ,$0.00 ,$190.00 ,$0.00 ,$0.00 ,$0.00 ,$190.00 ,$420.13 ,"$45,923.40 "
"3535 West Loop 820 South  Fort Worth, TX 76116",GMC Truck,Auto - GMC Truck Plant (Floorplan-New) - East,3/18/2026,298056,3/18/2026,10/18/2027,2026 GMC Truck GMC SIER 15D,Automobile,GMC SIER 15D,3GTUUGELXTG298056,G36607,"$74,203.78 ","$74,203.78 ",$0.00 ,,"($74,203.78)",$0.00 ,"($74,203.78)",$0.00 ,$0.00 ,$0.00 ,$0.00 ,$0.00 ,$0.00 ,$296.77 ,$0.00 ,$0.00 ,$0.00 ,$296.77 ,$440.12 ,"$71,730.32 "
"3535 West Loop 820 South  Fort Worth, TX 76116",GMC Truck,Auto - GMC Truck Plant (Floorplan-New) - East,3/13/2026,298057,3/13/2026,10/13/2027,2026 GMC Truck GMC SIER 15D,Automobile,GMC SIER 15D,3GTUUGEL1TG298057,G36613,"$74,203.78 ","$74,203.78 ",$0.00 ,,"($74,203.78)",$0.00 ,"($74,203.78)",$0.00 ,$0.00 ,$0.00 ,$0.00 ,$0.00 ,$0.00 ,$296.77 ,$0.00 ,$0.00 ,$0.00 ,$296.77 ,$491.32 ,"$71,730.32 "
"3535 West Loop 820 South  Fort Worth, TX 76116",GMC Truck,Auto - GMC Truck Plant (Floorplan-New) - East,3/9/2026,298058,3/9/2026,10/9/2027,2026 GMC Truck GMC SIER 15D,Automobile,GMC SIER 15D,3GTUUGEL3TG298058,G36489,"$74,203.78 ","$74,203.78 ",$0.00 ,,"($74,203.78)",$0.00 ,"($74,203.78)",$0.00 ,$0.00 ,$0.00 ,$0.00 ,$0.00 ,$0.00 ,$276.31 ,$0.00 ,$0.00 ,$0.00 ,$276.31 ,$511.82 ,"$66,783.40 "
"3535 West Loop 820 South  Fort Worth, TX 76116",GMC Truck,Auto - GMC Truck Plant (Floorplan-New) - East,3/10/2026,298061,3/10/2026,10/10/2027,2026 GMC Truck GMC SIER 15D,Automobile,GMC SIER 15D,3GTUUGEL3TG298061,G36529,"$74,758.78 ","$74,758.78 ",$0.00 ,,"($74,758.78)",$0.00 ,"($74,758.78)",$0.00 ,$0.00 ,$0.00 ,$0.00 ,$0.00 ,$0.00 ,$226.82 ,$0.00 ,$0.00 ,$0.00 ,$226.82 ,$453.77 ,"$54,823.11 "
"3535 West Loop 820 South  Fort Worth, TX 76116",GMC Truck,Auto - GMC Truck Plant (Floorplan-New) - East,3/9/2026,298863,3/9/2026,10/9/2027,2026 GMC Truck GMC SIER 15D,Automobile,GMC SIER 15D,3GTUUGEL6TG298863,G36440,"$74,758.78 ","$74,758.78 ",$0.00 ,,"($74,758.78)",$0.00 ,"($74,758.78)",$0.00 ,$0.00 ,$0.00 ,$0.00 ,$0.00 ,$0.00 ,$195.89 ,$0.00 ,$0.00 ,$0.00 ,$195.89 ,$433.16 ,"$47,347.23 "
"3535 West Loop 820 South  Fort Worth, TX 76116",GMC Truck,Auto - GMC Truck Plant (Floorplan-New) - East,3/10/2026,298864,3/10/2026,10/10/2027,2026 GMC Truck GMC SIER 15D,Automobile,GMC SIER 15D,3GTUUGEL8TG298864,,"$74,203.78 ","$74,203.78 ",$0.00 ,,$0.00 ,$0.00 ,$0.00 ,"$74,203.78 ",$0.00 ,$0.00 ,$0.00 ,$0.00 ,$0.00 ,$307.01 ,$0.00 ,$0.00 ,$0.00 ,$307.01 ,$532.28 ,"$74,203.78 "
"3535 West Loop 820 South  Fort Worth, TX 76116",GMC Truck,Auto - GMC Truck Plant (Floorplan-New) - East,3/11/2026,298865,3/11/2026,10/11/2027,2026 GMC Truck GMC SIER 15D,Automobile,GMC SIER 15D,3GTUUGELXTG298865,,"$74,203.78 ","$74,203.78 ",$0.00 ,,$0.00 ,$0.00 ,$0.00 ,"$74,203.78 ",$0.00 ,$0.00 ,$0.00 ,$0.00 ,$0.00 ,$307.01 ,$0.00 ,$0.00 ,$0.00 ,$307.01 ,$522.04 ,"$74,203.78 "
"3535 West Loop 820 South  Fort Worth, TX 76116",GMC Truck,Auto - GMC Truck Plant (Floorplan-New) - East,3/11/2026,298867,3/11/2026,10/11/2027,2026 GMC Truck GMC SIER 15D,Automobile,GMC SIER 15D,3GTUUGEL3TG298867,,"$74,203.78 ","$74,203.78 ",$0.00 ,,$0.00 ,$0.00 ,$0.00 ,"$74,203.78 ",$0.00 ,$0.00 ,$0.00 ,$0.00 ,$0.00 ,$307.01 ,$0.00 ,$0.00 ,$0.00 ,$307.01 ,$522.04 ,"$74,203.78 "
"3535 West Loop 820 South  Fort Worth, TX 76116",GMC Truck,Auto - GMC Truck Plant (Floorplan-New) - East,3/20/2026,300427,3/20/2026,10/20/2027,2026 GMC Truck GMC YUK 4ELE,Automobile,GMC YUK 4ELE,1GKS2BKD7TR300427,36535,"$76,890.60 ","$76,890.60 ",$0.00 ,,"($76,890.60)",$0.00 ,"($76,890.60)",$0.00 ,$0.00 ,$0.00 ,$0.00 ,$0.00 ,$0.00 ,$159.06 ,$0.00 ,$0.00 ,$0.00 ,$159.06 ,$286.38 ,"$38,445.30 "
"3535 West Loop 820 South  Fort Worth, TX 76116",GMC Truck,Auto - GMC Truck Plant (Floorplan-New) - East,3/25/2026,300976,3/25/2026,10/25/2027,2026 GMC Truck GMC SIER 15L,Automobile,GMC SIER 15L,3GTUUDEDXTG300976,G36639,"$64,537.20 ","$64,537.20 ",$0.00 ,,"($64,537.20)",$0.00 ,"($64,537.20)",$0.00 ,$0.00 ,$0.00 ,$0.00 ,$0.00 ,$0.00 ,$115.71 ,$0.00 ,$0.00 ,$0.00 ,$115.71 ,$178.05 ,"$27,966.12 "
"3535 West Loop 820 South  Fort Worth, TX 76116",GMC Truck,Auto - GMC Truck Plant (Floorplan-New) - East,3/23/2026,301063,3/23/2026,10/23/2027,2026 GMC Truck GMC YUK 4ELE,Automobile,GMC YUK 4ELE,1GKS2BKD0TR301063,G36573,"$76,890.60 ","$76,890.60 ",$0.00 ,,"($76,890.60)",$0.00 ,"($76,890.60)",$0.00 ,$0.00 ,$0.00 ,$0.00 ,$0.00 ,$0.00 ,$212.08 ,$0.00 ,$0.00 ,$0.00 ,$212.08 ,$307.57 ,"$51,260.40 "
"3535 West Loop 820 South  Fort Worth, TX 76116",GMC Truck,Auto - GMC Truck Plant (Floorplan-New) - East,4/22/2026,301194,4/22/2026,11/22/2027,2026 GMC TRUCK YUKON,Automobile,YUKON,1GKS2DKL0TR301194,G36661,"$87,000.00 ",$0.00 ,"$87,000.00 ",4/22/2026,"($87,000.00)",$0.00 ,$0.00 ,$0.00 ,$0.00 ,$0.00 ,$0.00 ,$0.00 ,$0.00 ,$83.99 ,$0.00 ,$0.00 ,$0.00 ,$83.99 ,$83.99 ,"$20,300.00 "
"3535 West Loop 820 South  Fort Worth, TX 76116",GMC Truck,Auto - GMC Truck Plant (Floorplan-New) - East,3/2/2026,301444,3/2/2026,10/2/2027,2026 GMC Truck GMC SIER 15E,Automobile,GMC SIER 15E,1GTPHCEDXTZ301444,G36387,"$57,776.18 ","$57,776.18 ",$0.00 ,,"($57,776.18)",$0.00 ,"($57,776.18)",$0.00 ,$0.00 ,$0.00 ,$0.00 ,$0.00 ,$0.00 ,$103.58 ,$0.00 ,$0.00 ,$0.00 ,$103.58 ,$342.76 ,"$25,036.34 "
"3535 West Loop 820 South  Fort Worth, TX 76116",GMC Truck,Auto - GMC Truck Plant (Floorplan-New) - East,3/9/2026,301807,3/9/2026,10/9/2027,2026 GMC Truck GMC SIER 15E,Automobile,GMC SIER 15E,3GTPHCED9TG301807,,"$60,204.30 ","$60,204.30 ",$0.00 ,,$0.00 ,$0.00 ,$0.00 ,"$60,204.30 ",$0.00 ,$0.00 ,$0.00 ,$0.00 ,$0.00 ,$249.09 ,$0.00 ,$0.00 ,$0.00 ,$249.09 ,$440.17 ,"$60,204.30 "
"3535 West Loop 820 South  Fort Worth, TX 76116",GMC Truck,Auto - GMC Truck Plant (Floorplan-New) - East,3/4/2026,302050,3/4/2026,10/4/2027,2026 GMC Truck GMC SIER 15E,Automobile,GMC SIER 15E,1GTRHCED4TZ302050,,"$57,966.88 ","$57,966.88 ",$0.00 ,,$0.00 ,$0.00 ,$0.00 ,"$57,966.88 ",$0.00 ,$0.00 ,$0.00 ,$0.00 ,$0.00 ,$239.83 ,$0.00 ,$0.00 ,$0.00 ,$239.83 ,$463.80 ,"$57,966.88 "
"3535 West Loop 820 South  Fort Worth, TX 76116",GMC Truck,Auto - GMC Truck Plant (Floorplan-New) - East,3/24/2026,302091,3/24/2026,10/24/2027,2026 GMC Truck GMC YUK 2ELE,Automobile,GMC YUK 2ELE,1GKS1BKD6TR302091,G36571,"$70,363.10 ","$70,363.10 ",$0.00 ,,"($70,363.10)",$0.00 ,"($70,363.10)",$0.00 ,$0.00 ,$0.00 ,$0.00 ,$0.00 ,$0.00 ,$9.70 ,$0.00 ,$0.00 ,$0.00 ,$9.70 ,$87.38 ,"$2,345.44 "
"3535 West Loop 820 South  Fort Worth, TX 76116",GMC Truck,Auto - GMC Truck Plant (Floorplan-New) - East,3/10/2026,302117,3/10/2026,10/10/2027,2026 GMC Truck GMC SIER 15E,Automobile,GMC SIER 15E,3GTPHCED0TG302117,,"$60,662.18 ","$60,662.18 ",$0.00 ,,$0.00 ,$0.00 ,$0.00 ,"$60,662.18 ",$0.00 ,$0.00 ,$0.00 ,$0.00 ,$0.00 ,$250.98 ,$0.00 ,$0.00 ,$0.00 ,$250.98 ,$435.14 ,"$60,662.18 "
"3535 West Loop 820 South  Fort Worth, TX 76116",GMC Truck,Auto - GMC Truck Plant (Floorplan-New) - East,3/11/2026,302749,3/11/2026,10/11/2027,2026 GMC Truck GMC SIER 15E,Automobile,GMC SIER 15E,3GTPHCED4TG302749,G36527,"$60,662.18 ","$60,662.18 ",$0.00 ,,"($60,662.18)",$0.00 ,"($60,662.18)",$0.00 ,$0.00 ,$0.00 ,$0.00 ,$0.00 ,$0.00 ,$234.25 ,$0.00 ,$0.00 ,$0.00 ,$234.25 ,$410.04 ,"$56,618.03 "
"3535 West Loop 820 South  Fort Worth, TX 76116",GMC Truck,Auto - GMC Truck Plant (Floorplan-New) - East,3/13/2026,302757,3/13/2026,10/13/2027,2026 GMC Truck GMC SIER 15E,Automobile,GMC SIER 15E,3GTPHCED3TG302757,,"$60,204.30 ","$60,204.30 ",$0.00 ,,$0.00 ,$0.00 ,$0.00 ,"$60,204.30 ",$0.00 ,$0.00 ,$0.00 ,$0.00 ,$0.00 ,$249.09 ,$0.00 ,$0.00 ,$0.00 ,$249.09 ,$406.94 ,"$60,204.30 "
"3535 West Loop 820 South  Fort Worth, TX 76116",GMC Truck,Auto - GMC Truck Plant (Floorplan-New) - East,3/17/2026,302803,3/17/2026,10/17/2027,2026 GMC Truck GMC SIER 15E,Automobile,GMC SIER 15E,3GTPHCE82TG302803,,"$61,397.55 ","$61,397.55 ",$0.00 ,,$0.00 ,$0.00 ,$0.00 ,"$61,397.55 ",$0.00 ,$0.00 ,$0.00 ,$0.00 ,$0.00 ,$254.02 ,$0.00 ,$0.00 ,$0.00 ,$254.02 ,$381.11 ,"$61,397.55 "
"3535 West Loop 820 South  Fort Worth, TX 76116",GMC Truck,Auto - GMC Truck Plant (Floorplan-New) - East,3/11/2026,302814,3/11/2026,10/11/2027,2026 GMC Truck GMC SIER 15E,Automobile,GMC SIER 15E,3GTPHCED0TG302814,,"$60,204.30 ","$60,204.30 ",$0.00 ,,$0.00 ,$0.00 ,$0.00 ,"$60,204.30 ",$0.00 ,$0.00 ,$0.00 ,$0.00 ,$0.00 ,$249.09 ,$0.00 ,$0.00 ,$0.00 ,$249.09 ,$423.55 ,"$60,204.30 "
"3535 West Loop 820 South  Fort Worth, TX 76116",GMC Truck,Auto - GMC Truck Plant (Floorplan-New) - East,3/11/2026,302875,3/11/2026,10/11/2027,2026 GMC Truck GMC SIER 15E,Automobile,GMC SIER 15E,3GTPHCE85TG302875,,"$60,939.68 ","$60,939.68 ",$0.00 ,,$0.00 ,$0.00 ,$0.00 ,"$60,939.68 ",$0.00 ,$0.00 ,$0.00 ,$0.00 ,$0.00 ,$252.13 ,$0.00 ,$0.00 ,$0.00 ,$252.13 ,$428.72 ,"$60,939.68 "
"3535 West Loop 820 South  Fort Worth, TX 76116",GMC Truck,Auto - GMC Truck Plant (Floorplan-New) - East,3/10/2026,302888,3/10/2026,10/10/2027,2026 GMC Truck GMC SIER 15E,Automobile,GMC SIER 15E,3GTPHCED7TG302888,G36490,"$60,662.18 ","$60,662.18 ",$0.00 ,,"($60,662.18)",$0.00 ,"($60,662.18)",$0.00 ,$0.00 ,$0.00 ,$0.00 ,$0.00 ,$0.00 ,$8.37 ,$0.00 ,$0.00 ,$0.00 ,$8.37 ,$192.53 ,"$2,022.07 "
"3535 West Loop 820 South  Fort Worth, TX 76116",GMC Truck,Auto - GMC Truck Plant (Floorplan-New) - East,3/11/2026,302895,3/11/2026,10/11/2027,2026 GMC Truck GMC SIER 15E,Automobile,GMC SIER 15E,3GTPHCE80TG302895,,"$61,397.55 ","$61,397.55 ",$0.00 ,,$0.00 ,$0.00 ,$0.00 ,"$61,397.55 ",$0.00 ,$0.00 ,$0.00 ,$0.00 ,$0.00 ,$254.02 ,$0.00 ,$0.00 ,$0.00 ,$254.02 ,$431.94 ,"$61,397.55 "
"3535 West Loop 820 South  Fort Worth, TX 76116",GMC Truck,Auto - GMC Truck Plant (Floorplan-New) - East,3/11/2026,302968,3/11/2026,10/11/2027,2026 GMC Truck GMC SIER 15E,Automobile,GMC SIER 15E,3GTPHCE81TG302968,,"$60,939.68 ","$60,939.68 ",$0.00 ,,$0.00 ,$0.00 ,$0.00 ,"$60,939.68 ",$0.00 ,$0.00 ,$0.00 ,$0.00 ,$0.00 ,$252.13 ,$0.00 ,$0.00 ,$0.00 ,$252.13 ,$428.72 ,"$60,939.68 "
"3535 West Loop 820 South  Fort Worth, TX 76116",GMC Truck,Auto - GMC Truck Plant (Floorplan-New) - East,3/25/2026,303043,3/25/2026,10/25/2027,2026 GMC Truck GMC SIER 15E,Automobile,GMC SIER 15E,3GTPHCED2TG303043,,"$60,662.18 ","$60,662.18 ",$0.00 ,,$0.00 ,$0.00 ,$0.00 ,"$60,662.18 ",$0.00 ,$0.00 ,$0.00 ,$0.00 ,$0.00 ,$250.98 ,$0.00 ,$0.00 ,$0.00 ,$250.98 ,$309.58 ,"$60,662.18 "
"3535 West Loop 820 South  Fort Worth, TX 76116",GMC Truck,Auto - GMC Truck Plant (Floorplan-New) - East,3/19/2026,303144,3/19/2026,10/19/2027,2026 GMC Truck GMC SIER 15E,Automobile,GMC SIER 15E,3GTPHCED8TG303144,,"$60,204.30 ","$60,204.30 ",$0.00 ,,$0.00 ,$0.00 ,$0.00 ,"$60,204.30 ",$0.00 ,$0.00 ,$0.00 ,$0.00 ,$0.00 ,$249.09 ,$0.00 ,$0.00 ,$0.00 ,$249.09 ,$357.09 ,"$60,204.30 "
"3535 West Loop 820 South  Fort Worth, TX 76116",GMC Truck,Auto - GMC Truck Plant (Floorplan-New) - East,3/18/2026,303208,3/18/2026,10/18/2027,2026 GMC Truck GMC SIER 15E,Automobile,GMC SIER 15E,3GTPHCED8TG303208,,"$60,204.30 ","$60,204.30 ",$0.00 ,,$0.00 ,$0.00 ,$0.00 ,"$60,204.30 ",$0.00 ,$0.00 ,$0.00 ,$0.00 ,$0.00 ,$249.09 ,$0.00 ,$0.00 ,$0.00 ,$249.09 ,$365.40 ,"$60,204.30 "
"3535 West Loop 820 South  Fort Worth, TX 76116",GMC Truck,Auto - GMC Truck Plant (Floorplan-New) - East,3/11/2026,303225,3/11/2026,10/11/2027,2026 GMC Truck GMC SIER 15E,Automobile,GMC SIER 15E,3GTPHCE84TG303225,,"$60,939.68 ","$60,939.68 ",$0.00 ,,$0.00 ,$0.00 ,$0.00 ,"$60,939.68 ",$0.00 ,$0.00 ,$0.00 ,$0.00 ,$0.00 ,$252.13 ,$0.00 ,$0.00 ,$0.00 ,$252.13 ,$428.72 ,"$60,939.68 "
"3535 West Loop 820 South  Fort Worth, TX 76116",GMC Truck,Auto - GMC Truck Plant (Floorplan-New) - East,3/11/2026,303357,3/11/2026,10/11/2027,2026 GMC Truck GMC SIER 15E,Automobile,GMC SIER 15E,3GTPHCE8XTG303357,,"$60,939.68 ","$60,939.68 ",$0.00 ,,$0.00 ,$0.00 ,$0.00 ,"$60,939.68 ",$0.00 ,$0.00 ,$0.00 ,$0.00 ,$0.00 ,$252.13 ,$0.00 ,$0.00 ,$0.00 ,$252.13 ,$428.72 ,"$60,939.68 "
"3535 West Loop 820 South  Fort Worth, TX 76116",GMC Truck,Auto - GMC Truck Plant (Floorplan-New) - East,3/11/2026,303362,3/11/2026,10/11/2027,2026 GMC Truck GMC SIER 15E,Automobile,GMC SIER 15E,3GTPHCED7TG303362,,"$60,662.18 ","$60,662.18 ",$0.00 ,,$0.00 ,$0.00 ,$0.00 ,"$60,662.18 ",$0.00 ,$0.00 ,$0.00 ,$0.00 ,$0.00 ,$250.98 ,$0.00 ,$0.00 ,$0.00 ,$250.98 ,$426.77 ,"$60,662.18 "
"3535 West Loop 820 South  Fort Worth, TX 76116",GMC Truck,Auto - GMC Truck Plant (Floorplan-New) - East,3/12/2026,303375,3/12/2026,10/12/2027,2026 GMC Truck GMC SIER 15E,Automobile,GMC SIER 15E,3GTPHCED5TG303375,,"$60,662.18 ","$60,662.18 ",$0.00 ,,$0.00 ,$0.00 ,$0.00 ,"$60,662.18 ",$0.00 ,$0.00 ,$0.00 ,$0.00 ,$0.00 ,$250.98 ,$0.00 ,$0.00 ,$0.00 ,$250.98 ,$418.40 ,"$60,662.18 "
"3535 West Loop 820 South  Fort Worth, TX 76116",GMC Truck,Auto - GMC Truck Plant (Floorplan-New) - East,3/25/2026,303436,3/25/2026,10/25/2027,2026 GMC Truck GMC YUK 2ELE,Automobile,GMC YUK 2ELE,1GKS1BKD8TR303436,,"$70,820.98 ","$70,820.98 ",$0.00 ,,$0.00 ,$0.00 ,$0.00 ,"$70,820.98 ",$0.00 ,$0.00 ,$0.00 ,$0.00 ,$0.00 ,$293.01 ,$0.00 ,$0.00 ,$0.00 ,$293.01 ,$361.42 ,"$70,820.98 "
"3535 West Loop 820 South  Fort Worth, TX 76116",GMC Truck,Auto - GMC Truck Plant (Floorplan-New) - East,3/12/2026,303462,3/12/2026,10/12/2027,2026 GMC Truck GMC SIER 15E,Automobile,GMC SIER 15E,3GTPHCE87TG303462,,"$60,939.68 ","$60,939.68 ",$0.00 ,,$0.00 ,$0.00 ,$0.00 ,"$60,939.68 ",$0.00 ,$0.00 ,$0.00 ,$0.00 ,$0.00 ,$252.13 ,$0.00 ,$0.00 ,$0.00 ,$252.13 ,$420.31 ,"$60,939.68 "
"3535 West Loop 820 South  Fort Worth, TX 76116",GMC Truck,Auto - GMC Truck Plant (Floorplan-New) - East,3/18/2026,303508,3/18/2026,10/18/2027,2026 GMC Truck GMC SIER 15E,Automobile,GMC SIER 15E,3GTPHCE85TG303508,,"$61,397.55 ","$61,397.55 ",$0.00 ,,$0.00 ,$0.00 ,$0.00 ,"$61,397.55 ",$0.00 ,$0.00 ,$0.00 ,$0.00 ,$0.00 ,$254.02 ,$0.00 ,$0.00 ,$0.00 ,$254.02 ,$372.63 ,"$61,397.55 "
"3535 West Loop 820 South  Fort Worth, TX 76116",GMC Truck,Auto - GMC Truck Plant (Floorplan-New) - East,3/12/2026,303528,3/12/2026,10/12/2027,2026 GMC Truck GMC SIER 15E,Automobile,GMC SIER 15E,3GTPHCE80TG303528,,"$61,397.55 ","$61,397.55 ",$0.00 ,,$0.00 ,$0.00 ,$0.00 ,"$61,397.55 ",$0.00 ,$0.00 ,$0.00 ,$0.00 ,$0.00 ,$254.02 ,$0.00 ,$0.00 ,$0.00 ,$254.02 ,$423.47 ,"$61,397.55 "
"3535 West Loop 820 South  Fort Worth, TX 76116",GMC Truck,Auto - GMC Truck Plant (Floorplan-New) - East,3/23/2026,303607,3/23/2026,10/23/2027,2026 GMC Truck GMC SIER 15E,Automobile,GMC SIER 15E,3GTPHCE87TG303607,G36643,"$61,397.55 ","$61,397.55 ",$0.00 ,,$0.00 ,$0.00 ,$0.00 ,"$61,397.55 ",$0.00 ,$0.00 ,$0.00 ,$0.00 ,$0.00 ,$254.02 ,$0.00 ,$0.00 ,$0.00 ,$254.02 ,$330.27 ,"$61,397.55 "
"3535 West Loop 820 South  Fort Worth, TX 76116",GMC Truck,Auto - GMC Truck Plant (Floorplan-New) - East,3/11/2026,303614,3/11/2026,10/11/2027,2026 GMC Truck GMC SIER 15E,Automobile,GMC SIER 15E,3GTPHCE84TG303614,,"$61,397.55 ","$61,397.55 ",$0.00 ,,$0.00 ,$0.00 ,$0.00 ,"$61,397.55 ",$0.00 ,$0.00 ,$0.00 ,$0.00 ,$0.00 ,$254.02 ,$0.00 ,$0.00 ,$0.00 ,$254.02 ,$431.94 ,"$61,397.55 "
"3535 West Loop 820 South  Fort Worth, TX 76116",GMC Truck,Auto - GMC Truck Plant (Floorplan-New) - East,3/12/2026,303639,3/12/2026,10/12/2027,2026 GMC Truck GMC SIER 15E,Automobile,GMC SIER 15E,3GTPHCED2TG303639,,"$60,662.18 ","$60,662.18 ",$0.00 ,,$0.00 ,$0.00 ,$0.00 ,"$60,662.18 ",$0.00 ,$0.00 ,$0.00 ,$0.00 ,$0.00 ,$250.98 ,$0.00 ,$0.00 ,$0.00 ,$250.98 ,$418.40 ,"$60,662.18 "
"3535 West Loop 820 South  Fort Worth, TX 76116",GMC Truck,Auto - GMC Truck Plant (Floorplan-New) - East,3/11/2026,303646,3/11/2026,10/11/2027,2026 GMC Truck GMC SIER 15E,Automobile,GMC SIER 15E,3GTPHCE86TG303646,,"$61,397.55 ","$61,397.55 ",$0.00 ,,$0.00 ,$0.00 ,$0.00 ,"$61,397.55 ",$0.00 ,$0.00 ,$0.00 ,$0.00 ,$0.00 ,$254.02 ,$0.00 ,$0.00 ,$0.00 ,$254.02 ,$431.94 ,"$61,397.55 "
"3535 West Loop 820 South  Fort Worth, TX 76116",GMC Truck,Auto - GMC Truck Plant (Floorplan-New) - East,3/11/2026,303653,3/11/2026,10/11/2027,2026 GMC Truck GMC SIER 15E,Automobile,GMC SIER 15E,3GTPHCE83TG303653,,"$61,397.55 ","$61,397.55 ",$0.00 ,,$0.00 ,$0.00 ,$0.00 ,"$61,397.55 ",$0.00 ,$0.00 ,$0.00 ,$0.00 ,$0.00 ,$254.02 ,$0.00 ,$0.00 ,$0.00 ,$254.02 ,$431.94 ,"$61,397.55 "
"3535 West Loop 820 South  Fort Worth, TX 76116",GMC Truck,Auto - GMC Truck Plant (Floorplan-New) - East,3/10/2026,303714,3/10/2026,10/10/2027,2026 GMC Truck GMC SIER 15E,Automobile,GMC SIER 15E,3GTPHCED1TG303714,,"$60,662.18 ","$60,662.18 ",$0.00 ,,$0.00 ,$0.00 ,$0.00 ,"$60,662.18 ",$0.00 ,$0.00 ,$0.00 ,$0.00 ,$0.00 ,$250.98 ,$0.00 ,$0.00 ,$0.00 ,$250.98 ,$435.14 ,"$60,662.18 "
"3535 West Loop 820 South  Fort Worth, TX 76116",GMC Truck,Auto - GMC Truck Plant (Floorplan-New) - East,3/12/2026,303805,3/12/2026,10/12/2027,2026 GMC Truck GMC SIER 15E,Automobile,GMC SIER 15E,3GTPHCE80TG303805,,"$61,397.55 ","$61,397.55 ",$0.00 ,,$0.00 ,$0.00 ,$0.00 ,"$61,397.55 ",$0.00 ,$0.00 ,$0.00 ,$0.00 ,$0.00 ,$254.02 ,$0.00 ,$0.00 ,$0.00 ,$254.02 ,$423.47 ,"$61,397.55 "
"3535 West Loop 820 South  Fort Worth, TX 76116",GMC Truck,Auto - GMC Truck Plant (Floorplan-New) - East,3/11/2026,303815,3/11/2026,10/11/2027,2026 GMC Truck GMC SIER 15E,Automobile,GMC SIER 15E,3GTPHCED7TG303815,,"$60,662.18 ","$60,662.18 ",$0.00 ,,$0.00 ,$0.00 ,$0.00 ,"$60,662.18 ",$0.00 ,$0.00 ,$0.00 ,$0.00 ,$0.00 ,$250.98 ,$0.00 ,$0.00 ,$0.00 ,$250.98 ,$426.77 ,"$60,662.18 "
"3535 West Loop 820 South  Fort Worth, TX 76116",GMC Truck,Auto - GMC Truck Plant (Floorplan-New) - East,3/11/2026,303817,3/11/2026,10/11/2027,2026 GMC Truck GMC SIER 15E,Automobile,GMC SIER 15E,3GTPHCED0TG303817,,"$60,662.18 ","$60,662.18 ",$0.00 ,,$0.00 ,$0.00 ,$0.00 ,"$60,662.18 ",$0.00 ,$0.00 ,$0.00 ,$0.00 ,$0.00 ,$250.98 ,$0.00 ,$0.00 ,$0.00 ,$250.98 ,$426.77 ,"$60,662.18 "
"3535 West Loop 820 South  Fort Worth, TX 76116",GMC Truck,Auto - GMC Truck Plant (Floorplan-New) - East,3/25/2026,304062,3/25/2026,10/25/2027,2026 GMC Truck GMC YUK 2ELE,Automobile,GMC YUK 2ELE,1GKS1BKD9TR304062,G36598,"$70,820.98 ","$70,820.98 ",$0.00 ,,"($70,820.98)",$0.00 ,"($70,820.98)",$0.00 ,$0.00 ,$0.00 ,$0.00 ,$0.00 ,$0.00 ,$214.87 ,$0.00 ,$0.00 ,$0.00 ,$214.87 ,$283.28 ,"$51,935.39 "
"3535 West Loop 820 South  Fort Worth, TX 76116",GMC Truck,Auto - GMC Truck Plant (Floorplan-New) - East,3/27/2026,307179,3/27/2026,10/27/2027,2026 GMC Truck GMC YUK 4ELE,Automobile,GMC YUK 4ELE,1GKS2BKD5TR307179,G36642,"$78,851.60 ","$78,851.60 ",$0.00 ,,"($78,851.60)",$0.00 ,"($78,851.60)",$0.00 ,$0.00 ,$0.00 ,$0.00 ,$0.00 ,$0.00 ,$65.25 ,$0.00 ,$0.00 ,$0.00 ,$65.25 ,$119.65 ,"$15,770.32 "
"3535 West Loop 820 South  Fort Worth, TX 76116",GMC Truck,Auto - GMC Truck Plant (Floorplan-New) - East,3/27/2026,307186,3/27/2026,10/27/2027,2026 GMC Truck GMC YUK 4ELE,Automobile,GMC YUK 4ELE,1GKS2BKD2TR307186,G36641,"$78,851.60 ","$78,851.60 ",$0.00 ,,"($78,851.60)",$0.00 ,"($78,851.60)",$0.00 ,$0.00 ,$0.00 ,$0.00 ,$0.00 ,$0.00 ,$65.25 ,$0.00 ,$0.00 ,$0.00 ,$65.25 ,$119.65 ,"$15,770.32 "
"3535 West Loop 820 South  Fort Worth, TX 76116",GMC Truck,Auto - GMC Truck Plant (Floorplan-New) - East,4/6/2026,307912,4/6/2026,11/6/2027,2026 GMC Truck GMC YUK 4ELE,Automobile,GMC YUK 4ELE,1GKS2BKD5TR307912,G36681,"$78,393.73 ",$0.00 ,"$78,393.73 ",4/6/2026,"($78,393.73)",$0.00 ,$0.00 ,$0.00 ,$0.00 ,$0.00 ,$0.00 ,$0.00 ,$0.00 ,$86.49 ,$0.00 ,$0.00 ,$0.00 ,$86.49 ,$86.49 ,"$20,904.99 "
"3535 West Loop 820 South  Fort Worth, TX 76116",GMC Truck,Auto - GMC Truck Plant (Floorplan-New) - East,3/27/2026,307918,3/27/2026,10/27/2027,2026 GMC Truck GMC YUK 4ELE,Automobile,GMC YUK 4ELE,1GKS2BKD6TR307918,G36654,"$78,393.73 ","$78,393.73 ",$0.00 ,,"($78,393.73)",$0.00 ,"($78,393.73)",$0.00 ,$0.00 ,$0.00 ,$0.00 ,$0.00 ,$0.00 ,$140.55 ,$0.00 ,$0.00 ,$0.00 ,$140.55 ,$194.64 ,"$33,970.62 "
"3535 West Loop 820 South  Fort Worth, TX 76116",GMC Truck,Auto - GMC Truck Plant (Floorplan-New) - East,4/22/2026,308426,4/22/2026,11/22/2027,2026 GMC TRUCK YUKON,Automobile,YUKON,1GKS2VKL0TR308426,G36733,"$94,000.00 ",$0.00 ,"$94,000.00 ",4/22/2026,"($94,000.00)",$0.00 ,$0.00 ,$0.00 ,$0.00 ,$0.00 ,$0.00 ,$0.00 ,$0.00 ,$77.78 ,$0.00 ,$0.00 ,$0.00 ,$77.78 ,$77.78 ,"$18,800.00 "
"3535 West Loop 820 South  Fort Worth, TX 76116",GMC Truck,Auto - GMC Truck Plant (Floorplan-New) - East,3/12/2026,309127,3/12/2026,10/12/2027,2026 GMC Truck GMC SIER 15E,Automobile,GMC SIER 15E,1GTUUCED7TZ309127,G36437,"$64,866.85 ","$64,866.85 ",$0.00 ,,"($64,866.85)",$0.00 ,"($64,866.85)",$0.00 ,$0.00 ,$0.00 ,$0.00 ,$0.00 ,$0.00 ,$116.30 ,$0.00 ,$0.00 ,$0.00 ,$116.30 ,$295.32 ,"$28,108.97 "
"3535 West Loop 820 South  Fort Worth, TX 76116",GMC Truck,Auto - GMC Truck Plant (Floorplan-New) - East,3/30/2026,309790,3/30/2026,10/30/2027,2026 GMC Truck GMC YUK 4ELE,Automobile,GMC YUK 4ELE,1GKS2BKD5TR309790,G36652,"$78,851.60 ","$78,851.60 ",$0.00 ,,"($78,851.60)",$0.00 ,"($78,851.60)",$0.00 ,$0.00 ,$0.00 ,$0.00 ,$0.00 ,$0.00 ,$228.36 ,$0.00 ,$0.00 ,$0.00 ,$228.36 ,$250.12 ,"$55,196.12 "
"3535 West Loop 820 South  Fort Worth, TX 76116",GMC Truck,Auto - GMC Truck Plant (Floorplan-New) - East,3/31/2026,309848,3/31/2026,10/31/2027,2026 GMC Truck GMC YUK 4ELE,Automobile,GMC YUK 4ELE,1GKS2BKDXTR309848,G36653,"$78,851.60 ","$78,851.60 ",$0.00 ,,"($78,851.60)",$0.00 ,"($78,851.60)",$0.00 ,$0.00 ,$0.00 ,$0.00 ,$0.00 ,$0.00 ,$206.62 ,$0.00 ,$0.00 ,$0.00 ,$206.62 ,$217.50 ,"$49,939.35 "
"3535 West Loop 820 South  Fort Worth, TX 76116",GMC Truck,Auto - GMC Truck Plant (Floorplan-New) - East,10/27/2025,310355,10/27/2025,5/27/2027,2025 GMC Truck GMC TERRN AT,Automobile,GMC TERRN AT,3GKALYEG2TL310355,,"$42,202.90 ","$42,202.90 ",$0.00 ,,$0.00 ,$0.00 ,$0.00 ,"$42,202.90 ",$0.00 ,$0.00 ,$0.00 ,$0.00 ,$0.00 ,$174.61 ,$0.00 ,$0.00 ,$0.00 ,$174.61 ,"$1,106.26 ","$42,202.90 "
"3535 West Loop 820 South  Fort Worth, TX 76116",GMC Truck,Auto - GMC Truck Plant (Floorplan-New) - East,3/31/2026,310697,3/31/2026,10/31/2027,2026 GMC Truck GMC YUK 4ELE,Automobile,GMC YUK 4ELE,1GKS2BKD9TR310697,,"$76,890.60 ","$76,890.60 ",$0.00 ,,$0.00 ,$0.00 ,$0.00 ,"$76,890.60 ",$0.00 ,$0.00 ,$0.00 ,$0.00 ,$0.00 ,$318.12 ,$0.00 ,$0.00 ,$0.00 ,$318.12 ,$328.73 ,"$76,890.60 "
"3535 West Loop 820 South  Fort Worth, TX 76116",GMC Truck,Auto - GMC Truck Plant (Floorplan-New) - East,3/31/2026,310739,3/31/2026,10/31/2027,2026 GMC Truck GMC YUK 2ELE,Automobile,GMC YUK 2ELE,1GKS1BKD6TR310739,G36651,"$75,852.98 ","$75,852.98 ",$0.00 ,,"($75,852.98)",$0.00 ,"($75,852.98)",$0.00 ,$0.00 ,$0.00 ,$0.00 ,$0.00 ,$0.00 ,$52.30 ,$0.00 ,$0.00 ,$0.00 ,$52.30 ,$62.77 ,"$12,642.16 "
"3535 West Loop 820 South  Fort Worth, TX 76116",GMC Truck,Auto - GMC Truck Plant (Floorplan-New) - East,3/26/2026,312825,3/26/2026,10/26/2027,2026 GMC Truck GMC SIER 15A,Automobile,GMC SIER 15A,3GTUUFEL1TG312825,G36668,"$81,119.85 ","$81,119.85 ",$0.00 ,,"($81,119.85)",$0.00 ,"($81,119.85)",$0.00 ,$0.00 ,$0.00 ,$0.00 ,$0.00 ,$0.00 ,$145.44 ,$0.00 ,$0.00 ,$0.00 ,$145.44 ,$212.60 ,"$35,151.93 "
"3535 West Loop 820 South  Fort Worth, TX 76116",GMC Truck,Auto - GMC Truck Plant (Floorplan-New) - East,4/2/2026,313626,4/2/2026,11/2/2027,2026 GMC Truck GMC YUK 4AT4,Automobile,GMC YUK 4AT4,1GKS2VKL0TR313626,G36683,"$99,784.03 ",$0.00 ,"$99,784.03 ",4/2/2026,"($99,784.03)",$0.00 ,$0.00 ,$0.00 ,$0.00 ,$0.00 ,$0.00 ,$0.00 ,$0.00 ,$165.14 ,$0.00 ,$0.00 ,$0.00 ,$165.14 ,$165.14 ,"$39,913.61 "
"3535 West Loop 820 South  Fort Worth, TX 76116",GMC Truck,Auto - GMC Truck Plant (Floorplan-New) - East,3/24/2026,316310,3/24/2026,10/24/2027,2026 GMC Truck GMC SIER 15A,Automobile,GMC SIER 15A,3GTUUFELXTG316310,G36692,"$81,119.85 ","$81,119.85 ",$0.00 ,,"($81,119.85)",$0.00 ,"($81,119.85)",$0.00 ,$0.00 ,$0.00 ,$0.00 ,$0.00 ,$0.00 ,$302.06 ,$0.00 ,$0.00 ,$0.00 ,$302.06 ,$391.61 ,"$73,007.87 "
"3535 West Loop 820 South  Fort Worth, TX 76116",GMC Truck,Auto - GMC Truck Plant (Floorplan-New) - East,3/24/2026,316817,3/24/2026,10/24/2027,2026 GMC Truck GMC SIER 15E,Automobile,GMC SIER 15E,3GTPHCEDXTG316817,,"$61,073.80 ","$61,073.80 ",$0.00 ,,$0.00 ,$0.00 ,$0.00 ,"$61,073.80 ",$0.00 ,$0.00 ,$0.00 ,$0.00 ,$0.00 ,$252.68 ,$0.00 ,$0.00 ,$0.00 ,$252.68 ,$320.10 ,"$61,073.80 "
"3535 West Loop 820 South  Fort Worth, TX 76116",GMC Truck,Auto - GMC Truck Plant (Floorplan-New) - East,3/23/2026,316823,3/23/2026,10/23/2027,2026 GMC Truck GMC SIER 15E,Automobile,GMC SIER 15E,3GTPHCED5TG316823,,"$61,073.80 ","$61,073.80 ",$0.00 ,,$0.00 ,$0.00 ,$0.00 ,"$61,073.80 ",$0.00 ,$0.00 ,$0.00 ,$0.00 ,$0.00 ,$252.68 ,$0.00 ,$0.00 ,$0.00 ,$252.68 ,$328.53 ,"$61,073.80 "
"3535 West Loop 820 South  Fort Worth, TX 76116",GMC Truck,Auto - GMC Truck Plant (Floorplan-New) - East,4/2/2026,316917,4/2/2026,11/2/2027,2026 GMC Truck GMC ACAD ELV,Automobile,GMC ACAD ELV,1GKENKKS3TJ316917,,"$49,661.45 ",$0.00 ,"$49,661.45 ",4/2/2026,$0.00 ,$0.00 ,"$49,661.45 ","$49,661.45 ",$0.00 ,$0.00 ,$0.00 ,$0.00 ,$0.00 ,$198.62 ,$0.00 ,$0.00 ,$0.00 ,$198.62 ,$198.62 ,"$48,006.07 "
"3535 West Loop 820 South  Fort Worth, TX 76116",GMC Truck,Auto - GMC Truck Plant (Floorplan-New) - East,3/25/2026,317080,3/25/2026,10/25/2027,2026 GMC Truck GMC SIER 15E,Automobile,GMC SIER 15E,3GTPHCED1TG317080,,"$61,073.80 ","$61,073.80 ",$0.00 ,,$0.00 ,$0.00 ,$0.00 ,"$61,073.80 ",$0.00 ,$0.00 ,$0.00 ,$0.00 ,$0.00 ,$252.68 ,$0.00 ,$0.00 ,$0.00 ,$252.68 ,$311.67 ,"$61,073.80 "
"3535 West Loop 820 South  Fort Worth, TX 76116",GMC Truck,Auto - GMC Truck Plant (Floorplan-New) - East,3/24/2026,317082,3/24/2026,10/24/2027,2026 GMC Truck GMC SIER 15E,Automobile,GMC SIER 15E,3GTPHCED5TG317082,,"$61,073.80 ","$61,073.80 ",$0.00 ,,$0.00 ,$0.00 ,$0.00 ,"$61,073.80 ",$0.00 ,$0.00 ,$0.00 ,$0.00 ,$0.00 ,$252.68 ,$0.00 ,$0.00 ,$0.00 ,$252.68 ,$320.10 ,"$61,073.80 "
"3535 West Loop 820 South  Fort Worth, TX 76116",GMC Truck,Auto - GMC Truck Plant (Floorplan-New) - East,3/25/2026,317086,3/25/2026,10/25/2027,2026 GMC Truck GMC SIER 15E,Automobile,GMC SIER 15E,3GTUUCED4TG317086,G36671,"$65,292.35 ","$65,292.35 ",$0.00 ,,"($65,292.35)",$0.00 ,"($65,292.35)",$0.00 ,$0.00 ,$0.00 ,$0.00 ,$0.00 ,$0.00 ,$54.03 ,$0.00 ,$0.00 ,$0.00 ,$54.03 ,$117.10 ,"$13,058.47 "
"3535 West Loop 820 South  Fort Worth, TX 76116",GMC Truck,Auto - GMC Truck Plant (Floorplan-New) - East,3/23/2026,317087,3/23/2026,10/23/2027,2026 GMC Truck GMC SIER 15E,Automobile,GMC SIER 15E,3GTUUCED6TG317087,G36644,"$65,292.35 ","$65,292.35 ",$0.00 ,,"($65,292.35)",$0.00 ,"($65,292.35)",$0.00 ,$0.00 ,$0.00 ,$0.00 ,$0.00 ,$0.00 ,$189.10 ,$0.00 ,$0.00 ,$0.00 ,$189.10 ,$270.19 ,"$45,704.65 "
"3535 West Loop 820 South  Fort Worth, TX 76116",GMC Truck,Auto - GMC Truck Plant (Floorplan-New) - East,3/24/2026,317089,3/24/2026,10/24/2027,2026 GMC Truck GMC SIER 15E,Automobile,GMC SIER 15E,3GTUUCEDXTG317089,G36693,"$65,292.35 ","$65,292.35 ",$0.00 ,,"($65,292.35)",$0.00 ,"($65,292.35)",$0.00 ,$0.00 ,$0.00 ,$0.00 ,$0.00 ,$0.00 ,$189.10 ,$0.00 ,$0.00 ,$0.00 ,$189.10 ,$261.18 ,"$45,704.65 "
"3535 West Loop 820 South  Fort Worth, TX 76116",GMC Truck,Auto - GMC Truck Plant (Floorplan-New) - East,3/25/2026,317091,3/25/2026,10/25/2027,2026 GMC Truck GMC SIER 15E,Automobile,GMC SIER 15E,3GTUUCED8TG317091,,"$65,292.35 ","$65,292.35 ",$0.00 ,,$0.00 ,$0.00 ,$0.00 ,"$65,292.35 ",$0.00 ,$0.00 ,$0.00 ,$0.00 ,$0.00 ,$270.14 ,$0.00 ,$0.00 ,$0.00 ,$270.14 ,$333.21 ,"$65,292.35 "
"3535 West Loop 820 South  Fort Worth, TX 76116",GMC Truck,Auto - GMC Truck Plant (Floorplan-New) - East,4/6/2026,317283,4/6/2026,11/6/2027,2026 GMC Truck GMC YUK 4XDE,Automobile,GMC YUK 4XDE,1GKS2JKL4TR317283,,"$97,654.15 ",$0.00 ,"$97,654.15 ",4/6/2026,$0.00 ,$0.00 ,"$97,654.15 ","$97,654.15 ",$0.00 ,$0.00 ,$0.00 ,$0.00 ,$0.00 ,$336.69 ,$0.00 ,$0.00 ,$0.00 ,$336.69 ,$336.69 ,"$81,378.46 "
"3535 West Loop 820 South  Fort Worth, TX 76116",GMC Truck,Auto - GMC Truck Plant (Floorplan-New) - East,3/23/2026,317478,3/23/2026,10/23/2027,2026 GMC Truck GMC SIER 15E,Automobile,GMC SIER 15E,3GTUUCE86TG317478,,"$65,107.35 ","$65,107.35 ",$0.00 ,,$0.00 ,$0.00 ,$0.00 ,"$65,107.35 ",$0.00 ,$0.00 ,$0.00 ,$0.00 ,$0.00 ,$269.37 ,$0.00 ,$0.00 ,$0.00 ,$269.37 ,$350.23 ,"$65,107.35 "
"3535 West Loop 820 South  Fort Worth, TX 76116",GMC Truck,Auto - GMC Truck Plant (Floorplan-New) - East,3/24/2026,317484,3/24/2026,10/24/2027,2026 GMC Truck GMC SIER 15E,Automobile,GMC SIER 15E,3GTUUCE81TG317484,,"$65,107.35 ","$65,107.35 ",$0.00 ,,$0.00 ,$0.00 ,$0.00 ,"$65,107.35 ",$0.00 ,$0.00 ,$0.00 ,$0.00 ,$0.00 ,$269.37 ,$0.00 ,$0.00 ,$0.00 ,$269.37 ,$341.24 ,"$65,107.35 "
"3535 West Loop 820 South  Fort Worth, TX 76116",GMC Truck,Auto - GMC Truck Plant (Floorplan-New) - East,3/23/2026,317489,3/23/2026,10/23/2027,2026 GMC Truck GMC SIER 15E,Automobile,GMC SIER 15E,3GTUUCE80TG317489,G36636,"$65,107.35 ","$65,107.35 ",$0.00 ,,"($65,107.35)",$0.00 ,"($65,107.35)",$0.00 ,$0.00 ,$0.00 ,$0.00 ,$0.00 ,$0.00 ,$44.90 ,$0.00 ,$0.00 ,$0.00 ,$44.90 ,$125.76 ,"$10,851.23 "
"3535 West Loop 820 South  Fort Worth, TX 76116",GMC Truck,Auto - GMC Truck Plant (Floorplan-New) - East,4/3/2026,317655,4/3/2026,11/3/2027,2026 GMC Truck GMC ACAD ELV,Automobile,GMC ACAD ELV,1GKENKKS4TJ317655,,"$50,119.33 ",$0.00 ,"$50,119.33 ",4/3/2026,$0.00 ,$0.00 ,"$50,119.33 ","$50,119.33 ",$0.00 ,$0.00 ,$0.00 ,$0.00 ,$0.00 ,$193.54 ,$0.00 ,$0.00 ,$0.00 ,$193.54 ,$193.54 ,"$46,778.04 "
"3535 West Loop 820 South  Fort Worth, TX 76116",GMC Truck,Auto - GMC Truck Plant (Floorplan-New) - East,3/31/2026,317681,3/31/2026,10/31/2027,2026 GMC Truck GMC SIER 15E,Automobile,GMC SIER 15E,3GTUUCE83TG317681,,"$65,107.35 ","$65,107.35 ",$0.00 ,,$0.00 ,$0.00 ,$0.00 ,"$65,107.35 ",$0.00 ,$0.00 ,$0.00 ,$0.00 ,$0.00 ,$269.37 ,$0.00 ,$0.00 ,$0.00 ,$269.37 ,$278.35 ,"$65,107.35 "
"3535 West Loop 820 South  Fort Worth, TX 76116",GMC Truck,Auto - GMC Truck Plant (Floorplan-New) - East,3/24/2026,317684,3/24/2026,10/24/2027,2026 GMC Truck GMC SIER 15E,Automobile,GMC SIER 15E,3GTUUCE89TG317684,,"$65,107.35 ","$65,107.35 ",$0.00 ,,$0.00 ,$0.00 ,$0.00 ,"$65,107.35 ",$0.00 ,$0.00 ,$0.00 ,$0.00 ,$0.00 ,$269.37 ,$0.00 ,$0.00 ,$0.00 ,$269.37 ,$341.24 ,"$65,107.35 "
"3535 West Loop 820 South  Fort Worth, TX 76116",GMC Truck,Auto - GMC Truck Plant (Floorplan-New) - East,4/6/2026,318014,4/6/2026,11/6/2027,2026 GMC Truck GMC YUK 4AT4,Automobile,GMC YUK 4AT4,1GKS2VKL5TR318014,G36684,"$100,241.90 ",$0.00 ,"$100,241.90 ",4/6/2026,"($100,241.90)",$0.00 ,$0.00 ,$0.00 ,$0.00 ,$0.00 ,$0.00 ,$0.00 ,$0.00 ,$221.19 ,$0.00 ,$0.00 ,$0.00 ,$221.19 ,$221.19 ,"$53,462.35 "
"3535 West Loop 820 South  Fort Worth, TX 76116",GMC Truck,Auto - GMC Truck Plant (Floorplan-New) - East,4/2/2026,318087,4/2/2026,11/2/2027,2026 GMC Truck GMC SIER 15E,Automobile,GMC SIER 15E,3GTUUCE87TG318087,,"$65,565.23 ",$0.00 ,"$65,565.23 ",4/2/2026,$0.00 ,$0.00 ,"$65,565.23 ","$65,565.23 ",$0.00 ,$0.00 ,$0.00 ,$0.00 ,$0.00 ,$262.22 ,$0.00 ,$0.00 ,$0.00 ,$262.22 ,$262.22 ,"$63,379.72 "
"3535 West Loop 820 South  Fort Worth, TX 76116",GMC Truck,Auto - GMC Truck Plant (Floorplan-New) - East,3/27/2026,318088,3/27/2026,10/27/2027,2026 GMC Truck GMC SIER 15E,Automobile,GMC SIER 15E,3GTUUCE89TG318088,,"$65,565.23 ","$65,565.23 ",$0.00 ,,$0.00 ,$0.00 ,$0.00 ,"$65,565.23 ",$0.00 ,$0.00 ,$0.00 ,$0.00 ,$0.00 ,$271.27 ,$0.00 ,$0.00 ,$0.00 ,$271.27 ,$316.51 ,"$65,565.23 "
"3535 West Loop 820 South  Fort Worth, TX 76116",GMC Truck,Auto - GMC Truck Plant (Floorplan-New) - East,3/24/2026,318090,3/24/2026,10/24/2027,2026 GMC Truck GMC SIER 15E,Automobile,GMC SIER 15E,3GTUUCE87TG318090,,"$65,565.23 ","$65,565.23 ",$0.00 ,,$0.00 ,$0.00 ,$0.00 ,"$65,565.23 ",$0.00 ,$0.00 ,$0.00 ,$0.00 ,$0.00 ,$271.27 ,$0.00 ,$0.00 ,$0.00 ,$271.27 ,$343.65 ,"$65,565.23 "
"3535 West Loop 820 South  Fort Worth, TX 76116",GMC Truck,Auto - GMC Truck Plant (Floorplan-New) - East,3/24/2026,318093,3/24/2026,10/24/2027,2026 GMC Truck GMC SIER 15E,Automobile,GMC SIER 15E,3GTUUCE82TG318093,,"$65,565.23 ","$65,565.23 ",$0.00 ,,$0.00 ,$0.00 ,$0.00 ,"$65,565.23 ",$0.00 ,$0.00 ,$0.00 ,$0.00 ,$0.00 ,$271.27 ,$0.00 ,$0.00 ,$0.00 ,$271.27 ,$343.65 ,"$65,565.23 "
"3535 West Loop 820 South  Fort Worth, TX 76116",GMC Truck,Auto - GMC Truck Plant (Floorplan-New) - East,3/25/2026,318095,3/25/2026,10/25/2027,2026 GMC Truck GMC SIER 15E,Automobile,GMC SIER 15E,3GTUUCE86TG318095,G36672,"$65,565.23 ","$65,565.23 ",$0.00 ,,"($65,565.23)",$0.00 ,"($65,565.23)",$0.00 ,$0.00 ,$0.00 ,$0.00 ,$0.00 ,$0.00 ,$244.14 ,$0.00 ,$0.00 ,$0.00 ,$244.14 ,$307.47 ,"$59,008.71 "
"3535 West Loop 820 South  Fort Worth, TX 76116",GMC Truck,Auto - GMC Truck Plant (Floorplan-New) - East,3/23/2026,318097,3/23/2026,10/23/2027,2026 GMC Truck GMC SIER 15E,Automobile,GMC SIER 15E,3GTUUCE8XTG318097,G36665,"$65,565.23 ","$65,565.23 ",$0.00 ,,"($65,565.23)",$0.00 ,"($65,565.23)",$0.00 ,$0.00 ,$0.00 ,$0.00 ,$0.00 ,$0.00 ,$189.89 ,$0.00 ,$0.00 ,$0.00 ,$189.89 ,$271.32 ,"$45,895.66 "
"3535 West Loop 820 South  Fort Worth, TX 76116",GMC Truck,Auto - GMC Truck Plant (Floorplan-New) - East,3/25/2026,318100,3/25/2026,10/25/2027,2026 GMC Truck GMC SIER 15E,Automobile,GMC SIER 15E,3GTUUCE86TG318100,,"$65,565.23 ","$65,565.23 ",$0.00 ,,$0.00 ,$0.00 ,$0.00 ,"$65,565.23 ",$0.00 ,$0.00 ,$0.00 ,$0.00 ,$0.00 ,$271.27 ,$0.00 ,$0.00 ,$0.00 ,$271.27 ,$334.60 ,"$65,565.23 "
"3535 West Loop 820 South  Fort Worth, TX 76116",GMC Truck,Auto - GMC Truck Plant (Floorplan-New) - East,3/24/2026,318102,3/24/2026,10/24/2027,2026 GMC Truck GMC SIER 15E,Automobile,GMC SIER 15E,3GTUUCE8XTG318102,G36678,"$65,565.23 ","$65,565.23 ",$0.00 ,,"($65,565.23)",$0.00 ,"($65,565.23)",$0.00 ,$0.00 ,$0.00 ,$0.00 ,$0.00 ,$0.00 ,$189.89 ,$0.00 ,$0.00 ,$0.00 ,$189.89 ,$262.27 ,"$45,895.66 "
"3535 West Loop 820 South  Fort Worth, TX 76116",GMC Truck,Auto - GMC Truck Plant (Floorplan-New) - East,3/23/2026,318104,3/23/2026,10/23/2027,2026 GMC Truck GMC SIER 15E,Automobile,GMC SIER 15E,3GTUUCE83TG318104,G36666,"$65,565.23 ","$65,565.23 ",$0.00 ,,"($65,565.23)",$0.00 ,"($65,565.23)",$0.00 ,$0.00 ,$0.00 ,$0.00 ,$0.00 ,$0.00 ,$171.80 ,$0.00 ,$0.00 ,$0.00 ,$171.80 ,$253.23 ,"$41,524.65 "
"3535 West Loop 820 South  Fort Worth, TX 76116",GMC Truck,Auto - GMC Truck Plant (Floorplan-New) - East,3/23/2026,318109,3/23/2026,10/23/2027,2026 GMC Truck GMC SIER 15E,Automobile,GMC SIER 15E,3GTUUCE82TG318109,,"$65,565.23 ","$65,565.23 ",$0.00 ,,$0.00 ,$0.00 ,$0.00 ,"$65,565.23 ",$0.00 ,$0.00 ,$0.00 ,$0.00 ,$0.00 ,$271.27 ,$0.00 ,$0.00 ,$0.00 ,$271.27 ,$352.70 ,"$65,565.23 "
"3535 West Loop 820 South  Fort Worth, TX 76116",GMC Truck,Auto - GMC Truck Plant (Floorplan-New) - East,4/3/2026,318607,4/3/2026,11/3/2027,2026 GMC Truck GMC ACAD ELV,Automobile,GMC ACAD ELV,1GKENKKS9TJ318607,,"$50,119.33 ",$0.00 ,"$50,119.33 ",4/3/2026,$0.00 ,$0.00 ,"$50,119.33 ","$50,119.33 ",$0.00 ,$0.00 ,$0.00 ,$0.00 ,$0.00 ,$193.54 ,$0.00 ,$0.00 ,$0.00 ,$193.54 ,$193.54 ,"$46,778.04 "
"3535 West Loop 820 South  Fort Worth, TX 76116",GMC Truck,Auto - GMC Truck Plant (Floorplan-New) - East,3/18/2026,318915,3/18/2026,10/18/2027,2026 GMC Truck GMC SIER 15E,Automobile,GMC SIER 15E,1GTRUJEKXTZ318915,,"$51,834.18 ","$51,834.18 ",$0.00 ,,$0.00 ,$0.00 ,$0.00 ,"$51,834.18 ",$0.00 ,$0.00 ,$0.00 ,$0.00 ,$0.00 ,$214.46 ,$0.00 ,$0.00 ,$0.00 ,$214.46 ,$314.60 ,"$51,834.18 "
"3535 West Loop 820 South  Fort Worth, TX 76116",GMC Truck,Auto - GMC Truck Plant (Floorplan-New) - East,3/18/2026,318920,3/18/2026,10/18/2027,2026 GMC Truck GMC SIER 15E,Automobile,GMC SIER 15E,1GTRUJEK3TZ318920,,"$51,834.18 ","$51,834.18 ",$0.00 ,,$0.00 ,$0.00 ,$0.00 ,"$51,834.18 ",$0.00 ,$0.00 ,$0.00 ,$0.00 ,$0.00 ,$214.46 ,$0.00 ,$0.00 ,$0.00 ,$214.46 ,$314.60 ,"$51,834.18 "
"3535 West Loop 820 South  Fort Worth, TX 76116",GMC Truck,Auto - GMC Truck Plant (Floorplan-New) - East,3/18/2026,318954,3/18/2026,10/18/2027,2026 GMC Truck GMC SIER 15E,Automobile,GMC SIER 15E,1GTRUJEK9TZ318954,,"$51,834.18 ","$51,834.18 ",$0.00 ,,$0.00 ,$0.00 ,$0.00 ,"$51,834.18 ",$0.00 ,$0.00 ,$0.00 ,$0.00 ,$0.00 ,$214.46 ,$0.00 ,$0.00 ,$0.00 ,$214.46 ,$314.60 ,"$51,834.18 "
"3535 West Loop 820 South  Fort Worth, TX 76116",GMC Truck,Auto - GMC Truck Plant (Floorplan-New) - East,3/19/2026,319830,3/19/2026,10/19/2027,2026 GMC Truck GMC SIER 15D,Automobile,GMC SIER 15D,1GTUUHEL2TZ319830,G36528,"$84,062.15 ","$84,062.15 ",$0.00 ,,"($84,062.15)",$0.00 ,"($84,062.15)",$0.00 ,$0.00 ,$0.00 ,$0.00 ,$0.00 ,$0.00 ,$243.46 ,$0.00 ,$0.00 ,$0.00 ,$243.46 ,$394.26 ,"$58,843.50 "
"3535 West Loop 820 South  Fort Worth, TX 76116",GMC Truck,Auto - GMC Truck Plant (Floorplan-New) - East,3/19/2026,320518,3/19/2026,10/19/2027,2026 GMC Truck GMC SIER 15D,Automobile,GMC SIER 15D,1GTUUHEL5TZ320518,G36531,"$84,617.15 ","$84,617.15 ",$0.00 ,,"($84,617.15)",$0.00 ,"($84,617.15)",$0.00 ,$0.00 ,$0.00 ,$0.00 ,$0.00 ,$0.00 ,$70.02 ,$0.00 ,$0.00 ,$0.00 ,$70.02 ,$221.81 ,"$16,923.43 "
"3535 West Loop 820 South  Fort Worth, TX 76116",GMC Truck,Auto - GMC Truck Plant (Floorplan-New) - East,3/19/2026,320701,3/19/2026,10/19/2027,2026 GMC Truck GMC SIER 15D,Automobile,GMC SIER 15D,1GTUUHEL7TZ320701,G36624,"$84,062.15 ","$84,062.15 ",$0.00 ,,"($84,062.15)",$0.00 ,"($84,062.15)",$0.00 ,$0.00 ,$0.00 ,$0.00 ,$0.00 ,$0.00 ,$173.90 ,$0.00 ,$0.00 ,$0.00 ,$173.90 ,$324.70 ,"$42,031.08 "
"3535 West Loop 820 South  Fort Worth, TX 76116",GMC Truck,Auto - GMC Truck Plant (Floorplan-New) - East,3/19/2026,320707,3/19/2026,10/19/2027,2026 GMC Truck GMC SIER 15D,Automobile,GMC SIER 15D,1GTUUHEL8TZ320707,G36551,"$84,062.15 ","$84,062.15 ",$0.00 ,,"($84,062.15)",$0.00 ,"($84,062.15)",$0.00 ,$0.00 ,$0.00 ,$0.00 ,$0.00 ,$0.00 ,$231.86 ,$0.00 ,$0.00 ,$0.00 ,$231.86 ,$382.66 ,"$56,041.43 "
"3535 West Loop 820 South  Fort Worth, TX 76116",GMC Truck,Auto - GMC Truck Plant (Floorplan-New) - East,3/20/2026,321668,3/20/2026,10/20/2027,2026 GMC Truck GMC SIER 15E,Automobile,GMC SIER 15E,1GTRUJEK1TZ321668,,"$51,834.18 ","$51,834.18 ",$0.00 ,,$0.00 ,$0.00 ,$0.00 ,"$51,834.18 ",$0.00 ,$0.00 ,$0.00 ,$0.00 ,$0.00 ,$214.46 ,$0.00 ,$0.00 ,$0.00 ,$214.46 ,$300.29 ,"$51,834.18 "
"3535 West Loop 820 South  Fort Worth, TX 76116",GMC Truck,Auto - GMC Truck Plant (Floorplan-New) - East,3/20/2026,321721,3/20/2026,10/20/2027,2026 GMC Truck GMC SIER 15E,Automobile,GMC SIER 15E,1GTRUJEK1TZ321721,,"$51,834.18 ","$51,834.18 ",$0.00 ,,$0.00 ,$0.00 ,$0.00 ,"$51,834.18 ",$0.00 ,$0.00 ,$0.00 ,$0.00 ,$0.00 ,$214.46 ,$0.00 ,$0.00 ,$0.00 ,$214.46 ,$300.29 ,"$51,834.18 "
"3535 West Loop 820 South  Fort Worth, TX 76116",GMC Truck,Auto - GMC Truck Plant (Floorplan-New) - East,3/20/2026,321727,3/20/2026,10/20/2027,2026 GMC Truck GMC SIER 15E,Automobile,GMC SIER 15E,1GTRUJEK2TZ321727,,"$51,376.30 ","$51,376.30 ",$0.00 ,,$0.00 ,$0.00 ,$0.00 ,"$51,376.30 ",$0.00 ,$0.00 ,$0.00 ,$0.00 ,$0.00 ,$212.56 ,$0.00 ,$0.00 ,$0.00 ,$212.56 ,$297.63 ,"$51,376.30 "
"3535 West Loop 820 South  Fort Worth, TX 76116",GMC Truck,Auto - GMC Truck Plant (Floorplan-New) - East,3/20/2026,321734,3/20/2026,10/20/2027,2026 GMC Truck GMC SIER 15E,Automobile,GMC SIER 15E,1GTRUJEKXTZ321734,,"$51,376.30 ","$51,376.30 ",$0.00 ,,$0.00 ,$0.00 ,$0.00 ,"$51,376.30 ",$0.00 ,$0.00 ,$0.00 ,$0.00 ,$0.00 ,$212.56 ,$0.00 ,$0.00 ,$0.00 ,$212.56 ,$297.63 ,"$51,376.30 "
"3535 West Loop 820 South  Fort Worth, TX 76116",GMC Truck,Auto - GMC Truck Plant (Floorplan-New) - East,3/20/2026,321744,3/20/2026,10/20/2027,2026 GMC Truck GMC SIER 15E,Automobile,GMC SIER 15E,1GTRUJEK2TZ321744,,"$51,834.18 ","$51,834.18 ",$0.00 ,,$0.00 ,$0.00 ,$0.00 ,"$51,834.18 ",$0.00 ,$0.00 ,$0.00 ,$0.00 ,$0.00 ,$214.46 ,$0.00 ,$0.00 ,$0.00 ,$214.46 ,$300.29 ,"$51,834.18 "
"3535 West Loop 820 South  Fort Worth, TX 76116",GMC Truck,Auto - GMC Truck Plant (Floorplan-New) - East,3/20/2026,321746,3/20/2026,10/20/2027,2026 GMC Truck GMC SIER 15E,Automobile,GMC SIER 15E,1GTRUJEK6TZ321746,G36619,"$51,376.30 ","$51,376.30 ",$0.00 ,,"($51,376.30)",$0.00 ,"($51,376.30)",$0.00 ,$0.00 ,$0.00 ,$0.00 ,$0.00 ,$0.00 ,$141.71 ,$0.00 ,$0.00 ,$0.00 ,$141.71 ,$226.78 ,"$34,250.87 "
"3535 West Loop 820 South  Fort Worth, TX 76116",GMC Truck,Auto - GMC Truck Plant (Floorplan-New) - East,3/20/2026,322630,3/20/2026,10/20/2027,2026 GMC Truck GMC SIER 15E,Automobile,GMC SIER 15E,1GTRUJEK3TZ322630,,"$51,376.30 ","$51,376.30 ",$0.00 ,,$0.00 ,$0.00 ,$0.00 ,"$51,376.30 ",$0.00 ,$0.00 ,$0.00 ,$0.00 ,$0.00 ,$212.56 ,$0.00 ,$0.00 ,$0.00 ,$212.56 ,$297.63 ,"$51,376.30 "
"3535 West Loop 820 South  Fort Worth, TX 76116",GMC Truck,Auto - GMC Truck Plant (Floorplan-New) - East,3/23/2026,325192,3/23/2026,10/23/2027,2026 GMC Truck GMC SIER 15P,Automobile,GMC SIER 15P,1GTPUAEKXTZ325192,,"$51,095.50 ","$51,095.50 ",$0.00 ,,$0.00 ,$0.00 ,$0.00 ,"$51,095.50 ",$0.00 ,$0.00 ,$0.00 ,$0.00 ,$0.00 ,$211.40 ,$0.00 ,$0.00 ,$0.00 ,$211.40 ,$274.86 ,"$51,095.50 "
"3535 West Loop 820 South  Fort Worth, TX 76116",GMC Truck,Auto - GMC Truck Plant (Floorplan-New) - East,3/23/2026,325308,3/23/2026,10/23/2027,2026 GMC Truck GMC SIER 15P,Automobile,GMC SIER 15P,1GTPUAEK3TZ325308,G36584,"$51,095.50 ","$51,095.50 ",$0.00 ,,"($51,095.50)",$0.00 ,"($51,095.50)",$0.00 ,$0.00 ,$0.00 ,$0.00 ,$0.00 ,$0.00 ,$155.03 ,$0.00 ,$0.00 ,$0.00 ,$155.03 ,$218.49 ,"$37,470.03 "
"3535 West Loop 820 South  Fort Worth, TX 76116",GMC Truck,Auto - GMC Truck Plant (Floorplan-New) - East,3/23/2026,325392,3/23/2026,10/23/2027,2026 GMC Truck GMC SIER 15P,Automobile,GMC SIER 15P,1GTPUAEK7TZ325392,,"$51,095.50 ","$51,095.50 ",$0.00 ,,$0.00 ,$0.00 ,$0.00 ,"$51,095.50 ",$0.00 ,$0.00 ,$0.00 ,$0.00 ,$0.00 ,$211.40 ,$0.00 ,$0.00 ,$0.00 ,$211.40 ,$274.86 ,"$51,095.50 "
"3535 West Loop 820 South  Fort Worth, TX 76116",GMC Truck,Auto - GMC Truck Plant (Floorplan-New) - East,3/23/2026,325515,3/23/2026,10/23/2027,2026 GMC Truck GMC SIER 15P,Automobile,GMC SIER 15P,1GTPUAEK8TZ325515,,"$50,637.63 ","$50,637.63 ",$0.00 ,,$0.00 ,$0.00 ,$0.00 ,"$50,637.63 ",$0.00 ,$0.00 ,$0.00 ,$0.00 ,$0.00 ,$209.50 ,$0.00 ,$0.00 ,$0.00 ,$209.50 ,$272.39 ,"$50,637.63 "
"3535 West Loop 820 South  Fort Worth, TX 76116",GMC Truck,Auto - GMC Truck Plant (Floorplan-New) - East,3/23/2026,325614,3/23/2026,10/23/2027,2026 GMC Truck GMC SIER 15P,Automobile,GMC SIER 15P,1GTPUAEKXTZ325614,G36621,"$50,637.63 ","$50,637.63 ",$0.00 ,,"($50,637.63)",$0.00 ,"($50,637.63)",$0.00 ,$0.00 ,$0.00 ,$0.00 ,$0.00 ,$0.00 ,$62.85 ,$0.00 ,$0.00 ,$0.00 ,$62.85 ,$125.74 ,"$15,191.29 "
"3535 West Loop 820 South  Fort Worth, TX 76116",GMC Truck,Auto - GMC Truck Plant (Floorplan-New) - East,3/23/2026,325749,3/23/2026,10/23/2027,2026 GMC Truck GMC SIER 15P,Automobile,GMC SIER 15P,1GTPUAEK0TZ325749,,"$50,637.63 ","$50,637.63 ",$0.00 ,,$0.00 ,$0.00 ,$0.00 ,"$50,637.63 ",$0.00 ,$0.00 ,$0.00 ,$0.00 ,$0.00 ,$209.50 ,$0.00 ,$0.00 ,$0.00 ,$209.50 ,$272.39 ,"$50,637.63 "
"3535 West Loop 820 South  Fort Worth, TX 76116",GMC Truck,Auto - GMC Truck Plant (Floorplan-New) - East,4/14/2026,327301,4/14/2026,11/14/2027,2026 GMC Truck GMC SIER 15E,Automobile,GMC SIER 15E,3GTUUCEDXTG327301,,"$64,422.85 ",$0.00 ,"$64,422.85 ",4/14/2026,$0.00 ,$0.00 ,"$64,422.85 ","$64,422.85 ",$0.00 ,$0.00 ,$0.00 ,$0.00 ,$0.00 ,$151.04 ,$0.00 ,$0.00 ,$0.00 ,$151.04 ,$151.04 ,"$36,506.28 "
"3535 West Loop 820 South  Fort Worth, TX 76116",GMC Truck,Auto - GMC Truck Plant (Floorplan-New) - East,4/10/2026,327542,4/10/2026,11/10/2027,2026 GMC Truck GMC SIER 15E,Automobile,GMC SIER 15E,3GTUUCEDXTG327542,,"$64,880.73 ",$0.00 ,"$64,880.73 ",4/10/2026,$0.00 ,$0.00 ,"$64,880.73 ","$64,880.73 ",$0.00 ,$0.00 ,$0.00 ,$0.00 ,$0.00 ,$187.90 ,$0.00 ,$0.00 ,$0.00 ,$187.90 ,$187.90 ,"$45,416.51 "
"3535 West Loop 820 South  Fort Worth, TX 76116",GMC Truck,Auto - GMC Truck Plant (Floorplan-New) - East,4/10/2026,327575,4/10/2026,11/10/2027,2026 GMC Truck GMC SIER 15E,Automobile,GMC SIER 15E,3GTUUCED3TG327575,,"$64,422.85 ",$0.00 ,"$64,422.85 ",4/10/2026,$0.00 ,$0.00 ,"$64,422.85 ","$64,422.85 ",$0.00 ,$0.00 ,$0.00 ,$0.00 ,$0.00 ,$186.58 ,$0.00 ,$0.00 ,$0.00 ,$186.58 ,$186.58 ,"$45,096.00 "
"3535 West Loop 820 South  Fort Worth, TX 76116",GMC Truck,Auto - GMC Truck Plant (Floorplan-New) - East,4/13/2026,327644,4/13/2026,11/13/2027,2026 GMC Truck GMC SIER 15E,Automobile,GMC SIER 15E,3GTUUCED7TG327644,,"$64,880.73 ",$0.00 ,"$64,880.73 ",4/13/2026,$0.00 ,$0.00 ,"$64,880.73 ","$64,880.73 ",$0.00 ,$0.00 ,$0.00 ,$0.00 ,$0.00 ,$161.06 ,$0.00 ,$0.00 ,$0.00 ,$161.06 ,$161.06 ,"$38,928.44 "
"3535 West Loop 820 South  Fort Worth, TX 76116",GMC Truck,Auto - GMC Truck Plant (Floorplan-New) - East,4/14/2026,327648,4/14/2026,11/14/2027,2026 GMC Truck GMC SIER 15E,Automobile,GMC SIER 15E,3GTUUCED4TG327648,,"$64,880.73 ",$0.00 ,"$64,880.73 ",4/14/2026,$0.00 ,$0.00 ,"$64,880.73 ","$64,880.73 ",$0.00 ,$0.00 ,$0.00 ,$0.00 ,$0.00 ,$152.11 ,$0.00 ,$0.00 ,$0.00 ,$152.11 ,$152.11 ,"$36,765.75 "
"3535 West Loop 820 South  Fort Worth, TX 76116",GMC Truck,Auto - GMC Truck Plant (Floorplan-New) - East,4/1/2026,327785,4/1/2026,11/1/2027,2026 GMC Truck GMC SIER 15E,Automobile,GMC SIER 15E,3GTUUCED3TG327785,,"$64,422.85 ",$0.00 ,"$64,422.85 ",4/1/2026,$0.00 ,$0.00 ,"$64,422.85 ","$64,422.85 ",$0.00 ,$0.00 ,$0.00 ,$0.00 ,$0.00 ,$266.54 ,$0.00 ,$0.00 ,$0.00 ,$266.54 ,$266.54 ,"$64,422.85 "
"3535 West Loop 820 South  Fort Worth, TX 76116",GMC Truck,Auto - GMC Truck Plant (Floorplan-New) - East,4/14/2026,327787,4/14/2026,11/14/2027,2026 GMC Truck GMC SIER 15E,Automobile,GMC SIER 15E,3GTUUCED7TG327787,,"$64,880.73 ",$0.00 ,"$64,880.73 ",4/14/2026,$0.00 ,$0.00 ,"$64,880.73 ","$64,880.73 ",$0.00 ,$0.00 ,$0.00 ,$0.00 ,$0.00 ,$152.11 ,$0.00 ,$0.00 ,$0.00 ,$152.11 ,$152.11 ,"$36,765.75 "
"3535 West Loop 820 South  Fort Worth, TX 76116",GMC Truck,Auto - GMC Truck Plant (Floorplan-New) - East,4/14/2026,327799,4/14/2026,11/14/2027,2026 GMC Truck GMC SIER 15E,Automobile,GMC SIER 15E,3GTUUCED3TG327799,,"$64,880.73 ",$0.00 ,"$64,880.73 ",4/14/2026,$0.00 ,$0.00 ,"$64,880.73 ","$64,880.73 ",$0.00 ,$0.00 ,$0.00 ,$0.00 ,$0.00 ,$152.11 ,$0.00 ,$0.00 ,$0.00 ,$152.11 ,$152.11 ,"$36,765.75 "
"3535 West Loop 820 South  Fort Worth, TX 76116",GMC Truck,Auto - GMC Truck Plant (Floorplan-New) - East,4/13/2026,327854,4/13/2026,11/13/2027,2026 GMC Truck GMC SIER 15E,Automobile,GMC SIER 15E,3GTUUCED7TG327854,,"$64,422.85 ",$0.00 ,"$64,422.85 ",4/13/2026,$0.00 ,$0.00 ,"$64,422.85 ","$64,422.85 ",$0.00 ,$0.00 ,$0.00 ,$0.00 ,$0.00 ,$159.92 ,$0.00 ,$0.00 ,$0.00 ,$159.92 ,$159.92 ,"$38,653.71 "
"3535 West Loop 820 South  Fort Worth, TX 76116",GMC Truck,Auto - GMC Truck Plant (Floorplan-New) - East,4/13/2026,327856,4/13/2026,11/13/2027,2026 GMC Truck GMC SIER 15E,Automobile,GMC SIER 15E,3GTUUCED0TG327856,,"$64,880.73 ",$0.00 ,"$64,880.73 ",4/13/2026,$0.00 ,$0.00 ,"$64,880.73 ","$64,880.73 ",$0.00 ,$0.00 ,$0.00 ,$0.00 ,$0.00 ,$161.06 ,$0.00 ,$0.00 ,$0.00 ,$161.06 ,$161.06 ,"$38,928.44 "
"3535 West Loop 820 South  Fort Worth, TX 76116",GMC Truck,Auto - GMC Truck Plant (Floorplan-New) - East,4/13/2026,327862,4/13/2026,11/13/2027,2026 GMC Truck GMC SIER 15E,Automobile,GMC SIER 15E,3GTUUCED6TG327862,,"$64,422.85 ",$0.00 ,"$64,422.85 ",4/13/2026,$0.00 ,$0.00 ,"$64,422.85 ","$64,422.85 ",$0.00 ,$0.00 ,$0.00 ,$0.00 ,$0.00 ,$159.92 ,$0.00 ,$0.00 ,$0.00 ,$159.92 ,$159.92 ,"$38,653.71 "
"3535 West Loop 820 South  Fort Worth, TX 76116",GMC Truck,Auto - GMC Truck Plant (Floorplan-New) - East,4/13/2026,327928,4/13/2026,11/13/2027,2026 GMC Truck GMC SIER 15E,Automobile,GMC SIER 15E,3GTUUCEDXTG327928,,"$64,880.73 ",$0.00 ,"$64,880.73 ",4/13/2026,$0.00 ,$0.00 ,"$64,880.73 ","$64,880.73 ",$0.00 ,$0.00 ,$0.00 ,$0.00 ,$0.00 ,$161.06 ,$0.00 ,$0.00 ,$0.00 ,$161.06 ,$161.06 ,"$38,928.44 "
"3535 West Loop 820 South  Fort Worth, TX 76116",GMC Truck,Auto - GMC Truck Plant (Floorplan-New) - East,4/13/2026,327935,4/13/2026,11/13/2027,2026 GMC Truck GMC SIER 15E,Automobile,GMC SIER 15E,3GTUUCED7TG327935,,"$64,880.73 ",$0.00 ,"$64,880.73 ",4/13/2026,$0.00 ,$0.00 ,"$64,880.73 ","$64,880.73 ",$0.00 ,$0.00 ,$0.00 ,$0.00 ,$0.00 ,$161.06 ,$0.00 ,$0.00 ,$0.00 ,$161.06 ,$161.06 ,"$38,928.44 "
"3535 West Loop 820 South  Fort Worth, TX 76116",GMC Truck,Auto - GMC Truck Plant (Floorplan-New) - East,4/1/2026,327991,4/1/2026,11/1/2027,2026 GMC Truck GMC SIER 15E,Automobile,GMC SIER 15E,3GTUUCED6TG327991,G36726,"$64,880.73 ",$0.00 ,"$64,880.73 ",4/1/2026,"($64,880.73)",$0.00 ,$0.00 ,$0.00 ,$0.00 ,$0.00 ,$0.00 ,$0.00 ,$0.00 ,$241.59 ,$0.00 ,$0.00 ,$0.00 ,$241.59 ,$241.59 ,"$58,392.66 "
"3535 West Loop 820 South  Fort Worth, TX 76116",GMC Truck,Auto - GMC Truck Plant (Floorplan-New) - East,4/13/2026,327993,4/13/2026,11/13/2027,2026 GMC Truck GMC SIER 15E,Automobile,GMC SIER 15E,3GTUUCEDXTG327993,,"$64,880.73 ",$0.00 ,"$64,880.73 ",4/13/2026,$0.00 ,$0.00 ,"$64,880.73 ","$64,880.73 ",$0.00 ,$0.00 ,$0.00 ,$0.00 ,$0.00 ,$161.06 ,$0.00 ,$0.00 ,$0.00 ,$161.06 ,$161.06 ,"$38,928.44 "
"3535 West Loop 820 South  Fort Worth, TX 76116",GMC Truck,Auto - GMC Truck Plant (Floorplan-New) - East,4/2/2026,329430,4/2/2026,11/2/2027,2026 GMC Truck GMC SIER 15A,Automobile,GMC SIER 15A,3GTUUEEL5TG329430,G36719,"$71,914.00 ",$0.00 ,"$71,914.00 ",4/2/2026,"($71,914.00)",$0.00 ,$0.00 ,$0.00 ,$0.00 ,$0.00 ,$0.00 ,$0.00 ,$0.00 ,$267.78 ,$0.00 ,$0.00 ,$0.00 ,$267.78 ,$267.78 ,"$64,722.60 "
"3535 West Loop 820 South  Fort Worth, TX 76116",GMC Truck,Auto - GMC Truck Plant (Floorplan-New) - East,4/2/2026,329763,4/2/2026,11/2/2027,2026 GMC Truck GMC SIER 15A,Automobile,GMC SIER 15A,3GTUUEE85TG329763,G36738,"$68,750.50 ",$0.00 ,"$68,750.50 ",4/2/2026,"($68,750.50)",$0.00 ,$0.00 ,$0.00 ,$0.00 ,$0.00 ,$0.00 ,$0.00 ,$0.00 ,$256.00 ,$0.00 ,$0.00 ,$0.00 ,$256.00 ,$256.00 ,"$61,875.45 "
"3535 West Loop 820 South  Fort Worth, TX 76116",GMC Truck,Auto - GMC Truck Plant (Floorplan-New) - East,4/10/2026,330178,4/10/2026,11/10/2027,2026 GMC Truck GMC SIER 15A,Automobile,GMC SIER 15A,3GTUUEEL4TG330178,,"$72,371.88 ",$0.00 ,"$72,371.88 ",4/10/2026,$0.00 ,$0.00 ,"$72,371.88 ","$72,371.88 ",$0.00 ,$0.00 ,$0.00 ,$0.00 ,$0.00 ,$209.60 ,$0.00 ,$0.00 ,$0.00 ,$209.60 ,$209.60 ,"$50,660.32 "
"3535 West Loop 820 South  Fort Worth, TX 76116",GMC Truck,Auto - GMC Truck Plant (Floorplan-New) - East,4/8/2026,330395,4/8/2026,11/8/2027,2026 GMC Truck GMC SIER 15A,Automobile,GMC SIER 15A,3GTUUEEL1TG330395,,"$72,371.88 ",$0.00 ,"$72,371.88 ",4/8/2026,$0.00 ,$0.00 ,"$72,371.88 ","$72,371.88 ",$0.00 ,$0.00 ,$0.00 ,$0.00 ,$0.00 ,$229.56 ,$0.00 ,$0.00 ,$0.00 ,$229.56 ,$229.56 ,"$55,485.11 "
"3535 West Loop 820 South  Fort Worth, TX 76116",GMC Truck,Auto - GMC Truck Plant (Floorplan-New) - East,4/8/2026,331611,4/8/2026,11/8/2027,2026 GMC Truck GMC SIER 15A,Automobile,GMC SIER 15A,3GTUUEE83TG331611,,"$69,208.38 ",$0.00 ,"$69,208.38 ",4/8/2026,$0.00 ,$0.00 ,"$69,208.38 ","$69,208.38 ",$0.00 ,$0.00 ,$0.00 ,$0.00 ,$0.00 ,$219.53 ,$0.00 ,$0.00 ,$0.00 ,$219.53 ,$219.53 ,"$53,059.76 "
"3535 West Loop 820 South  Fort Worth, TX 76116",GMC Truck,Auto - GMC Truck Plant (Floorplan-New) - East,3/27/2026,331706,3/27/2026,10/27/2027,2026 GMC Truck GMC SIER 15P,Automobile,GMC SIER 15P,1GTPUAEK1TZ331706,G36656,"$51,095.50 ","$51,095.50 ",$0.00 ,,"($51,095.50)",$0.00 ,"($51,095.50)",$0.00 ,$0.00 ,$0.00 ,$0.00 ,$0.00 ,$0.00 ,$147.98 ,$0.00 ,$0.00 ,$0.00 ,$147.98 ,$183.23 ,"$35,766.85 "
"3535 West Loop 820 South  Fort Worth, TX 76116",GMC Truck,Auto - GMC Truck Plant (Floorplan-New) - East,4/7/2026,331748,4/7/2026,11/7/2027,2026 GMC Truck GMC SIER 15A,Automobile,GMC SIER 15A,3GTUUEE88TG331748,G36727,"$69,208.38 ",$0.00 ,"$69,208.38 ",4/7/2026,"($69,208.38)",$0.00 ,$0.00 ,$0.00 ,$0.00 ,$0.00 ,$0.00 ,$0.00 ,$0.00 ,$143.17 ,$0.00 ,$0.00 ,$0.00 ,$143.17 ,$143.17 ,"$34,604.19 "
"3535 West Loop 820 South  Fort Worth, TX 76116",GMC Truck,Auto - GMC Truck Plant (Floorplan-New) - East,3/27/2026,331802,3/27/2026,10/27/2027,2026 GMC Truck GMC SIER 15P,Automobile,GMC SIER 15P,1GTPUAEK8TZ331802,,"$51,095.50 ","$51,095.50 ",$0.00 ,,$0.00 ,$0.00 ,$0.00 ,"$51,095.50 ",$0.00 ,$0.00 ,$0.00 ,$0.00 ,$0.00 ,$211.40 ,$0.00 ,$0.00 ,$0.00 ,$211.40 ,$246.65 ,"$51,095.50 "
"3535 West Loop 820 South  Fort Worth, TX 76116",GMC Truck,Auto - GMC Truck Plant (Floorplan-New) - East,11/14/2025,332846,11/14/2025,6/14/2027,2025 GMC Truck GMC TERRN AT,Automobile,GMC TERRN AT,3GKALYEGXTL332846,,"$41,417.05 ","$41,417.05 ",$0.00 ,,$0.00 ,$0.00 ,$0.00 ,"$41,417.05 ",$0.00 ,$0.00 ,$0.00 ,$0.00 ,$0.00 ,$171.36 ,$0.00 ,$0.00 ,$0.00 ,$171.36 ,$975.03 ,"$41,417.05 "
"3535 West Loop 820 South  Fort Worth, TX 76116",GMC Truck,Auto - GMC Truck Plant (Floorplan-New) - East,4/22/2026,333060,4/22/2026,11/22/2027,2026 GMC Truck GMC YUK 2ELE,Automobile,GMC YUK 2ELE,1GKS1BKD7TR333060,G36753,"$75,395.10 ",$0.00 ,"$75,395.10 ",4/22/2026,"($75,395.10)",$0.00 ,$0.00 ,$0.00 ,$0.00 ,$0.00 ,$0.00 ,$0.00 ,$0.00 ,$62.39 ,$0.00 ,$0.00 ,$0.00 ,$62.39 ,$62.39 ,"$15,079.02 "
"3535 West Loop 820 South  Fort Worth, TX 76116",GMC Truck,Auto - GMC Truck Plant (Floorplan-New) - East,11/10/2025,333438,11/10/2025,6/10/2027,2025 GMC Truck GMC TERRN AT,Automobile,GMC TERRN AT,3GKALYEG0TL333438,,"$41,417.05 ","$41,417.05 ",$0.00 ,,$0.00 ,$0.00 ,$0.00 ,"$41,417.05 ",$0.00 ,$0.00 ,$0.00 ,$0.00 ,$0.00 ,$171.36 ,$0.00 ,$0.00 ,$0.00 ,$171.36 ,$999.35 ,"$41,417.05 "
"3535 West Loop 820 South  Fort Worth, TX 76116",GMC Truck,Auto - GMC Truck Plant (Floorplan-New) - East,4/2/2026,334402,4/2/2026,11/2/2027,2026 GMC Truck GMC SIER 15E,Automobile,GMC SIER 15E,1GTPHCED5TZ334402,,"$61,073.80 ",$0.00 ,"$61,073.80 ",4/2/2026,$0.00 ,$0.00 ,"$61,073.80 ","$61,073.80 ",$0.00 ,$0.00 ,$0.00 ,$0.00 ,$0.00 ,$244.26 ,$0.00 ,$0.00 ,$0.00 ,$244.26 ,$244.26 ,"$59,038.01 "
"3535 West Loop 820 South  Fort Worth, TX 76116",GMC Truck,Auto - GMC Truck Plant (Floorplan-New) - East,4/2/2026,335012,4/2/2026,11/2/2027,2026 GMC Truck GMC SIER 15E,Automobile,GMC SIER 15E,1GTPHCED8TZ335012,,"$61,073.80 ",$0.00 ,"$61,073.80 ",4/2/2026,$0.00 ,$0.00 ,"$61,073.80 ","$61,073.80 ",$0.00 ,$0.00 ,$0.00 ,$0.00 ,$0.00 ,$244.26 ,$0.00 ,$0.00 ,$0.00 ,$244.26 ,$244.26 ,"$59,038.01 "
"3535 West Loop 820 South  Fort Worth, TX 76116",GMC Truck,Auto - GMC Truck Plant (Floorplan-New) - East,4/6/2026,335843,4/6/2026,11/6/2027,2026 GMC Truck GMC SIER 15E,Automobile,GMC SIER 15E,1GTPHCED7TZ335843,,"$61,073.80 ",$0.00 ,"$61,073.80 ",4/6/2026,$0.00 ,$0.00 ,"$61,073.80 ","$61,073.80 ",$0.00 ,$0.00 ,$0.00 ,$0.00 ,$0.00 ,$210.57 ,$0.00 ,$0.00 ,$0.00 ,$210.57 ,$210.57 ,"$50,894.83 "
"3535 West Loop 820 South  Fort Worth, TX 76116",GMC Truck,Auto - GMC Truck Plant (Floorplan-New) - East,4/6/2026,337363,4/6/2026,11/6/2027,2026 GMC Truck GMC SIER 15E,Automobile,GMC SIER 15E,1GTUUCED5TZ337363,G36712,"$65,292.35 ",$0.00 ,"$65,292.35 ",4/6/2026,"($65,292.35)",$0.00 ,$0.00 ,$0.00 ,$0.00 ,$0.00 ,$0.00 ,$0.00 ,$0.00 ,$72.04 ,$0.00 ,$0.00 ,$0.00 ,$72.04 ,$72.04 ,"$17,411.29 "
"3535 West Loop 820 South  Fort Worth, TX 76116",GMC Truck,Auto - GMC Truck Plant (Floorplan-New) - East,4/6/2026,337379,4/6/2026,11/6/2027,2026 GMC Truck GMC SIER 15E,Automobile,GMC SIER 15E,1GTUUCED9TZ337379,G36709,"$65,292.35 ",$0.00 ,"$65,292.35 ",4/6/2026,"($65,292.35)",$0.00 ,$0.00 ,$0.00 ,$0.00 ,$0.00 ,$0.00 ,$0.00 ,$0.00 ,$72.04 ,$0.00 ,$0.00 ,$0.00 ,$72.04 ,$72.04 ,"$17,411.29 "
"3535 West Loop 820 South  Fort Worth, TX 76116",GMC Truck,Auto - GMC Truck Plant (Floorplan-New) - East,4/3/2026,337478,4/3/2026,11/3/2027,2026 GMC Truck GMC SIER 15E,Automobile,GMC SIER 15E,1GTPHCED9TZ337478,G36697,"$61,073.80 ",$0.00 ,"$61,073.80 ",4/3/2026,"($61,073.80)",$0.00 ,$0.00 ,$0.00 ,$0.00 ,$0.00 ,$0.00 ,$0.00 ,$0.00 ,$92.65 ,$0.00 ,$0.00 ,$0.00 ,$92.65 ,$92.65 ,"$22,393.73 "
"3535 West Loop 820 South  Fort Worth, TX 76116",GMC Truck,Auto - GMC Truck Plant (Floorplan-New) - East,4/3/2026,337622,4/3/2026,11/3/2027,2026 GMC Truck GMC SIER 15E,Automobile,GMC SIER 15E,1GTPHCED1TZ337622,G36708,"$61,073.80 ",$0.00 ,"$61,073.80 ",4/3/2026,"($61,073.80)",$0.00 ,$0.00 ,$0.00 ,$0.00 ,$0.00 ,$0.00 ,$0.00 ,$0.00 ,$143.19 ,$0.00 ,$0.00 ,$0.00 ,$143.19 ,$143.19 ,"$34,608.49 "
"3535 West Loop 820 South  Fort Worth, TX 76116",GMC Truck,Auto - GMC Truck Plant (Floorplan-New) - East,4/27/2026,337970,4/27/2026,11/27/2027,2026 GMC Truck GMC YUK 4DEN,Automobile,GMC YUK 4DEN,1GKS2DKL0TR337970,,"$83,093.03 ",$0.00 ,"$83,093.03 ",4/27/2026,$0.00 ,$0.00 ,"$83,093.03 ","$83,093.03 ",$0.00 ,$0.00 ,$0.00 ,$0.00 ,$0.00 ,$45.84 ,$0.00 ,$0.00 ,$0.00 ,$45.84 ,$45.84 ,"$11,079.07 "
"3535 West Loop 820 South  Fort Worth, TX 76116",GMC Truck,Auto - GMC Truck Plant (Floorplan-New) - East,4/6/2026,338466,4/6/2026,11/6/2027,2026 GMC Truck GMC SIER 15E,Automobile,GMC SIER 15E,1GTPHCED7TZ338466,,"$61,073.80 ",$0.00 ,"$61,073.80 ",4/6/2026,$0.00 ,$0.00 ,"$61,073.80 ","$61,073.80 ",$0.00 ,$0.00 ,$0.00 ,$0.00 ,$0.00 ,$210.57 ,$0.00 ,$0.00 ,$0.00 ,$210.57 ,$210.57 ,"$50,894.83 "
"3535 West Loop 820 South  Fort Worth, TX 76116",GMC Truck,Auto - GMC Truck Plant (Floorplan-New) - East,4/6/2026,338515,4/6/2026,11/6/2027,2026 GMC Truck GMC SIER 15E,Automobile,GMC SIER 15E,1GTPHCED5TZ338515,,"$61,073.80 ",$0.00 ,"$61,073.80 ",4/6/2026,$0.00 ,$0.00 ,"$61,073.80 ","$61,073.80 ",$0.00 ,$0.00 ,$0.00 ,$0.00 ,$0.00 ,$210.57 ,$0.00 ,$0.00 ,$0.00 ,$210.57 ,$210.57 ,"$50,894.83 "
"3535 West Loop 820 South  Fort Worth, TX 76116",GMC Truck,Auto - GMC Truck Plant (Floorplan-New) - East,4/28/2026,338980,4/28/2026,11/28/2027,2026 GMC Truck GMC YUK 4DEN,Automobile,GMC YUK 4DEN,1GKS2DKL8TR338980,,"$94,216.15 ",$0.00 ,"$94,216.15 ",4/28/2026,$0.00 ,$0.00 ,"$94,216.15 ","$94,216.15 ",$0.00 ,$0.00 ,$0.00 ,$0.00 ,$0.00 ,$38.98 ,$0.00 ,$0.00 ,$0.00 ,$38.98 ,$38.98 ,"$9,421.61 "
"3535 West Loop 820 South  Fort Worth, TX 76116",GMC Truck,Auto - GMC Truck Plant (Floorplan-New) - East,4/7/2026,339754,4/7/2026,11/7/2027,2026 GMC Truck GMC SIER 15E,Automobile,GMC SIER 15E,1GTPHCED6TZ339754,,"$60,615.93 ",$0.00 ,"$60,615.93 ",4/7/2026,$0.00 ,$0.00 ,"$60,615.93 ","$60,615.93 ",$0.00 ,$0.00 ,$0.00 ,$0.00 ,$0.00 ,$200.63 ,$0.00 ,$0.00 ,$0.00 ,$200.63 ,$200.63 ,"$48,492.74 "
"3535 West Loop 820 South  Fort Worth, TX 76116",GMC Truck,Auto - GMC Truck Plant (Floorplan-New) - East,4/6/2026,339821,4/6/2026,11/6/2027,2026 GMC Truck GMC SIER 15E,Automobile,GMC SIER 15E,1GTPHCED6TZ339821,,"$61,073.80 ",$0.00 ,"$61,073.80 ",4/6/2026,$0.00 ,$0.00 ,"$61,073.80 ","$61,073.80 ",$0.00 ,$0.00 ,$0.00 ,$0.00 ,$0.00 ,$210.57 ,$0.00 ,$0.00 ,$0.00 ,$210.57 ,$210.57 ,"$50,894.83 "
"3535 West Loop 820 South  Fort Worth, TX 76116",GMC Truck,Auto - GMC Truck Plant (Floorplan-New) - East,4/29/2026,340464,4/29/2026,11/29/2027,2026 GMC Truck GMC YUK 4ELE,Automobile,GMC YUK 4ELE,1GKS2BKD4TR340464,,"$78,393.73 ",$0.00 ,"$78,393.73 ",4/29/2026,$0.00 ,$0.00 ,"$78,393.73 ","$78,393.73 ",$0.00 ,$0.00 ,$0.00 ,$0.00 ,$0.00 ,$21.62 ,$0.00 ,$0.00 ,$0.00 ,$21.62 ,$21.62 ,"$5,226.25 "
"3535 West Loop 820 South  Fort Worth, TX 76116",GMC Truck,Auto - GMC Truck Plant (Floorplan-New) - East,4/29/2026,340502,4/29/2026,11/29/2027,2026 GMC Truck GMC YUK 4ELE,Automobile,GMC YUK 4ELE,1GKS2BKD8TR340502,,"$78,393.73 ",$0.00 ,"$78,393.73 ",4/29/2026,$0.00 ,$0.00 ,"$78,393.73 ","$78,393.73 ",$0.00 ,$0.00 ,$0.00 ,$0.00 ,$0.00 ,$21.62 ,$0.00 ,$0.00 ,$0.00 ,$21.62 ,$21.62 ,"$5,226.25 "
"3535 West Loop 820 South  Fort Worth, TX 76116",GMC Truck,Auto - GMC Truck Plant (Floorplan-New) - East,4/22/2026,340954,4/22/2026,11/22/2027,2026 GMC Truck GMC SIER 15E,Automobile,GMC SIER 15E,3GTUUCEDXTG340954,,"$64,422.85 ",$0.00 ,"$64,422.85 ",4/22/2026,$0.00 ,$0.00 ,"$64,422.85 ","$64,422.85 ",$0.00 ,$0.00 ,$0.00 ,$0.00 ,$0.00 ,$79.96 ,$0.00 ,$0.00 ,$0.00 ,$79.96 ,$79.96 ,"$19,326.85 "
"3535 West Loop 820 South  Fort Worth, TX 76116",GMC Truck,Auto - GMC Truck Plant (Floorplan-New) - East,4/17/2026,340995,4/17/2026,11/17/2027,2026 GMC Truck GMC SIER 15E,Automobile,GMC SIER 15E,3GTUUCED2TG340995,,"$64,422.85 ",$0.00 ,"$64,422.85 ",4/17/2026,$0.00 ,$0.00 ,"$64,422.85 ","$64,422.85 ",$0.00 ,$0.00 ,$0.00 ,$0.00 ,$0.00 ,$124.38 ,$0.00 ,$0.00 ,$0.00 ,$124.38 ,$124.38 ,"$30,064.00 "
"3535 West Loop 820 South  Fort Worth, TX 76116",GMC Truck,Auto - GMC Truck Plant (Floorplan-New) - East,4/22/2026,341418,4/22/2026,11/22/2027,2026 GMC Truck GMC SIER 15E,Automobile,GMC SIER 15E,3GTUUCED2TG341418,,"$64,880.73 ",$0.00 ,"$64,880.73 ",4/22/2026,$0.00 ,$0.00 ,"$64,880.73 ","$64,880.73 ",$0.00 ,$0.00 ,$0.00 ,$0.00 ,$0.00 ,$80.53 ,$0.00 ,$0.00 ,$0.00 ,$80.53 ,$80.53 ,"$19,464.22 "
"3535 West Loop 820 South  Fort Worth, TX 76116",GMC Truck,Auto - GMC Truck Plant (Floorplan-New) - East,4/17/2026,341574,4/17/2026,11/17/2027,2026 GMC Truck GMC SIER 15E,Automobile,GMC SIER 15E,3GTUUCED5TG341574,,"$64,880.73 ",$0.00 ,"$64,880.73 ",4/17/2026,$0.00 ,$0.00 ,"$64,880.73 ","$64,880.73 ",$0.00 ,$0.00 ,$0.00 ,$0.00 ,$0.00 ,$125.27 ,$0.00 ,$0.00 ,$0.00 ,$125.27 ,$125.27 ,"$30,277.67 "
"3535 West Loop 820 South  Fort Worth, TX 76116",GMC Truck,Auto - GMC Truck Plant (Floorplan-New) - East,4/21/2026,341580,4/21/2026,11/21/2027,2026 GMC Truck GMC SIER 15E,Automobile,GMC SIER 15E,3GTUUCED0TG341580,,"$64,880.73 ",$0.00 ,"$64,880.73 ",4/21/2026,$0.00 ,$0.00 ,"$64,880.73 ","$64,880.73 ",$0.00 ,$0.00 ,$0.00 ,$0.00 ,$0.00 ,$89.48 ,$0.00 ,$0.00 ,$0.00 ,$89.48 ,$89.48 ,"$21,626.91 "
"3535 West Loop 820 South  Fort Worth, TX 76116",GMC Truck,Auto - GMC Truck Plant (Floorplan-New) - East,4/17/2026,341644,4/17/2026,11/17/2027,2026 GMC Truck GMC SIER 15E,Automobile,GMC SIER 15E,3GTUUCED0TG341644,,"$64,880.73 ",$0.00 ,"$64,880.73 ",4/17/2026,$0.00 ,$0.00 ,"$64,880.73 ","$64,880.73 ",$0.00 ,$0.00 ,$0.00 ,$0.00 ,$0.00 ,$125.27 ,$0.00 ,$0.00 ,$0.00 ,$125.27 ,$125.27 ,"$30,277.67 "
"3535 West Loop 820 South  Fort Worth, TX 76116",GMC Truck,Auto - GMC Truck Plant (Floorplan-New) - East,4/17/2026,341806,4/17/2026,11/17/2027,2026 GMC Truck GMC SIER 15E,Automobile,GMC SIER 15E,3GTUUCED0TG341806,,"$64,880.73 ",$0.00 ,"$64,880.73 ",4/17/2026,$0.00 ,$0.00 ,"$64,880.73 ","$64,880.73 ",$0.00 ,$0.00 ,$0.00 ,$0.00 ,$0.00 ,$125.27 ,$0.00 ,$0.00 ,$0.00 ,$125.27 ,$125.27 ,"$30,277.67 "
"3535 West Loop 820 South  Fort Worth, TX 76116",GMC Truck,Auto - GMC Truck Plant (Floorplan-New) - East,4/22/2026,342408,4/22/2026,11/22/2027,2026 GMC Truck GMC SIER 15D,Automobile,GMC SIER 15D,3GTUUGEL6TG342408,,"$73,579.40 ",$0.00 ,"$73,579.40 ",4/22/2026,$0.00 ,$0.00 ,"$73,579.40 ","$73,579.40 ",$0.00 ,$0.00 ,$0.00 ,$0.00 ,$0.00 ,$91.33 ,$0.00 ,$0.00 ,$0.00 ,$91.33 ,$91.33 ,"$22,073.82 "
"3535 West Loop 820 South  Fort Worth, TX 76116",GMC Truck,Auto - GMC Truck Plant (Floorplan-New) - East,4/28/2026,342441,4/28/2026,11/28/2027,2026 GMC Truck GMC SIER 15A,Automobile,GMC SIER 15A,3GTUUFEL1TG342441,,"$81,767.35 ",$0.00 ,"$81,767.35 ",4/28/2026,$0.00 ,$0.00 ,"$81,767.35 ","$81,767.35 ",$0.00 ,$0.00 ,$0.00 ,$0.00 ,$0.00 ,$33.83 ,$0.00 ,$0.00 ,$0.00 ,$33.83 ,$33.83 ,"$8,176.74 "
"3535 West Loop 820 South  Fort Worth, TX 76116",GMC Truck,Auto - GMC Truck Plant (Floorplan-New) - East,4/22/2026,342444,4/22/2026,11/22/2027,2026 GMC Truck GMC SIER 15A,Automobile,GMC SIER 15A,3GTUUFEL7TG342444,,"$81,767.35 ",$0.00 ,"$81,767.35 ",4/22/2026,$0.00 ,$0.00 ,"$81,767.35 ","$81,767.35 ",$0.00 ,$0.00 ,$0.00 ,$0.00 ,$0.00 ,$101.49 ,$0.00 ,$0.00 ,$0.00 ,$101.49 ,$101.49 ,"$24,530.20 "
"3535 West Loop 820 South  Fort Worth, TX 76116",GMC Truck,Auto - GMC Truck Plant (Floorplan-New) - East,4/22/2026,342447,4/22/2026,11/22/2027,2026 GMC Truck GMC SIER 15A,Automobile,GMC SIER 15A,3GTUUFEL2TG342447,,"$81,767.35 ",$0.00 ,"$81,767.35 ",4/22/2026,$0.00 ,$0.00 ,"$81,767.35 ","$81,767.35 ",$0.00 ,$0.00 ,$0.00 ,$0.00 ,$0.00 ,$101.49 ,$0.00 ,$0.00 ,$0.00 ,$101.49 ,$101.49 ,"$24,530.20 "
"3535 West Loop 820 South  Fort Worth, TX 76116",GMC Truck,Auto - GMC Truck Plant (Floorplan-New) - East,4/20/2026,343066,4/20/2026,11/20/2027,2026 GMC Truck GMC SIER 15D,Automobile,GMC SIER 15D,3GTUUGEL9TG343066,,"$73,024.40 ",$0.00 ,"$73,024.40 ",4/20/2026,$0.00 ,$0.00 ,"$73,024.40 ","$73,024.40 ",$0.00 ,$0.00 ,$0.00 ,$0.00 ,$0.00 ,$110.78 ,$0.00 ,$0.00 ,$0.00 ,$110.78 ,$110.78 ,"$26,775.61 "
"3535 West Loop 820 South  Fort Worth, TX 76116",GMC Truck,Auto - GMC Truck Plant (Floorplan-New) - East,4/20/2026,343146,4/20/2026,11/20/2027,2026 GMC Truck GMC SIER 15D,Automobile,GMC SIER 15D,3GTUUGEL7TG343146,,"$73,024.40 ",$0.00 ,"$73,024.40 ",4/20/2026,$0.00 ,$0.00 ,"$73,024.40 ","$73,024.40 ",$0.00 ,$0.00 ,$0.00 ,$0.00 ,$0.00 ,$110.78 ,$0.00 ,$0.00 ,$0.00 ,$110.78 ,$110.78 ,"$26,775.61 "
"3535 West Loop 820 South  Fort Worth, TX 76116",GMC Truck,Auto - GMC Truck Plant (Floorplan-New) - East,4/20/2026,343439,4/20/2026,11/20/2027,2026 GMC Truck GMC SIER 15D,Automobile,GMC SIER 15D,3GTUUGEL0TG343439,G36749,"$73,024.40 ",$0.00 ,"$73,024.40 ",4/20/2026,"($73,024.40)",$0.00 ,$0.00 ,$0.00 ,$0.00 ,$0.00 ,$0.00 ,$0.00 ,$0.00 ,$80.57 ,$0.00 ,$0.00 ,$0.00 ,$80.57 ,$80.57 ,"$19,473.17 "
"3535 West Loop 820 South  Fort Worth, TX 76116",GMC Truck,Auto - GMC Truck Plant (Floorplan-New) - East,4/20/2026,343612,4/20/2026,11/20/2027,2026 GMC Truck GMC SIER 15A,Automobile,GMC SIER 15A,3GTUUFEL7TG343612,,"$82,225.23 ",$0.00 ,"$82,225.23 ",4/20/2026,$0.00 ,$0.00 ,"$82,225.23 ","$82,225.23 ",$0.00 ,$0.00 ,$0.00 ,$0.00 ,$0.00 ,$124.74 ,$0.00 ,$0.00 ,$0.00 ,$124.74 ,$124.74 ,"$30,149.25 "
"3535 West Loop 820 South  Fort Worth, TX 76116",GMC Truck,Auto - GMC Truck Plant (Floorplan-New) - East,4/21/2026,343616,4/21/2026,11/21/2027,2026 GMC Truck GMC SIER 15A,Automobile,GMC SIER 15A,3GTUUFEL4TG343616,,"$82,225.23 ",$0.00 ,"$82,225.23 ",4/21/2026,$0.00 ,$0.00 ,"$82,225.23 ","$82,225.23 ",$0.00 ,$0.00 ,$0.00 ,$0.00 ,$0.00 ,$113.40 ,$0.00 ,$0.00 ,$0.00 ,$113.40 ,$113.40 ,"$27,408.41 "
"3535 West Loop 820 South  Fort Worth, TX 76116",GMC Truck,Auto - GMC Truck Plant (Floorplan-New) - East,4/20/2026,343828,4/20/2026,11/20/2027,2026 GMC Truck GMC SIER 15A,Automobile,GMC SIER 15A,3GTUUFEL8TG343828,,"$82,225.23 ",$0.00 ,"$82,225.23 ",4/20/2026,$0.00 ,$0.00 ,"$82,225.23 ","$82,225.23 ",$0.00 ,$0.00 ,$0.00 ,$0.00 ,$0.00 ,$124.74 ,$0.00 ,$0.00 ,$0.00 ,$124.74 ,$124.74 ,"$30,149.25 "
"3535 West Loop 820 South  Fort Worth, TX 76116",GMC Truck,Auto - GMC Truck Plant (Floorplan-New) - East,4/20/2026,343832,4/20/2026,11/20/2027,2026 GMC Truck GMC SIER 15A,Automobile,GMC SIER 15A,3GTUUFELXTG343832,,"$82,225.23 ",$0.00 ,"$82,225.23 ",4/20/2026,$0.00 ,$0.00 ,"$82,225.23 ","$82,225.23 ",$0.00 ,$0.00 ,$0.00 ,$0.00 ,$0.00 ,$124.74 ,$0.00 ,$0.00 ,$0.00 ,$124.74 ,$124.74 ,"$30,149.25 "
"3535 West Loop 820 South  Fort Worth, TX 76116",GMC Truck,Auto - GMC Truck Plant (Floorplan-New) - East,4/20/2026,343833,4/20/2026,11/20/2027,2026 GMC Truck GMC SIER 15A,Automobile,GMC SIER 15A,3GTUUFEL1TG343833,,"$82,225.23 ",$0.00 ,"$82,225.23 ",4/20/2026,$0.00 ,$0.00 ,"$82,225.23 ","$82,225.23 ",$0.00 ,$0.00 ,$0.00 ,$0.00 ,$0.00 ,$124.74 ,$0.00 ,$0.00 ,$0.00 ,$124.74 ,$124.74 ,"$30,149.25 "
"3535 West Loop 820 South  Fort Worth, TX 76116",GMC Truck,Auto - GMC Truck Plant (Floorplan-New) - East,4/20/2026,343834,4/20/2026,11/20/2027,2026 GMC Truck GMC SIER 15A,Automobile,GMC SIER 15A,3GTUUFEL3TG343834,,"$82,225.23 ",$0.00 ,"$82,225.23 ",4/20/2026,$0.00 ,$0.00 ,"$82,225.23 ","$82,225.23 ",$0.00 ,$0.00 ,$0.00 ,$0.00 ,$0.00 ,$124.74 ,$0.00 ,$0.00 ,$0.00 ,$124.74 ,$124.74 ,"$30,149.25 "
"3535 West Loop 820 South  Fort Worth, TX 76116",GMC Truck,Auto - GMC Truck Plant (Floorplan-New) - East,4/29/2026,344128,4/29/2026,11/29/2027,2026 GMC Truck GMC SIER 15A,Automobile,GMC SIER 15A,3GTUUFEL7TG344128,,"$82,225.23 ",$0.00 ,"$82,225.23 ",4/29/2026,$0.00 ,$0.00 ,"$82,225.23 ","$82,225.23 ",$0.00 ,$0.00 ,$0.00 ,$0.00 ,$0.00 ,$22.68 ,$0.00 ,$0.00 ,$0.00 ,$22.68 ,$22.68 ,"$5,481.68 "
"3535 West Loop 820 South  Fort Worth, TX 76116",GMC Truck,Auto - GMC Truck Plant (Floorplan-New) - East,4/29/2026,344129,4/29/2026,11/29/2027,2026 GMC Truck GMC SIER 15A,Automobile,GMC SIER 15A,3GTUUFEL9TG344129,,"$82,225.23 ",$0.00 ,"$82,225.23 ",4/29/2026,$0.00 ,$0.00 ,"$82,225.23 ","$82,225.23 ",$0.00 ,$0.00 ,$0.00 ,$0.00 ,$0.00 ,$22.68 ,$0.00 ,$0.00 ,$0.00 ,$22.68 ,$22.68 ,"$5,481.68 "
"3535 West Loop 820 South  Fort Worth, TX 76116",GMC Truck,Auto - GMC Truck Plant (Floorplan-New) - East,4/29/2026,344132,4/29/2026,11/29/2027,2026 GMC Truck GMC SIER 15A,Automobile,GMC SIER 15A,3GTUUFEL9TG344132,,"$82,225.23 ",$0.00 ,"$82,225.23 ",4/29/2026,$0.00 ,$0.00 ,"$82,225.23 ","$82,225.23 ",$0.00 ,$0.00 ,$0.00 ,$0.00 ,$0.00 ,$22.68 ,$0.00 ,$0.00 ,$0.00 ,$22.68 ,$22.68 ,"$5,481.68 "
"3535 West Loop 820 South  Fort Worth, TX 76116",GMC Truck,Auto - GMC Truck Plant (Floorplan-New) - East,4/29/2026,344133,4/29/2026,11/29/2027,2026 GMC Truck GMC SIER 15A,Automobile,GMC SIER 15A,3GTUUFEL0TG344133,,"$82,225.23 ",$0.00 ,"$82,225.23 ",4/29/2026,$0.00 ,$0.00 ,"$82,225.23 ","$82,225.23 ",$0.00 ,$0.00 ,$0.00 ,$0.00 ,$0.00 ,$22.68 ,$0.00 ,$0.00 ,$0.00 ,$22.68 ,$22.68 ,"$5,481.68 "
"3535 West Loop 820 South  Fort Worth, TX 76116",GMC Truck,Auto - GMC Truck Plant (Floorplan-New) - East,4/29/2026,344135,4/29/2026,11/29/2027,2026 GMC Truck GMC SIER 15A,Automobile,GMC SIER 15A,3GTUUFEL4TG344135,,"$82,225.23 ",$0.00 ,"$82,225.23 ",4/29/2026,$0.00 ,$0.00 ,"$82,225.23 ","$82,225.23 ",$0.00 ,$0.00 ,$0.00 ,$0.00 ,$0.00 ,$22.68 ,$0.00 ,$0.00 ,$0.00 ,$22.68 ,$22.68 ,"$5,481.68 "
"3535 West Loop 820 South  Fort Worth, TX 76116",GMC Truck,Auto - GMC Truck Plant (Floorplan-New) - East,4/29/2026,344136,4/29/2026,11/29/2027,2026 GMC Truck GMC SIER 15A,Automobile,GMC SIER 15A,3GTUUFEL6TG344136,,"$82,225.23 ",$0.00 ,"$82,225.23 ",4/29/2026,$0.00 ,$0.00 ,"$82,225.23 ","$82,225.23 ",$0.00 ,$0.00 ,$0.00 ,$0.00 ,$0.00 ,$22.68 ,$0.00 ,$0.00 ,$0.00 ,$22.68 ,$22.68 ,"$5,481.68 "
"3535 West Loop 820 South  Fort Worth, TX 76116",GMC Truck,Auto - GMC Truck Plant (Floorplan-New) - East,4/24/2026,346913,4/24/2026,11/24/2027,2026 GMC Truck GMC SIER 15A,Automobile,GMC SIER 15A,3GTUUFE89TG346913,,"$80,472.35 ",$0.00 ,"$80,472.35 ",4/24/2026,$0.00 ,$0.00 ,"$80,472.35 ","$80,472.35 ",$0.00 ,$0.00 ,$0.00 ,$0.00 ,$0.00 ,$77.69 ,$0.00 ,$0.00 ,$0.00 ,$77.69 ,$77.69 ,"$18,776.88 "
"3535 West Loop 820 South  Fort Worth, TX 76116",GMC Truck,Auto - GMC Truck Plant (Floorplan-New) - East,4/23/2026,346994,4/23/2026,11/23/2027,2026 GMC Truck GMC SIER 15D,Automobile,GMC SIER 15D,3GTUUGELXTG346994,,"$73,838.40 ",$0.00 ,"$73,838.40 ",4/23/2026,$0.00 ,$0.00 ,"$73,838.40 ","$73,838.40 ",$0.00 ,$0.00 ,$0.00 ,$0.00 ,$0.00 ,$81.47 ,$0.00 ,$0.00 ,$0.00 ,$81.47 ,$81.47 ,"$19,690.24 "
"3535 West Loop 820 South  Fort Worth, TX 76116",GMC Truck,Auto - GMC Truck Plant (Floorplan-New) - East,4/23/2026,347083,4/23/2026,11/23/2027,2026 GMC Truck GMC SIER 15A,Automobile,GMC SIER 15A,3GTUUFE8XTG347083,,"$80,472.35 ",$0.00 ,"$80,472.35 ",4/23/2026,$0.00 ,$0.00 ,"$80,472.35 ","$80,472.35 ",$0.00 ,$0.00 ,$0.00 ,$0.00 ,$0.00 ,$88.78 ,$0.00 ,$0.00 ,$0.00 ,$88.78 ,$88.78 ,"$21,459.29 "
"3535 West Loop 820 South  Fort Worth, TX 76116",GMC Truck,Auto - GMC Truck Plant (Floorplan-New) - East,4/23/2026,347112,4/23/2026,11/23/2027,2026 GMC Truck GMC SIER 15D,Automobile,GMC SIER 15D,3GTUUGELXTG347112,,"$73,283.40 ",$0.00 ,"$73,283.40 ",4/23/2026,$0.00 ,$0.00 ,"$73,283.40 ","$73,283.40 ",$0.00 ,$0.00 ,$0.00 ,$0.00 ,$0.00 ,$80.85 ,$0.00 ,$0.00 ,$0.00 ,$80.85 ,$80.85 ,"$19,542.24 "
"3535 West Loop 820 South  Fort Worth, TX 76116",GMC Truck,Auto - GMC Truck Plant (Floorplan-New) - East,4/23/2026,347189,4/23/2026,11/23/2027,2026 GMC Truck GMC SIER 15D,Automobile,GMC SIER 15D,3GTUUGEL1TG347189,,"$73,838.40 ",$0.00 ,"$73,838.40 ",4/23/2026,$0.00 ,$0.00 ,"$73,838.40 ","$73,838.40 ",$0.00 ,$0.00 ,$0.00 ,$0.00 ,$0.00 ,$81.47 ,$0.00 ,$0.00 ,$0.00 ,$81.47 ,$81.47 ,"$19,690.24 "
"3535 West Loop 820 South  Fort Worth, TX 76116",GMC Truck,Auto - GMC Truck Plant (Floorplan-New) - East,4/23/2026,347192,4/23/2026,11/23/2027,2026 GMC Truck GMC SIER 15D,Automobile,GMC SIER 15D,3GTUUGEL1TG347192,,"$73,283.40 ",$0.00 ,"$73,283.40 ",4/23/2026,$0.00 ,$0.00 ,"$73,283.40 ","$73,283.40 ",$0.00 ,$0.00 ,$0.00 ,$0.00 ,$0.00 ,$80.85 ,$0.00 ,$0.00 ,$0.00 ,$80.85 ,$80.85 ,"$19,542.24 "
"3535 West Loop 820 South  Fort Worth, TX 76116",GMC Truck,Auto - GMC Truck Plant (Floorplan-New) - East,4/23/2026,347226,4/23/2026,11/23/2027,2026 GMC Truck GMC SIER 15D,Automobile,GMC SIER 15D,3GTUUGEL3TG347226,,"$73,283.40 ",$0.00 ,"$73,283.40 ",4/23/2026,$0.00 ,$0.00 ,"$73,283.40 ","$73,283.40 ",$0.00 ,$0.00 ,$0.00 ,$0.00 ,$0.00 ,$80.85 ,$0.00 ,$0.00 ,$0.00 ,$80.85 ,$80.85 ,"$19,542.24 "
"3535 West Loop 820 South  Fort Worth, TX 76116",GMC Truck,Auto - GMC Truck Plant (Floorplan-New) - East,4/23/2026,347229,4/23/2026,11/23/2027,2026 GMC Truck GMC SIER 15D,Automobile,GMC SIER 15D,3GTUUGEL9TG347229,,"$73,283.40 ",$0.00 ,"$73,283.40 ",4/23/2026,$0.00 ,$0.00 ,"$73,283.40 ","$73,283.40 ",$0.00 ,$0.00 ,$0.00 ,$0.00 ,$0.00 ,$80.85 ,$0.00 ,$0.00 ,$0.00 ,$80.85 ,$80.85 ,"$19,542.24 "
"3535 West Loop 820 South  Fort Worth, TX 76116",GMC Truck,Auto - GMC Truck Plant (Floorplan-New) - East,4/24/2026,350404,4/24/2026,11/24/2027,2026 GMC Truck GMC SIER 15E,Automobile,GMC SIER 15E,3GTPHCED1TG350404,,"$60,615.93 ",$0.00 ,"$60,615.93 ",4/24/2026,$0.00 ,$0.00 ,"$60,615.93 ","$60,615.93 ",$0.00 ,$0.00 ,$0.00 ,$0.00 ,$0.00 ,$58.52 ,$0.00 ,$0.00 ,$0.00 ,$58.52 ,$58.52 ,"$14,143.72 "
"3535 West Loop 820 South  Fort Worth, TX 76116",GMC Truck,Auto - GMC Truck Plant (Floorplan-New) - East,4/27/2026,350891,4/27/2026,11/27/2027,2026 GMC Truck GMC SIER 15E,Automobile,GMC SIER 15E,3GTPHCED5TG350891,,"$60,615.93 ",$0.00 ,"$60,615.93 ",4/27/2026,$0.00 ,$0.00 ,"$60,615.93 ","$60,615.93 ",$0.00 ,$0.00 ,$0.00 ,$0.00 ,$0.00 ,$33.44 ,$0.00 ,$0.00 ,$0.00 ,$33.44 ,$33.44 ,"$8,082.12 "
"3535 West Loop 820 South  Fort Worth, TX 76116",GMC Truck,Auto - GMC Truck Plant (Floorplan-New) - East,4/27/2026,350896,4/27/2026,11/27/2027,2026 GMC Truck GMC SIER 15E,Automobile,GMC SIER 15E,3GTPHCED4TG350896,,"$60,615.93 ",$0.00 ,"$60,615.93 ",4/27/2026,$0.00 ,$0.00 ,"$60,615.93 ","$60,615.93 ",$0.00 ,$0.00 ,$0.00 ,$0.00 ,$0.00 ,$33.44 ,$0.00 ,$0.00 ,$0.00 ,$33.44 ,$33.44 ,"$8,082.12 "
"3535 West Loop 820 South  Fort Worth, TX 76116",GMC Truck,Auto - GMC Truck Plant (Floorplan-New) - East,4/27/2026,350982,4/27/2026,11/27/2027,2026 GMC Truck GMC SIER 15E,Automobile,GMC SIER 15E,3GTPHCED8TG350982,,"$61,073.80 ",$0.00 ,"$61,073.80 ",4/27/2026,$0.00 ,$0.00 ,"$61,073.80 ","$61,073.80 ",$0.00 ,$0.00 ,$0.00 ,$0.00 ,$0.00 ,$33.69 ,$0.00 ,$0.00 ,$0.00 ,$33.69 ,$33.69 ,"$8,143.17 "
"3535 West Loop 820 South  Fort Worth, TX 76116",GMC Truck,Auto - GMC Truck Plant (Floorplan-New) - East,4/30/2026,350998,4/30/2026,11/30/2027,2026 GMC Truck GMC SIER 15E,Automobile,GMC SIER 15E,3GTPHCED1TG350998,,"$61,073.80 ",$0.00 ,"$61,073.80 ",4/30/2026,$0.00 ,$0.00 ,"$61,073.80 ","$61,073.80 ",$0.00 ,$0.00 ,$0.00 ,$0.00 ,$0.00 ,$8.42 ,$0.00 ,$0.00 ,$0.00 ,$8.42 ,$8.42 ,"$2,035.79 "
"3535 West Loop 820 South  Fort Worth, TX 76116",GMC Truck,Auto - GMC Truck Plant (Floorplan-New) - East,4/27/2026,351065,4/27/2026,11/27/2027,2026 GMC Truck GMC SIER 15E,Automobile,GMC SIER 15E,3GTPHCEDXTG351065,,"$61,073.80 ",$0.00 ,"$61,073.80 ",4/27/2026,$0.00 ,$0.00 ,"$61,073.80 ","$61,073.80 ",$0.00 ,$0.00 ,$0.00 ,$0.00 ,$0.00 ,$33.69 ,$0.00 ,$0.00 ,$0.00 ,$33.69 ,$33.69 ,"$8,143.17 "
"3535 West Loop 820 South  Fort Worth, TX 76116",GMC Truck,Auto - GMC Truck Plant (Floorplan-New) - East,4/27/2026,351067,4/27/2026,11/27/2027,2026 GMC Truck GMC SIER 15E,Automobile,GMC SIER 15E,3GTPHCED3TG351067,,"$61,073.80 ",$0.00 ,"$61,073.80 ",4/27/2026,$0.00 ,$0.00 ,"$61,073.80 ","$61,073.80 ",$0.00 ,$0.00 ,$0.00 ,$0.00 ,$0.00 ,$33.69 ,$0.00 ,$0.00 ,$0.00 ,$33.69 ,$33.69 ,"$8,143.17 "
"3535 West Loop 820 South  Fort Worth, TX 76116",GMC Truck,Auto - GMC Truck Plant (Floorplan-New) - East,4/27/2026,351143,4/27/2026,11/27/2027,2026 GMC Truck GMC SIER 15E,Automobile,GMC SIER 15E,3GTPHCED4TG351143,,"$61,073.80 ",$0.00 ,"$61,073.80 ",4/27/2026,$0.00 ,$0.00 ,"$61,073.80 ","$61,073.80 ",$0.00 ,$0.00 ,$0.00 ,$0.00 ,$0.00 ,$33.69 ,$0.00 ,$0.00 ,$0.00 ,$33.69 ,$33.69 ,"$8,143.17 "
"3535 West Loop 820 South  Fort Worth, TX 76116",GMC Truck,Auto - GMC Truck Plant (Floorplan-New) - East,4/27/2026,351149,4/27/2026,11/27/2027,2026 GMC Truck GMC SIER 15E,Automobile,GMC SIER 15E,3GTPHCED5TG351149,,"$61,073.80 ",$0.00 ,"$61,073.80 ",4/27/2026,$0.00 ,$0.00 ,"$61,073.80 ","$61,073.80 ",$0.00 ,$0.00 ,$0.00 ,$0.00 ,$0.00 ,$33.69 ,$0.00 ,$0.00 ,$0.00 ,$33.69 ,$33.69 ,"$8,143.17 "
"3535 West Loop 820 South  Fort Worth, TX 76116",GMC Truck,Auto - GMC Truck Plant (Floorplan-New) - East,4/27/2026,352366,4/27/2026,11/27/2027,2026 GMC Truck GMC SIER 15E,Automobile,GMC SIER 15E,3GTUUCED9TG352366,,"$64,834.48 ",$0.00 ,"$64,834.48 ",4/27/2026,$0.00 ,$0.00 ,"$64,834.48 ","$64,834.48 ",$0.00 ,$0.00 ,$0.00 ,$0.00 ,$0.00 ,$35.77 ,$0.00 ,$0.00 ,$0.00 ,$35.77 ,$35.77 ,"$8,644.60 "
"3535 West Loop 820 South  Fort Worth, TX 76116",GMC Truck,Auto - GMC Truck Plant (Floorplan-New) - East,4/27/2026,352369,4/27/2026,11/27/2027,2026 GMC Truck GMC SIER 15E,Automobile,GMC SIER 15E,3GTUUCED4TG352369,,"$64,834.48 ",$0.00 ,"$64,834.48 ",4/27/2026,$0.00 ,$0.00 ,"$64,834.48 ","$64,834.48 ",$0.00 ,$0.00 ,$0.00 ,$0.00 ,$0.00 ,$35.77 ,$0.00 ,$0.00 ,$0.00 ,$35.77 ,$35.77 ,"$8,644.60 "
"3535 West Loop 820 South  Fort Worth, TX 76116",GMC Truck,Auto - GMC Truck Plant (Floorplan-New) - East,4/27/2026,352372,4/27/2026,11/27/2027,2026 GMC Truck GMC SIER 15E,Automobile,GMC SIER 15E,3GTUUCED4TG352372,,"$64,834.48 ",$0.00 ,"$64,834.48 ",4/27/2026,$0.00 ,$0.00 ,"$64,834.48 ","$64,834.48 ",$0.00 ,$0.00 ,$0.00 ,$0.00 ,$0.00 ,$35.77 ,$0.00 ,$0.00 ,$0.00 ,$35.77 ,$35.77 ,"$8,644.60 "
"3535 West Loop 820 South  Fort Worth, TX 76116",GMC Truck,Auto - GMC Truck Plant (Floorplan-New) - East,4/22/2026,352386,4/22/2026,11/22/2027,2026 GMC Truck GMC SIER 15D,Automobile,GMC SIER 15D,1GTUUGEL6TZ352386,,"$76,238.78 ",$0.00 ,"$76,238.78 ",4/22/2026,$0.00 ,$0.00 ,"$76,238.78 ","$76,238.78 ",$0.00 ,$0.00 ,$0.00 ,$0.00 ,$0.00 ,$94.63 ,$0.00 ,$0.00 ,$0.00 ,$94.63 ,$94.63 ,"$22,871.63 "
"3535 West Loop 820 South  Fort Worth, TX 76116",GMC Truck,Auto - GMC Truck Plant (Floorplan-New) - East,4/21/2026,352408,4/21/2026,11/21/2027,2026 GMC Truck GMC SIER 15E,Automobile,GMC SIER 15E,1GTUUCEDXTZ352408,,"$64,880.73 ",$0.00 ,"$64,880.73 ",4/21/2026,$0.00 ,$0.00 ,"$64,880.73 ","$64,880.73 ",$0.00 ,$0.00 ,$0.00 ,$0.00 ,$0.00 ,$89.48 ,$0.00 ,$0.00 ,$0.00 ,$89.48 ,$89.48 ,"$21,626.91 "
"3535 West Loop 820 South  Fort Worth, TX 76116",GMC Truck,Auto - GMC Truck Plant (Floorplan-New) - East,4/21/2026,352412,4/21/2026,11/21/2027,2026 GMC Truck GMC SIER 15D,Automobile,GMC SIER 15D,1GTUUGEL3TZ352412,,"$76,238.78 ",$0.00 ,"$76,238.78 ",4/21/2026,$0.00 ,$0.00 ,"$76,238.78 ","$76,238.78 ",$0.00 ,$0.00 ,$0.00 ,$0.00 ,$0.00 ,$105.14 ,$0.00 ,$0.00 ,$0.00 ,$105.14 ,$105.14 ,"$25,412.93 "
"3535 West Loop 820 South  Fort Worth, TX 76116",GMC Truck,Auto - GMC Truck Plant (Floorplan-New) - East,4/27/2026,352429,4/27/2026,11/27/2027,2026 GMC Truck GMC SIER 15E,Automobile,GMC SIER 15E,3GTUUCED7TG352429,,"$64,834.48 ",$0.00 ,"$64,834.48 ",4/27/2026,$0.00 ,$0.00 ,"$64,834.48 ","$64,834.48 ",$0.00 ,$0.00 ,$0.00 ,$0.00 ,$0.00 ,$35.77 ,$0.00 ,$0.00 ,$0.00 ,$35.77 ,$35.77 ,"$8,644.60 "
"3535 West Loop 820 South  Fort Worth, TX 76116",GMC Truck,Auto - GMC Truck Plant (Floorplan-New) - East,4/27/2026,352434,4/27/2026,11/27/2027,2026 GMC Truck GMC SIER 15E,Automobile,GMC SIER 15E,3GTUUCED0TG352434,,"$64,834.48 ",$0.00 ,"$64,834.48 ",4/27/2026,$0.00 ,$0.00 ,"$64,834.48 ","$64,834.48 ",$0.00 ,$0.00 ,$0.00 ,$0.00 ,$0.00 ,$35.77 ,$0.00 ,$0.00 ,$0.00 ,$35.77 ,$35.77 ,"$8,644.60 "
"3535 West Loop 820 South  Fort Worth, TX 76116",GMC Truck,Auto - GMC Truck Plant (Floorplan-New) - East,4/27/2026,352437,4/27/2026,11/27/2027,2026 GMC Truck GMC SIER 15E,Automobile,GMC SIER 15E,3GTUUCED6TG352437,,"$64,834.48 ",$0.00 ,"$64,834.48 ",4/27/2026,$0.00 ,$0.00 ,"$64,834.48 ","$64,834.48 ",$0.00 ,$0.00 ,$0.00 ,$0.00 ,$0.00 ,$35.77 ,$0.00 ,$0.00 ,$0.00 ,$35.77 ,$35.77 ,"$8,644.60 "
"3535 West Loop 820 South  Fort Worth, TX 76116",GMC Truck,Auto - GMC Truck Plant (Floorplan-New) - East,4/28/2026,352995,4/28/2026,11/28/2027,2026 GMC Truck GMC SIER 15E,Automobile,GMC SIER 15E,3GTUUCED7TG352995,,"$65,292.35 ",$0.00 ,"$65,292.35 ",4/28/2026,$0.00 ,$0.00 ,"$65,292.35 ","$65,292.35 ",$0.00 ,$0.00 ,$0.00 ,$0.00 ,$0.00 ,$27.01 ,$0.00 ,$0.00 ,$0.00 ,$27.01 ,$27.01 ,"$6,529.24 "
"3535 West Loop 820 South  Fort Worth, TX 76116",GMC Truck,Auto - GMC Truck Plant (Floorplan-New) - East,4/27/2026,352996,4/27/2026,11/27/2027,2026 GMC Truck GMC SIER 15E,Automobile,GMC SIER 15E,3GTUUCED9TG352996,,"$65,292.35 ",$0.00 ,"$65,292.35 ",4/27/2026,$0.00 ,$0.00 ,"$65,292.35 ","$65,292.35 ",$0.00 ,$0.00 ,$0.00 ,$0.00 ,$0.00 ,$36.02 ,$0.00 ,$0.00 ,$0.00 ,$36.02 ,$36.02 ,"$8,705.65 "
"3535 West Loop 820 South  Fort Worth, TX 76116",GMC Truck,Auto - GMC Truck Plant (Floorplan-New) - East,4/27/2026,353058,4/27/2026,11/27/2027,2026 GMC Truck GMC SIER 15E,Automobile,GMC SIER 15E,3GTUUCED3TG353058,,"$65,292.35 ",$0.00 ,"$65,292.35 ",4/27/2026,$0.00 ,$0.00 ,"$65,292.35 ","$65,292.35 ",$0.00 ,$0.00 ,$0.00 ,$0.00 ,$0.00 ,$36.02 ,$0.00 ,$0.00 ,$0.00 ,$36.02 ,$36.02 ,"$8,705.65 "
"3535 West Loop 820 South  Fort Worth, TX 76116",GMC Truck,Auto - GMC Truck Plant (Floorplan-New) - East,4/27/2026,353060,4/27/2026,11/27/2027,2026 GMC Truck GMC SIER 15E,Automobile,GMC SIER 15E,3GTUUCED1TG353060,,"$65,292.35 ",$0.00 ,"$65,292.35 ",4/27/2026,$0.00 ,$0.00 ,"$65,292.35 ","$65,292.35 ",$0.00 ,$0.00 ,$0.00 ,$0.00 ,$0.00 ,$36.02 ,$0.00 ,$0.00 ,$0.00 ,$36.02 ,$36.02 ,"$8,705.65 "
"3535 West Loop 820 South  Fort Worth, TX 76116",GMC Truck,Auto - GMC Truck Plant (Floorplan-New) - East,4/27/2026,353061,4/27/2026,11/27/2027,2026 GMC Truck GMC SIER 15E,Automobile,GMC SIER 15E,3GTUUCED3TG353061,,"$65,292.35 ",$0.00 ,"$65,292.35 ",4/27/2026,$0.00 ,$0.00 ,"$65,292.35 ","$65,292.35 ",$0.00 ,$0.00 ,$0.00 ,$0.00 ,$0.00 ,$36.02 ,$0.00 ,$0.00 ,$0.00 ,$36.02 ,$36.02 ,"$8,705.65 "
"3535 West Loop 820 South  Fort Worth, TX 76116",GMC Truck,Auto - GMC Truck Plant (Floorplan-New) - East,4/27/2026,353064,4/27/2026,11/27/2027,2026 GMC Truck GMC SIER 15E,Automobile,GMC SIER 15E,3GTUUCED9TG353064,,"$65,292.35 ",$0.00 ,"$65,292.35 ",4/27/2026,$0.00 ,$0.00 ,"$65,292.35 ","$65,292.35 ",$0.00 ,$0.00 ,$0.00 ,$0.00 ,$0.00 ,$36.02 ,$0.00 ,$0.00 ,$0.00 ,$36.02 ,$36.02 ,"$8,705.65 "
"3535 West Loop 820 South  Fort Worth, TX 76116",GMC Truck,Auto - GMC Truck Plant (Floorplan-New) - East,4/27/2026,353078,4/27/2026,11/27/2027,2026 GMC Truck GMC SIER 15E,Automobile,GMC SIER 15E,3GTUUCED9TG353078,,"$65,292.35 ",$0.00 ,"$65,292.35 ",4/27/2026,$0.00 ,$0.00 ,"$65,292.35 ","$65,292.35 ",$0.00 ,$0.00 ,$0.00 ,$0.00 ,$0.00 ,$36.02 ,$0.00 ,$0.00 ,$0.00 ,$36.02 ,$36.02 ,"$8,705.65 "
"3535 West Loop 820 South  Fort Worth, TX 76116",GMC Truck,Auto - GMC Truck Plant (Floorplan-New) - East,4/22/2026,353273,4/22/2026,11/22/2027,2026 GMC Truck GMC SIER 15A,Automobile,GMC SIER 15A,1GTUUEEL3TZ353273,,"$71,271.13 ",$0.00 ,"$71,271.13 ",4/22/2026,$0.00 ,$0.00 ,"$71,271.13 ","$71,271.13 ",$0.00 ,$0.00 ,$0.00 ,$0.00 ,$0.00 ,$88.46 ,$0.00 ,$0.00 ,$0.00 ,$88.46 ,$88.46 ,"$21,381.34 "
"3535 West Loop 820 South  Fort Worth, TX 76116",GMC Truck,Auto - GMC Truck Plant (Floorplan-New) - East,4/24/2026,355778,4/24/2026,11/24/2027,2026 GMC Truck GMC SIER 15D,Automobile,GMC SIER 15D,1GTUUGEL5TZ355778,,"$73,024.40 ",$0.00 ,"$73,024.40 ",4/24/2026,$0.00 ,$0.00 ,"$73,024.40 ","$73,024.40 ",$0.00 ,$0.00 ,$0.00 ,$0.00 ,$0.00 ,$70.50 ,$0.00 ,$0.00 ,$0.00 ,$70.50 ,$70.50 ,"$17,039.03 "
"3535 West Loop 820 South  Fort Worth, TX 76116",GMC Truck,Auto - GMC Truck Plant (Floorplan-New) - East,4/24/2026,356037,4/24/2026,11/24/2027,2026 GMC Truck GMC SIER 15L,Automobile,GMC SIER 15L,1GTUUDE89TZ356037,,"$63,533.58 ",$0.00 ,"$63,533.58 ",4/24/2026,$0.00 ,$0.00 ,"$63,533.58 ","$63,533.58 ",$0.00 ,$0.00 ,$0.00 ,$0.00 ,$0.00 ,$61.33 ,$0.00 ,$0.00 ,$0.00 ,$61.33 ,$61.33 ,"$14,824.50 "
"3535 West Loop 820 South  Fort Worth, TX 76116",GMC Truck,Auto - GMC Truck Plant (Floorplan-New) - East,4/24/2026,356161,4/24/2026,11/24/2027,2026 GMC Truck GMC SIER 15E,Automobile,GMC SIER 15E,1GTUUCED0TZ356161,,"$64,880.73 ",$0.00 ,"$64,880.73 ",4/24/2026,$0.00 ,$0.00 ,"$64,880.73 ","$64,880.73 ",$0.00 ,$0.00 ,$0.00 ,$0.00 ,$0.00 ,$62.63 ,$0.00 ,$0.00 ,$0.00 ,$62.63 ,$62.63 ,"$15,138.84 "
"3535 West Loop 820 South  Fort Worth, TX 76116",GMC Truck,Auto - GMC Truck Plant (Floorplan-New) - East,4/24/2026,356303,4/24/2026,11/24/2027,2026 GMC Truck GMC SIER 15E,Automobile,GMC SIER 15E,1GTUUCED5TZ356303,,"$64,880.73 ",$0.00 ,"$64,880.73 ",4/24/2026,$0.00 ,$0.00 ,"$64,880.73 ","$64,880.73 ",$0.00 ,$0.00 ,$0.00 ,$0.00 ,$0.00 ,$62.63 ,$0.00 ,$0.00 ,$0.00 ,$62.63 ,$62.63 ,"$15,138.84 "
"3535 West Loop 820 South  Fort Worth, TX 76116",GMC Truck,Auto - GMC Truck Plant (Floorplan-New) - East,4/28/2026,356912,4/28/2026,11/28/2027,2026 GMC Truck GMC SIER 15E,Automobile,GMC SIER 15E,1GTUUCED8TZ356912,,"$64,422.85 ",$0.00 ,"$64,422.85 ",4/28/2026,$0.00 ,$0.00 ,"$64,422.85 ","$64,422.85 ",$0.00 ,$0.00 ,$0.00 ,$0.00 ,$0.00 ,$26.65 ,$0.00 ,$0.00 ,$0.00 ,$26.65 ,$26.65 ,"$6,442.29 "
"3535 West Loop 820 South  Fort Worth, TX 76116",GMC Truck,Auto - GMC Truck Plant (Floorplan-New) - East,4/24/2026,356916,4/24/2026,11/24/2027,2026 GMC Truck GMC SIER 15E,Automobile,GMC SIER 15E,1GTUUCED5TZ356916,,"$64,880.73 ",$0.00 ,"$64,880.73 ",4/24/2026,$0.00 ,$0.00 ,"$64,880.73 ","$64,880.73 ",$0.00 ,$0.00 ,$0.00 ,$0.00 ,$0.00 ,$62.63 ,$0.00 ,$0.00 ,$0.00 ,$62.63 ,$62.63 ,"$15,138.84 "
"3535 West Loop 820 South  Fort Worth, TX 76116",GMC Truck,Auto - GMC Truck Plant (Floorplan-New) - East,4/24/2026,356944,4/24/2026,11/24/2027,2026 GMC Truck GMC SIER 15D,Automobile,GMC SIER 15D,1GTUUGEL1TZ356944,,"$76,793.78 ",$0.00 ,"$76,793.78 ",4/24/2026,$0.00 ,$0.00 ,"$76,793.78 ","$76,793.78 ",$0.00 ,$0.00 ,$0.00 ,$0.00 ,$0.00 ,$74.14 ,$0.00 ,$0.00 ,$0.00 ,$74.14 ,$74.14 ,"$17,918.55 "
"3535 West Loop 820 South  Fort Worth, TX 76116",GMC Truck,Auto - GMC Truck Plant (Floorplan-New) - East,4/24/2026,357308,4/24/2026,11/24/2027,2026 GMC Truck GMC SIER 15D,Automobile,GMC SIER 15D,1GTUUGEL0TZ357308,,"$76,793.78 ",$0.00 ,"$76,793.78 ",4/24/2026,$0.00 ,$0.00 ,"$76,793.78 ","$76,793.78 ",$0.00 ,$0.00 ,$0.00 ,$0.00 ,$0.00 ,$74.14 ,$0.00 ,$0.00 ,$0.00 ,$74.14 ,$74.14 ,"$17,918.55 "
"3535 West Loop 820 South  Fort Worth, TX 76116",GMC Truck,Auto - GMC Truck Plant (Floorplan-New) - East,4/24/2026,357674,4/24/2026,11/24/2027,2026 GMC Truck GMC SIER 15A,Automobile,GMC SIER 15A,1GTUUEEL8TZ357674,,"$71,729.00 ",$0.00 ,"$71,729.00 ",4/24/2026,$0.00 ,$0.00 ,"$71,729.00 ","$71,729.00 ",$0.00 ,$0.00 ,$0.00 ,$0.00 ,$0.00 ,$69.25 ,$0.00 ,$0.00 ,$0.00 ,$69.25 ,$69.25 ,"$16,736.77 "
"3535 West Loop 820 South  Fort Worth, TX 76116",GMC Truck,Auto - GMC Truck Plant (Floorplan-New) - East,4/28/2026,358780,4/28/2026,11/28/2027,2026 GMC Truck GMC SIER 15A,Automobile,GMC SIER 15A,1GTUUEEL1TZ358780,,"$71,451.50 ",$0.00 ,"$71,451.50 ",4/28/2026,$0.00 ,$0.00 ,"$71,451.50 ","$71,451.50 ",$0.00 ,$0.00 ,$0.00 ,$0.00 ,$0.00 ,$29.56 ,$0.00 ,$0.00 ,$0.00 ,$29.56 ,$29.56 ,"$7,145.15 "
"3535 West Loop 820 South  Fort Worth, TX 76116",GMC Truck,Auto - GMC Truck Plant (Floorplan-New) - East,4/30/2026,361902,4/30/2026,11/30/2027,2026 GMC Truck GMC SIER 15E,Automobile,GMC SIER 15E,1GTUUCED8TZ361902,,"$65,292.35 ",$0.00 ,"$65,292.35 ",4/30/2026,$0.00 ,$0.00 ,"$65,292.35 ","$65,292.35 ",$0.00 ,$0.00 ,$0.00 ,$0.00 ,$0.00 ,$9.00 ,$0.00 ,$0.00 ,$0.00 ,$9.00 ,$9.00 ,"$2,176.41 "
"3535 West Loop 820 South  Fort Worth, TX 76116",GMC Truck,Auto - GMC Truck Plant (Floorplan-New) - East,4/30/2026,361938,4/30/2026,11/30/2027,2026 GMC Truck GMC SIER 15E,Automobile,GMC SIER 15E,1GTUUCED7TZ361938,,"$65,292.35 ",$0.00 ,"$65,292.35 ",4/30/2026,$0.00 ,$0.00 ,"$65,292.35 ","$65,292.35 ",$0.00 ,$0.00 ,$0.00 ,$0.00 ,$0.00 ,$9.00 ,$0.00 ,$0.00 ,$0.00 ,$9.00 ,$9.00 ,"$2,176.41 "
"3535 West Loop 820 South  Fort Worth, TX 76116",GMC Truck,Auto - GMC Truck Plant (Floorplan-New) - East,4/30/2026,361967,4/30/2026,11/30/2027,2026 GMC Truck GMC SIER 15E,Automobile,GMC SIER 15E,1GTPHCED1TZ361967,,"$61,073.80 ",$0.00 ,"$61,073.80 ",4/30/2026,$0.00 ,$0.00 ,"$61,073.80 ","$61,073.80 ",$0.00 ,$0.00 ,$0.00 ,$0.00 ,$0.00 ,$8.42 ,$0.00 ,$0.00 ,$0.00 ,$8.42 ,$8.42 ,"$2,035.79 "
"3535 West Loop 820 South  Fort Worth, TX 76116",GMC Truck,Auto - GMC Truck Plant (Floorplan-New) - East,11/29/2024,401510,11/29/2024,6/29/2026,2024 GMC Truck GMC SIER EV,Automobile,GMC SIER EV,1GT401ELXRU401510,G33852,"$99,495.00 ","$59,697.00 ",$0.00 ,,"($59,697.00)",$0.00 ,"($59,697.00)",$0.00 ,$0.00 ,$0.00 ,$0.00 ,$0.00 ,$0.00 ,$146.82 ,$0.00 ,$0.00 ,$0.00 ,$146.82 ,"$7,154.30 ","$35,486.55 "
"3535 West Loop 820 South  Fort Worth, TX 76116",GMC Truck,Auto - GMC Truck Plant (Floorplan-New) - East,2/3/2025,401521,2/3/2025,9/3/2026,2024 GMC Truck GMC SIER EV,Automobile,GMC SIER EV,1GT401EL4RU401521,G33968,"$99,495.00 ","$89,545.50 ",$0.00 ,,"($9,949.50)",$0.00 ,"($9,949.50)","$79,596.00 ","$9,949.50 ",$0.00 ,$0.00 ,$0.00 ,"$9,949.50 ",$345.78 ,$0.00 ,$0.00 ,$0.00 ,$345.78 ,"$6,632.52 ","$83,575.80 "
"3535 West Loop 820 South  Fort Worth, TX 76116",GMC Truck,Auto - GMC Truck Plant (Floorplan-New) - East,2/2/2026,403322,2/2/2026,9/2/2027,2025 GMC Truck GMC TERRN DE,Automobile,GMC TERRN DE,3GKALZEG6TL403322,G36188,"$43,053.98 ","$43,053.98 ",$0.00 ,,"($43,053.98)",$0.00 ,"($43,053.98)",$0.00 ,$0.00 ,$0.00 ,$0.00 ,$0.00 ,$0.00 ,$154.38 ,$0.00 ,$0.00 ,$0.00 ,$154.38 ,$499.09 ,"$37,313.45 "
"3535 West Loop 820 South  Fort Worth, TX 76116",GMC Truck,Auto - GMC Truck Plant (Floorplan-New) - East,8/25/2025,405206,8/25/2025,3/25/2027,2026 GMC Truck GMC SIER EV,Automobile,GMC SIER EV,1GT1ESEH9TU405206,,"$63,543.42 ","$63,543.42 ",$0.00 ,,$0.00 ,$0.00 ,$0.00 ,"$63,543.42 ",$0.00 ,$0.00 ,$0.00 ,$0.00 ,$0.00 ,$262.90 ,$0.00 ,$0.00 ,$0.00 ,$262.90 ,"$2,280.52 ","$63,543.42 "
"3535 West Loop 820 South  Fort Worth, TX 76116",GMC Truck,Auto - GMC Truck Plant (Floorplan-New) - East,9/3/2025,405211,9/3/2025,4/3/2027,2026 GMC Truck GMC SIER EV,Automobile,GMC SIER EV,1GT1ESEH2TU405211,G35322,"$63,543.42 ","$63,543.42 ",$0.00 ,,"($63,543.42)",$0.00 ,"($63,543.42)",$0.00 ,$0.00 ,$0.00 ,$0.00 ,$0.00 ,$0.00 ,$43.82 ,$0.00 ,$0.00 ,$0.00 ,$43.82 ,"$1,971.76 ","$10,590.57 "
"3535 West Loop 820 South  Fort Worth, TX 76116",GMC Truck,Auto - GMC Truck Plant (Floorplan-New) - East,8/25/2025,405212,8/25/2025,3/25/2027,2026 GMC Truck GMC SIER EV,Automobile,GMC SIER EV,1GT1ESEH4TU405212,G35140,"$63,059.80 ","$63,059.80 ",$0.00 ,,"($63,059.80)",$0.00 ,"($63,059.80)",$0.00 ,$0.00 ,$0.00 ,$0.00 ,$0.00 ,$0.00 ,$173.93 ,$0.00 ,$0.00 ,$0.00 ,$173.93 ,"$2,176.21 ","$42,039.87 "
"3535 West Loop 820 South  Fort Worth, TX 76116",GMC Truck,Auto - GMC Truck Plant (Floorplan-New) - East,11/28/2025,407219,11/28/2025,6/28/2027,2026 GMC Truck GMC SIER EV,Automobile,GMC SIER EV,1GT1ETED2TU407219,,"$72,617.86 ","$72,617.86 ",$0.00 ,,$0.00 ,$0.00 ,$0.00 ,"$72,617.86 ",$0.00 ,$0.00 ,$0.00 ,$0.00 ,$0.00 ,$300.44 ,$0.00 ,$0.00 ,$0.00 ,$300.44 ,"$1,560.33 ","$72,617.86 "
"3535 West Loop 820 South  Fort Worth, TX 76116",GMC Truck,Auto - GMC Truck Plant (Floorplan-New) - East,10/7/2025,408955,10/7/2025,5/7/2027,2026 GMC Truck GMC SIER EV,Automobile,GMC SIER EV,1GT1ETED6TU408955,,"$77,172.57 ","$77,172.57 ",$0.00 ,,$0.00 ,$0.00 ,$0.00 ,"$77,172.57 ",$0.00 ,$0.00 ,$0.00 ,$0.00 ,$0.00 ,$319.29 ,$0.00 ,$0.00 ,$0.00 ,$319.29 ,"$2,255.95 ","$77,172.57 "
"3535 West Loop 820 South  Fort Worth, TX 76116",GMC Truck,Auto - GMC Truck Plant (Floorplan-New) - East,10/7/2025,408958,10/7/2025,5/7/2027,2026 GMC Truck GMC SIER EV,Automobile,GMC SIER EV,1GT1ETED1TU408958,,"$77,172.57 ","$77,172.57 ",$0.00 ,,$0.00 ,$0.00 ,$0.00 ,"$77,172.57 ",$0.00 ,$0.00 ,$0.00 ,$0.00 ,$0.00 ,$319.29 ,$0.00 ,$0.00 ,$0.00 ,$319.29 ,"$2,255.95 ","$77,172.57 "
"3535 West Loop 820 South  Fort Worth, TX 76116",GMC Truck,Auto - GMC Truck Plant (Floorplan-New) - East,10/7/2025,408959,10/7/2025,5/7/2027,2026 GMC Truck GMC SIER EV,Automobile,GMC SIER EV,1GT1ETED3TU408959,,"$77,172.57 ","$77,172.57 ",$0.00 ,,$0.00 ,$0.00 ,$0.00 ,"$77,172.57 ",$0.00 ,$0.00 ,$0.00 ,$0.00 ,$0.00 ,$319.29 ,$0.00 ,$0.00 ,$0.00 ,$319.29 ,"$2,255.95 ","$77,172.57 "
"3535 West Loop 820 South  Fort Worth, TX 76116",GMC Truck,Auto - GMC Truck Plant (Floorplan-New) - East,11/28/2025,409825,11/28/2025,6/28/2027,2026 GMC Truck GMC SIER EV,Automobile,GMC SIER EV,1GT1ETED9TU409825,,"$65,951.94 ","$65,951.94 ",$0.00 ,,$0.00 ,$0.00 ,$0.00 ,"$65,951.94 ",$0.00 ,$0.00 ,$0.00 ,$0.00 ,$0.00 ,$272.87 ,$0.00 ,$0.00 ,$0.00 ,$272.87 ,"$1,417.12 ","$65,951.94 "
"3535 West Loop 820 South  Fort Worth, TX 76116",GMC Truck,Auto - GMC Truck Plant (Floorplan-New) - East,4/22/2026,409992,4/22/2026,11/22/2027,2026 GMC TRUCK SIERRA EV,Automobile,SIERRA EV,1GT10MED2SU409992,G34351,"$90,900.00 ",$0.00 ,"$90,900.00 ",4/22/2026,$0.00 ,$0.00 ,"$90,900.00 ","$90,900.00 ",$0.00 ,$0.00 ,$0.00 ,$0.00 ,$0.00 ,$112.83 ,$0.00 ,$0.00 ,$0.00 ,$112.83 ,$112.83 ,"$27,270.00 "
"3535 West Loop 820 South  Fort Worth, TX 76116",GMC Truck,Auto - GMC Truck Plant (Floorplan-New) - East,10/27/2025,410111,10/27/2025,5/27/2027,2026 GMC Truck GMC SIER EV,Automobile,GMC SIER EV,1GT1ETED8TU410111,,"$79,321.97 ","$79,321.97 ",$0.00 ,,$0.00 ,$0.00 ,$0.00 ,"$79,321.97 ",$0.00 ,$0.00 ,$0.00 ,$0.00 ,$0.00 ,$328.18 ,$0.00 ,$0.00 ,$0.00 ,$328.18 ,"$2,079.29 ","$79,321.97 "
"3535 West Loop 820 South  Fort Worth, TX 76116",GMC Truck,Auto - GMC Truck Plant (Floorplan-New) - East,10/20/2025,410112,10/20/2025,5/20/2027,2026 GMC Truck GMC SIER EV,Automobile,GMC SIER EV,1GT1ETEDXTU410112,,"$79,805.59 ","$79,805.59 ",$0.00 ,,$0.00 ,$0.00 ,$0.00 ,"$79,805.59 ",$0.00 ,$0.00 ,$0.00 ,$0.00 ,$0.00 ,$330.18 ,$0.00 ,$0.00 ,$0.00 ,$330.18 ,"$2,176.28 ","$79,805.59 "
"3535 West Loop 820 South  Fort Worth, TX 76116",GMC Truck,Auto - GMC Truck Plant (Floorplan-New) - East,10/21/2025,410113,10/21/2025,5/21/2027,2026 GMC Truck GMC SIER EV,Automobile,GMC SIER EV,1GT1ETED1TU410113,,"$79,805.59 ","$79,805.59 ",$0.00 ,,$0.00 ,$0.00 ,$0.00 ,"$79,805.59 ",$0.00 ,$0.00 ,$0.00 ,$0.00 ,$0.00 ,$330.18 ,$0.00 ,$0.00 ,$0.00 ,$330.18 ,"$2,164.24 ","$79,805.59 "
"3535 West Loop 820 South  Fort Worth, TX 76116",GMC Truck,Auto - GMC Truck Plant (Floorplan-New) - East,10/20/2025,410114,10/20/2025,5/20/2027,2026 GMC Truck GMC SIER EV,Automobile,GMC SIER EV,1GT1ETED3TU410114,,"$79,805.59 ","$79,805.59 ",$0.00 ,,$0.00 ,$0.00 ,$0.00 ,"$79,805.59 ",$0.00 ,$0.00 ,$0.00 ,$0.00 ,$0.00 ,$330.18 ,$0.00 ,$0.00 ,$0.00 ,$330.18 ,"$2,176.28 ","$79,805.59 "
"3535 West Loop 820 South  Fort Worth, TX 76116",GMC Truck,Auto - GMC Truck Plant (Floorplan-New) - East,10/21/2025,410115,10/21/2025,5/21/2027,2026 GMC Truck GMC SIER EV,Automobile,GMC SIER EV,1GT1ETED5TU410115,,"$79,321.97 ","$79,321.97 ",$0.00 ,,$0.00 ,$0.00 ,$0.00 ,"$79,321.97 ",$0.00 ,$0.00 ,$0.00 ,$0.00 ,$0.00 ,$328.18 ,$0.00 ,$0.00 ,$0.00 ,$328.18 ,"$2,151.13 ","$79,321.97 "
"3535 West Loop 820 South  Fort Worth, TX 76116",GMC Truck,Auto - GMC Truck Plant (Floorplan-New) - East,10/22/2025,410116,10/22/2025,5/22/2027,2026 GMC Truck GMC SIER EV,Automobile,GMC SIER EV,1GT1ETED7TU410116,,"$79,321.97 ","$79,321.97 ",$0.00 ,,$0.00 ,$0.00 ,$0.00 ,"$79,321.97 ",$0.00 ,$0.00 ,$0.00 ,$0.00 ,$0.00 ,$328.18 ,$0.00 ,$0.00 ,$0.00 ,$328.18 ,"$2,139.16 ","$79,321.97 "
"3535 West Loop 820 South  Fort Worth, TX 76116",GMC Truck,Auto - GMC Truck Plant (Floorplan-New) - East,10/27/2025,410122,10/27/2025,5/27/2027,2026 GMC Truck GMC SIER EV,Automobile,GMC SIER EV,1GT1ETED2TU410122,G35684,"$79,805.59 ","$79,805.59 ",$0.00 ,,"($79,805.59)",$0.00 ,"($79,805.59)",$0.00 ,$0.00 ,$0.00 ,$0.00 ,$0.00 ,$0.00 ,$319.18 ,$0.00 ,$0.00 ,$0.00 ,$319.18 ,"$2,080.95 ","$77,145.40 "
"3535 West Loop 820 South  Fort Worth, TX 76116",GMC Truck,Auto - GMC Truck Plant (Floorplan-New) - East,10/21/2025,410123,10/21/2025,5/21/2027,2026 GMC Truck GMC SIER EV,Automobile,GMC SIER EV,1GT1ETED4TU410123,,"$79,805.59 ","$79,805.59 ",$0.00 ,,$0.00 ,$0.00 ,$0.00 ,"$79,805.59 ",$0.00 ,$0.00 ,$0.00 ,$0.00 ,$0.00 ,$330.18 ,$0.00 ,$0.00 ,$0.00 ,$330.18 ,"$2,164.24 ","$79,805.59 "
"3535 West Loop 820 South  Fort Worth, TX 76116",GMC Truck,Auto - GMC Truck Plant (Floorplan-New) - East,10/22/2025,410125,10/22/2025,5/22/2027,2026 GMC Truck GMC SIER EV,Automobile,GMC SIER EV,1GT1ETED8TU410125,,"$79,805.59 ","$79,805.59 ",$0.00 ,,$0.00 ,$0.00 ,$0.00 ,"$79,805.59 ",$0.00 ,$0.00 ,$0.00 ,$0.00 ,$0.00 ,$330.18 ,$0.00 ,$0.00 ,$0.00 ,$330.18 ,"$2,152.19 ","$79,805.59 "
"3535 West Loop 820 South  Fort Worth, TX 76116",GMC Truck,Auto - GMC Truck Plant (Floorplan-New) - East,3/13/2026,441841,3/13/2026,10/13/2027,2025 GMC Truck GMC TERRN EL,Automobile,GMC TERRN EL,3GKALMEG7TL441841,G36674,"$32,549.18 ","$32,549.18 ",$0.00 ,,"($32,549.18)",$0.00 ,"($32,549.18)",$0.00 ,$0.00 ,$0.00 ,$0.00 ,$0.00 ,$0.00 ,$103.24 ,$0.00 ,$0.00 ,$0.00 ,$103.24 ,$188.58 ,"$24,954.37 "
"3535 West Loop 820 South  Fort Worth, TX 76116",GMC Truck,Auto - GMC Truck Plant (Floorplan-New) - East,3/11/2026,442294,3/11/2026,10/11/2027,2025 GMC Truck GMC TERRN EL,Automobile,GMC TERRN EL,3GKALMEG9TL442294,,"$33,007.05 ","$33,007.05 ",$0.00 ,,$0.00 ,$0.00 ,$0.00 ,"$33,007.05 ",$0.00 ,$0.00 ,$0.00 ,$0.00 ,$0.00 ,$136.56 ,$0.00 ,$0.00 ,$0.00 ,$136.56 ,$232.21 ,"$33,007.05 "
"3535 West Loop 820 South  Fort Worth, TX 76116",GMC Truck,Auto - GMC Truck Plant (Floorplan-New) - East,4/3/2026,474699,4/3/2026,11/3/2027,2025 GMC Truck GMC TERRN EL,Automobile,GMC TERRN EL,3GKALMEG8TL474699,G36687,"$33,895.05 ",$0.00 ,"$33,895.05 ",4/3/2026,"($33,895.05)",$0.00 ,$0.00 ,$0.00 ,$0.00 ,$0.00 ,$0.00 ,$0.00 ,$0.00 ,$60.77 ,$0.00 ,$0.00 ,$0.00 ,$60.77 ,$60.77 ,"$14,687.85 "
"3535 West Loop 820 South  Fort Worth, TX 76116",GMC Truck,Auto - GMC Truck Plant (Floorplan-New) - East,4/14/2026,474705,4/14/2026,11/14/2027,2025 GMC Truck GMC TERRN EL,Automobile,GMC TERRN EL,3GKALMEGXTL474705,,"$34,352.93 ",$0.00 ,"$34,352.93 ",4/14/2026,$0.00 ,$0.00 ,"$34,352.93 ","$34,352.93 ",$0.00 ,$0.00 ,$0.00 ,$0.00 ,$0.00 ,$80.54 ,$0.00 ,$0.00 ,$0.00 ,$80.54 ,$80.54 ,"$19,466.66 "
"3535 West Loop 820 South  Fort Worth, TX 76116",GMC Truck,Auto - GMC Truck Plant (Floorplan-New) - East,4/17/2026,474870,4/17/2026,11/17/2027,2025 GMC Truck GMC TERRN EL,Automobile,GMC TERRN EL,3GKALMEG3TL474870,,"$32,549.18 ",$0.00 ,"$32,549.18 ",4/17/2026,$0.00 ,$0.00 ,"$32,549.18 ","$32,549.18 ",$0.00 ,$0.00 ,$0.00 ,$0.00 ,$0.00 ,$62.84 ,$0.00 ,$0.00 ,$0.00 ,$62.84 ,$62.84 ,"$15,189.62 "
"3535 West Loop 820 South  Fort Worth, TX 76116",GMC Truck,Auto - GMC Truck Plant (Floorplan-New) - East,4/3/2026,475651,4/3/2026,11/3/2027,2025 GMC Truck GMC TERRN EL,Automobile,GMC TERRN EL,3GKALMEG7TL475651,,"$31,855.43 ",$0.00 ,"$31,855.43 ",4/3/2026,$0.00 ,$0.00 ,"$31,855.43 ","$31,855.43 ",$0.00 ,$0.00 ,$0.00 ,$0.00 ,$0.00 ,$123.01 ,$0.00 ,$0.00 ,$0.00 ,$123.01 ,$123.01 ,"$29,731.73 "
"3535 West Loop 820 South  Fort Worth, TX 76116",GMC Truck,Auto - GMC Truck Plant (Floorplan-New) - East,4/6/2026,475901,4/6/2026,11/6/2027,2025 GMC Truck GMC TERRN EL,Automobile,GMC TERRN EL,3GKALMEG4TL475901,,"$34,352.93 ",$0.00 ,"$34,352.93 ",4/6/2026,$0.00 ,$0.00 ,"$34,352.93 ","$34,352.93 ",$0.00 ,$0.00 ,$0.00 ,$0.00 ,$0.00 ,$118.44 ,$0.00 ,$0.00 ,$0.00 ,$118.44 ,$118.44 ,"$28,627.44 "
"3535 West Loop 820 South  Fort Worth, TX 76116",GMC Truck,Auto - GMC Truck Plant (Floorplan-New) - East,4/6/2026,476310,4/6/2026,11/6/2027,2025 GMC Truck GMC TERRN EL,Automobile,GMC TERRN EL,3GKALMEG8TL476310,G36686,"$33,007.05 ",$0.00 ,"$33,007.05 ",4/6/2026,"($33,007.05)",$0.00 ,$0.00 ,$0.00 ,$0.00 ,$0.00 ,$0.00 ,$0.00 ,$0.00 ,$63.73 ,$0.00 ,$0.00 ,$0.00 ,$63.73 ,$63.73 ,"$15,403.29 "
"3535 West Loop 820 South  Fort Worth, TX 76116",GMC Truck,Auto - GMC Truck Plant (Floorplan-New) - East,4/3/2026,476402,4/3/2026,11/3/2027,2025 GMC Truck GMC TERRN EL,Automobile,GMC TERRN EL,3GKALMEG2TL476402,G36685,"$31,716.68 ",$0.00 ,"$31,716.68 ",4/3/2026,"($31,716.68)",$0.00 ,$0.00 ,$0.00 ,$0.00 ,$0.00 ,$0.00 ,$0.00 ,$0.00 ,$52.49 ,$0.00 ,$0.00 ,$0.00 ,$52.49 ,$52.49 ,"$12,686.67 "
"3535 West Loop 820 South  Fort Worth, TX 76116",GMC Truck,Auto - GMC Truck Plant (Floorplan-New) - East,4/15/2026,480767,4/15/2026,11/15/2027,2025 GMC Truck GMC TERRN AT,Automobile,GMC TERRN AT,3GKALYEG8TL480767,,"$40,631.48 ",$0.00 ,"$40,631.48 ",4/15/2026,$0.00 ,$0.00 ,"$40,631.48 ","$40,631.48 ",$0.00 ,$0.00 ,$0.00 ,$0.00 ,$0.00 ,$89.66 ,$0.00 ,$0.00 ,$0.00 ,$89.66 ,$89.66 ,"$21,670.12 "
"3535 West Loop 820 South  Fort Worth, TX 76116",GMC Truck,Auto - GMC Truck Plant (Floorplan-New) - East,4/15/2026,481148,4/15/2026,11/15/2027,2025 GMC Truck GMC TERRN AT,Automobile,GMC TERRN AT,3GKALYEG7TL481148,,"$40,173.60 ",$0.00 ,"$40,173.60 ",4/15/2026,$0.00 ,$0.00 ,"$40,173.60 ","$40,173.60 ",$0.00 ,$0.00 ,$0.00 ,$0.00 ,$0.00 ,$88.65 ,$0.00 ,$0.00 ,$0.00 ,$88.65 ,$88.65 ,"$21,425.92 "
"3535 West Loop 820 South  Fort Worth, TX 76116",Straight Line,Auto - Straight Line Plant - E,1/23/2013,Straight Line,1/23/2013,4/23/2096,2013 Straight Line STRAIGHT LINE,Automobile,STRAIGHT LINE,STRAIGHT LINE,,"$2,000,000.00 ","$2,000,000.00 ",$0.00 ,,$0.00 ,$0.00 ,$0.00 ,"$2,000,000.00 ",$0.00 ,$0.00 ,$0.00 ,$0.00 ,$0.00 ,"$8,774.67 ",$0.00 ,$0.00 ,$0.00 ,"$8,774.67 ","$515,161.95 ","$2,000,000.00 "
Total: ,,,,,,,,,,,,"$57,939,133.04 ","$43,134,465.98 ","$14,601,278.73 ",,"($15,387,542.75)",$0.00 ,"($786,264.02)","$42,348,201.96 ","$30,782.40 ",$0.00 ,"$89,423.27 ",$0.00 ,"$120,205.67 ","$175,021.14 ",$0.00 ,$0.00 ,$0.00 ,"$175,021.14 ","$1,133,643.74 ","$42,182,001.58 "
