FW,Serial No/VIN,VIN6,Ending Balance, 2100        ,VIN6,Description,Control    
2025 Buick BUCK ENCLV E,5GAERBRS4SJ106039,106039,"$21,875.12 "," (21,875.12)",106039,2025 BUICK ENCLAVE      3/11/26  5GAERBRS4SJ106039,B34054
2026 Subaru CROSSTREK5 DO,4S4GUHB60T3704829,704829,"$26,212.00 "," (26,212.00)",704829,4S4GUHB60T3704829,R4601
2026 Subaru CROSSTREK5 DO,4S4GUHD68T3706986,706986,"$26,459.00 "," (26,459.00)",706986,2026 SUBARU CROSSTREK   1/29/26  4S4GUHD68T3706986,R4612
2026 Buick ENVISTA,KL47LAEPXTB068648,068648,"$26,925.61 "," (26,925.61)",068648,2026 BUICK ENVISTA      2/17/26  KL47LAEPXTB068648,B36263
2026 Subaru CROSSTREK5 DO,4S4GUHB68T3752434,752434,"$27,090.00 "," (27,090.00)",752434,HUFFINES SUBARU CORIN   3/24/26  4S4GUHB68T3752434,R5131
,,,," (27,217.00)",067808,2026 SUBARU FORESTER    3/11/26  4S4SLDA66T3067808,R5073
2026 Subaru CROSSTREK5 DO,4S4GUHB69T3756010,756010,"$27,256.00 "," (27,256.00)",756010,2026 SUBARU CROSSTREK   3/20/26  4S4GUHB69T3756010,R5103
2026 Subaru CROSSTREK5 DO,4S4GUHB66T3735745,735745,"$27,270.00 "," (27,270.00)",735745,"OLGUIN HORTA, JONATHA   1/29/26  4S4GUHB66T3735745",R4901
2026 Subaru CROSSTREK5 DO,4S4GUHB68T3742471,742471,"$27,270.00 "," (27,270.00)",742471,2026 SUBARU CROSSTREK   2/20/26  4S4GUHB68T3742471,R4983
2026 Subaru IMPREZA5 DOOR,JF1GUAFC3T8238561,238561,"$27,310.00 "," (27,310.00)",238561,2026 SUBARU IMPREZA     3/24/26  JF1GUAFC3T8238561,R5137
2026 Buick BUCK ENVIST,KL47LAEP4TB093464,093464,"$27,427.03 "," (27,427.03)",093464,2026 BUICK ENVISTA     12/04/25  KL47LAEP4TB093464,B35956
2026 Buick BUCK ENVIST,KL47LAEP3TB102154,102154,"$27,467.05 "," (27,467.05)",102154,2026 BUICK ENVISTA      1/09/26  KL47LAEP3TB102154,B36141
2026 Buick BUCK ENVIST,KL47LAEP7TB113609,113609,"$27,467.05 "," (27,467.05)",113609,2026 BUICK ENVISTA     12/29/25  KL47LAEP7TB113609,B36103
2026 Buick BUCK ENVIST,KL47LAEP6TB117215,117215,"$27,467.05 "," (27,467.05)",117215,2026 BUICK ENVISTA     12/29/25  KL47LAEP6TB117215,B36104
2026 Buick BUCK ENVIST,KL47LAEP6TB117232,117232,"$27,467.05 "," (27,467.05)",117232,2026 BUICK ENVISTA     12/29/25  KL47LAEP6TB117232,B36105
2026 Subaru IMPREZA5 DOOR,JF1GUAFC7T8222993,222993,"$27,501.00 "," (27,501.00)",222993,2026 SUBARU IMPREZA     2/09/26  JF1GUAFC7T8222993,R4930
2026 Buick BUCK ENVIST,KL47LAEP8TB081642,081642,"$27,560.45 "," (27,560.45)",081642,2026 BUICK ENVISTA     11/18/25  KL47LAEP8TB081642,B35870
2026 Buick BUCK ENVIST,KL47LAEP3TB104485,104485,"$27,924.93 "," (27,924.93)",104485,2026 BUICK ENVISTA      1/05/26  KL47LAEP3TB104485,B36123
2026 Buick BUCK ENVIST,KL47LAEP3TB106494,106494,"$27,924.93 "," (27,924.93)",106494,2026 BUICK ENVISTA      1/16/26  KL47LAEP3TB106494,B36156
2026 Buick BUCK ENVIST,KL47LAEP2TB109029,109029,"$27,924.93 "," (27,924.93)",109029,2026 BUICK ENVISTA      1/20/26  KL47LAEP2TB109029,B36163
2026 Buick BUCK ENVIST,KL47LAEPXTB110719,110719,"$27,924.93 "," (27,924.93)",110719,2026 BUICK ENVISTA      1/20/26  KL47LAEPXTB110719,B36165
2026 Buick BUCK ENVIST,KL47LAEP3TB115132,115132,"$27,924.93 "," (27,924.93)",115132,2026 BUICK ENVISTA      2/11/26  KL47LAEP3TB115132,B36249
2026 Buick BUCK ENVIST,KL47LAEP2TB115137,115137,"$27,924.93 "," (27,924.93)",115137,2026 BUICK ENVISTA      2/11/26  KL47LAEP2TB115137,B36250
2026 Buick BUCK ENVIST,KL47LAEP4TB115138,115138,"$27,924.93 "," (27,924.93)",115138,2026 BUICK ENVISTA      2/11/26  KL47LAEP4TB115138,B36259
2026 Buick BUCK ENVIST,KL47LAEP3TB116510,116510,"$27,924.93 "," (27,924.93)",116510,2026 BUICK ENVISTA     12/29/25  KL47LAEP3TB116510,B36101
2026 Buick BUCK ENVIST,KL47LAEP8TB116521,116521,"$27,924.93 "," (27,924.93)",116521,2026 BUICK ENVISTA     12/29/25  KL47LAEP8TB116521,B36102
2026 Buick BUCK ENVIST,KL47LAEP1TB116571,116571,"$27,924.93 "," (27,924.93)",116571,2026 BUICK ENVISTA      1/05/26  KL47LAEP1TB116571,B36122
2026 Buick BUCK ENVIST,KL47LAEP9TB121677,121677,"$28,017.43 "," (28,017.43)",121677,2026 BUICK ENVISTA      2/09/26  KL47LAEP9TB121677,B36227
2026 Buick BUCK ENVIST,KL47LAEP3TB121691,121691,"$28,017.43 "," (28,017.43)",121691,2026 BUICK ENVISTA      2/04/26  KL47LAEP3TB121691,B36205
2026 Buick BUCK ENVIST,KL47LAEP6TB121703,121703,"$28,017.43 "," (28,017.43)",121703,2026 BUICK ENVISTA      2/09/26  KL47LAEP6TB121703,B36239
2026 Buick BUCK ENVIST,KL47LAEP8TB121704,121704,"$28,017.43 "," (28,017.43)",121704,2026 BUICK ENVISTA      2/11/26  KL47LAEP8TB121704,B36256
2026 Buick BUCK ENVIST,KL47LAEP3TB121710,121710,"$28,017.43 "," (28,017.43)",121710,2026 BUICK ENVISTA      2/11/26  KL47LAEP3TB121710,B36257
2026 Buick BUCK ENVIST,KL47LAEP6TB121717,121717,"$28,017.43 "," (28,017.43)",121717,2026 BUICK ENVISTA      2/11/26  KL47LAEP6TB121717,B36258
2026 Buick BUCK ENVIST,KL47LAEPXTB136379,136379,"$28,017.43 "," (28,017.43)",136379,2026 BUICK ENVISTA      2/09/26  KL47LAEPXTB136379,B36241
2026 Buick BUCK ENVIST,KL47LAEP5TB136385,136385,"$28,017.43 "," (28,017.43)",136385,2026 BUICK ENVISTA      2/16/26  KL47LAEP5TB136385,B36299
2026 Buick BUCK ENVIST,KL47LAEP0TB138576,138576,"$28,017.43 "," (28,017.43)",138576,2026 BUICK ENVISTA      3/26/26  KL47LAEP0TB138576,B36591
2026 Buick BUCK ENVIST,KL47LAEP7TB140504,140504,"$28,017.43 "," (28,017.43)",140504,2026 BUICK ENVISTA      2/16/26  KL47LAEP7TB140504,B36293
2026 Buick BUCK ENVIST,KL47LAEP8TB168540,168540,"$28,017.43 "," (28,017.43)",168540,2026 BUICK ENVISTA      3/09/26  KL47LAEP8TB168540,B36400
2026 Buick BUCK ENVIST,KL47LBEPXTB051953,051953,"$28,390.10 "," (28,390.10)",051953,2026 BUICK ENVISTA      9/02/25  KL47LBEPXTB051953,B35282
2026 Buick BUCK ENVIST,KL47LAEP1TB120667,120667,"$28,475.30 "," (28,475.30)",120667,2026 BUICK ENVISTA      2/18/26  KL47LAEP1TB120667,B36327
2026 Buick BUCK ENVIST,KL47LAEP5TB120705,120705,"$28,475.30 "," (28,475.30)",120705,2026 BUICK ENVISTA      2/04/26  KL47LAEP5TB120705,B36203
2026 Buick BUCK ENVIST,KL47LAEP5TB120719,120719,"$28,475.30 "," (28,475.30)",120719,2026 BUICK ENVISTA      2/11/26  KL47LAEP5TB120719,B36260
2026 Buick BUCK ENVIST,KL47LAEP3TB120749,120749,"$28,475.30 "," (28,475.30)",120749,2026 BUICK ENVISTA      2/02/26  KL47LAEP3TB120749,B36197
2026 Buick BUCK ENVIST,KL47LAEP0TB120756,120756,"$28,475.30 "," (28,475.30)",120756,2026 BUICK ENVISTA      2/02/26  KL47LAEP0TB120756,B36196
2026 Buick BUCK ENVIST,KL47LAEP2TB120757,120757,"$28,475.30 "," (28,475.30)",120757,2026 BUICK ENVISTA      2/04/26  KL47LAEP2TB120757,B36204
2026 Buick BUCK ENVIST,KL47LAEP1TB121091,121091,"$28,475.30 "," (28,475.30)",121091,2026 BUICK ENVISTA      2/03/26  KL47LAEP1TB121091,B36202
2026 Buick BUCK ENVIST,KL47LAEP4TB121098,121098,"$28,475.30 "," (28,475.30)",121098,2026 BUICK ENVISTA      2/04/26  KL47LAEP4TB121098,B36206
2026 Buick BUCK ENVIST,KL47LAEP5TB121143,121143,"$28,475.30 "," (28,475.30)",121143,2026 BUICK ENVISTA      2/02/26  KL47LAEP5TB121143,B36198
2026 Buick BUCK ENVIST,KL47LAEP9TB121162,121162,"$28,475.30 "," (28,475.30)",121162,2026 BUICK ENVISTA      2/02/26  KL47LAEP9TB121162,B36199
2026 Buick BUCK ENVIST,KL47LAEP1TB135640,135640,"$28,475.30 "," (28,475.30)",135640,2026 BUICK ENVISTA      2/09/26  KL47LAEP1TB135640,B36240
2026 Buick BUCK ENVIST,KL47LAEP1TB136321,136321,"$28,475.30 "," (28,475.30)",136321,2026 BUICK ENVISTA      2/16/26  KL47LAEP1TB136321,B36292
2026 Buick BUCK ENVIST,KL47LAEP8TB138583,138583,"$28,475.30 "," (28,475.30)",138583,2026 BUICK ENVISTA      3/27/26  KL47LAEP8TB138583,B36609
2026 Buick BUCK ENVIST,KL47LAEPXTB139072,139072,"$28,475.30 "," (28,475.30)",139072,2026 BUICK ENVISTA      2/16/26  KL47LAEPXTB139072,B36304
2026 Buick BUCK ENVIST,KL47LAEP0TB139078,139078,"$28,475.30 "," (28,475.30)",139078,2026 BUICK ENVISTA      2/16/26  KL47LAEP0TB139078,B36300
2026 Buick BUCK ENVIST,KL47LAEP2TB139079,139079,"$28,475.30 "," (28,475.30)",139079,2026 BUICK ENVISTA      3/16/26  KL47LAEP2TB139079,B36462
2026 Buick BUCK ENVIST,KL47LAEP4TB167370,167370,"$28,475.30 "," (28,475.30)",167370,2026 BUICK ENVISTA      3/09/26  KL47LAEP4TB167370,B36399
2026 Buick BUCK ENVIST,KL47LAEP0TB167754,167754,"$28,475.30 "," (28,475.30)",167754,2026 BUICK ENVISTA      3/10/26  KL47LAEP0TB167754,B36416
2026 Buick BUCK ENVIST,KL47LAEP3TB170485,170485,"$28,475.30 "," (28,475.30)",170485,2026 BUICK ENVISTA      3/17/26  KL47LAEP3TB170485,B36468
2026 Buick BUCK ENVIST,KL47LAEP3TB180966,180966,"$28,475.30 ",,,,
2026 Subaru CROSSTREK5 DO,4S4GUHD69T3750141,750141,"$28,522.00 "," (28,522.00)",750141,FIVE STAR SUBARU        3/11/26  4S4GUHD69T3750141,R5058
2026 Subaru CROSSTREK5 DO,4S4GUHD6XT3750309,750309,"$28,522.00 "," (28,522.00)",750309,2026 SUBARU CROSSTREK   3/06/26  4S4GUHD6XT3750309,R5053
2026 Subaru CROSSTREK5 DO,4S4GUHD65T3756020,756020,"$28,654.00 "," (28,654.00)",756020,2026 SUBARU CROSSTREK   3/20/26  4S4GUHD65T3756020,R5104
2026 Subaru CROSSTREK5 DO,4S4GUHD64T3756073,756073,"$28,654.00 "," (28,654.00)",756073,2026 SUBARU CROSSTREK   3/31/26  4S4GUHD64T3756073,R5193
2026 Subaru CROSSTREK5 DO,4S4GUHD67T3756181,756181,"$28,654.00 "," (28,654.00)",756181,2026 SUBARU CROSSTREK   3/20/26  4S4GUHD67T3756181,R5107
2026 Subaru CROSSTREK5 DO,4S4GUHD68T3756254,756254,"$28,654.00 "," (28,654.00)",756254,2026 SUBARU CROSSTREK   3/30/26  4S4GUHD68T3756254,R5187
2026 Subaru CROSSTREK5 DO,4S4GUHD66T3756365,756365,"$28,654.00 "," (28,654.00)",756365,2026 SUBARU CROSSTREK   3/20/26  4S4GUHD66T3756365,R5105
2026 Subaru CROSSTREK5 DO,4S4GUHD64T3730606,730606,"$28,669.00 "," (28,669.00)",730606,2026 SUBARU CROSSTREK   1/21/26  4S4GUHD64T3730606,R4881
2026 Subaru CROSSTREK5 DO,4S4GUHD6XT3707704,707704,"$28,722.00 ",,,,
2026 Buick BUCK ENVIST,KL47LBEP0TB160471,160471,"$28,843.05 "," (28,843.05)",160471,2026 BUICK ENVISTA      3/09/26  KL47LBEP0TB160471,B36403
2026 Buick BUCK ENVIST,KL47LBEP8TB160590,160590,"$28,843.05 "," (28,843.05)",160590,2026 BUICK ENVISTA      3/04/26  KL47LBEP8TB160590,B36367
2026 Subaru CROSSTREK5 DO,4S4GUHD66T3735807,735807,"$28,891.00 "," (28,891.00)",735807,2026 SUBARU CROSSTREK   1/29/26  4S4GUHD66T3735807,R4902
2025 Subaru CROSSTREK5 DO,4S4GUHF67S3767712,767712,"$28,925.00 "," (28,925.00)",767712,SUBARU LOANER          12/31/25  4S4GUHF67S3767712,R4370
2025 Subaru LEGACYSEDANPR,4S3BWAF65S3025440,025440,"$29,084.00 "," (29,084.00)",025440,4S3BWAF65S3025440,R4129
2026 Subaru CROSSTREK5 DO,4S4GUHF68T3717905,717905,"$29,134.00 ",,,,
2026 Buick ENVISTA,KL47LBEP0TB119872,119872,"$29,160.01 "," (29,160.01)",119872,2026 BUICK ENVISTA      2/17/26  KL47LBEP0TB119872,B36267
2026 Subaru CROSSTREK5 DO,4S4GUHF63T3704821,704821,"$29,240.00 "," (29,240.00)",704821,SUBARU LOANER          10/31/25  4S4GUHF63T3704821,R4589
2026 Buick BUCK ENVIST,KL47LBEP0TB145825,145825,"$29,300.93 "," (29,300.93)",145825,2026 BUICK ENVISTA      2/25/26  KL47LBEP0TB145825,B36349
2026 Buick BUCK ENVIST,KL47LBEP2TB145826,145826,"$29,300.93 "," (29,300.93)",145826,2026 BUICK ENVISTA      3/04/26  KL47LBEP2TB145826,B36364
2026 Buick BUCK ENVIST,KL47LBEP6TB145831,145831,"$29,300.93 "," (29,300.93)",145831,2026 BUICK ENVISTA      2/24/26  KL47LBEP6TB145831,B36345
2026 Buick BUCK ENVIST,KL47LBEP2TB146572,146572,"$29,300.93 "," (29,300.93)",146572,2026 BUICK ENVISTA      2/25/26  KL47LBEP2TB146572,B36350
2026 Buick BUCK ENVIST,KL47LBEP6TB146672,146672,"$29,300.93 "," (29,300.93)",146672,2026 BUICK ENVISTA      2/25/26  KL47LBEP6TB146672,B36351
2026 Buick BUCK ENVIST,KL47LBEP4TB160330,160330,"$29,300.93 "," (29,300.93)",160330,2026 BUICK ENVISTA      3/04/26  KL47LBEP4TB160330,B36366
2026 Buick BUCK ENVIST,KL47LBEP0TB164519,164519,"$29,300.93 "," (29,300.93)",164519,2026 BUICK ENVISTA      3/04/26  KL47LBEP0TB164519,B36365
2026 Buick BUCK ENVIST,KL47LBEP6TB148521,148521,"$29,393.43 "," (29,393.43)",148521,2026 BUICK ENVISTA      2/16/26  KL47LBEP6TB148521,B36305
2026 Buick BUCK ENVIST,KL47LBEP7TB152920,152920,"$29,393.43 "," (29,393.43)",152920,2026 BUICK ENVISTA      3/26/26  KL47LBEP7TB152920,B36592
2026 Buick BUCK ENVIST,KL47LBEP9TB152921,152921,"$29,393.43 "," (29,393.43)",152921,2026 BUICK ENVISTA      3/26/26  KL47LBEP9TB152921,B36593
2026 Buick BUCK ENVIST,KL47LBEP1TB152945,152945,"$29,393.43 "," (29,393.43)",152945,2026 BUICK ENVISTA      3/11/26  KL47LBEP1TB152945,B36430
2026 Buick BUCK ENVIST,KL47LBEP7TB166705,166705,"$29,393.43 "," (29,393.43)",166705,2026 BUICK ENVISTA      3/09/26  KL47LBEP7TB166705,B36401
2026 Buick BUCK ENVIST,KL47LBEP0TB166755,166755,"$29,393.43 "," (29,393.43)",166755,2026 BUICK ENVISTA      3/09/26  KL47LBEP0TB166755,B36392
2026 Buick BUCK ENVIST,KL47LBEP0TB168621,168621,"$29,393.43 "," (29,393.43)",168621,2026 BUICK ENVISTA      3/09/26  KL47LBEP0TB168621,B36402
2026 Buick BUCK ENVIST,KL47LBEP6TB169756,169756,"$29,393.43 "," (29,393.43)",169756,2026 BUICK ENVISTA      3/17/26  KL47LBEP6TB169756,B36470
2026 Buick BUCK ENVIST,KL47LBEP6TB063551,063551,"$29,496.80 "," (29,496.80)",063551,2026 BUICK ENVISTA     10/06/25  KL47LBEP6TB063551,B35520
2026 Buick ENCORE,KL4AMBSL9TB051589,051589,"$29,518.00 "," (29,518.00)",051589,2026 BUICK ENCORE GX    2/17/26  KL4AMBSL9TB051589,B36279
2026 Buick ENCORE,KL4AMBSL8TB053463,053463,"$29,518.00 "," (29,518.00)",053463,2026 BUICK ENCORE GX    2/17/26  KL4AMBSL8TB053463,B36278
2026 Buick ENCORE,KL4AMBSL6TB086459,086459,"$29,518.00 "," (29,518.00)",086459,2026 BUICK ENCORE GX    2/17/26  KL4AMBSL6TB086459,B36277
2026 Buick BUCK ENCOR G,KL4AMDSL2TB166157,166157,"$29,559.98 "," (29,559.98)",166157,2026 BUICK ENCORE GX    3/05/26  KL4AMDSL2TB166157,B36377
2026 Buick BUCK ENCOR G,KL4AMDSL5TB167884,167884,"$29,559.98 "," (29,559.98)",167884,2026 BUICK ENCORE GX    3/09/26  KL4AMDSL5TB167884,B36397
2026 Buick BUCK ENCOR G,KL4AMDSL3TB168287,168287,"$29,559.98 "," (29,559.98)",168287,2026 BUICK ENCORE GX    3/09/26  KL4AMDSL3TB168287,B36396
2026 Buick BUCK ENCOR G,KL4AMDSL3TB169942,169942,"$29,559.98 "," (29,559.98)",169942,2026 BUICK ENCORE GX    3/23/26  KL4AMDSL3TB169942,B36519
2026 Buick BUCK ENCOR G,KL4AMDSL7TB170155,170155,"$29,559.98 "," (29,559.98)",170155,2026 BUICK ENCORE GX    3/27/26  KL4AMDSL7TB170155,B36628
2026 Buick BUCK ENCOR G,KL4AMDSL2TB170189,170189,"$29,559.98 "," (29,559.98)",170189,2026 BUICK ENCORE GX    3/18/26  KL4AMDSL2TB170189,B36479
2026 Buick ENVISTA,KL47LBEP2TB119887,119887,"$29,615.40 "," (29,615.40)",119887,"HALKMON, SHUNIQUA LAS   2/17/26  KL47LBEP2TB119887",B36270
2026 Buick BUCK ENCOR G,KL4AMDSLXTB034554,034554,"$29,648.45 "," (29,648.45)",034554,2026 BUICK ENCORE GX    7/30/25  KL4AMDSLXTB034554,B35056
2026 Buick BUCK ENCOR G,KL4AMDSL2TB153635,153635,"$29,652.48 "," (29,652.48)",153635,2026 BUICK ENCORE GX    3/13/26  KL4AMDSL2TB153635,B36450
2026 Buick BUCK ENCOR G,KL4AMDSLXTB158808,158808,"$29,652.48 "," (29,652.48)",158808,2026 BUICK ENCORE GX    3/10/26  KL4AMDSLXTB158808,B36420
2026 Buick BUCK ENVIST,KL47LBEP4TB126842,126842,"$29,851.30 "," (29,851.30)",126842,2026 BUICK ENVISTA      2/10/26  KL47LBEP4TB126842,B36242
2026 Buick BUCK ENVIST,KL47LBEP0TB126935,126935,"$29,851.30 "," (29,851.30)",126935,2026 BUICK ENVISTA      2/09/26  KL47LBEP0TB126935,B36231
2026 Buick BUCK ENVIST,KL47LBEP8TB127007,127007,"$29,851.30 "," (29,851.30)",127007,2026 BUICK ENVISTA      2/10/26  KL47LBEP8TB127007,B36244
2026 Buick BUCK ENVIST,KL47LBEP4TB127084,127084,"$29,851.30 "," (29,851.30)",127084,2026 BUICK ENVISTA      2/09/26  KL47LBEP4TB127084,B36229
2026 Buick BUCK ENVIST,KL47LBEP6TB150673,150673,"$29,851.30 "," (29,851.30)",150673,2026 BUICK ENVISTA      3/13/26  KL47LBEP6TB150673,B36449
2026 Buick BUCK ENVIST,KL47LBEP5TB150695,150695,"$29,851.30 "," (29,851.30)",150695,2026 BUICK ENVISTA      2/16/26  KL47LBEP5TB150695,B36296
2026 Buick BUCK ENVIST,KL47LBEP7TB150701,150701,"$29,851.30 "," (29,851.30)",150701,2026 BUICK ENVISTA      2/16/26  KL47LBEP7TB150701,B36297
2026 Buick BUCK ENVIST,KL47LBEP4TB151532,151532,"$29,851.30 "," (29,851.30)",151532,2026 BUICK ENVISTA      2/16/26  KL47LBEP4TB151532,B36295
2026 Buick BUCK ENVIST,KL47LBEP0TB154430,154430,"$29,851.30 "," (29,851.30)",154430,2026 BUICK ENVISTA      3/23/26  KL47LBEP0TB154430,B36539
2026 Buick BUCK ENVIST,KL47LBEP5TB164693,164693,"$29,851.30 "," (29,851.30)",164693,2026 BUICK ENVISTA      3/04/26  KL47LBEP5TB164693,B36368
2026 Buick BUCK ENVIST,KL47LBEP9TB167810,167810,"$29,851.30 "," (29,851.30)",167810,2026 BUICK ENVISTA      3/09/26  KL47LBEP9TB167810,B36393
2026 Buick BUCK ENVIST,KL47LBEP0TB167811,167811,"$29,851.30 "," (29,851.30)",167811,2026 BUICK ENVISTA      3/10/26  KL47LBEP0TB167811,B36418
2026 Buick BUCK ENVIST,KL47LBEP8TB167846,167846,"$29,851.30 "," (29,851.30)",167846,2026 BUICK ENVISTA      3/10/26  KL47LBEP8TB167846,B36419
2026 Buick BUCK ENVIST,KL47LBEP6TB167859,167859,"$29,851.30 "," (29,851.30)",167859,2026 BUICK ENVISTA      3/10/26  KL47LBEP6TB167859,B36417
2026 Buick BUCK ENVIST,KL47LBEP0TB168392,168392,"$29,851.30 "," (29,851.30)",168392,2026 BUICK ENVISTA      3/09/26  KL47LBEP0TB168392,B36404
2026 Buick BUCK ENVIST,KL47LBEP6TB170499,170499,"$29,851.30 "," (29,851.30)",170499,2026 BUICK ENVISTA      3/17/26  KL47LBEP6TB170499,B36469
2026 Buick BUCK ENVIST,KL47LBEP7TB170513,170513,"$29,851.30 ",,,,
2026 Buick ENVISTA,KL47LBEP2TB113071,113071,"$29,891.40 "," (29,891.40)",113071,"WARD, RYAN BENJAMIN     2/17/26  KL47LBEP2TB113071",B36269
2026 Buick BUCK ENCOR G,KL4AMDSLXTB167296,167296,"$30,017.85 "," (30,017.85)",167296,2026 BUICK ENCORE GX    3/20/26  KL4AMDSLXTB167296,B36516
2026 Buick BUCK ENCOR G,KL4AMDSL5TB169327,169327,"$30,017.85 "," (30,017.85)",169327,2026 BUICK ENCORE GX    3/17/26  KL4AMDSL5TB169327,B36471
2026 Buick BUCK ENCOR G,KL4AMDSL7TB169328,169328,"$30,017.85 ",,,,
2026 Buick BUCK ENCOR G,KL4AMDSL9TB169962,169962,"$30,017.85 "," (30,017.85)",169962,"TUBBS, NITOSHA JOY      3/18/26  KL4AMDSL9TB169962",B36482
2026 Buick BUCK ENCOR G,KL4AMDSL1TB170149,170149,"$30,017.85 "," (30,017.85)",170149,2026 BUICK ENCORE GX    3/20/26  KL4AMDSL1TB170149,B36514
2026 Buick BUCK ENCOR G,KL4AMDSL3TB153059,153059,"$30,110.35 "," (30,110.35)",153059,2026 BUICK ENCORE GX    3/11/26  KL4AMDSL3TB153059,B36431
2026 Buick BUCK ENCOR G,KL4AMDSL3TB153336,153336,"$30,110.35 "," (30,110.35)",153336,2026 BUICK ENCORE GX    3/16/26  KL4AMDSL3TB153336,B36463
2026 Buick BUCK ENCOR G,KL4AMDSL3TB156107,156107,"$30,110.35 "," (30,110.35)",156107,2026 BUICK ENCORE GX    3/17/26  KL4AMDSL3TB156107,B36472
2026 Buick BUCK ENCOR G,KL4AMDSL8TB156121,156121,"$30,110.35 "," (30,110.35)",156121,2026 BUICK ENCORE GX    3/25/26  KL4AMDSL8TB156121,B36575
2026 Buick BUCK ENCOR G,KL4AMDSL0TB156338,156338,"$30,110.35 "," (30,110.35)",156338,2026 BUICK ENCORE GX    3/27/26  KL4AMDSL0TB156338,B36630
2026 Buick BUCK ENCOR G,KL4AMDSL0TB156355,156355,"$30,110.35 "," (30,110.35)",156355,2026 BUICK ENCORE GX    3/23/26  KL4AMDSL0TB156355,B36520
2026 Buick BUCK ENCOR G,KL4AMDSL2TB157054,157054,"$30,110.35 "," (30,110.35)",157054,2026 BUICK ENCORE GX    3/26/26  KL4AMDSL2TB157054,B36595
2026 Buick BUCK ENCOR G,KL4AMDSLXTB157089,157089,"$30,110.35 "," (30,110.35)",157089,2026 BUICK ENCORE GX    3/27/26  KL4AMDSLXTB157089,B36610
2026 Buick BUCK ENCOR G,KL4AMDSL9TB157374,157374,"$30,110.35 "," (30,110.35)",157374,2026 BUICK ENCORE GX    3/23/26  KL4AMDSL9TB157374,B36538
2026 Buick BUCK ENCOR G,KL4AMDSL5TB157842,157842,"$30,110.35 "," (30,110.35)",157842,2026 BUICK ENCORE GX    3/04/26  KL4AMDSL5TB157842,B36372
2026 Buick BUCK ENVIST,KL47LBEP1TB123669,123669,"$30,309.18 "," (30,309.18)",123669,2026 BUICK ENVISTA      2/09/26  KL47LBEP1TB123669,B36233
2026 Buick BUCK ENVIST,KL47LBEP5TB123755,123755,"$30,309.18 "," (30,309.18)",123755,2026 BUICK ENVISTA      2/10/26  KL47LBEP5TB123755,B36245
2026 Buick BUCK ENVIST,KL47LBEP0TB123792,123792,"$30,309.18 "," (30,309.18)",123792,2026 BUICK ENVISTA      2/09/26  KL47LBEP0TB123792,B36234
2026 Buick BUCK ENVIST,KL47LBEP4TB123827,123827,"$30,309.18 "," (30,309.18)",123827,2026 BUICK ENVISTA      1/20/26  KL47LBEP4TB123827,B36166
2026 Buick BUCK ENVIST,KL47LBEP7TB123837,123837,"$30,309.18 "," (30,309.18)",123837,2026 BUICK ENVISTA      2/09/26  KL47LBEP7TB123837,B36232
2026 Buick ENVISTA,KL47LBEP0TB109357,109357,"$30,438.81 "," (30,438.81)",109357,"ARKANSAS, ALYASHA       2/17/26  KL47LBEP0TB109357",B36265
2026 Buick ENVISTA,KL47LBEPXTB110824,110824,"$30,438.81 "," (30,438.81)",110824,"HARMON, VENISHA CANTR   2/17/26  KL47LBEPXTB110824",B36272
2026 Subaru CROSSTREK5 DO,4S4GUHD6XT3745191,745191,"$30,516.00 "," (30,516.00)",745191,2026 SUBARU CROSSTREK   2/28/26  4S4GUHD6XT3745191,R5027
2026 Subaru CROSSTREK5 DO,4S4GUHD69T3745568,745568,"$30,516.00 ",,,,
2026 Subaru CROSSTREK5 DO,4S4GUHD68T3746498,746498,"$30,516.00 "," (30,516.00)",746498,2026 SUBARU CROSSTREK   3/05/26  4S4GUHD68T3746498,R5044
2026 Subaru CROSSTREK5 DO,4S4GUHD6XT3748415,748415,"$30,516.00 "," (30,516.00)",748415,2026 SUBARU CROSSTREK   3/17/26  4S4GUHD6XT3748415,R5075
2026 Subaru CROSSTREK5 DO,4S4GUHD6XT3751265,751265,"$30,516.00 "," (30,516.00)",751265,2026 SUBARU CROSSTREK   3/11/26  4S4GUHD6XT3751265,R5072
2026 Subaru CROSSTREK5 DO,4S4GUHD6XT3752271,752271,"$30,516.00 "," (30,516.00)",752271,2026 SUBARU CROSSTREK   3/24/26  4S4GUHD6XT3752271,R5132
2026 Subaru CROSSTREK5 DO,4S4GUHD6XT3752335,752335,"$30,516.00 "," (30,516.00)",752335,2026 SUBARU CROSSTREK   3/23/26  4S4GUHD6XT3752335,R5124
2025 Subaru CROSSTREK5 DO,4S4GUHF68S3767170,767170,"$30,553.00 "," (30,553.00)",767170,SUBARU LOANER          12/31/25  4S4GUHF68S3767170,R4304
2026 Buick BUCK ENCOR G,KL4AMDSL5TB149403,149403,"$30,572.85 "," (30,572.85)",149403,2026 BUICK ENCORE GX    3/23/26  KL4AMDSL5TB149403,B36518
2026 Buick BUCK ENCOR G,KL4AMDSL4TB169870,169870,"$30,572.85 "," (30,572.85)",169870,2026 BUICK ENCORE GX    3/27/26  KL4AMDSL4TB169870,B36629
2025 Subaru CROSSTREK5 DO,4S4GUHL63S3776735,776735,"$30,593.00 "," (30,593.00)",776735,SUBARU LOANER          12/31/25  4S4GUHL63S3776735,R4434
2026 Subaru CROSSTREK5 DO,4S4GUHD65T3755689,755689,"$30,648.00 "," (30,648.00)",755689,2026 SUBARU CROSSTREK   3/25/26  4S4GUHD65T3755689,R5142
2026 Subaru CROSSTREK5 DO,4S4GUHD69T3756070,756070,"$30,648.00 "," (30,648.00)",756070,2026 SUBARU CROSSTREK   3/20/26  4S4GUHD69T3756070,R5110
2026 Subaru CROSSTREK5 DO,4S4GUHD67T3756116,756116,"$30,648.00 "," (30,648.00)",756116,2026 SUBARU CROSSTREK   3/20/26  4S4GUHD67T3756116,R5106
2026 Subaru CROSSTREK5 DO,4S4GUHD69T3756246,756246,"$30,648.00 "," (30,648.00)",756246,2026 SUBARU CROSSTREK   3/31/26  4S4GUHD69T3756246,R5195
2026 Subaru CROSSTREK5 DO,4S4GUHD69T3756358,756358,"$30,648.00 "," (30,648.00)",756358,"HACKSPACHER, MICHAEL    3/23/26  4S4GUHD69T3756358",R5112
2026 Subaru CROSSTREK5 DO,4S4GUHD68T3756495,756495,"$30,648.00 "," (30,648.00)",756495,2026 SUBARU CROSSTREK   3/20/26  4S4GUHD68T3756495,R5109
,,,," (30,798.00)",707704,2026 SUBARU CROSSTREK  11/07/25  4S4GUHD6XT3707704,R4631
2025 Subaru CROSSTREK5 DO,4S4GUHL6XS3768423,768423,"$30,809.00 "," (30,809.00)",768423,SUBARU LOANER          12/31/25  4S4GUHL6XS3768423,R4305
2026 Subaru CROSSTREK5 DO,4S4GUHD6XT3752223,752223,"$30,891.00 "," (30,891.00)",752223,2026 SUBARU CROSSTREK   3/17/26  4S4GUHD6XT3752223,R5076
2026 Subaru CROSSTREK5 DO,4S4GUHL69T3715844,715844,"$30,937.00 ",,,,
2026 Subaru FORESTERSUVPR,4S4SLDB68T3024179,024179,"$30,971.00 "," (30,971.00)",024179,SUBARU LOANER           3/16/26  4S4SLDB68T3024179,R4704
2026 Subaru FORESTERSUVPR,4S4SLDB65T3037844,037844,"$30,973.00 "," (30,973.00)",037844,SUBARU LOANER           3/16/26  4S4SLDB65T3037844,R4811
2026 Subaru CROSSTREK5 DO,4S4GUHD67T3756164,756164,"$31,023.00 "," (31,023.00)",756164,2026 SUBARU CROSSTREK   3/31/26  4S4GUHD67T3756164,R5194
2026 Subaru CROSSTREK5 DO,4S4GUHD68T3756223,756223,"$31,023.00 "," (31,023.00)",756223,2026 SUBARU CROSSTREK   3/20/26  4S4GUHD68T3756223,R5108
2026 Subaru CROSSTREK5 DO,4S4GUHD67T3756455,756455,"$31,023.00 "," (31,023.00)",756455,2026 SUBARU CROSSTREK   3/25/26  4S4GUHD67T3756455,R5151
2026 Buick BUCK ENCOR G,KL4AMDSL6TB149023,149023,"$31,030.73 "," (31,030.73)",149023,2026 BUICK ENCORE GX    2/23/26  KL4AMDSL6TB149023,B36333
2026 Buick BUCK ENCOR G,KL4AMDSL2TB152291,152291,"$31,030.73 "," (31,030.73)",152291,2026 BUICK ENCORE GX    3/26/26  KL4AMDSL2TB152291,B36594
2026 Buick BUCK ENCOR G,KL4AMDSL4TB152552,152552,"$31,030.73 "," (31,030.73)",152552,2026 BUICK ENCORE GX    3/26/26  KL4AMDSL4TB152552,B36596
2026 Buick BUCK ENCOR G,KL4AMDSL8TB152568,152568,"$31,030.73 "," (31,030.73)",152568,2026 BUICK ENCORE GX    3/18/26  KL4AMDSL8TB152568,B36483
2026 Buick BUCK ENCOR G,KL4AMDSL5TB152771,152771,"$31,030.73 "," (31,030.73)",152771,2026 BUICK ENCORE GX    3/13/26  KL4AMDSL5TB152771,B36452
2026 Buick BUCK ENCOR G,KL4AMDSL7TB166493,166493,"$31,030.73 "," (31,030.73)",166493,2026 BUICK ENCORE GX    3/09/26  KL4AMDSL7TB166493,B36391
2026 Buick BUCK ENCOR G,KL4AMDSL0TB166626,166626,"$31,030.73 "," (31,030.73)",166626,2026 BUICK ENCORE GX    3/10/26  KL4AMDSL0TB166626,B36421
,,,," (31,210.00)",717905,2026 SUBARU CROSSTREK  12/05/25  4S4GUHF68T3717905,R4705
2026 Subaru CROSSTREK5 DO,4S4GUHF6XT3723124,723124,"$31,210.00 "," (31,210.00)",723124,2026 SUBARU CROSSTREK  12/18/25  4S4GUHF6XT3723124,R4734
2026 Subaru FORESTERSUVPR,4S4SLDB67T3069632,069632,"$31,593.00 "," (31,593.00)",069632,"MCINTYRE, JESSE WADE    3/05/26  4S4SLDB67T3069632",R5038
2026 Subaru FORESTERSUVPR,4S4SLDD6XT3038436,038436,"$31,925.00 "," (31,925.00)",038436,SUBARU LOANER           3/16/26  4S4SLDD6XT3038436,R4845
2025 Subaru CROSSTREK5 DO,4S4GUHM6XS3776942,776942,"$32,116.00 "," (32,116.00)",776942,SUBARU LOANER          12/31/25  4S4GUHM6XS3776942,R4440
2025 Subaru OUTBACKWAGONP,4S4BTADC1S3293057,293057,"$32,228.00 "," (32,228.00)",293057,SUBARU LOANER          12/31/25  4S4BTADC1S3293057,R4367
2025 Subaru OUTBACKWAGONP,4S4BTADC9S3293579,293579,"$32,228.00 "," (32,228.00)",293579,SUBARU LOANER          12/31/25  4S4BTADC9S3293579,R4348
2025 Subaru OUTBACKWAGONP,4S4BTADC8S3293721,293721,"$32,228.00 "," (32,228.00)",293721,SUBARU LOANER          11/26/25  4S4BTADC8S3293721,R4265
2025 Subaru OUTBACKWAGONP,4S4BTADC9S3330436,330436,"$32,279.00 "," (32,279.00)",330436,SUBARU LOANER          11/26/25  4S4BTADC9S3330436,R4530
2025 Subaru CROSSTREK5 DO,4S4GUHM69S3768475,768475,"$32,332.00 "," (32,332.00)",768475,SUBARU LOANER          11/28/25  4S4GUHM69S3768475,R4271
2025 Subaru CROSSTREK5 DO,4S4GUHM67S3768622,768622,"$32,332.00 "," (32,332.00)",768622,SUBARU LOANER          11/11/25  4S4GUHM67S3768622,R4270
2026 Subaru FORESTERSUVPR,4S4SLDD62T3008010,008010,"$32,365.00 "," (32,365.00)",008010,4S4SLDD62T3008010,R4617
2026 Subaru FORESTERSUVPR,4S4SLDD61T3008273,008273,"$32,365.00 "," (32,365.00)",008273,4S4SLDD61T3008273,R4611
2026 Buick ENVISTA,KL47LCEP1TB088010,088010,"$32,404.20 "," (32,404.20)",088010,2026 BUICK ENVISTA      2/17/26  KL47LCEP1TB088010,B36273
2025 GMC Truck GMC TERRN EL,3GKALMEG7TL441841,441841,"$32,549.18 ",,,,
2026 Subaru FORESTERSUVPR,4S4SLDD62T3077442,077442,"$32,593.00 "," (32,593.00)",077442,2026 SUBARU FORESTER    3/25/26  4S4SLDD62T3077442,R5153
2026 Subaru FORESTERSUVPR,4S4SLDD67T3078618,078618,"$32,672.00 "," (32,672.00)",078618,2026 SUBARU FORESTER    3/23/26  4S4SLDD67T3078618,R5113
2026 Subaru FORESTERSUVPR,4S4SLDD68T3079101,079101,"$32,672.00 "," (32,672.00)",079101,"CRIGGER, DANA BARNES    3/31/26  4S4SLDD68T3079101",R5196
2026 Subaru FORESTERSUVPR,4S4SLDD67T3079171,079171,"$32,672.00 "," (32,672.00)",079171,2026 SUBARU FORESTER    3/23/26  4S4SLDD67T3079171,R5114
2026 Subaru FORESTERSUVPR,4S4SLDD64T3007666,007666,"$32,724.00 "," (32,724.00)",007666,4S4SLDD64T3007666,R4618
2025 GMC Truck GMC TERRN EL,3GKALMEG9TL442294,442294,"$33,007.05 "," (33,007.05)",442294,2026 GMC TERRAIN        3/23/26  3GKALMEG9TL442294,G36521
2026 Subaru FORESTERSUVPR,4S4SLDD6XT3079083,079083,"$33,047.00 "," (33,047.00)",079083,"SWIFT, PHILIP JOSHUA    3/20/26  4S4SLDD6XT3079083",R5111
2026 Subaru CROSSTREK5 DO,4S4GUHL68T3737799,737799,"$33,093.00 "," (33,093.00)",737799,2026 SUBARU CROSSTREK   2/19/26  4S4GUHL68T3737799,R4968
,,,," (33,107.00)",715844,2026 SUBARU CROSSTREK  12/02/25  4S4GUHL69T3715844,R4696
2026 Subaru CROSSTREK5 DO,4S4GUHL67T3745537,745537,"$33,108.00 "," (33,108.00)",745537,2026 SUBARU CROSSTREK   2/25/26  4S4GUHL67T3745537,R5014
2026 Subaru CROSSTREK5 DO,4S4GUHL68T3750942,750942,"$33,108.00 "," (33,108.00)",750942,2026 SUBARU CROSSTREK   3/23/26  4S4GUHL68T3750942,R5125
2026 Subaru WRX4 DOORPREM,JF1VBAH63T9801803,801803,"$33,515.00 "," (33,515.00)",801803,2026 SUBARU WRX         3/30/26  JF1VBAH63T9801803,R5179
2026 Subaru WRX4 DOORPREM,JF1VBAH62T9802442,802442,"$33,515.00 "," (33,515.00)",802442,2026 SUBARU WRX         3/27/26  JF1VBAH62T9802442,R5171
2026 Subaru FORESTERSUVSP,4S4SLDF69T3044256,044256,"$33,684.00 "," (33,684.00)",044256,SUBARU LOANER           3/16/26  4S4SLDF69T3044256,R4914
2026 Subaru CROSSTREK5 DO,4S4GUHU62T3719099,719099,"$33,808.00 "," (33,808.00)",719099,2026 SUBARU CROSSTREK   1/29/26  4S4GUHU62T3719099,R4778
2025 Subaru FORESTERSUVSP,JF2SLDFC8SH606029,606029,"$33,892.00 "," (33,892.00)",606029,SUBARU LOANER          11/26/25  JF2SLDFC8SH606029,R4550
2026 Subaru CROSSTREK5 DO,4S4GUHT65T3757038,757038,"$33,967.00 "," (33,967.00)",757038,2026 SUBARU CROSSTREK   3/27/26  4S4GUHT65T3757038,R5173
2026 Subaru CROSSTREK5 DO,JF2GUSGD8T8232778,232778,"$34,027.00 "," (34,027.00)",232778,2026 SUBARU CROSSTREK   3/05/26  JF2GUSGD8T8232778,R5047
2026 Subaru CROSSTREK5 DO,JF2GUSGD3T8234261,234261,"$34,027.00 "," (34,027.00)",234261,2026 SUBARU CROSSTREK   3/11/26  JF2GUSGD3T8234261,R5065
2026 Subaru CROSSTREK5 DO,JF2GUSGD4T8234513,234513,"$34,027.00 "," (34,027.00)",234513,2026 SUBARU CROSSTREK   3/27/26  JF2GUSGD4T8234513,R5175
2026 Subaru CROSSTREK5 DO,JF2GUSGD6T8239860,239860,"$34,027.00 "," (34,027.00)",239860,"PYLE, LAURA DUQUETTE    3/24/26  JF2GUSGD6T8239860",R5139
2026 Subaru FORESTERSUVPR,4S4SLDD6XT3042826,042826,"$34,184.00 "," (34,184.00)",042826,2026 SUBARU FORESTER    1/19/26  4S4SLDD6XT3042826,R4866
2026 Subaru FORESTERSUVSP,4S4SLDF64T3010502,010502,"$34,190.00 ",,,,
2026 Subaru FORESTERSUVPR,4S4SLDD67T3057915,057915,"$34,249.00 "," (34,249.00)",057915,2026 SUBARU FORESTER    2/24/26  4S4SLDD67T3057915,R4999
2026 Subaru CROSSTREK5 DO,JF2GUSGD8T8240167,240167,"$34,402.00 "," (34,402.00)",240167,"PITASI, DONNA RENEE     3/26/26  JF2GUSGD8T8240167",R5169
2026 Subaru CROSSTREK5 DO,4S4GUHU65T3705052,705052,"$34,441.00 "," (34,441.00)",705052,4S4GUHU65T3705052,R4584
2026 Subaru OUTBACKWAGONP,JF2BUPBD8TY471407,471407,"$34,513.00 ",,,,
2026 Subaru OUTBACKWAGONP,JF2BUPBD2TY471564,471564,"$34,513.00 ",,,,
2026 Subaru OUTBACKWAGONP,JF2BUPBD1TY472611,472611,"$34,513.00 "," (34,513.00)",472611,SUBARU LOANER           3/16/26  JF2BUPBD1TY472611,R4848
2026 Subaru FORESTERSUVPR,4S4SLDD69T3043059,043059,"$34,559.00 "," (34,559.00)",043059,"GOLAS, MICHAEL TERRY    1/21/26  4S4SLDD69T3043059",R4876
2026 Subaru FORESTERSUVPR,4S4SLDD69T3051467,051467,"$34,624.00 "," (34,624.00)",051467,2026 SUBARU FORESTER    2/16/26  4S4SLDD69T3051467,R4956
2026 Subaru FORESTERSUVSP,4S4SLDF69T3007658,007658,"$34,690.00 "," (34,690.00)",007658,SUBARU LOANER          11/11/25  4S4SLDF69T3007658,R4647
2026 Subaru CROSSTREK5 DO,4S4GUHM65T3755661,755661,"$34,863.00 "," (34,863.00)",755661,2026 SUBARU CROSSTREK   3/25/26  4S4GUHM65T3755661,R5145
2026 Subaru CROSSTREK5 DO,4S4GUHM65T3755742,755742,"$34,863.00 "," (34,863.00)",755742,2026 SUBARU CROSSTREK   3/25/26  4S4GUHM65T3755742,R5146
2026 Subaru CROSSTREK5 DO,4S4GUHM63T3755772,755772,"$34,863.00 "," (34,863.00)",755772,2026 SUBARU CROSSTREK   3/25/26  4S4GUHM63T3755772,R5143
2026 Subaru CROSSTREK5 DO,4S4GUHM66T3755782,755782,"$34,863.00 "," (34,863.00)",755782,2026 SUBARU CROSSTREK   3/26/26  4S4GUHM66T3755782,R5160
2026 Subaru CROSSTREK5 DO,4S4GUHM66T3755913,755913,"$34,863.00 "," (34,863.00)",755913,2026 SUBARU CROSSTREK   3/25/26  4S4GUHM66T3755913,R5152
2026 Subaru CROSSTREK5 DO,4S4GUHM69T3756747,756747,"$34,863.00 "," (34,863.00)",756747,"COLLEN, STEVEN PATRIC   3/30/26  4S4GUHM69T3756747",R5188
2026 Subaru OUTBACKWAGONP,JF2BUPAD8TY500406,500406,"$34,889.00 "," (34,889.00)",500406,2026 SUBARU OUTBACK     3/17/26  JF2BUPAD8TY500406,R5083
2026 Subaru CROSSTREK5 DO,JF2GUSND6T8233558,233558,"$34,951.00 "," (34,951.00)",233558,2026 SUBARU CROSSTREK   3/05/26  JF2GUSND6T8233558,R5041
2026 Subaru FORESTERSUVSP,4S4SLDH65T3026348,026348,"$34,954.00 "," (34,954.00)",026348,SUBARU LOANER           3/16/26  4S4SLDH65T3026348,R4738
2026 Subaru FORESTERSUVSP,4S4SLDH6XT3031223,031223,"$34,954.00 ",,,,
2026 Subaru FORESTERSUVSP,4S4SLDH68T3039644,039644,"$35,033.00 "," (35,033.00)",039644,SUBARU LOANER           3/16/26  4S4SLDH68T3039644,R4828
2026 Subaru CROSSTREK5 DO,JF2GUSND8T8240219,240219,"$35,111.00 "," (35,111.00)",240219,2026 SUBARU CROSSTREK   3/30/26  JF2GUSND8T8240219,R5185
2026 Subaru CROSSTREK5 DO,4S4GUHM65T3755756,755756,"$35,238.00 "," (35,238.00)",755756,2026 SUBARU CROSSTREK   3/25/26  4S4GUHM65T3755756,R5147
2026 Subaru CROSSTREK5 DO,4S4GUHM64T3755814,755814,"$35,238.00 "," (35,238.00)",755814,2026 SUBARU CROSSTREK   3/25/26  4S4GUHM64T3755814,R5144
2025 Subaru OUTBACKWAGONO,4S4BTALCXS3286822,286822,"$35,463.00 "," (35,463.00)",286822,4S4BTALCXS3286822,R4180
2026 Subaru OUTBACKWAGONP,JF2BUPAD7TY490483,490483,"$35,526.00 "," (35,526.00)",490483,2026 SUBARU OUTBACK     2/28/26  JF2BUPAD7TY490483,R5021
2026 Subaru CROSSTREK5 DO,JF2GUSND6T8218896,218896,"$35,554.00 "," (35,554.00)",218896,2026 SUBARU CROSSTREK   2/05/26  JF2GUSND6T8218896,R4922
2026 Subaru CROSSTREK5 DO,4S4GUHU6XT3737625,737625,"$35,567.00 "," (35,567.00)",737625,2026 SUBARU CROSSTREK   2/25/26  4S4GUHU6XT3737625,R5009
2026 Subaru CROSSTREK5 DO,4S4GUHU66T3756964,756964,"$35,981.00 "," (35,981.00)",756964,2026 SUBARU CROSSTREK   3/30/26  4S4GUHU66T3756964,R5189
2026 Subaru FORESTERSUVSP,4S4SLDF64T3051213,051213,"$36,126.00 "," (36,126.00)",051213,2026 SUBARU FORESTER    2/05/26  4S4SLDF64T3051213,R4925
2026 Subaru FORESTERSUVSP,4S4SLDH68T3078704,078704,"$36,156.00 "," (36,156.00)",078704,2026 SUBARU FORESTER    3/31/26  4S4SLDH68T3078704,R5198
2026 Subaru FORESTERSUVSP,4S4SLDH66T3078717,078717,"$36,156.00 "," (36,156.00)",078717,2026 SUBARU FORESTER    3/31/26  4S4SLDH66T3078717,R5197
2026 Subaru CROSSTREK5 DO,4S4GUHU66T3733071,733071,"$36,192.00 "," (36,192.00)",733071,2026 SUBARU CROSSTREK   1/22/26  4S4GUHU66T3733071,R4900
2025 Buick BUCK ENCLV P,5GAERARS9SJ168742,168742,"$36,196.00 "," (36,196.00)",168742,GMC LOANER              3/11/26  5GAERARS9SJ168742,B33974
2026 Subaru FORESTERSUVLI,4S4SLDR66T3011369,011369,"$36,212.00 "," (36,212.00)",011369,SUBARU LOANER           3/16/26  4S4SLDR66T3011369,R4655
2026 Subaru FORESTERSUVLI,4S4SLDR68T3011776,011776,"$36,212.00 "," (36,212.00)",011776,2026 SUBARU FORESTER    1/29/26  4S4SLDR68T3011776,R4672
2026 Subaru FORESTERSUVLI,4S4SLDR6XT3012962,012962,"$36,212.00 "," (36,212.00)",012962,SUBARU LOANER           3/16/26  4S4SLDR6XT3012962,R4674
2026 Subaru CROSSTREK5 DO,4S4GUHU67T3746346,746346,"$36,355.00 "," (36,355.00)",746346,2026 SUBARU CROSSTREK   3/06/26  4S4GUHU67T3746346,R5055
2026 Subaru CROSSTREK5 DO,4S4GUHU67T3746802,746802,"$36,355.00 "," (36,355.00)",746802,2026 SUBARU CROSSTREK   3/05/26  4S4GUHU67T3746802,R5043
2026 Subaru CROSSTREK5 DO,4S4GUHU6XT3748074,748074,"$36,355.00 "," (36,355.00)",748074,2026 SUBARU CROSSTREK   3/17/26  4S4GUHU6XT3748074,R5078
2026 Subaru CROSSTREK5 DO,4S4GUHU68T3756688,756688,"$36,356.00 "," (36,356.00)",756688,2026 SUBARU CROSSTREK   3/30/26  4S4GUHU68T3756688,R5178
2026 Subaru CROSSTREK5 DO,JF2GUSND5T8234135,234135,"$36,372.00 "," (36,372.00)",234135,2026 SUBARU CROSSTREK   3/30/26  JF2GUSND5T8234135,R5183
2026 Subaru CROSSTREK5 DO,JF2GUSND3T8234229,234229,"$36,372.00 "," (36,372.00)",234229,2026 SUBARU CROSSTREK   3/30/26  JF2GUSND3T8234229,R5182
2026 Subaru CROSSTREK5 DO,JF2GUSND6T8234404,234404,"$36,372.00 "," (36,372.00)",234404,2026 SUBARU CROSSTREK   3/11/26  JF2GUSND6T8234404,R5066
2026 Subaru CROSSTREK5 DO,JF2GUSND8T8234632,234632,"$36,372.00 "," (36,372.00)",234632,2026 SUBARU CROSSTREK   3/30/26  JF2GUSND8T8234632,R5184
2026 Subaru CROSSTREK5 DO,JF2GUSND6T8234872,234872,"$36,372.00 "," (36,372.00)",234872,2026 SUBARU CROSSTREK   3/26/26  JF2GUSND6T8234872,R5168
2026 Subaru OUTBACKWAGONP,JF2BUPBD4TY513989,513989,"$36,406.00 "," (36,406.00)",513989,2026 SUBARU OUTBACK     3/24/26  JF2BUPBD4TY513989,R5138
2025 Subaru OUTBACKWAGONL,4S4BTANC3S3336683,336683,"$36,476.00 "," (36,476.00)",336683,4S4BTANC3S3336683,R4588
,,,," (36,509.00)",010502,2026 SUBARU FORESTER   11/24/25  4S4SLDF64T3010502,R4670
2026 Subaru CROSSTREK5 DO,JF2GUSND8T8240446,240446,"$36,532.00 "," (36,532.00)",240446,2026 SUBARU CROSSTREK   3/30/26  JF2GUSND8T8240446,R5186
2026 Subaru ASCENTSUVPREM,4S4WMAAD9T3404998,404998,"$36,686.00 "," (36,686.00)",404998,2026 SUBARU ASCENT      1/29/26  4S4WMAAD9T3404998,R4748
2026 Subaru CROSSTREK5 DO,JF2GUSND6T8215156,215156,"$36,745.00 "," (36,745.00)",215156,BRANDON TOMES SUBARU   12/17/25  JF2GUSND6T8215156,R4726
2026 Subaru FORESTERSUVLI,4S4SLDR69T3024228,024228,"$36,774.00 ",,,,
2026 Subaru OUTBACKWAGONP,JF2BUPBD5TY502323,502323,"$36,781.00 "," (36,781.00)",502323,2026 SUBARU OUTBACK     3/11/26  JF2BUPBD5TY502323,R5064
2026 Subaru OUTBACKWAGONP,JF2BUPBD7TY510181,510181,"$36,781.00 "," (36,781.00)",510181,"ABRAMS, ALBERT MARIO    3/27/26  JF2BUPBD7TY510181",R5172
2025 Subaru OUTBACKWAGONL,4S4BTANC5S3312823,312823,"$36,833.00 "," (36,833.00)",312823,SUBARU LOANER          12/31/25  4S4BTANC5S3312823,R4415
2026 Subaru CROSSTREK5 DO,JF2GUSND4T8220629,220629,"$36,975.00 "," (36,975.00)",220629,2026 SUBARU CROSSTREK   2/10/26  JF2GUSND4T8220629,R4944
2026 Subaru FORESTERSUVLI,4S4SLDR68T3026066,026066,"$37,133.00 "," (37,133.00)",026066,2026 SUBARU FORESTER    2/13/26  4S4SLDR68T3026066,R4775
,,,," (37,153.00)",471407,2026 SUBARU OUTBACK     1/15/26  JF2BUPBD8TY471407,R4852
,,,," (37,153.00)",471564,2026 SUBARU OUTBACK     1/13/26  JF2BUPBD2TY471564,R4844
2026 Subaru OUTBACKWAGONP,JF2BUPBD3TY472089,472089,"$37,153.00 "," (37,153.00)",472089,2026 SUBARU OUTBACK     1/15/26  JF2BUPBD3TY472089,R4849
2026 Subaru OUTBACKWAGONP,JF2BUPBD8TY472900,472900,"$37,153.00 "," (37,153.00)",472900,2026 SUBARU OUTBACK     1/30/26  JF2BUPBD8TY472900,R4908
2026 Subaru OUTBACKWAGONP,JF2BUPBDXTY472994,472994,"$37,153.00 "," (37,153.00)",472994,2026 SUBARU OUTBACK     1/30/26  JF2BUPBDXTY472994,R4910
2026 Subaru OUTBACKWAGONP,JF2BUPBD6TY473737,473737,"$37,153.00 "," (37,153.00)",473737,2026 SUBARU OUTBACK     1/22/26  JF2BUPBD6TY473737,R4896
2026 Subaru OUTBACKWAGONP,JF2BUPBD7TY474458,474458,"$37,153.00 "," (37,153.00)",474458,2026 SUBARU OUTBACK     1/30/26  JF2BUPBD7TY474458,R4913
2026 Subaru OUTBACKWAGONP,JF2BUPBD6TY477416,477416,"$37,153.00 "," (37,153.00)",477416,2026 SUBARU OUTBACK     1/30/26  JF2BUPBD6TY477416,R4912
2026 Subaru FORESTERSUVLI,4S4SLDR6XT3079156,079156,"$37,294.00 "," (37,294.00)",079156,2026 SUBARU FORESTER    3/31/26  4S4SLDR6XT3079156,R5199
2026 Subaru FORESTERSUVLI,4S4SLDR60T3079179,079179,"$37,294.00 "," (37,294.00)",079179,SEWELL SUBARU           3/23/26  4S4SLDR60T3079179,R5119
,,,," (37,341.00)",031223,2026 SUBARU FORESTER   12/31/25  4S4SLDH6XT3031223,R4779
2026 Subaru OUTBACKWAGONP,JF2BUPBD7TY483726,483726,"$37,418.00 "," (37,418.00)",483726,2026 SUBARU OUTBACK     2/20/26  JF2BUPBD7TY483726,R4976
2026 Subaru OUTBACKWAGONP,JF2BUPBD2TY484976,484976,"$37,418.00 "," (37,418.00)",484976,"ABRAMS, ALBERT MARIO    2/24/26  JF2BUPBD2TY484976",R5006
2026 Subaru OUTBACKWAGONP,JF2BUPBD6TY485113,485113,"$37,418.00 "," (37,418.00)",485113,"SATTERFIELD, MARILYN    2/20/26  JF2BUPBD6TY485113",R4987
2026 Subaru OUTBACKWAGONP,JF2BUPBD8TY485145,485145,"$37,418.00 "," (37,418.00)",485145,2026 SUBARU OUTBACK     2/20/26  JF2BUPBD8TY485145,R4988
2026 Subaru OUTBACKWAGONP,JF2BUPBD5TY490688,490688,"$37,418.00 "," (37,418.00)",490688,2026 SUBARU OUTBACK     2/28/26  JF2BUPBD5TY490688,R5023
2026 Subaru FORESTERSUVSP,4S4SLSJ78T3064681,064681,"$37,441.00 "," (37,441.00)",064681,2026 SUBARU FORESTER    3/23/26  4S4SLSJ78T3064681,R5127
2026 Subaru FORESTERSUVSP,4S4SLSJ79T3069212,069212,"$37,441.00 "," (37,441.00)",069212,2026 SUBARU FORESTER    3/06/26  4S4SLSJ79T3069212,R5050
2026 Subaru FORESTERSUVSP,4S4SLDH69T3051141,051141,"$37,543.00 "," (37,543.00)",051141,2026 SUBARU FORESTER    2/16/26  4S4SLDH69T3051141,R4958
2026 Subaru FORESTERSUVSP,4S4SLDH67T3051493,051493,"$37,543.00 "," (37,543.00)",051493,2026 SUBARU FORESTER    2/16/26  4S4SLDH67T3051493,R4957
2026 Subaru FORESTERSUVSP,4S4SLSJ78T3079665,079665,"$37,687.00 "," (37,687.00)",079665,2026 SUBARU FORESTER    3/25/26  4S4SLSJ78T3079665,R5156
,,,," (37,817.00)",415472,2026 SUBARU ASCENT      3/17/26  4S4WMAAD4T3415472,R5080
2025 Subaru FORESTERSUVLI,JF2SLSRD7SH427487,427487,"$37,828.00 "," (37,828.00)",427487,SUBARU LOANER          11/26/25  JF2SLSRD7SH427487,R4404
2025 Subaru FORESTERSUVLI,JF2SLSRD1SH451283,451283,"$37,879.00 "," (37,879.00)",451283,2025 SUBARU FORESTER    2/16/26  JF2SLSRD1SH451283,R4751
2026 Subaru FORESTERSUVWI,4S4SLDL68T3031082,031082,"$37,900.00 "," (37,900.00)",031082,2026 SUBARU FORESTER    1/29/26  4S4SLDL68T3031082,R4780
2026 Subaru FORESTERSUVWI,4S4SLDL65T3067568,067568,"$38,428.00 "," (38,428.00)",067568,2026 SUBARU FORESTER    3/11/26  4S4SLDL65T3067568,R5061
2026 Subaru FORESTERSUVWI,4S4SLDL68T3068486,068486,"$38,428.00 "," (38,428.00)",068486,2026 SUBARU FORESTER    3/05/26  4S4SLDL68T3068486,R5031
2026 Subaru OUTBACKWAGONL,JF2BUPDD9TY458310,458310,"$38,542.00 "," (38,542.00)",458310,2026 SUBARU OUTBACK     1/29/26  JF2BUPDD9TY458310,R4753
2026 Subaru FORESTERSUVLI,4S4SLSR7XT3078179,078179,"$38,703.00 "," (38,703.00)",078179,2026 SUBARU FORESTER    3/31/26  4S4SLSR7XT3078179,R5201
2026 Subaru FORESTERSUVLI,4S4SLDR6XT3039983,039983,"$38,767.00 "," (38,767.00)",039983,"DURON, DAVID RAY        1/09/26  4S4SLDR6XT3039983",R4835
2026 Subaru SOLTERRASUVPR,JTMBEAGC1TJ002340,002340,"$38,781.00 "," (38,781.00)",002340,"CODDINGTON, BRIAN PAU   3/26/26  JTMBEAGC1TJ002340",R5170
2026 Subaru OUTBACKWAGONL,JF2BUPDD7TY477843,477843,"$38,806.00 ",,,,
2026 Subaru FORESTERSUVLI,4S4SLSR71T3064655,064655,"$38,871.00 "," (38,871.00)",064655,2026 SUBARU FORESTER    3/18/26  4S4SLSR71T3064655,R5086
2025 GMC Truck GMC TERRN AT,3GKALYEG9TL150099,150099,"$38,991.40 "," (38,991.40)",150099,2026 GMC TERRAIN        6/04/25  3GKALYEG9TL150099,G34772
2026 Subaru FORESTERSUVLI,4S4SLSR77T3079502,079502,"$39,078.00 "," (39,078.00)",079502,2026 SUBARU FORESTER    3/25/26  4S4SLSR77T3079502,R5148
2026 Subaru FORESTERSUVWI,4S4SLDL63T3078116,078116,"$39,101.00 "," (39,101.00)",078116,"KONASURU VEERAPPA, KU   3/23/26  4S4SLDL63T3078116",R5115
2026 Subaru FORESTERSUVWI,4S4SLDL68T3078550,078550,"$39,101.00 "," (39,101.00)",078550,2026 SUBARU FORESTER    3/23/26  4S4SLDL68T3078550,R5118
2026 Subaru FORESTERSUVWI,4S4SLDL67T3078801,078801,"$39,101.00 "," (39,101.00)",078801,2026 SUBARU FORESTER    3/23/26  4S4SLDL67T3078801,R5116
2026 Subaru FORESTERSUVWI,4S4SLDL68T3078998,078998,"$39,101.00 "," (39,101.00)",078998,2026 SUBARU FORESTER    3/25/26  4S4SLDL68T3078998,R5154
2026 Subaru FORESTERSUVWI,4S4SLDL69T3079576,079576,"$39,101.00 "," (39,101.00)",079576,2026 SUBARU FORESTER    3/25/26  4S4SLDL69T3079576,R5155
2026 Subaru FORESTERSUVLI,4S4SLDR64T3039834,039834,"$39,142.00 "," (39,142.00)",039834,2026 SUBARU FORESTER    1/09/26  4S4SLDR64T3039834,R4834
2026 Subaru OUTBACKWAGONL,JF2BUPDDXTY471521,471521,"$39,165.00 "," (39,165.00)",471521,SUBARU LOANER           3/16/26  JF2BUPDDXTY471521,R4862
,,,," (39,221.00)",024228,2026 SUBARU FORESTER   12/18/25  4S4SLDR69T3024228,R4729
2026 Subaru WRX4 DOORLIMI,JF1VBAN67T8802012,802012,"$39,452.00 "," (39,452.00)",802012,"BATLIWALLA, ATISH       3/30/26  JF1VBAN67T8802012",R5180
2026 Subaru FORESTERSUVWI,4S4SLDL67T3051534,051534,"$39,506.00 "," (39,506.00)",051534,2026 SUBARU FORESTER    2/19/26  4S4SLDL67T3051534,R4970
2026 Subaru FORESTERSUVWI,4S4SLDL68T3051848,051848,"$39,506.00 "," (39,506.00)",051848,"CRISWELL, KATELIN MIC   2/16/26  4S4SLDL68T3051848",R4959
2026 Subaru FORESTERSUVTO,4S4SLDT69T3079089,079089,"$39,514.00 "," (39,514.00)",079089,"KIRKPATRICK, RODNEY C   3/31/26  4S4SLDT69T3079089",R5200
2026 GMC Truck GMC SIER 15P,3GTNHAEKXTG284445,284445,"$39,540.18 "," (39,540.18)",284445,2026 GMC SIERRA 1500    2/27/26  3GTNHAEKXTG284445,G36354
2025 GMC Truck GMC TERRN AT,3GKALYEGXTL244816,244816,"$39,577.45 "," (39,577.45)",244816,2026 GMC TERRAIN       12/08/25  3GKALYEGXTL244816,G35999
2026 Subaru FORESTERSUVTO,4S4SLDT63T3068072,068072,"$39,762.00 "," (39,762.00)",068072,2026 SUBARU FORESTER    3/17/26  4S4SLDT63T3068072,R5079
2025 GMC Truck GMC TERRN AT,3GKALYEG2TL179430,179430,"$39,777.25 "," (39,777.25)",179430,2026 GMC TERRAIN        7/01/25  3GKALYEG2TL179430,G34938
2026 Subaru FORESTERSUVTO,4S4SLDT68T3068181,068181,"$40,137.00 "," (40,137.00)",068181,2026 SUBARU FORESTER    3/11/26  4S4SLDT68T3068181,R5063
2025 Subaru ASCENTSUVONYX,4S4WMAFD6S3439473,439473,"$40,196.00 "," (40,196.00)",439473,SUBARU LOANER          12/31/25  4S4WMAFD6S3439473,R4444
2026 Subaru FORESTERSUVWI,4S4SLDL66T3039651,039651,"$40,297.00 "," (40,297.00)",039651,DOUGLASS SUBARU         1/09/26  4S4SLDL66T3039651,R4832
2026 Subaru ASCENTSUVPREM,4S4WMABD4T3412800,412800,"$40,536.00 "," (40,536.00)",412800,"POWER, DAVID WAYNE      2/19/26  4S4WMABD4T3412800",R4971
2026 Subaru OUTBACKWAGONL,JF2BUPDD9TY484261,484261,"$40,724.00 "," (40,724.00)",484261,2026 SUBARU OUTBACK     2/10/26  JF2BUPDD9TY484261,R4938
2026 Subaru OUTBACKWAGONL,JF2BUPDD8TY487295,487295,"$40,724.00 "," (40,724.00)",487295,2026 SUBARU OUTBACK     2/10/26  JF2BUPDD8TY487295,R4937
2026 Subaru OUTBACKWAGONL,JF2BUPDD9TY487547,487547,"$40,724.00 "," (40,724.00)",487547,2026 SUBARU OUTBACK     2/10/26  JF2BUPDD9TY487547,R4939
2026 Subaru OUTBACKWAGONL,JF2BUPDD9TY487953,487953,"$40,724.00 "," (40,724.00)",487953,2026 SUBARU OUTBACK     2/10/26  JF2BUPDD9TY487953,R4940
2026 Subaru OUTBACKWAGONL,JF2BUPDD4TY490680,490680,"$40,724.00 "," (40,724.00)",490680,2026 SUBARU OUTBACK     2/28/26  JF2BUPDD4TY490680,R5026
2026 Subaru OUTBACKWAGONL,JF2BUPDD4TY490730,490730,"$40,724.00 "," (40,724.00)",490730,2026 SUBARU OUTBACK     2/28/26  JF2BUPDD4TY490730,R5025
2026 Subaru ASCENTSUVPREM,4S4WMABDXT3415457,415457,"$40,844.00 "," (40,844.00)",415457,2026 SUBARU ASCENT      3/17/26  4S4WMABDXT3415457,R5081
2026 Subaru FORESTERSUVTO,4S4SLST78T3078478,078478,"$40,934.00 "," (40,934.00)",078478,"FLOWERS, LEWIS DON      3/23/26  4S4SLST78T3078478",R5120
2026 Subaru FORESTERSUVTO,4S4SLST76T3079418,079418,"$40,934.00 "," (40,934.00)",079418,2026 SUBARU FORESTER    3/25/26  4S4SLST76T3079418,R5149
2026 Subaru FORESTERSUVTO,4S4SLST77T3079430,079430,"$40,934.00 "," (40,934.00)",079430,2026 SUBARU FORESTER    3/25/26  4S4SLST77T3079430,R5150
2025 GMC Truck GMC TERRN DE,3GKALZEG7TL243080,243080,"$41,086.45 "," (41,086.45)",243080,2026 GMC TERRAIN       12/08/25  3GKALZEG7TL243080,G36001
2025 GMC Truck GMC TERRN DE,3GKALZEG1TL251384,251384,"$41,086.45 "," (41,086.45)",251384,2026 GMC TERRAIN       12/08/25  3GKALZEG1TL251384,G36003
2025 GMC Truck GMC TERRN AT,3GKALYEG0TL221075,221075,"$41,167.60 "," (41,167.60)",221075,2026 GMC TERRAIN        8/06/25  3GKALYEG0TL221075,G35088
2025 GMC Truck GMC TERRN AT,3GKALYEG6TL221470,221470,"$41,167.60 "," (41,167.60)",221470,2026 GMC TERRAIN        8/12/25  3GKALYEG6TL221470,G35109
2026 Subaru FORESTERSUVTO,4S4SLST7XT3064226,064226,"$41,182.00 "," (41,182.00)",064226,2026 SUBARU FORESTER    3/25/26  4S4SLST7XT3064226,R5158
2026 Subaru FORESTERSUVTO,4S4SLST70T3064770,064770,"$41,182.00 "," (41,182.00)",064770,2026 SUBARU FORESTER    3/23/26  4S4SLST70T3064770,R5128
2025 Buick ENVISION,LRBFZLE43SD025577,025577,"$41,198.96 "," (41,198.96)",025577,2025 BUICK ENVISION     3/12/26  LRBFZLE43SD025577,B34178
2025 GMC Truck GMC TERRN AT,3GKALYEGXTL332846,332846,"$41,417.05 "," (41,417.05)",332846,2026 GMC TERRAIN       11/14/25  3GKALYEGXTL332846,G35833
2025 GMC Truck GMC TERRN AT,3GKALYEG0TL333438,333438,"$41,417.05 "," (41,417.05)",333438,2026 GMC TERRAIN       11/05/25  3GKALYEG0TL333438,G35803
2026 Subaru OUTBACKWAGONL,JF2BUPDDXTY496080,496080,"$41,554.00 "," (41,554.00)",496080,2026 SUBARU OUTBACK     3/11/26  JF2BUPDDXTY496080,R5070
2026 Subaru OUTBACKWAGONL,JF2BUPDD3TY506075,506075,"$41,554.00 "," (41,554.00)",506075,2026 SUBARU OUTBACK     3/20/26  JF2BUPDD3TY506075,R5099
2026 Subaru OUTBACKWAGONL,JF2BUPDD0TY506132,506132,"$41,554.00 "," (41,554.00)",506132,2026 SUBARU OUTBACK     3/24/26  JF2BUPDD0TY506132,R5134
2026 Subaru OUTBACKWAGONL,JF2BUPDD2TY506892,506892,"$41,554.00 "," (41,554.00)",506892,2026 SUBARU OUTBACK     3/26/26  JF2BUPDD2TY506892,R5161
2026 Subaru OUTBACKWAGONL,JF2BUPDD2TY506911,506911,"$41,554.00 "," (41,554.00)",506911,2026 SUBARU OUTBACK     3/20/26  JF2BUPDD2TY506911,R5097
2026 Subaru OUTBACKWAGONL,JF2BUPDD2TY507248,507248,"$41,554.00 "," (41,554.00)",507248,2026 SUBARU OUTBACK     3/20/26  JF2BUPDD2TY507248,R5098
,,,," (41,624.00)",477843,2026 SUBARU OUTBACK     1/15/26  JF2BUPDD7TY477843,R4861
2025 GMC Truck GMC TERRN AT,3GKALYEG1TL222915,222915,"$41,627.95 "," (41,627.95)",222915,2026 GMC TERRAIN        8/06/25  3GKALYEG1TL222915,G35085
2025 GMC Truck GMC TERRN AT,3GKALYEG2TL222972,222972,"$41,627.95 "," (41,627.95)",222972,2026 GMC TERRAIN        8/06/25  3GKALYEG2TL222972,G35086
2025 GMC Truck GMC TERRN AT,3GKALYEG8TL234897,234897,"$41,742.55 "," (41,742.55)",234897,2026 GMC TERRAIN        8/28/25  3GKALYEG8TL234897,G35255
2026 Subaru OUTBACKWAGONL,JF2BUPDD0TY507393,507393,"$41,929.00 "," (41,929.00)",507393,2026 SUBARU OUTBACK     3/20/26  JF2BUPDD0TY507393,R5096
2025 GMC Truck GMC TERRN AT,3GKALYEG4TL235755,235755,"$42,202.90 "," (42,202.90)",235755,2026 GMC TERRAIN        8/28/25  3GKALYEG4TL235755,G35256
2025 GMC Truck GMC TERRN AT,3GKALYEG7TL239797,239797,"$42,202.90 "," (42,202.90)",239797,2026 GMC TERRAIN        9/03/25  3GKALYEG7TL239797,G35288
2025 GMC Truck GMC TERRN AT,3GKALYEG2TL310355,310355,"$42,202.90 "," (42,202.90)",310355,2026 GMC TERRAIN       10/23/25  3GKALYEG2TL310355,G35704
2026 GMC Truck GMC CNYN 2WD,1GTP1BEK6T1159072,159072,"$42,538.98 "," (42,538.98)",159072,2026 GMC CANYON        12/01/25  1GTP1BEK6T1159072,G35933
2025 GMC Truck GMC TERRN AT,3GKALYEG4TL225551,225551,"$42,709.75 "," (42,709.75)",225551,"BUENO, ISABELLA ELIZA   8/12/25  3GKALYEG4TL225551",G35107
2025 GMC Truck GMC TERRN DE,3GKALZEG6TL403322,403322,"$43,053.98 "," (43,053.98)",403322,2026 GMC TERRAIN        1/30/26  3GKALZEG6TL403322,G36188
2026 Subaru ASCENTSUVLIMI,4S4WMAGD8T3406409,406409,"$43,223.00 "," (43,223.00)",406409,2026 SUBARU ASCENT      1/29/26  4S4WMAGD8T3406409,R4731
2026 Subaru ASCENTSUVLIMI,4S4WMAGD6T3401516,401516,"$43,264.00 ",,,,
2026 Subaru OUTBACKWAGONL,JF2BURGD9TY484381,484381,"$43,650.00 "," (43,650.00)",484381,2026 SUBARU OUTBACK     2/20/26  JF2BURGD9TY484381,R4994
2026 Subaru OUTBACKWAGONL,JF2BURGDXTY470165,470165,"$43,749.00 "," (43,749.00)",470165,2026 SUBARU OUTBACK     1/22/26  JF2BURGDXTY470165,R4891
2026 Subaru OUTBACKWAGONT,JF2BURJD8TY462560,462560,"$43,817.00 "," (43,817.00)",462560,2026 SUBARU OUTBACK     1/29/26  JF2BURJD8TY462560,R4770
2026 Subaru OUTBACKWAGONL,JF2BURGD1TY503053,503053,"$44,179.00 "," (44,179.00)",503053,2026 SUBARU OUTBACK     3/20/26  JF2BURGD1TY503053,R5100
2026 Subaru OUTBACKWAGONL,JF2BURGD8TY505625,505625,"$44,179.00 "," (44,179.00)",505625,2026 SUBARU OUTBACK     3/26/26  JF2BURGD8TY505625,R5162
2026 Subaru WRX4 DOORTS,JF1VBAZ62T9801998,801998,"$44,238.00 "," (44,238.00)",801998,2026 SUBARU WRX         3/30/26  JF1VBAZ62T9801998,R5181
2026 GMC Truck GMC CNYN 2WD,1GTP1BEK7T1135217,135217,"$44,445.50 "," (44,445.50)",135217,2026 GMC CANYON        10/01/25  1GTP1BEK7T1135217,G35492
2026 Subaru OUTBACKWAGONL,JF2BURGD0TY506431,506431,"$44,554.00 "," (44,554.00)",506431,2026 SUBARU OUTBACK     3/27/26  JF2BURGD0TY506431,R5174
2026 GMC Truck GMC CNYN 2WD,1GTP1BEKXT1157342,157342,"$44,735.85 "," (44,735.85)",157342,2026 GMC CANYON        11/25/25  1GTP1BEKXT1157342,G35896
2026 GMC Truck GMC CNYN 2WD,1GTP1BEK9T1159924,159924,"$44,735.85 "," (44,735.85)",159924,2026 GMC CANYON        11/25/25  1GTP1BEK9T1159924,G35897
2026 GMC Truck GMC CNYN 2WD,1GTP1BEK4T1160527,160527,"$44,735.85 "," (44,735.85)",160527,2026 GMC CANYON        11/25/25  1GTP1BEK4T1160527,G35898
2026 GMC Truck GMC CNYN 2WD,1GTP1BEK4T1167123,167123,"$44,735.85 "," (44,735.85)",167123,2026 GMC CANYON        12/18/25  1GTP1BEK4T1167123,G36067
2025 Subaru ASCENTSUVBRON,4S4WMARD0S3440470,440470,"$44,759.00 "," (44,759.00)",440470,SUBARU LOANER          12/31/25  4S4WMARD0S3440470,R4429
2026 GMC Truck GMC ACAD ELV,1GKENKKSXTJ269885,269885,"$44,911.58 "," (44,911.58)",269885,2026 GMC ACADIA         2/18/26  1GKENKKSXTJ269885,G36318
2026 GMC Truck GMC CNYN 2WD,1GTP1BEK1T1146018,146018,"$44,975.60 "," (44,975.60)",146018,2026 GMC CANYON        10/28/25  1GTP1BEK1T1146018,G35738
2026 GMC Truck GMC CNYN 2WD,1GTP1BEK6T1146094,146094,"$44,975.60 "," (44,975.60)",146094,2026 GMC CANYON        10/28/25  1GTP1BEK6T1146094,G35737
2026 GMC Truck GMC ACAD ELV,1GKENKKS5TJ270300,270300,"$45,050.33 "," (45,050.33)",270300,2026 GMC ACADIA         2/24/26  1GKENKKS5TJ270300,G36339
2026 GMC Truck GMC CNYN 2WD,1GTP1BEK9T1155548,155548,"$45,193.73 "," (45,193.73)",155548,2026 GMC CANYON        11/25/25  1GTP1BEK9T1155548,G35899
2026 GMC Truck GMC CNYN 2WD,1GTP1BEK8T1160661,160661,"$45,193.73 "," (45,193.73)",160661,2026 GMC CANYON        11/25/25  1GTP1BEK8T1160661,G35900
2026 GMC Truck GMC CNYN 2WD,1GTP1BEK1T1160680,160680,"$45,193.73 "," (45,193.73)",160680,2026 GMC CANYON        11/25/25  1GTP1BEK1T1160680,G35901
2026 GMC Truck GMC CNYN 2WD,1GTP1BEK9T1161446,161446,"$45,193.73 "," (45,193.73)",161446,2026 GMC CANYON        12/02/25  1GTP1BEK9T1161446,G35945
2026 GMC Truck GMC CNYN 2WD,1GTP1BEK7T1161459,161459,"$45,193.73 "," (45,193.73)",161459,2026 GMC CANYON        11/25/25  1GTP1BEK7T1161459,G35902
2026 GMC Truck GMC CNYN 2WD,1GTP1BEK6T1162506,162506,"$45,193.73 "," (45,193.73)",162506,2026 GMC CANYON        12/02/25  1GTP1BEK6T1162506,G35943
2026 GMC Truck GMC CNYN 2WD,1GTP1BEK1T1162526,162526,"$45,193.73 "," (45,193.73)",162526,2026 GMC CANYON        12/02/25  1GTP1BEK1T1162526,G35944
2026 GMC Truck GMC CNYN 2WD,1GTP1BEK8T1167738,167738,"$45,193.73 "," (45,193.73)",167738,2026 GMC CANYON        12/18/25  1GTP1BEK8T1167738,G36066
2026 GMC Truck GMC CNYN 2WD,1GTP1BEKXT1168387,168387,"$45,193.73 "," (45,193.73)",168387,2026 GMC CANYON        12/18/25  1GTP1BEKXT1168387,G36073
2026 GMC Truck GMC CNYN 2WD,1GTP1BEK4T1168532,168532,"$45,193.73 "," (45,193.73)",168532,2026 GMC CANYON        12/18/25  1GTP1BEK4T1168532,G36072
2026 Buick BUCK ENVSN S,LRBFZPR49TD022170,022170,"$45,415.25 "," (45,415.25)",022170,2026 BUICK ENVISION     2/06/26  LRBFZPR49TD022170,B36216
2026 Buick BUCK ENVSN S,LRBFZPR46TD022286,022286,"$45,415.25 "," (45,415.25)",022286,2026 BUICK ENVISION     2/06/26  LRBFZPR46TD022286,B36215
2026 Buick BUCK ENVSN S,LRBFZPR46TD024474,024474,"$45,415.25 "," (45,415.25)",024474,2026 BUICK ENVISION     2/05/26  LRBFZPR46TD024474,B36212
2026 GMC Truck GMC CNYN 2WD,1GTP1BEK8T1137574,137574,"$45,417.35 "," (45,417.35)",137574,2026 GMC CANYON        10/01/25  1GTP1BEK8T1137574,G35493
2026 GMC Truck GMC CNYN 2WD,1GTP1BEK6T1141767,141767,"$45,417.35 "," (45,417.35)",141767,2026 GMC CANYON        10/14/25  1GTP1BEK6T1141767,G35632
2026 GMC Truck GMC CNYN 2WD,1GTP1BEK0T1142543,142543,"$45,417.35 "," (45,417.35)",142543,2026 GMC CANYON        10/14/25  1GTP1BEK0T1142543,G35631
2026 GMC Truck GMC CNYN 2WD,1GTP1BEK5T1143574,143574,"$45,417.35 "," (45,417.35)",143574,2026 GMC CANYON        10/14/25  1GTP1BEK5T1143574,G35630
2026 GMC Truck GMC ACAD ELV,1GKENKKS6TJ271536,271536,"$45,466.58 "," (45,466.58)",271536,2026 GMC ACADIA         2/16/26  1GKENKKS6TJ271536,G36301
2026 Buick BUCK ENVSN S,LRBFZPR46TD022210,022210,"$45,873.13 "," (45,873.13)",022210,2026 BUICK ENVISION     2/06/26  LRBFZPR46TD022210,B36213
2026 Buick BUCK ENVSN S,LRBFZPR49TD022234,022234,"$45,873.13 "," (45,873.13)",022234,2026 BUICK ENVISION     2/06/26  LRBFZPR49TD022234,B36214
2026 Buick BUCK ENVSN S,LRBFZPR40TD024440,024440,"$45,873.13 "," (45,873.13)",024440,2026 BUICK ENVISION     2/10/26  LRBFZPR40TD024440,B36246
2026 Buick BUCK ENVSN S,LRBFZPR47TD033619,033619,"$45,873.13 "," (45,873.13)",033619,2026 BUICK ENVISION     3/23/26  LRBFZPR47TD033619,B36540
2026 Buick BUCK ENVSN S,LRBFZPR47TD033636,033636,"$45,873.13 "," (45,873.13)",033636,2026 BUICK ENVISION     3/10/26  LRBFZPR47TD033636,B36411
2026 Buick BUCK ENVSN S,LRBFZPR4XTD033811,033811,"$45,873.13 "," (45,873.13)",033811,2026 BUICK ENVISION     3/10/26  LRBFZPR4XTD033811,B36412
2026 Buick BUCK ENVSN S,LRBFZPR45TD033926,033926,"$45,873.13 "," (45,873.13)",033926,2026 BUICK ENVISION     3/09/26  LRBFZPR45TD033926,B36394
2026 Buick BUCK ENVSN S,LRBFZPR41TD034149,034149,"$45,873.13 "," (45,873.13)",034149,2026 BUICK ENVISION     3/13/26  LRBFZPR41TD034149,B36446
2026 Buick BUCK ENVSN S,LRBFZPR43TD034458,034458,"$45,873.13 "," (45,873.13)",034458,2026 BUICK ENVISION     3/13/26  LRBFZPR43TD034458,B36448
2026 Buick BUCK ENVSN S,LRBFZPR43TD034508,034508,"$45,873.13 "," (45,873.13)",034508,2026 BUICK ENVISION     3/10/26  LRBFZPR43TD034508,B36414
2026 Buick BUCK ENVSN S,LRBFZPR40TD034708,034708,"$45,873.13 "," (45,873.13)",034708,2026 BUICK ENVISION     3/23/26  LRBFZPR40TD034708,B36544
2026 Buick BUCK ENVSN S,LRBFZPR47TD034737,034737,"$45,873.13 "," (45,873.13)",034737,2026 BUICK ENVISION     3/25/26  LRBFZPR47TD034737,B36576
2026 Buick BUCK ENVSN S,LRBFZPR48TD034780,034780,"$45,873.13 "," (45,873.13)",034780,2026 BUICK ENVISION     3/23/26  LRBFZPR48TD034780,B36541
2026 Buick BUCK ENVSN S,LRBFZPR41TD034863,034863,"$45,873.13 "," (45,873.13)",034863,2026 BUICK ENVISION     3/12/26  LRBFZPR41TD034863,B36433
2026 Buick BUCK ENVSN S,LRBFZPR44TD035120,035120,"$45,873.13 "," (45,873.13)",035120,2026 BUICK ENVISION     3/10/26  LRBFZPR44TD035120,B36415
2026 Buick BUCK ENVSN S,LRBFZPR42TD035584,035584,"$45,873.13 "," (45,873.13)",035584,2026 BUICK ENVISION     3/10/26  LRBFZPR42TD035584,B36413
2026 Subaru OUTBACKWAGONW,JF2BURLD7TY502673,502673,"$46,360.00 "," (46,360.00)",502673,2026 SUBARU OUTBACK     3/24/26  JF2BURLD7TY502673,R5136
2026 Subaru ASCENTSUVLIMI,4S4WMAGD9T3411263,411263,"$46,368.00 "," (46,368.00)",411263,2026 SUBARU ASCENT      2/09/26  4S4WMAGD9T3411263,R4935
2026 Buick BUCK ENVSN S,LRBFZPR45TD034199,034199,"$46,428.13 "," (46,428.13)",034199,2026 BUICK ENVISION     3/23/26  LRBFZPR45TD034199,B36542
2026 Buick BUCK ENVSN S,LRBFZPR43TD034329,034329,"$46,428.13 "," (46,428.13)",034329,2026 BUICK ENVISION     3/13/26  LRBFZPR43TD034329,B36447
2026 Buick BUCK ENVSN S,LRBFZPR40TD034434,034434,"$46,428.13 "," (46,428.13)",034434,2026 BUICK ENVISION     3/23/26  LRBFZPR40TD034434,B36543
2026 Buick BUCK ENVSN S,LRBFZPR48TD034696,034696,"$46,428.13 "," (46,428.13)",034696,2026 BUICK ENVISION     3/09/26  LRBFZPR48TD034696,B36405
2026 Buick BUCK ENVSN S,LRBFZPR42TD034712,034712,"$46,428.13 "," (46,428.13)",034712,2026 BUICK ENVISION     3/18/26  LRBFZPR42TD034712,B36484
2026 Buick BUCK ENVSN S,LRBFZPR43TD035366,035366,"$46,428.13 "," (46,428.13)",035366,2026 BUICK ENVISION     3/12/26  LRBFZPR43TD035366,B36434
2025 Subaru ASCENTSUVTOUR,4S4WMAUD7S3435256,435256,"$46,633.00 "," (46,633.00)",435256,SUBARU LOANER          11/28/25  4S4WMAUD7S3435256,R4324
2026 Subaru OUTBACKWAGONW,JF2BURLD0TY507309,507309,"$46,735.00 "," (46,735.00)",507309,2026 SUBARU OUTBACK     3/26/26  JF2BURLD0TY507309,R5165
2026 GMC Truck GMC ACAD ELV,1GKENKKS0TJ181203,181203,"$46,832.85 "," (46,832.85)",181203,2026 GMC ACADIA        10/23/25  1GKENKKS0TJ181203,G35698
2026 GMC Truck GMC ACAD ELV,1GKENKKS8TJ232589,232589,"$47,059.55 "," (47,059.55)",232589,2026 GMC ACADIA        12/17/25  1GKENKKS8TJ232589,G36054
2026 GMC Truck GMC ACAD ELV,1GKENKKS3TJ232645,232645,"$47,059.55 "," (47,059.55)",232645,2026 GMC ACADIA        12/17/25  1GKENKKS3TJ232645,G36055
,,,," (47,080.00)",401516,2026 SUBARU ASCENT     11/19/25  4S4WMAGD6T3401516,R4667
2026 Subaru OUTBACKWAGONT,JF2BURJD9TY500751,500751,"$47,108.00 "," (47,108.00)",500751,2026 SUBARU OUTBACK     3/11/26  JF2BURJD9TY500751,R5069
2026 Subaru OUTBACKWAGONT,JF2BURJD7TY502854,502854,"$47,108.00 "," (47,108.00)",502854,2026 SUBARU OUTBACK     3/26/26  JF2BURJD7TY502854,R5164
2026 Subaru OUTBACKWAGONT,JF2BURJD6TY505633,505633,"$47,108.00 "," (47,108.00)",505633,2026 SUBARU OUTBACK     3/26/26  JF2BURJD6TY505633,R5163
2026 Subaru OUTBACKWAGONT,JF2BURJD3TY507663,507663,"$47,108.00 "," (47,108.00)",507663,HUFFINES SUBARU CORIN   3/18/26  JF2BURJD3TY507663,R5091
2026 Subaru OUTBACKWAGONT,JF2BURJD3TY507680,507680,"$47,108.00 "," (47,108.00)",507680,2026 SUBARU OUTBACK     3/18/26  JF2BURJD3TY507680,R5092
2026 Subaru OUTBACKWAGONT,JF2BURJD8TY508842,508842,"$47,108.00 "," (47,108.00)",508842,"CUSSON, DEBORAH MARIE   3/23/26  JF2BURJD8TY508842",R5130
,,,," (47,108.00)",745568,2026 SUBARU CROSSTREK   3/11/26  4S4GUHD69T3745568,R5060
2026 Subaru ASCENTSUVLIMI,4S4WMAGD1T3408079,408079,"$47,248.00 "," (47,248.00)",408079,2026 SUBARU ASCENT      1/05/26  4S4WMAGD1T3408079,R4796
2026 GMC Truck GMC ACAD ELV,1GKENKKS2TJ256404,256404,"$47,256.45 "," (47,256.45)",256404,2026 GMC ACADIA         1/21/26  1GKENKKS2TJ256404,G36170
2026 GMC Truck GMC ACAD ELV,1GKENKKS5TJ256509,256509,"$47,256.45 "," (47,256.45)",256509,2026 GMC ACADIA         2/02/26  1GKENKKS5TJ256509,G36194
2026 GMC Truck GMC ACAD ELV,1GKENKKS9TJ181507,181507,"$47,293.20 "," (47,293.20)",181507,2026 GMC ACADIA        10/23/25  1GKENKKS9TJ181507,G35699
2026 GMC Truck GMC ACAD ELV,1GKENKKS4TJ186436,186436,"$47,293.20 "," (47,293.20)",186436,2026 GMC ACADIA        10/23/25  1GKENKKS4TJ186436,G35701
2026 Subaru ASCENTSUVLIMI,4S4WMAGD9T3416012,416012,"$47,333.00 "," (47,333.00)",416012,2026 SUBARU ASCENT      3/23/26  4S4WMAGD9T3416012,R5129
2026 Subaru ASCENTSUVLIMI,4S4WMAFD5T3416381,416381,"$47,333.00 "," (47,333.00)",416381,2026 SUBARU ASCENT      3/17/26  4S4WMAFD5T3416381,R5082
2026 Buick BUCK ENCLV P,5GAERAKS4TJ158907,158907,"$47,374.15 "," (47,374.15)",158907,2026 BUICK ENCLAVE      9/18/25  5GAERAKS4TJ158907,B35406
2026 Buick BUCK ENCLV P,5GAERAKS5TJ269045,269045,"$47,434.48 "," (47,434.48)",269045,2026 BUICK ENCLAVE      2/06/26  5GAERAKS5TJ269045,B36225
2026 Buick BUCK ENCLV P,5GAERAKS8TJ310123,310123,"$47,434.48 ",,,,
2026 Buick BUCK ENCLV P,5GAERAKS6TJ312369,312369,"$47,434.48 ",,,,
2025 Subaru ASCENTSUVONYX,4S4WMAWD9S3439709,439709,"$47,576.00 "," (47,576.00)",439709,SUBARU LOANER          11/26/25  4S4WMAWD9S3439709,R4459
2026 Subaru ASCENTSUVLIMI,4S4WMAHD8T3411169,411169,"$47,610.00 "," (47,610.00)",411169,2026 SUBARU ASCENT      2/16/26  4S4WMAHD8T3411169,R4961
2026 GMC Truck GMC ACAD ELV,1GKENKKS0TJ232120,232120,"$47,614.55 "," (47,614.55)",232120,2026 GMC ACADIA        12/12/25  1GKENKKS0TJ232120,G36034
2026 GMC Truck GMC ACAD ELV,1GKENKKS7TJ232194,232194,"$47,614.55 "," (47,614.55)",232194,2026 GMC ACADIA        12/18/25  1GKENKKS7TJ232194,G36074
2025 Subaru ASCENTSUVONYX,4S4WMAWD9S3432467,432467,"$47,623.00 "," (47,623.00)",432467,4S4WMAWD9S3432467,R4215
2026 GMC Truck GMC ACAD ELV,1GKENKKS3TJ254659,254659,"$47,811.45 "," (47,811.45)",254659,2026 GMC ACADIA         1/20/26  1GKENKKS3TJ254659,G36169
2026 GMC Truck GMC ACAD ELV,1GKENKKS5TJ184453,184453,"$47,851.20 "," (47,851.20)",184453,2026 GMC ACADIA        10/17/25  1GKENKKS5TJ184453,G35657
2026 Subaru OUTBACKWAGONW,JF2BURMD4TY508865,508865,"$48,065.00 "," (48,065.00)",508865,"WILLIAMS, ERIN SHELBY   3/26/26  JF2BURMD4TY508865",R5166
2026 Subaru ASCENTSUVLIMI,4S4WMAHD1T3402023,402023,"$48,066.00 "," (48,066.00)",402023,2026 SUBARU ASCENT     11/24/25  4S4WMAHD1T3402023,R4676
2026 GMC Truck GMC ACAD ELV,1GKENKKS1TJ251288,251288,"$48,088.95 "," (48,088.95)",251288,2026 GMC ACADIA         1/20/26  1GKENKKS1TJ251288,G36159
2026 GMC Truck GMC ACAD ELV,1GKENKKS8TJ251563,251563,"$48,088.95 "," (48,088.95)",251563,2026 GMC ACADIA         1/20/26  1GKENKKS8TJ251563,G36161
2026 GMC Truck GMC ACAD ELV,1GKENKKS7TJ251389,251389,"$48,227.70 "," (48,227.70)",251389,2026 GMC ACADIA         1/29/26  1GKENKKS7TJ251389,G36182
2026 Subaru ASCENTSUVLIMI,4S4WMAHD8T3415920,415920,"$48,353.00 "," (48,353.00)",415920,2026 SUBARU ASCENT      3/11/26  4S4WMAHD8T3415920,R5059
2026 GMC Truck GMC ACAD ELV,1GKENKKS3TJ236565,236565,"$48,447.05 "," (48,447.05)",236565,2026 GMC ACADIA        12/22/25  1GKENKKS3TJ236565,G36084
2026 GMC Truck GMC ACAD ELV,1GKENKKS1TJ139283,139283,"$48,594.73 "," (48,594.73)",139283,2026 GMC ACADIA        12/08/25  1GKENKKS1TJ139283,G36004
2026 Buick BUCK ENCLV P,5GAERAKS4TJ165310,165310,"$49,434.10 "," (49,434.10)",165310,2026 BUICK ENCLAVE      9/24/25  5GAERAKS4TJ165310,B35447
2026 Buick BUCK ENCLV P,5GAERAKS0TJ177843,177843,"$49,434.10 "," (49,434.10)",177843,2026 BUICK ENCLAVE     10/15/25  5GAERAKS0TJ177843,B35633
2026 Buick BUCK ENCLV P,5GAERAKS5TJ191432,191432,"$49,434.10 "," (49,434.10)",191432,2026 BUICK ENCLAVE     10/24/25  5GAERAKS5TJ191432,B35717
2026 Buick BUCK ENCLV P,5GAERAKS9TJ277696,277696,"$49,483.35 "," (49,483.35)",277696,2026 BUICK ENCLAVE      3/09/26  5GAERAKS9TJ277696,B36395
2026 Subaru ASCENTSUVTOUR,4S4WMAKD9T3408399,408399,"$50,101.00 "," (50,101.00)",408399,"STAAL, ROZEMARIJN NAT   1/09/26  4S4WMAKD9T3408399",R4836
2026 Subaru ASCENTSUVTOUR,4S4WMAKDXT3408427,408427,"$50,101.00 "," (50,101.00)",408427,2026 SUBARU ASCENT      1/05/26  4S4WMAKDXT3408427,R4797
2026 Subaru ASCENTSUVTOUR,4S4WMAKD8T3409561,409561,"$50,101.00 "," (50,101.00)",409561,2026 SUBARU ASCENT      1/22/26  4S4WMAKD8T3409561,R4889
2026 Subaru ASCENTSUVTOUR,4S4WMAKD1T3412933,412933,"$50,405.00 "," (50,405.00)",412933,2026 SUBARU ASCENT      2/24/26  4S4WMAKD1T3412933,R5002
2026 GMC Truck GMC ACAD ELV,1GKENKKS6TJ244496,244496,"$50,493.95 "," (50,493.95)",244496,2026 GMC ACADIA        12/30/25  1GKENKKS6TJ244496,G36113
2026 GMC Truck GMC ACAD ELV,1GKENKKS6TJ245941,245941,"$50,493.95 "," (50,493.95)",245941,2026 GMC ACADIA        12/29/25  1GKENKKS6TJ245941,G36099
2026 Subaru ASCENTSUVONYX,4S4WMALD5T3411461,411461,"$50,593.00 "," (50,593.00)",411461,2026 SUBARU ASCENT      2/20/26  4S4WMALD5T3411461,R4989
2026 Subaru ASCENTSUVONYX,4S4WMALDXT3413058,413058,"$50,593.00 "," (50,593.00)",413058,DOUGLASS SUBARU         2/24/26  4S4WMALDXT3413058,R5004
2026 Subaru ASCENTSUVONYX,4S4WMALD2T3413118,413118,"$50,593.00 "," (50,593.00)",413118,2026 SUBARU ASCENT      2/24/26  4S4WMALD2T3413118,R5003
2026 Subaru ASCENTSUVONYX,4S4WMALD8T3415620,415620,"$50,593.00 "," (50,593.00)",415620,2026 SUBARU ASCENT      3/06/26  4S4WMALD8T3415620,R5052
2026 Subaru ASCENTSUVONYX,4S4WMALDXT3415635,415635,"$50,593.00 "," (50,593.00)",415635,2026 SUBARU ASCENT      3/06/26  4S4WMALDXT3415635,R5051
2026 Subaru ASCENTSUVONYX,4S4WMALD5T3416028,416028,"$50,593.00 "," (50,593.00)",416028,2026 SUBARU ASCENT      3/06/26  4S4WMALD5T3416028,R5049
2026 Subaru ASCENTSUVONYX,4S4WMALD8T3416850,416850,"$50,593.00 "," (50,593.00)",416850,2026 SUBARU ASCENT      3/25/26  4S4WMALD8T3416850,R5159
2026 GMC Truck GMC SIER 15P,1GTPUAEK8TZ325515,325515,"$50,637.63 "," (50,637.63)",325515,2026 GMC SIERRA 1500    3/27/26  1GTPUAEK8TZ325515,G36620
2026 GMC Truck GMC SIER 15P,1GTPUAEKXTZ325614,325614,"$50,637.63 "," (50,637.63)",325614,2026 GMC SIERRA 1500    3/27/26  1GTPUAEKXTZ325614,G36621
2026 GMC Truck GMC SIER 15P,1GTPUAEK0TZ325749,325749,"$50,637.63 "," (50,637.63)",325749,2026 GMC SIERRA 1500    3/27/26  1GTPUAEK0TZ325749,G36622
2026 GMC Truck GMC ACAD ELV,1GKENKKS8TJ244547,244547,"$51,090.58 "," (51,090.58)",244547,2026 GMC ACADIA        12/30/25  1GKENKKS8TJ244547,G36114
2026 GMC Truck GMC SIER 15P,1GTPUAEKXTZ325192,325192,"$51,095.50 "," (51,095.50)",325192,2026 GMC SIERRA 1500    3/27/26  1GTPUAEKXTZ325192,G36616
2026 GMC Truck GMC SIER 15P,1GTPUAEK3TZ325308,325308,"$51,095.50 "," (51,095.50)",325308,2026 GMC SIERRA 1500    3/26/26  1GTPUAEK3TZ325308,G36584
2026 GMC Truck GMC SIER 15P,1GTPUAEK7TZ325392,325392,"$51,095.50 "," (51,095.50)",325392,2026 GMC SIERRA 1500    3/27/26  1GTPUAEK7TZ325392,G36617
2026 GMC Truck GMC SIER 15P,1GTPUAEK1TZ331706,331706,"$51,095.50 ",,,,
2026 GMC Truck GMC SIER 15P,1GTPUAEK8TZ331802,331802,"$51,095.50 ",,,,
2026 Buick BUCK ENVSN A,LRBFZSR42TD024863,024863,"$51,143.30 "," (51,143.30)",024863,2026 BUICK ENVISION     2/06/26  LRBFZSR42TD024863,B36217
2026 Subaru ASCENTSUVONYX,4S4WMALD9T3402066,402066,"$51,356.00 "," (51,356.00)",402066,2026 SUBARU ASCENT     11/24/25  4S4WMALD9T3402066,R4678
2026 Subaru ASCENTSUVONYX,4S4WMALD5T3402145,402145,"$51,356.00 "," (51,356.00)",402145,2026 SUBARU ASCENT     11/24/25  4S4WMALD5T3402145,R4686
2026 GMC Truck GMC SIER 15E,1GTRUJEK2TZ321727,321727,"$51,376.30 "," (51,376.30)",321727,2026 GMC SIERRA 1500    3/24/26  1GTRUJEK2TZ321727,G36548
2026 GMC Truck GMC SIER 15E,1GTRUJEKXTZ321734,321734,"$51,376.30 "," (51,376.30)",321734,2026 GMC SIERRA 1500    3/24/26  1GTRUJEKXTZ321734,G36549
2026 GMC Truck GMC SIER 15E,1GTRUJEK6TZ321746,321746,"$51,376.30 "," (51,376.30)",321746,2026 GMC SIERRA 1500    3/27/26  1GTRUJEK6TZ321746,G36619
2026 GMC Truck GMC SIER 15E,1GTRUJEK3TZ322630,322630,"$51,376.30 "," (51,376.30)",322630,2026 GMC SIERRA 1500    3/24/26  1GTRUJEK3TZ322630,G36550
2026 Buick BUCK ENCLV S,5GAERBKS7TJ266833,266833,"$51,380.98 "," (51,380.98)",266833,2026 BUICK ENCLAVE      2/23/26  5GAERBKS7TJ266833,B36335
2026 Buick BUCK ENVSN A,LRBFZSR44TD024699,024699,"$51,698.30 "," (51,698.30)",024699,2026 BUICK ENVISION     2/06/26  LRBFZSR44TD024699,B36218
2026 GMC Truck GMC SIER 15E,1GTRUJEKXTZ318915,318915,"$51,834.18 "," (51,834.18)",318915,2026 GMC SIERRA 1500    3/18/26  1GTRUJEKXTZ318915,G36477
2026 GMC Truck GMC SIER 15E,1GTRUJEK3TZ318920,318920,"$51,834.18 "," (51,834.18)",318920,2026 GMC SIERRA 1500    3/20/26  1GTRUJEK3TZ318920,G36506
2026 GMC Truck GMC SIER 15E,1GTRUJEK9TZ318954,318954,"$51,834.18 "," (51,834.18)",318954,2026 GMC SIERRA 1500    3/18/26  1GTRUJEK9TZ318954,G36476
2026 GMC Truck GMC SIER 15E,1GTRUJEK1TZ321668,321668,"$51,834.18 "," (51,834.18)",321668,2026 GMC SIERRA 1500    3/24/26  1GTRUJEK1TZ321668,G36547
2026 GMC Truck GMC SIER 15E,1GTRUJEK1TZ321721,321721,"$51,834.18 "," (51,834.18)",321721,2026 GMC SIERRA 1500    3/26/26  1GTRUJEK1TZ321721,G36583
2026 GMC Truck GMC SIER 15E,1GTRUJEK2TZ321744,321744,"$51,834.18 "," (51,834.18)",321744,2026 GMC SIERRA 1500    3/23/26  1GTRUJEK2TZ321744,G36536
2026 GMC Truck GMC CNYN AT4,1GTP2EEK0T1130228,130228,"$53,153.00 "," (53,153.00)",130228,2026 GMC CANYON        12/08/25  1GTP2EEK0T1130228,G35995
2026 Buick BUCK ENCLV S,5GAERBKS9TJ264758,264758,"$53,429.85 "," (53,429.85)",264758,2026 BUICK ENCLAVE      2/09/26  5GAERBKS9TJ264758,B36226
2026 Buick BUCK ENCLV S,5GAERBKS3TJ196442,196442,"$54,238.10 "," (54,238.10)",196442,2026 BUICK ENCLAVE     10/30/25  5GAERBKS3TJ196442,B35751
2026 GMC Truck GMC ACAD AT4,1GKENPKS4TJ139615,139615,"$54,651.15 "," (54,651.15)",139615,2026 GMC ACADIA        12/08/25  1GKENPKS4TJ139615,G36005
2026 GMC Truck GMC ACAD AT4,1GKENPKS4TJ139663,139663,"$54,651.15 "," (54,651.15)",139663,2026 GMC ACADIA        12/08/25  1GKENPKS4TJ139663,G36006
2026 GMC Truck GMC ACAD AT4,1GKENPKS9TJ180449,180449,"$54,707.05 "," (54,707.05)",180449,2026 GMC ACADIA        10/14/25  1GKENPKS9TJ180449,G35627
2025 GMC Truck GMC SIER 15E,1GTRHCED8SZ287373,287373,"$54,820.05 "," (54,820.05)",287373,2025 GMC SIERRA 1500    5/21/25  1GTRHCED8SZ287373,G34669
2026 GMC Truck GMC SIER 15E,1GTRHCED4TZ233456,233456,"$55,329.50 "," (55,329.50)",233456,2026 GMC SIERRA 1500   11/25/25  1GTRHCED4TZ233456,G35910
2026 Buick BUCK ENCLV S,5GAEVBKS8TJ138984,138984,"$55,344.35 "," (55,344.35)",138984,2026 BUICK ENCLAVE     12/05/25  5GAEVBKS8TJ138984,B35980
2025 GMC Truck GMC HMER EV3,1GT40DDA2SU100365,100365,"$55,441.60 "," (55,441.60)",100365,2025 GMC HUMMER EV PI   3/11/26  1GT40DDA2SU100365,G34045
2026 Buick BUCK ENCLV S,5GAEVBKS6TJ139647,139647,"$55,478.60 "," (55,478.60)",139647,2026 BUICK ENCLAVE     12/05/25  5GAEVBKS6TJ139647,B35981
2026 Buick BUCK ENCLV S,5GAEVBKS8TJ139116,139116,"$55,881.35 "," (55,881.35)",139116,2026 BUICK ENCLAVE     12/16/25  5GAEVBKS8TJ139116,B36052
2024 GMC Truck GMC HMMER EV,1GKB0NDE2RU105483,105483,"$56,337.50 "," (56,337.50)",105483,2024 GMC HUMMER EV SU   3/11/26  1GKB0NDE2RU105483,G33700
2026 GMC Truck GMC SIER 15E,1GTRHCED6TZ182915,182915,"$56,856.85 "," (56,856.85)",182915,2026 GMC SIERRA 1500   10/06/25  1GTRHCED6TZ182915,G35551
2026 GMC Truck GMC SIER 15E,1GTRHCED3TZ183830,183830,"$56,856.85 "," (56,856.85)",183830,2026 GMC SIERRA 1500   10/06/25  1GTRHCED3TZ183830,G35552
2026 GMC Truck GMC SIER 15E,1GTRHCED6TZ180386,180386,"$57,317.20 "," (57,317.20)",180386,2026 GMC SIERRA 1500   10/06/25  1GTRHCED6TZ180386,G35537
2026 GMC Truck GMC SIER 15E,1GTRHCED0TZ182778,182778,"$57,317.20 "," (57,317.20)",182778,2026 GMC SIERRA 1500   10/06/25  1GTRHCED0TZ182778,G35578
2026 GMC Truck GMC SIER 15E,1GTPHCEDXTZ301444,301444,"$57,776.18 "," (57,776.18)",301444,2026 GMC SIERRA 1500    3/09/26  1GTPHCEDXTZ301444,G36387
2026 GMC Truck GMC SIER 15E,1GTRHCED4TZ302050,302050,"$57,966.88 ",,,,
2026 GMC Truck GMC ACAD DEN,1GKENLKS1TJ139130,139130,"$59,006.23 "," (59,006.23)",139130,2026 GMC ACADIA        12/08/25  1GKENLKS1TJ139130,G36007
2024 GMC Truck GMC SIER EV,1GT401ELXRU401510,401510,"$59,697.00 "," (59,697.00)",401510,2024 GMC SIERRA EV      3/11/26  1GT401ELXRU401510,G33852
2026 GMC Truck GMC SIER 15E,1GTPHCED3TZ162127,162127,"$60,113.40 "," (60,113.40)",162127,2026 GMC SIERRA 1500    9/12/25  1GTPHCED3TZ162127,G35375
2026 GMC Truck GMC SIER 15E,1GTPHCEDXTZ162190,162190,"$60,113.40 "," (60,113.40)",162190,2026 GMC SIERRA 1500    9/15/25  1GTPHCEDXTZ162190,G35386
2026 GMC Truck GMC SIER 15E,1GTPHCED3TZ204022,204022,"$60,187.80 "," (60,187.80)",204022,"ST CLAIR, KYLE DAVID   10/30/25  1GTPHCED3TZ204022",G35758
2026 GMC Truck GMC SIER 15E,1GTPHCED0TZ204043,204043,"$60,187.80 "," (60,187.80)",204043,2026 GMC SIERRA 1500   10/23/25  1GTPHCED0TZ204043,G35669
2026 GMC Truck GMC SIER 15E,3GTPHCEDXTG294821,294821,"$60,204.30 "," (60,204.30)",294821,2026 GMC SIERRA 1500    3/26/26  3GTPHCEDXTG294821,G36587
2026 GMC Truck GMC SIER 15E,3GTPHCED8TG294882,294882,"$60,204.30 "," (60,204.30)",294882,2026 GMC SIERRA 1500    3/30/26  3GTPHCED8TG294882,G36637
2026 GMC Truck GMC SIER 15E,3GTPHCED0TG295136,295136,"$60,204.30 ",,,,
2026 GMC Truck GMC SIER 15E,3GTPHCED9TG301807,301807,"$60,204.30 "," (60,204.30)",301807,2026 GMC SIERRA 1500    3/23/26  3GTPHCED9TG301807,G36533
2026 GMC Truck GMC SIER 15E,3GTPHCED3TG302757,302757,"$60,204.30 "," (60,204.30)",302757,2026 GMC SIERRA 1500    3/26/26  3GTPHCED3TG302757,G36599
2026 GMC Truck GMC SIER 15E,3GTPHCED0TG302814,302814,"$60,204.30 "," (60,204.30)",302814,2026 GMC SIERRA 1500    3/24/26  3GTPHCED0TG302814,G36566
2026 GMC Truck GMC SIER 15E,3GTPHCED8TG303144,303144,"$60,204.30 "," (60,204.30)",303144,2026 GMC SIERRA 1500    3/30/26  3GTPHCED8TG303144,G36634
2026 GMC Truck GMC SIER 15E,3GTPHCED8TG303208,303208,"$60,204.30 "," (60,204.30)",303208,2026 GMC SIERRA 1500    3/25/26  3GTPHCED8TG303208,G36574
2026 GMC Truck GMC SIER 15E,1GTPHCED8TZ159417,159417,"$60,573.75 "," (60,573.75)",159417,2026 GMC SIERRA 1500   10/01/25  1GTPHCED8TZ159417,G35473
2026 GMC Truck GMC SIER 15E,1GTPHCED3TZ141942,141942,"$60,610.95 "," (60,610.95)",141942,2026 GMC SIERRA 1500    8/21/25  1GTPHCED3TZ141942,G35179
2026 GMC Truck GMC SIER 15E,1GTPHCED6TZ141966,141966,"$60,610.95 "," (60,610.95)",141966,2026 GMC SIERRA 1500    8/21/25  1GTPHCED6TZ141966,G35180
2026 GMC Truck GMC SIER 15E,1GTPHCED1TZ142376,142376,"$60,610.95 "," (60,610.95)",142376,2026 GMC SIERRA 1500    8/28/25  1GTPHCED1TZ142376,G35245
2026 GMC Truck GMC SIER 15E,1GTPHCED3TZ142377,142377,"$60,610.95 "," (60,610.95)",142377,2026 GMC SIERRA 1500    8/28/25  1GTPHCED3TZ142377,G35246
2026 GMC Truck GMC SIER 15E,1GTPHCEDXTZ142411,142411,"$60,610.95 "," (60,610.95)",142411,2026 GMC SIERRA 1500    8/21/25  1GTPHCEDXTZ142411,G35169
2026 GMC Truck GMC SIER 15E,1GTPHCED0TZ142501,142501,"$60,610.95 "," (60,610.95)",142501,2026 GMC SIERRA 1500    8/28/25  1GTPHCED0TZ142501,G35247
2026 GMC Truck GMC SIER 15E,1GTPHCEDXTZ169060,169060,"$60,610.95 "," (60,610.95)",169060,2026 GMC SIERRA 1500    9/22/25  1GTPHCEDXTZ169060,G35434
2026 GMC Truck GMC SIER 15E,1GTPHCED9TZ169230,169230,"$60,610.95 "," (60,610.95)",169230,2026 GMC SIERRA 1500    9/19/25  1GTPHCED9TZ169230,G35411
2026 GMC Truck GMC SIER 15E,1GTPHCED9TZ170751,170751,"$60,610.95 "," (60,610.95)",170751,2026 GMC SIERRA 1500    9/22/25  1GTPHCED9TZ170751,G35435
2026 GMC Truck GMC SIER 15E,1GTPHCED8TZ170837,170837,"$60,610.95 "," (60,610.95)",170837,2026 GMC SIERRA 1500    9/22/25  1GTPHCED8TZ170837,G35436
2026 GMC Truck GMC SIER 15E,1GTPHCED4TZ176280,176280,"$60,610.95 "," (60,610.95)",176280,2026 GMC SIERRA 1500   10/06/25  1GTPHCED4TZ176280,G35542
2026 GMC Truck GMC SIER 15E,1GTPHCED3TZ176318,176318,"$60,610.95 "," (60,610.95)",176318,2026 GMC SIERRA 1500   10/06/25  1GTPHCED3TZ176318,G35543
2026 GMC Truck GMC SIER 15E,1GTPHCED4TZ176344,176344,"$60,610.95 "," (60,610.95)",176344,2026 GMC SIERRA 1500   10/06/25  1GTPHCED4TZ176344,G35544
2026 GMC Truck GMC SIER 15E,1GTPHCED9TZ176405,176405,"$60,610.95 "," (60,610.95)",176405,2026 GMC SIERRA 1500   10/01/25  1GTPHCED9TZ176405,G35486
2026 GMC Truck GMC SIER 15E,1GTPHCED6TZ176409,176409,"$60,610.95 "," (60,610.95)",176409,2026 GMC SIERRA 1500   10/01/25  1GTPHCED6TZ176409,G35487
2026 GMC Truck GMC SIER 15E,1GTPHCED1TZ176494,176494,"$60,610.95 "," (60,610.95)",176494,2026 GMC SIERRA 1500   10/01/25  1GTPHCED1TZ176494,G35488
2026 GMC Truck GMC SIER 15E,1GTPHCED1TZ176835,176835,"$60,610.95 "," (60,610.95)",176835,2026 GMC SIERRA 1500   10/08/25  1GTPHCED1TZ176835,G35601
2026 GMC Truck GMC SIER 15E,3GTPHCED0TG294827,294827,"$60,662.18 "," (60,662.18)",294827,2026 GMC SIERRA 1500    3/27/26  3GTPHCED0TG294827,G36625
2026 GMC Truck GMC SIER 15E,3GTPHCED4TG294944,294944,"$60,662.18 "," (60,662.18)",294944,2026 GMC SIERRA 1500    3/12/26  3GTPHCED4TG294944,G36436
2026 GMC Truck GMC SIER 15E,3GTPHCED5TG294953,294953,"$60,662.18 "," (60,662.18)",294953,2026 GMC SIERRA 1500    3/30/26  3GTPHCED5TG294953,G36632
2026 GMC Truck GMC SIER 15E,3GTPHCED6TG295013,295013,"$60,662.18 "," (60,662.18)",295013,2026 GMC SIERRA 1500    3/23/26  3GTPHCED6TG295013,G36526
2026 GMC Truck GMC SIER 15E,3GTPHCED5TG295018,295018,"$60,662.18 "," (60,662.18)",295018,2026 GMC SIERRA 1500    3/26/26  3GTPHCED5TG295018,G36585
2026 GMC Truck GMC SIER 15E,3GTPHCED5TG295021,295021,"$60,662.18 "," (60,662.18)",295021,2026 GMC SIERRA 1500    3/26/26  3GTPHCED5TG295021,G36602
2026 GMC Truck GMC SIER 15E,3GTPHCED3TG295132,295132,"$60,662.18 "," (60,662.18)",295132,2026 GMC SIERRA 1500    3/26/26  3GTPHCED3TG295132,G36586
2026 GMC Truck GMC SIER 15E,3GTPHCED0TG302117,302117,"$60,662.18 "," (60,662.18)",302117,2026 GMC SIERRA 1500    3/18/26  3GTPHCED0TG302117,G36491
2026 GMC Truck GMC SIER 15E,3GTPHCED4TG302749,302749,"$60,662.18 "," (60,662.18)",302749,2026 GMC SIERRA 1500    3/23/26  3GTPHCED4TG302749,G36527
2026 GMC Truck GMC SIER 15E,3GTPHCED7TG302888,302888,"$60,662.18 "," (60,662.18)",302888,"GONZALES JR, EUGENE     3/18/26  3GTPHCED7TG302888",G36490
2026 GMC Truck GMC SIER 15E,3GTPHCED2TG303043,303043,"$60,662.18 ",,,,
2026 GMC Truck GMC SIER 15E,3GTPHCED7TG303362,303362,"$60,662.18 "," (60,662.18)",303362,2026 GMC SIERRA 1500    3/24/26  3GTPHCED7TG303362,G36562
2026 GMC Truck GMC SIER 15E,3GTPHCED5TG303375,303375,"$60,662.18 "," (60,662.18)",303375,2026 GMC SIERRA 1500    3/26/26  3GTPHCED5TG303375,G36604
2026 GMC Truck GMC SIER 15E,3GTPHCED2TG303639,303639,"$60,662.18 "," (60,662.18)",303639,2026 GMC SIERRA 1500    3/26/26  3GTPHCED2TG303639,G36603
2026 GMC Truck GMC SIER 15E,3GTPHCED1TG303714,303714,"$60,662.18 "," (60,662.18)",303714,2026 GMC SIERRA 1500    3/23/26  3GTPHCED1TG303714,G36523
2026 GMC Truck GMC SIER 15E,3GTPHCED7TG303815,303815,"$60,662.18 "," (60,662.18)",303815,2026 GMC SIERRA 1500    3/24/26  3GTPHCED7TG303815,G36556
2026 GMC Truck GMC SIER 15E,3GTPHCED0TG303817,303817,"$60,662.18 "," (60,662.18)",303817,2026 GMC SIERRA 1500    3/24/26  3GTPHCED0TG303817,G36565
2026 GMC Truck GMC SIER 15E,3GTPHCE85TG302875,302875,"$60,939.68 "," (60,939.68)",302875,2026 GMC SIERRA 1500    3/20/26  3GTPHCE85TG302875,G36507
2026 GMC Truck GMC SIER 15E,3GTPHCE81TG302968,302968,"$60,939.68 "," (60,939.68)",302968,2026 GMC SIERRA 1500    3/26/26  3GTPHCE81TG302968,G36589
2026 GMC Truck GMC SIER 15E,3GTPHCE84TG303225,303225,"$60,939.68 "," (60,939.68)",303225,2026 GMC SIERRA 1500    3/24/26  3GTPHCE84TG303225,G36558
2026 GMC Truck GMC SIER 15E,3GTPHCE8XTG303357,303357,"$60,939.68 ",,,,
2026 GMC Truck GMC SIER 15E,3GTPHCE87TG303462,303462,"$60,939.68 "," (60,939.68)",303462,2026 GMC SIERRA 1500    3/24/26  3GTPHCE87TG303462,G36559
2026 GMC Truck GMC SIER 15E,3GTPHCED7TG109432,109432,"$61,024.80 "," (61,024.80)",109432,2026 GMC SIERRA 1500    8/12/25  3GTPHCED7TG109432,G35110
2026 GMC Truck GMC SIER 15E,3GTPHCED0TG109496,109496,"$61,024.80 "," (61,024.80)",109496,2026 GMC SIERRA 1500    8/12/25  3GTPHCED0TG109496,G35111
2026 GMC Truck GMC SIER 15E,1GTPHCED1TZ131491,131491,"$61,024.80 "," (61,024.80)",131491,2026 GMC SIERRA 1500    8/16/25  1GTPHCED1TZ131491,G35132
2026 GMC Truck GMC SIER 15E,1GTPHCED8TZ138888,138888,"$61,071.30 "," (61,071.30)",138888,2026 GMC SIERRA 1500    8/19/25  1GTPHCED8TZ138888,G35147
2026 GMC Truck GMC SIER 15E,1GTPHCED1TZ139025,139025,"$61,071.30 "," (61,071.30)",139025,2026 GMC SIERRA 1500    8/19/25  1GTPHCED1TZ139025,G35148
2026 GMC Truck GMC SIER 15E,1GTPHCED6TZ139067,139067,"$61,071.30 "," (61,071.30)",139067,2026 GMC SIERRA 1500    8/19/25  1GTPHCED6TZ139067,G35149
2026 GMC Truck GMC SIER 15E,1GTPHCED4TZ141917,141917,"$61,071.30 "," (61,071.30)",141917,2026 GMC SIERRA 1500    8/21/25  1GTPHCED4TZ141917,G35177
2026 GMC Truck GMC SIER 15E,1GTPHCED6TZ141949,141949,"$61,071.30 "," (61,071.30)",141949,2026 GMC SIERRA 1500    8/28/25  1GTPHCED6TZ141949,G35234
2026 GMC Truck GMC SIER 15E,1GTPHCED7TZ141989,141989,"$61,071.30 "," (61,071.30)",141989,2026 GMC SIERRA 1500    8/28/25  1GTPHCED7TZ141989,G35236
2026 GMC Truck GMC SIER 15E,1GTPHCED2TZ164306,164306,"$61,071.30 "," (61,071.30)",164306,2026 GMC SIERRA 1500    9/22/25  1GTPHCED2TZ164306,G35428
2026 GMC Truck GMC SIER 15E,1GTPHCED9TZ164545,164545,"$61,071.30 "," (61,071.30)",164545,2026 GMC SIERRA 1500    9/23/25  1GTPHCED9TZ164545,G35442
2026 GMC Truck GMC SIER 15E,1GTPHCED3TZ165450,165450,"$61,071.30 "," (61,071.30)",165450,2026 GMC SIERRA 1500    9/18/25  1GTPHCED3TZ165450,G35396
2026 GMC Truck GMC SIER 15E,1GTPHCED3TZ166212,166212,"$61,071.30 "," (61,071.30)",166212,2026 GMC SIERRA 1500   10/01/25  1GTPHCED3TZ166212,G35476
2026 GMC Truck GMC SIER 15E,1GTPHCED5TZ168947,168947,"$61,071.30 "," (61,071.30)",168947,2026 GMC SIERRA 1500    9/22/25  1GTPHCED5TZ168947,G35430
2026 GMC Truck GMC SIER 15E,1GTPHCED6TZ169038,169038,"$61,071.30 "," (61,071.30)",169038,2026 GMC SIERRA 1500    9/22/25  1GTPHCED6TZ169038,G35431
2026 GMC Truck GMC SIER 15E,1GTPHCED9TZ172872,172872,"$61,071.30 "," (61,071.30)",172872,2026 GMC SIERRA 1500   10/01/25  1GTPHCED9TZ172872,G35480
2026 GMC Truck GMC SIER 15E,1GTPHCED2TZ173135,173135,"$61,071.30 "," (61,071.30)",173135,2026 GMC SIERRA 1500    9/26/25  1GTPHCED2TZ173135,G35459
2026 GMC Truck GMC SIER 15E,1GTPHCED0TZ173585,173585,"$61,071.30 "," (61,071.30)",173585,2026 GMC SIERRA 1500    9/26/25  1GTPHCED0TZ173585,G35461
2026 GMC Truck GMC SIER 15E,1GTPHCED7TZ173941,173941,"$61,071.30 "," (61,071.30)",173941,2026 GMC SIERRA 1500   10/01/25  1GTPHCED7TZ173941,G35477
2026 GMC Truck GMC SIER 15E,1GTPHCED7TZ173969,173969,"$61,071.30 "," (61,071.30)",173969,2026 GMC SIERRA 1500   10/01/25  1GTPHCED7TZ173969,G35478
2026 GMC Truck GMC SIER 15E,1GTPHCED0TZ176096,176096,"$61,071.30 "," (61,071.30)",176096,2026 GMC SIERRA 1500   10/06/25  1GTPHCED0TZ176096,G35567
2026 GMC Truck GMC SIER 15E,1GTPHCED4TZ176425,176425,"$61,071.30 "," (61,071.30)",176425,2026 GMC SIERRA 1500   10/06/25  1GTPHCED4TZ176425,G35570
2026 GMC Truck GMC SIER 15E,3GTPHCEDXTG316817,316817,"$61,073.80 "," (61,073.80)",316817,2026 GMC SIERRA 1500    3/31/26  3GTPHCEDXTG316817,G36647
2026 GMC Truck GMC SIER 15E,3GTPHCED5TG316823,316823,"$61,073.80 "," (61,073.80)",316823,2026 GMC SIERRA 1500    3/30/26  3GTPHCED5TG316823,G36635
2026 GMC Truck GMC SIER 15E,3GTPHCED1TG317080,317080,"$61,073.80 ",,,,
2026 GMC Truck GMC SIER 15E,3GTPHCED5TG317082,317082,"$61,073.80 "," (61,073.80)",317082,2026 GMC SIERRA 1500    3/31/26  3GTPHCED5TG317082,G36646
2026 GMC Truck GMC SIER 15E,1GTPHCED8TZ278147,278147,"$61,110.80 "," (61,110.80)",278147,2026 GMC SIERRA 1500    2/06/26  1GTPHCED8TZ278147,G36222
2026 GMC Truck GMC SIER 15E,1GTPHCED5TZ278493,278493,"$61,110.80 "," (61,110.80)",278493,2026 GMC SIERRA 1500    2/24/26  1GTPHCED5TZ278493,G36342
2026 GMC Truck GMC SIER 15E,3GTPHCE82TG302803,302803,"$61,397.55 ",,,,
2026 GMC Truck GMC SIER 15E,3GTPHCE80TG302895,302895,"$61,397.55 "," (61,397.55)",302895,2026 GMC SIERRA 1500    3/24/26  3GTPHCE80TG302895,G36561
2026 GMC Truck GMC SIER 15E,3GTPHCE85TG303508,303508,"$61,397.55 ",,,,
2026 GMC Truck GMC SIER 15E,3GTPHCE80TG303528,303528,"$61,397.55 "," (61,397.55)",303528,2026 GMC SIERRA 1500    3/26/26  3GTPHCE80TG303528,G36600
2026 GMC Truck GMC SIER 15E,3GTPHCE87TG303607,303607,"$61,397.55 "," (61,397.55)",303607,2026 GMC SIERRA 1500    3/31/26  3GTPHCE87TG303607,G36643
2026 GMC Truck GMC SIER 15E,3GTPHCE84TG303614,303614,"$61,397.55 "," (61,397.55)",303614,2026 GMC SIERRA 1500    3/24/26  3GTPHCE84TG303614,G36553
2026 GMC Truck GMC SIER 15E,3GTPHCE86TG303646,303646,"$61,397.55 "," (61,397.55)",303646,2026 GMC SIERRA 1500    3/24/26  3GTPHCE86TG303646,G36554
2026 GMC Truck GMC SIER 15E,3GTPHCE83TG303653,303653,"$61,397.55 "," (61,397.55)",303653,2026 GMC SIERRA 1500    3/26/26  3GTPHCE83TG303653,G36605
2026 GMC Truck GMC SIER 15E,3GTPHCE80TG303805,303805,"$61,397.55 "," (61,397.55)",303805,2026 GMC SIERRA 1500    3/24/26  3GTPHCE80TG303805,G36555
2026 GMC Truck GMC SIER 15E,1GTPHCED5TZ274721,274721,"$61,568.68 "," (61,568.68)",274721,2026 GMC SIERRA 1500    2/11/26  1GTPHCED5TZ274721,G36252
2026 GMC Truck GMC SIER 15E,1GTPHCED4TZ278162,278162,"$61,568.68 "," (61,568.68)",278162,2026 GMC SIERRA 1500    2/09/26  1GTPHCED4TZ278162,G36236
2026 Buick BUCK ENCLV A,5GAERCKS9TJ311146,311146,"$62,943.88 ",,,,
2026 Buick BUCK ENCLV A,5GAERCKS8TJ312031,312031,"$62,943.88 ",,,,
2026 GMC Truck GMC SIER EV,1GT1ESEH4TU405212,405212,"$63,059.80 "," (63,059.80)",405212,2026 GMC SIERRA EV      8/18/25  1GT1ESEH4TU405212,G35140
2026 Buick BUCK ENCLV A,5GAERCKS1TJ303381,303381,"$63,498.88 "," (63,498.88)",303381,2026 BUICK ENCLAVE      3/25/26  5GAERCKS1TJ303381,B36577
2026 GMC Truck GMC SIER EV,1GT1ESEH9TU405206,405206,"$63,543.42 "," (63,543.42)",405206,2026 GMC SIERRA EV      8/18/25  1GT1ESEH9TU405206,G35141
2026 GMC Truck GMC SIER EV,1GT1ESEH2TU405211,405211,"$63,543.42 "," (63,543.42)",405211,"HARCUS, STEPHEN MCKAY   9/09/25  1GT1ESEH2TU405211",G35322
2026 GMC Truck GMC SIER 15E,1GTUUCED5TZ162242,162242,"$63,889.20 "," (63,889.20)",162242,2026 GMC SIERRA 1500    9/12/25  1GTUUCED5TZ162242,G35376
2026 GMC Truck GMC SIER 15E,1GTUUCED8TZ162347,162347,"$63,889.20 "," (63,889.20)",162347,2026 GMC SIERRA 1500    9/15/25  1GTUUCED8TZ162347,G35388
2026 GMC Truck GMC SIER 15E,1GTUUCED9TZ162535,162535,"$63,889.20 "," (63,889.20)",162535,2026 GMC SIERRA 1500    9/15/25  1GTUUCED9TZ162535,G35389
2026 GMC Truck GMC SIER 15E,3GTUUCED8TG294315,294315,"$63,960.35 "," (63,960.35)",294315,2026 GMC SIERRA 1500    3/18/26  3GTUUCED8TG294315,G36492
2026 GMC Truck GMC SIER 15E,3GTUUCED2TG294410,294410,"$63,960.35 "," (63,960.35)",294410,2026 GMC SIERRA 1500    3/30/26  3GTUUCED2TG294410,G36633
2026 GMC Truck GMC SIER 15E,3GTUUCED8TG294802,294802,"$63,960.35 "," (63,960.35)",294802,2026 GMC SIERRA 1500    3/31/26  3GTUUCED8TG294802,G36648
2026 GMC Truck GMC SIER 15E,3GTUUCED7TG294886,294886,"$63,960.35 "," (63,960.35)",294886,"LIPPERT, SCOTT WESLEY   3/24/26  3GTUUCED7TG294886",G36557
2026 GMC Truck GMC SIER 15E,3GTUUCED1TG294947,294947,"$63,960.35 "," (63,960.35)",294947,2026 GMC SIERRA 1500    3/26/26  3GTUUCED1TG294947,G36588
2026 GMC Truck GMC SIER 15E,1GTUUCED2TZ204186,204186,"$64,000.80 "," (64,000.80)",204186,2026 GMC SIERRA 1500   10/30/25  1GTUUCED2TZ204186,G35760
2026 GMC Truck GMC SIER 15E,1GTUUCED6TZ198490,198490,"$64,191.45 "," (64,191.45)",198490,2026 GMC SIERRA 1500   10/23/25  1GTUUCED6TZ198490,G35667
2026 GMC Truck GMC SIER 15E,1GTUUCED8TZ198605,198605,"$64,191.45 "," (64,191.45)",198605,"COSTILLA, BRANDON OMA  11/14/25  1GTUUCED8TZ198605",G35843
2026 GMC Truck GMC SIER 15E,1GTUUCED1TZ143414,143414,"$64,386.75 "," (64,386.75)",143414,2026 GMC SIERRA 1500    8/30/25  1GTUUCED1TZ143414,G35268
2026 GMC Truck GMC SIER 15E,1GTUUCED9TZ143421,143421,"$64,386.75 "," (64,386.75)",143421,2026 GMC SIERRA 1500    8/28/25  1GTUUCED9TZ143421,G35248
2026 GMC Truck GMC SIER 15E,1GTUUCED5TZ143450,143450,"$64,386.75 "," (64,386.75)",143450,2026 GMC SIERRA 1500    8/28/25  1GTUUCED5TZ143450,G35249
2026 GMC Truck GMC SIER 15E,1GTUUCED4TZ143553,143553,"$64,386.75 "," (64,386.75)",143553,2026 GMC SIERRA 1500    9/02/25  1GTUUCED4TZ143553,G35279
2026 GMC Truck GMC SIER 15E,1GTUUCED0TZ143565,143565,"$64,386.75 "," (64,386.75)",143565,2026 GMC SIERRA 1500    8/28/25  1GTUUCED0TZ143565,G35250
2026 GMC Truck GMC SIER 15E,1GTUUCED3TZ143849,143849,"$64,386.75 "," (64,386.75)",143849,2026 GMC SIERRA 1500    9/02/25  1GTUUCED3TZ143849,G35280
2026 GMC Truck GMC SIER 15E,1GTUUCED2TZ152042,152042,"$64,386.75 "," (64,386.75)",152042,"DAVIS, RICHARD EUGENE   9/03/25  1GTUUCED2TZ152042",G35293
2026 GMC Truck GMC SIER 15E,1GTUUCED9TZ166892,166892,"$64,386.75 "," (64,386.75)",166892,"GALVAN, NORMA LETICIA   9/19/25  1GTUUCED9TZ166892",G35410
2026 GMC Truck GMC SIER 15E,1GTUUCED8TZ176653,176653,"$64,386.75 "," (64,386.75)",176653,2026 GMC SIERRA 1500   10/14/25  1GTUUCED8TZ176653,G35624
2026 GMC Truck GMC SIER 15E,1GTUUCED7TZ176708,176708,"$64,386.75 "," (64,386.75)",176708,2026 GMC SIERRA 1500   10/06/25  1GTUUCED7TZ176708,G35547
2026 GMC Truck GMC SIER 15E,1GTUUCED8TZ176748,176748,"$64,386.75 "," (64,386.75)",176748,2026 GMC SIERRA 1500   10/01/25  1GTUUCED8TZ176748,G35490
2026 GMC Truck GMC SIER 15E,3GTUUCED0TG294955,294955,"$64,418.23 ",,,,
2026 GMC Truck GMC SIER 15E,3GTUUCED8TG294959,294959,"$64,418.23 "," (64,418.23)",294959,"BUSHKO, AARON ROBERT    3/26/26  3GTUUCED8TG294959",G36581
2026 GMC Truck GMC SIER 15E,3GTUUCED8TG295139,295139,"$64,418.23 "," (64,418.23)",295139,2026 GMC SIERRA 1500    3/26/26  3GTUUCED8TG295139,G36601
2026 GMC Truck GMC SIER 15E,3GTUUCEDXTG295143,295143,"$64,418.23 "," (64,418.23)",295143,2026 GMC SIERRA 1500    3/26/26  3GTUUCEDXTG295143,G36590
2026 GMC Truck GMC SIER 15E,3GTUUCED7TG295147,295147,"$64,418.23 "," (64,418.23)",295147,2026 GMC SIERRA 1500    3/26/26  3GTUUCED7TG295147,G36582
2026 GMC Truck GMC SIER 15L,3GTUUDEDXTG300976,300976,"$64,537.20 "," (64,537.20)",300976,2026 GMC SIERRA 1500    3/30/26  3GTUUDEDXTG300976,G36639
2026 GMC Truck GMC SIER 15E,1GTUUCED1TZ139864,139864,"$64,847.10 "," (64,847.10)",139864,2026 GMC SIERRA 1500    8/21/25  1GTUUCED1TZ139864,G35171
2026 GMC Truck GMC SIER 15E,1GTUUCED7TZ146270,146270,"$64,847.10 "," (64,847.10)",146270,2026 GMC SIERRA 1500    9/02/25  1GTUUCED7TZ146270,G35276
2026 GMC Truck GMC SIER 15E,1GTUUCED5TZ164900,164900,"$64,847.10 "," (64,847.10)",164900,2026 GMC SIERRA 1500    9/19/25  1GTUUCED5TZ164900,G35409
2026 GMC Truck GMC SIER 15E,1GTUUCED7TZ309127,309127,"$64,866.85 "," (64,866.85)",309127,2026 GMC SIERRA 1500    3/12/26  1GTUUCED7TZ309127,G36437
2026 GMC Truck GMC SIER 15E,3GTUUCE86TG317478,317478,"$65,107.35 "," (65,107.35)",317478,2026 GMC SIERRA 1500    3/30/26  3GTUUCE86TG317478,G36638
2026 GMC Truck GMC SIER 15E,3GTUUCE81TG317484,317484,"$65,107.35 ",,,,
2026 GMC Truck GMC SIER 15E,3GTUUCE80TG317489,317489,"$65,107.35 "," (65,107.35)",317489,"BRIGGS, JACOB DANIEL    3/30/26  3GTUUCE80TG317489",G36636
2026 GMC Truck GMC SIER 15E,3GTUUCE83TG317681,317681,"$65,107.35 ",,,,
2026 GMC Truck GMC SIER 15E,3GTUUCE89TG317684,317684,"$65,107.35 ",,,,
2026 GMC Truck GMC SIER 15E,3GTUUCED4TG317086,317086,"$65,292.35 ",,,,
2026 GMC Truck GMC SIER 15E,3GTUUCED6TG317087,317087,"$65,292.35 "," (65,292.35)",317087,2026 GMC SIERRA 1500    3/31/26  3GTUUCED6TG317087,G36644
2026 GMC Truck GMC SIER 15E,3GTUUCEDXTG317089,317089,"$65,292.35 ",,,,
2026 GMC Truck GMC SIER 15E,3GTUUCED8TG317091,317091,"$65,292.35 ",,,,
2026 GMC Truck GMC SIER 15E,1GTUUCE84TZ284450,284450,"$65,565.23 "," (65,565.23)",284450,2026 GMC SIERRA 1500    2/24/26  1GTUUCE84TZ284450,G36340
2026 GMC Truck GMC SIER 15E,3GTUUCE89TG318088,318088,"$65,565.23 ",,,,
2026 GMC Truck GMC SIER 15E,3GTUUCE87TG318090,318090,"$65,565.23 ",,,,
2026 GMC Truck GMC SIER 15E,3GTUUCE82TG318093,318093,"$65,565.23 ",,,,
2026 GMC Truck GMC SIER 15E,3GTUUCE86TG318095,318095,"$65,565.23 ",,,,
2026 GMC Truck GMC SIER 15E,3GTUUCE8XTG318097,318097,"$65,565.23 ",,,,
2026 GMC Truck GMC SIER 15E,3GTUUCE86TG318100,318100,"$65,565.23 ",,,,
2026 GMC Truck GMC SIER 15E,3GTUUCE8XTG318102,318102,"$65,565.23 ",,,,
2026 GMC Truck GMC SIER 15E,3GTUUCE83TG318104,318104,"$65,565.23 ",,,,
2026 GMC Truck GMC SIER 15E,3GTUUCE82TG318109,318109,"$65,565.23 "," (65,565.23)",318109,2026 GMC SIERRA 1500    3/31/26  3GTUUCE82TG318109,G36645
2026 GMC Truck GMC SIER EV,1GT1ETED9TU409825,409825,"$65,951.94 "," (65,951.94)",409825,2026 GMC SIERRA EV      1/13/26  1GT1ETED9TU409825,G36153
2026 GMC Truck GMC SIER 15D,3GTPHGED0TG294804,294804,"$67,381.35 "," (67,381.35)",294804,2026 GMC SIERRA 1500    3/26/26  3GTPHGED0TG294804,G36580
2026 GMC Truck GMC SIER 15D,3GTPHGED8TG294811,294811,"$67,381.35 "," (67,381.35)",294811,2026 GMC SIERRA 1500    3/24/26  3GTPHGED8TG294811,G36568
2026 GMC Truck GMC SIER 15D,3GTPHGED8TG294937,294937,"$67,381.35 "," (67,381.35)",294937,2026 GMC SIERRA 1500    3/27/26  3GTPHGED8TG294937,G36614
2026 GMC Truck GMC SIER 15D,3GTPHGED8TG295280,295280,"$67,381.35 "," (67,381.35)",295280,2026 GMC SIERRA 1500    3/24/26  3GTPHGED8TG295280,G36569
2026 GMC Truck GMC SIER 15D,3GTPHGED4TG295308,295308,"$67,381.35 "," (67,381.35)",295308,2026 GMC SIERRA 1500    3/26/26  3GTPHGED4TG295308,G36606
2026 GMC Truck GMC SIER 15D,3GTPHGED7TG295545,295545,"$67,381.35 "," (67,381.35)",295545,2026 GMC SIERRA 1500    3/20/26  3GTPHGED7TG295545,G36508
2026 GMC Truck GMC SIER 15D,3GTPHGED4TG295213,295213,"$67,936.35 "," (67,936.35)",295213,2026 GMC SIERRA 1500    3/18/26  3GTPHGED4TG295213,G36487
2026 GMC Truck GMC YUK 2ELE,1GKS1BKD6TR302091,302091,"$70,363.10 "," (70,363.10)",302091,"FLORES, TRACI ELIZABE   3/25/26  1GKS1BKD6TR302091",G36571
2026 GMC Truck GMC YUK 2ELE,1GKS1BKD5TR277149,277149,"$70,820.98 "," (70,820.98)",277149,JAMES WOOD CHEVROLET    3/03/26  1GKS1BKD5TR277149,G36360
2026 GMC Truck GMC YUK 2ELE,1GKS1BKD8TR303436,303436,"$70,820.98 "," (70,820.98)",303436,2026 GMC YUKON          3/26/26  1GKS1BKD8TR303436,G36597
2026 GMC Truck GMC YUK 2ELE,1GKS1BKD9TR304062,304062,"$70,820.98 "," (70,820.98)",304062,2026 GMC YUKON          3/26/26  1GKS1BKD9TR304062,G36598
2026 GMC Truck GMC SIER 15A,3GTUUEEL8TG296696,296696,"$71,914.00 ",,,,
2026 GMC Truck GMC SIER 15A,3GTUUEEL2TG296760,296760,"$71,914.00 "," (71,914.00)",296760,2026 GMC SIERRA 1500    3/27/26  3GTUUEEL2TG296760,G36618
2026 GMC Truck GMC SIER 15A,3GTUUEEL4TG297408,297408,"$72,371.88 ",,,,
2026 GMC Truck GMC SIER 15A,3GTUUEEL2TG297424,297424,"$72,371.88 ",,,,
2026 GMC Truck GMC SIER 15A,3GTUUEEL9TG297663,297663,"$72,371.88 "," (72,371.88)",297663,"RIOJAS, PAMELA MICHEL   3/30/26  3GTUUEEL9TG297663",G36631
2026 GMC Truck GMC SIER 15A,3GTUUEEL5TG297675,297675,"$72,371.88 ",,,,
2026 GMC Truck GMC SIER 15A,3GTUUEEL0TG297714,297714,"$72,371.88 "," (72,371.88)",297714,"WASHBURN, MERISSA HAZ   3/24/26  3GTUUEEL0TG297714",G36564
2026 GMC Truck GMC SIER 15A,3GTUUEEL5TG297921,297921,"$72,510.63 "," (72,510.63)",297921,"WATSON, LEROY           3/19/26  3GTUUEEL5TG297921",G36499
2026 GMC Truck GMC SIER 15A,3GTUUEEL6TG297961,297961,"$72,510.63 "," (72,510.63)",297961,2026 GMC SIERRA 1500    3/23/26  3GTUUEEL6TG297961,G36534
2026 GMC Truck GMC SIER EV,1GT1ETED2TU407219,407219,"$72,617.86 "," (72,617.86)",407219,2026 GMC SIERRA EV     12/05/25  1GT1ETED2TU407219,G35990
2026 GMC Truck GMC SIER 15D,3GTUUGELXTG298056,298056,"$74,203.78 "," (74,203.78)",298056,2026 GMC SIERRA 1500    3/26/26  3GTUUGELXTG298056,G36607
2026 GMC Truck GMC SIER 15D,3GTUUGEL1TG298057,298057,"$74,203.78 "," (74,203.78)",298057,2026 GMC SIERRA 1500    3/27/26  3GTUUGEL1TG298057,G36613
2026 GMC Truck GMC SIER 15D,3GTUUGEL3TG298058,298058,"$74,203.78 "," (74,203.78)",298058,2026 GMC SIERRA 1500    3/18/26  3GTUUGEL3TG298058,G36489
2026 GMC Truck GMC SIER 15D,3GTUUGEL8TG298864,298864,"$74,203.78 "," (74,203.78)",298864,2026 GMC SIERRA 1500    3/16/26  3GTUUGEL8TG298864,G36459
2026 GMC Truck GMC SIER 15D,3GTUUGELXTG298865,298865,"$74,203.78 "," (74,203.78)",298865,2026 GMC SIERRA 1500    3/24/26  3GTUUGELXTG298865,G36570
2026 GMC Truck GMC SIER 15D,3GTUUGEL3TG298867,298867,"$74,203.78 "," (74,203.78)",298867,2026 GMC SIERRA 1500    3/24/26  3GTUUGEL3TG298867,G36552
2026 GMC Truck GMC SIER 25A,1GT4UPE76TF243706,243706,"$74,424.45 "," (74,424.45)",243706,2026 GMC SIERRA 2500H   3/26/26  1GT4UPE76TF243706,G36579
2026 GMC Truck GMC SIER 15D,3GTUUGEL3TG298061,298061,"$74,758.78 "," (74,758.78)",298061,2026 GMC SIERRA 1500    3/23/26  3GTUUGEL3TG298061,G36529
2026 GMC Truck GMC SIER 15D,3GTUUGEL6TG298863,298863,"$74,758.78 "," (74,758.78)",298863,2026 GMC SIERRA 1500    3/12/26  3GTUUGEL6TG298863,G36440
2026 GMC Truck GMC SIER 15D,1GTUUGE80TZ243739,243739,"$75,241.70 "," (75,241.70)",243739,2026 GMC SIERRA 1500   12/02/25  1GTUUGE80TZ243739,G35940
2026 GMC Truck GMC SIER 15D,3GTUUGEL8TG120405,120405,"$75,297.20 "," (75,297.20)",120405,2026 GMC SIERRA 1500    9/03/25  3GTUUGEL8TG120405,G35291
2026 GMC Truck GMC YUK 2ELE,1GKS1BKD6TR310739,310739,"$75,852.98 ",,,,
2026 GMC Truck GMC SIER 15D,3GTUUGEL2TG126894,126894,"$75,855.20 "," (75,855.20)",126894,2026 GMC SIERRA 1500    9/15/25  3GTUUGEL2TG126894,G35379
2026 GMC Truck GMC SIER 15D,3GTUUGEL8TG126916,126916,"$75,855.20 "," (75,855.20)",126916,2026 GMC SIERRA 1500    9/15/25  3GTUUGEL8TG126916,G35380
2026 GMC Truck GMC SIER 15D,3GTUUGEL5TG126923,126923,"$75,855.20 "," (75,855.20)",126923,2026 GMC SIERRA 1500   10/01/25  3GTUUGEL5TG126923,G35470
2026 GMC Truck GMC SIER 15D,3GTUUGEL4TG126928,126928,"$75,855.20 "," (75,855.20)",126928,2026 GMC SIERRA 1500    9/12/25  3GTUUGEL4TG126928,G35366
2026 GMC Truck GMC SIER 15D,3GTUUGEL2TG142125,142125,"$75,855.20 "," (75,855.20)",142125,2026 GMC SIERRA 1500   10/09/25  3GTUUGEL2TG142125,G35609
2026 GMC Truck GMC YUK 4ELE,1GKS2BKD1TR184450,184450,"$75,889.95 "," (75,889.95)",184450,EWING BUICK GMC        11/14/25  1GKS2BKD1TR184450,G35846
2026 GMC Truck GMC YUK 4ELE,1GKS2BKD7TR300427,300427,"$76,890.60 "," (76,890.60)",300427,2026 GMC YUKON          3/23/26  1GKS2BKD7TR300427,G36535
2026 GMC Truck GMC YUK 4ELE,1GKS2BKD0TR301063,301063,"$76,890.60 "," (76,890.60)",301063,2026 GMC YUKON          3/25/26  1GKS2BKD0TR301063,G36573
2026 GMC Truck GMC YUK 4ELE,1GKS2BKD9TR310697,310697,"$76,890.60 ",,,,
2026 GMC Truck GMC SIER EV,1GT1ETED6TU408955,408955,"$77,172.57 "," (77,172.57)",408955,2026 GMC SIERRA EV     10/07/25  1GT1ETED6TU408955,G35590
2026 GMC Truck GMC SIER EV,1GT1ETED1TU408958,408958,"$77,172.57 "," (77,172.57)",408958,2026 GMC SIERRA EV     10/06/25  1GT1ETED1TU408958,G35582
2026 GMC Truck GMC SIER EV,1GT1ETED3TU408959,408959,"$77,172.57 "," (77,172.57)",408959,2026 GMC SIERRA EV     10/07/25  1GT1ETED3TU408959,G35588
2026 GMC Truck GMC SIER 15D,3GTUUGEL8TG156112,156112,"$77,710.55 "," (77,710.55)",156112,2026 GMC SIERRA 1500   10/23/25  3GTUUGEL8TG156112,G35689
2026 GMC Truck GMC SIER 15D,3GTUUGEL5TG170758,170758,"$77,710.55 "," (77,710.55)",170758,2026 GMC SIERRA 1500   10/20/25  3GTUUGEL5TG170758,G35660
2026 GMC Truck GMC YUK 2LEL,1GKS1GKD4TR275891,275891,"$77,769.35 "," (77,769.35)",275891,2026 GMC YUKON XL       3/03/26  1GKS1GKD4TR275891,G36359
2026 GMC Truck GMC SIER 15D,3GTUUGEL2TG155537,155537,"$78,175.55 "," (78,175.55)",155537,2026 GMC SIERRA 1500   10/17/25  3GTUUGEL2TG155537,G35649
2026 GMC Truck GMC SIER 15D,3GTUUGEL3TG146779,146779,"$78,268.55 "," (78,268.55)",146779,2026 GMC SIERRA 1500   10/06/25  3GTUUGEL3TG146779,G35553
2026 GMC Truck GMC YUK 4ELE,1GKS2BKD6TR307918,307918,"$78,393.73 ",,,,
2026 GMC Truck GMC SIER 15D,1GTUUGEL2TZ166845,166845,"$78,682.40 "," (78,682.40)",166845,2026 GMC SIERRA 1500    9/19/25  1GTUUGEL2TZ166845,G35408
2026 GMC Truck GMC SIER 15D,1GTUUGEL5TZ188421,188421,"$78,682.40 "," (78,682.40)",188421,2026 GMC SIERRA 1500   10/30/25  1GTUUGEL5TZ188421,G35768
2026 GMC Truck GMC SIER 15D,1GTUUGELXTZ188463,188463,"$78,682.40 "," (78,682.40)",188463,2026 GMC SIERRA 1500   10/30/25  1GTUUGELXTZ188463,G35769
2026 GMC Truck GMC SIER 15D,1GTUUGEL3TZ190362,190362,"$78,733.55 "," (78,733.55)",190362,2026 GMC SIERRA 1500   10/23/25  1GTUUGEL3TZ190362,G35670
2026 GMC Truck GMC YUK 4ELE,1GKS2BKD5TR307179,307179,"$78,851.60 "," (78,851.60)",307179,JOY GRACE AND CO        3/30/26  1GKS2BKD5TR307179,G36642
2026 GMC Truck GMC YUK 4ELE,1GKS2BKD2TR307186,307186,"$78,851.60 "," (78,851.60)",307186,"ROSADO, MARGARET        3/30/26  1GKS2BKD2TR307186",G36641
2026 GMC Truck GMC YUK 4ELE,1GKS2BKD5TR309790,309790,"$78,851.60 ",,,,
2026 GMC Truck GMC YUK 4ELE,1GKS2BKDXTR309848,309848,"$78,851.60 ",,,,
2026 GMC Truck GMC SIER 15D,1GTUUGEL9TZ269647,269647,"$79,231.15 ",,,,
2026 GMC Truck GMC SIER EV,1GT1ETED8TU410111,410111,"$79,321.97 "," (79,321.97)",410111,2026 GMC SIERRA EV     10/28/25  1GT1ETED8TU410111,G35747
2026 GMC Truck GMC SIER EV,1GT1ETED5TU410115,410115,"$79,321.97 "," (79,321.97)",410115,2026 GMC SIERRA EV     10/15/25  1GT1ETED5TU410115,G35634
2026 GMC Truck GMC SIER EV,1GT1ETED7TU410116,410116,"$79,321.97 "," (79,321.97)",410116,2026 GMC SIERRA EV     10/23/25  1GT1ETED7TU410116,G35686
2026 GMC Truck GMC SIER EV,1GT1ETEDXTU410112,410112,"$79,805.59 "," (79,805.59)",410112,2026 GMC SIERRA EV     10/24/25  1GT1ETEDXTU410112,G35732
2026 GMC Truck GMC SIER EV,1GT1ETED1TU410113,410113,"$79,805.59 "," (79,805.59)",410113,2026 GMC SIERRA EV     10/24/25  1GT1ETED1TU410113,G35733
2026 GMC Truck GMC SIER EV,1GT1ETED3TU410114,410114,"$79,805.59 "," (79,805.59)",410114,2026 GMC SIERRA EV     10/23/25  1GT1ETED3TU410114,G35681
2026 GMC Truck GMC SIER EV,1GT1ETED2TU410122,410122,"$79,805.59 "," (79,805.59)",410122,2026 GMC SIERRA EV     10/23/25  1GT1ETED2TU410122,G35684
2026 GMC Truck GMC SIER EV,1GT1ETED4TU410123,410123,"$79,805.59 "," (79,805.59)",410123,2026 GMC SIERRA EV     10/23/25  1GT1ETED4TU410123,G35685
2026 GMC Truck GMC SIER EV,1GT1ETED8TU410125,410125,"$79,805.59 "," (79,805.59)",410125,2026 GMC SIERRA EV     10/23/25  1GT1ETED8TU410125,G35682
2026 GMC Truck GMC SIER 15A,3GTUUFEL1TG312825,312825,"$81,119.85 ",,,,
2026 GMC Truck GMC SIER 15A,3GTUUFELXTG316310,316310,"$81,119.85 ",,,,
2026 GMC Truck GMC YUK 4XEL,1GKS2GKD1TR287784,287784,"$81,276.73 "," (81,276.73)",287784,2026 GMC YUKON XL       3/10/26  1GKS2GKD1TR287784,G36429
2026 GMC Truck GMC YUK 4XEL,1GKS2GKD8TR241899,241899,"$81,734.60 "," (81,734.60)",241899,2026 GMC YUKON XL       2/04/26  1GKS2GKD8TR241899,G36207
2026 GMC Truck GMC YUK 4XEL,1GKS2GKD8TR286602,286602,"$81,734.60 "," (81,734.60)",286602,2026 GMC YUKON XL       3/10/26  1GKS2GKD8TR286602,G36425
2026 GMC Truck GMC YUK 4XEL,1GKS2GKD0TR287503,287503,"$81,734.60 "," (81,734.60)",287503,"ROBINSON JR, KENNETH    3/10/26  1GKS2GKD0TR287503",G36427
2026 GMC Truck GMC YUK 4XEL,1GKS2GKD4TR185539,185539,"$83,462.70 "," (83,462.70)",185539,2026 GMC YUKON XL      11/14/25  1GKS2GKD4TR185539,G35847
2026 GMC Truck GMC YUK 4XEL,1GKS2GKD1TR209778,209778,"$83,462.70 "," (83,462.70)",209778,2026 GMC YUKON XL       1/08/26  1GKS2GKD1TR209778,G36134
2026 GMC Truck GMC YUK 4XEL,1GKS2GKD3TR209832,209832,"$83,462.70 "," (83,462.70)",209832,2026 GMC YUKON XL      12/31/25  1GKS2GKD3TR209832,G36117
2026 GMC Truck GMC YUK 4XEL,1GKS2GKD9TR275639,275639,"$84,047.10 "," (84,047.10)",275639,2026 GMC YUKON XL       3/03/26  1GKS2GKD9TR275639,G36358
2026 GMC Truck GMC SIER 15D,1GTUUHEL2TZ319830,319830,"$84,062.15 "," (84,062.15)",319830,2026 GMC SIERRA 1500    3/23/26  1GTUUHEL2TZ319830,G36528
2026 GMC Truck GMC SIER 15D,1GTUUHEL7TZ320701,320701,"$84,062.15 "," (84,062.15)",320701,2026 GMC SIERRA 1500    3/27/26  1GTUUHEL7TZ320701,G36624
2026 GMC Truck GMC SIER 15D,1GTUUHEL8TZ320707,320707,"$84,062.15 "," (84,062.15)",320707,2026 GMC SIERRA 1500    3/24/26  1GTUUHEL8TZ320707,G36551
2026 GMC Truck GMC SIER 15D,1GTUUHEL5TZ320518,320518,"$84,617.15 "," (84,617.15)",320518,"WILCOX, LOGAN AUSTIN    3/23/26  1GTUUHEL5TZ320518",G36531
2026 GMC Truck GMC SIER 25D,1GT4UREYXTF214472,214472,"$86,226.83 "," (86,226.83)",214472,"COKER, LINDSAY SHEA     2/18/26  1GT4UREYXTF214472",G36326
2026 GMC Truck GMC SIER 25D,1GT4UREY1TF214585,214585,"$86,226.83 "," (86,226.83)",214585,2026 GMC SIERRA 2500H   3/20/26  1GT4UREY1TF214585,G36509
2026 GMC Truck GMC SIER 25D,1GT4UREY8TF214728,214728,"$86,226.83 "," (86,226.83)",214728,2026 GMC SIERRA 2500H   2/17/26  1GT4UREY8TF214728,G36313
2026 GMC Truck GMC SIER 25D,1GT4UREYXTF214844,214844,"$86,226.83 "," (86,226.83)",214844,"MERRITT, DANIEL OWEN    2/19/26  1GT4UREYXTF214844",G36332
2026 GMC Truck GMC SIER 25D,1GT4UREY8TF185702,185702,"$86,720.00 "," (86,720.00)",185702,2026 GMC SIERRA 2500H  12/15/25  1GT4UREY8TF185702,G36038
2026 GMC Truck GMC SIER 25D,1GT4UREY7TF186095,186095,"$86,720.00 "," (86,720.00)",186095,2026 GMC SIERRA 2500H  12/22/25  1GT4UREY7TF186095,G36081
2026 GMC Truck GMC SIER 25D,1GT4UREY0TF186469,186469,"$86,720.00 "," (86,720.00)",186469,2026 GMC SIERRA 2500H  12/10/25  1GT4UREY0TF186469,G36022
2026 GMC Truck GMC SIER 25D,1GT4UREY3TF186501,186501,"$86,720.00 "," (86,720.00)",186501,2026 GMC SIERRA 2500H  12/11/25  1GT4UREY3TF186501,G36029
2026 GMC Truck GMC SIER 25D,1GT4UREY7TF186582,186582,"$86,720.00 "," (86,720.00)",186582,2026 GMC SIERRA 2500H  12/15/25  1GT4UREY7TF186582,G36040
2026 GMC Truck GMC SIER 25D,1GT4UREY2TF186652,186652,"$86,720.00 "," (86,720.00)",186652,2026 GMC SIERRA 2500H  12/11/25  1GT4UREY2TF186652,G36026
2026 GMC Truck GMC SIER 25D,1GT4UREYXTF186933,186933,"$86,720.00 "," (86,720.00)",186933,2026 GMC SIERRA 2500H  12/11/25  1GT4UREYXTF186933,G36030
2026 GMC Truck GMC SIER 25D,1GT4UREY1TF214456,214456,"$86,781.83 "," (86,781.83)",214456,2026 GMC SIERRA 2500H   2/16/26  1GT4UREY1TF214456,G36303
2026 GMC Truck GMC SIER 25D,1GT4UREY0TF214626,214626,"$86,781.83 "," (86,781.83)",214626,2026 GMC SIERRA 2500H   2/16/26  1GT4UREY0TF214626,G36289
2026 GMC Truck GMC SIER 25D,1GT4UREY1TF214781,214781,"$86,781.83 "," (86,781.83)",214781,2026 GMC SIERRA 2500H   2/18/26  1GT4UREY1TF214781,G36323
2026 GMC Truck GMC SIER 25A,1GT4UPEY9TF224155,224155,"$86,930.45 ",,,,
2026 GMC Truck GMC SIER 25D,1GT4UREY4TF183414,183414,"$87,224.13 "," (87,224.13)",183414,2026 GMC SIERRA 2500H  12/05/25  1GT4UREY4TF183414,G35965
2026 GMC Truck GMC SIER 25D,1GT4UREY1TF183578,183578,"$87,224.13 "," (87,224.13)",183578,2026 GMC SIERRA 2500H  12/05/25  1GT4UREY1TF183578,G35966
2026 GMC Truck GMC SIER 25D,1GT4UREY0TF190991,190991,"$87,224.13 "," (87,224.13)",190991,2026 GMC SIERRA 2500H  12/18/25  1GT4UREY0TF190991,G36064
2026 GMC Truck GMC SIER 25D,1GT4UREY4TF191044,191044,"$87,224.13 "," (87,224.13)",191044,2026 GMC SIERRA 2500H  12/18/25  1GT4UREY4TF191044,G36069
2026 GMC Truck GMC SIER 25D,1GT4UREY1TF191356,191356,"$87,224.13 "," (87,224.13)",191356,2026 GMC SIERRA 2500H  12/18/25  1GT4UREY1TF191356,G36077
2026 GMC Truck GMC SIER 25D,1GT4UREY1TF191471,191471,"$87,224.13 "," (87,224.13)",191471,2026 GMC SIERRA 2500H  12/16/25  1GT4UREY1TF191471,G36049
2026 GMC Truck GMC SIER 25D,1GT4UREY0TF191526,191526,"$87,224.13 "," (87,224.13)",191526,"NEUSCH, KEITH THOMAS   12/16/25  1GT4UREY0TF191526",G36043
2026 GMC Truck GMC SIER 25D,1GT4UREYXTF191579,191579,"$87,224.13 "," (87,224.13)",191579,2026 GMC SIERRA 2500H  12/16/25  1GT4UREYXTF191579,G36048
2026 GMC Truck GMC SIER 25D,1GT4UREY4TF191786,191786,"$87,224.13 "," (87,224.13)",191786,2026 GMC SIERRA 2500H  12/17/25  1GT4UREY4TF191786,G36061
2026 GMC Truck GMC SIER 25D,1GT4UREY3TF185753,185753,"$87,275.00 "," (87,275.00)",185753,2026 GMC SIERRA 2500H  12/11/25  1GT4UREY3TF185753,G36028
2026 GMC Truck GMC SIER 25D,1GT4UREY1TF185881,185881,"$87,275.00 "," (87,275.00)",185881,2026 GMC SIERRA 2500H  12/10/25  1GT4UREY1TF185881,G36024
2026 GMC Truck GMC SIER 25D,1GT4UREY7TF186372,186372,"$87,275.00 "," (87,275.00)",186372,"KNANDEL, CHANDLER AUG   1/05/26  1GT4UREY7TF186372",G36132
2026 GMC Truck GMC SIER 25D,1GT4UREYXTF183496,183496,"$87,779.13 "," (87,779.13)",183496,2026 GMC SIERRA 2500H  12/05/25  1GT4UREYXTF183496,G35968
2026 GMC Truck GMC SIER 25D,1GT4UREY5TF183504,183504,"$87,779.13 "," (87,779.13)",183504,2026 GMC SIERRA 2500H  12/11/25  1GT4UREY5TF183504,G36027
2026 GMC Truck GMC SIER 25D,1GT4UREY0TF191266,191266,"$87,779.13 "," (87,779.13)",191266,2026 GMC SIERRA 2500H  12/18/25  1GT4UREY0TF191266,G36075
2026 GMC Truck GMC SIER 25D,1GT4UREY8TF191306,191306,"$87,779.13 "," (87,779.13)",191306,2026 GMC SIERRA 2500H  12/18/25  1GT4UREY8TF191306,G36070
2026 GMC Truck GMC SIER 25D,1GT4UREY4TF191612,191612,"$87,779.13 "," (87,779.13)",191612,2026 GMC SIERRA 2500H  12/16/25  1GT4UREY4TF191612,G36045
2026 GMC Truck GMC YUK 4XAT,1GKS2HKL1TR154570,154570,"$87,965.50 ",,,,
2026 GMC Truck GMC SIER 25D,1GT4UREYXTF223429,223429,"$88,534.70 "," (88,534.70)",223429,2026 GMC SIERRA 2500H   2/24/26  1GT4UREYXTF223429,G36343
2026 GMC Truck GMC SIER 25D,1GT4UREY5TF223466,223466,"$88,534.70 "," (88,534.70)",223466,2026 GMC SIERRA 2500H   3/27/26  1GT4UREY5TF223466,G36612
2026 GMC Truck GMC SIER 25D,1GT4UREY5TF224018,224018,"$88,534.70 ",,,,
2026 GMC Truck GMC SIER 25D,1GT4UREY9TF224247,224247,"$88,534.70 ",,,,
2026 GMC Truck GMC SIER 25D,1GT4UREY7TF224506,224506,"$88,534.70 ",,,,
2026 GMC Truck GMC SIER 25D,1GT4UREY4TF224575,224575,"$88,534.70 ",,,,
2026 GMC Truck GMC YUK 4DEN,1GKS2DKL4TR294590,294590,"$88,911.28 "," (88,911.28)",294590,2026 GMC YUKON          3/17/26  1GKS2DKL4TR294590,G36474
2026 GMC Truck GMC YUK 4DEN,1GKS2DKL6TR294803,294803,"$88,911.28 "," (88,911.28)",294803,2026 GMC YUKON          3/19/26  1GKS2DKL6TR294803,G36501
2026 GMC Truck GMC SIER 25D,1GT4UREY2TF223604,223604,"$89,089.70 ",,,,
2026 GMC Truck GMC SIER 25D,1GT4UREY2TF224073,224073,"$89,089.70 "," (89,089.70)",224073,2026 GMC SIERRA 2500H   3/20/26  1GT4UREY2TF224073,G36511
2026 GMC Truck GMC SIER 25D,1GT4UREY9TF224149,224149,"$89,089.70 "," (89,089.70)",224149,2026 GMC SIERRA 2500H   3/20/26  1GT4UREY9TF224149,G36503
2026 GMC Truck GMC YUK 4XDE,1GKS2JKL7TR154581,154581,"$89,165.70 "," (89,165.70)",154581,2026 GMC YUKON XL      10/23/25  1GKS2JKL7TR154581,G35696
2026 GMC Truck GMC YUK 4XDE,1GKS2JKL5TR283984,283984,"$89,301.40 "," (89,301.40)",283984,2026 GMC YUKON XL       3/09/26  1GKS2JKL5TR283984,G36408
2026 GMC Truck GMC YUK 4DEN,1GKS2DKL0TR295428,295428,"$89,466.28 "," (89,466.28)",295428,2026 GMC YUKON          3/19/26  1GKS2DKL0TR295428,G36502
2026 GMC Truck GMC YUK 4DEN,1GKS2DKL6TR295448,295448,"$89,466.28 "," (89,466.28)",295448,2026 GMC YUKON          3/19/26  1GKS2DKL6TR295448,G36500
2024 GMC Truck GMC SIER EV,1GT401EL4RU401521,401521,"$89,545.50 "," (89,545.50)",401521,2024 GMC SIERRA EV      3/11/26  1GT401EL4RU401521,G33968
2026 GMC Truck GMC YUK 4XDE,1GKS2JKL3TR154559,154559,"$90,923.13 ",,,,
2026 GMC Truck GMC YUK 4XDE,1GKS2JKL5TR154577,154577,"$91,132.65 "," (91,132.65)",154577,2026 GMC YUKON XL      10/23/25  1GKS2JKL5TR154577,G35694
2026 GMC Truck GMC YUK 4XDE,1GKS2JKL1TR292875,292875,"$91,174.53 "," (91,174.53)",292875,2026 GMC YUKON XL       3/16/26  1GKS2JKL1TR292875,G36460
2026 GMC Truck GMC YUK 4XDE,1GKS2JKL3TR294868,294868,"$91,267.03 "," (91,267.03)",294868,2026 GMC YUKON XL       3/18/26  1GKS2JKL3TR294868,G36486
2026 GMC Truck GMC YUK 4XDE,1GKS2JKL0TR284590,284590,"$91,794.28 "," (91,794.28)",284590,2026 GMC YUKON XL       3/10/26  1GKS2JKL0TR284590,G36426
2026 GMC Truck GMC YUK 4XDE,1GKS2JKL5TR284956,284956,"$91,794.28 "," (91,794.28)",284956,2026 GMC YUKON XL       3/06/26  1GKS2JKL5TR284956,G36381
2026 GMC Truck GMC YUK 4XDE,1GKS2JKLXTR285150,285150,"$91,794.28 "," (91,794.28)",285150,2026 GMC YUKON XL       3/06/26  1GKS2JKLXTR285150,G36384
2026 GMC Truck GMC YUK 4DEN,1GKS2DKL6TR282344,282344,"$92,190.40 "," (92,190.40)",282344,2026 GMC YUKON          3/27/26  1GKS2DKL6TR282344,G36626
2026 GMC Truck GMC YUK 4DEN,1GKS2DKLXTR284369,284369,"$92,255.15 "," (92,255.15)",284369,"REECE, JENNIFER COLAN   3/09/26  1GKS2DKLXTR284369",G36409
2026 GMC Truck GMC YUK 2XDE,1GKS1JKL5TR262748,262748,"$92,440.15 "," (92,440.15)",262748,2026 GMC YUKON XL       2/18/26  1GKS1JKL5TR262748,G36328
2026 GMC Truck GMC YUK 2XDE,1GKS1JKL1TR267347,267347,"$92,440.15 "," (92,440.15)",267347,2026 GMC YUKON XL       2/23/26  1GKS1JKL1TR267347,G36337
2026 GMC Truck GMC YUK 2XDE,1GKS1JKL8TR265434,265434,"$92,995.15 "," (92,995.15)",265434,2026 GMC YUKON XL       2/23/26  1GKS1JKL8TR265434,G36336
2026 GMC Truck GMC YUK 4XDE,1GKS2JKL5TR164624,164624,"$96,889.35 "," (96,889.35)",164624,2026 GMC YUKON XL      10/30/25  1GKS2JKL5TR164624,G35782
2026 GMC Truck GMC YUK 4XDE,1GKS2JKL0TR245871,245871,"$97,816.03 "," (97,816.03)",245871,2026 GMC YUKON XL       2/06/26  1GKS2JKL0TR245871,G36219
2026 GMC Truck GMC YUK 4XDE,1GKS2JKL4TR246778,246778,"$97,816.03 "," (97,816.03)",246778,2026 GMC YUKON XL       2/06/26  1GKS2JKL4TR246778,G36220
2026 GMC Truck GMC YUK 4XAT,1GKS2WKL7TR260445,260445,"$100,234.28 "," (100,234.28)",260445,2026 GMC YUKON XL       2/23/26  1GKS2WKL7TR260445,G36338
2026 GMC Truck GMC YUK 4XDE,1GKS2KKL6TR273809,273809,"$107,850.28 "," (107,850.28)",273809,2026 GMC YUKON XL       3/03/26  1GKS2KKL6TR273809,G36357
2025 GMC Truck GMC HMER EV3,1GT40DDBXSU115236,115236,"$121,885.00 "," (121,885.00)",115236,2025 GMC HUMMER EV PI   3/24/25  1GT40DDBXSU115236,G34234
,,,"$41,134,465.98 "," (37,765,469.94)",otals:,Final Totals:,
