Dealer Billing Statement for: April 2026,,,,,,,,,,,,,,,,,,,,,,,,,,,,,,,
North Fort Worth Dealership Acquisition,,,,,,,,,,,,,,,,,,,,,,,,,,,,,,,
Location,Manufacturer Name,Plant Name,Invoice Date,Invoice Number,Interest Start Date,Maturity Date,Description,Type,Model Number,Serial No/VIN,Stock/Lease No,Original Amount,Beginning Balance,Advances,Last Advance Date,Principal Payments,Principal Adjustments,Monthly Activity,Ending Balance,Current Curtailments,Past Due Curtailments,Current Maturities,Past Due Maturities,Total Principal Due,Interest Amount,Prior Period Interest Billed Current Month,Flat Charges Amount,Item Fee Amount,Total Interest / Charges / Fees Due,Inception to Date Interest,Average Daily Billing Balance
"3125 NE Loop 820  Fort Worth, TX 76110",Acura,Auto - Acura Plant (Floorplan-New) - East,10/17/2024,431,10/17/2024,5/17/2026,2025 Acura ACURATLXTE,Automobile,ACURATLXTE,19UUB5F41SA000431,,"$44,987.00 ","$22,493.50 ",$0.00 ,,"($4,498.70)",$0.00 ,"($4,498.70)","$17,994.80 ",$0.00 ,$0.00 ,"$17,994.80 ",$0.00 ,"$17,994.80 ",$81.90 ,$0.00 ,$0.00 ,$0.00 ,$81.90 ,"$3,483.78 ","$19,794.28 "
"3125 NE Loop 820  Fort Worth, TX 76110",Acura,Auto - Acura Plant (Floorplan-New) - East,9/15/2025,438,9/15/2025,4/15/2027,2026 Acura ACURAINTEGA-S,Automobile,ACURAINTEGA-S,19UDE4H62TA000438,,"$39,403.00 ","$39,403.00 ",$0.00 ,,$0.00 ,$0.00 ,$0.00 ,"$39,403.00 ",$0.00 ,$0.00 ,$0.00 ,$0.00 ,$0.00 ,$163.02 ,$0.00 ,$0.00 ,$0.00 ,$163.02 ,"$1,285.24 ","$39,403.00 "
"3125 NE Loop 820  Fort Worth, TX 76110",Acura,Auto - Acura Plant (Floorplan-New) - East,3/2/2026,1150,3/2/2026,10/2/2027,2026 Acura INTEGRA,Automobile,INTEGRA,19UDE5G95TA001150,A8017,"$53,028.20 ","$53,028.20 ",$0.00 ,,"($53,028.20)",$0.00 ,"($53,028.20)",$0.00 ,$0.00 ,$0.00 ,$0.00 ,$0.00 ,$0.00 ,$58.51 ,$0.00 ,$0.00 ,$0.00 ,$58.51 ,$278.03 ,"$14,140.85 "
"3125 NE Loop 820  Fort Worth, TX 76110",Acura,Auto - Acura Plant (Floorplan-New) - East,2/13/2026,1237,2/13/2026,9/13/2027,2026 Acura ACURAINTEGTYP,Automobile,ACURAINTEGTYP,19UDE5G96TA001237,,"$53,373.20 ","$53,373.20 ",$0.00 ,,$0.00 ,$0.00 ,$0.00 ,"$53,373.20 ",$0.00 ,$0.00 ,$0.00 ,$0.00 ,$0.00 ,$220.82 ,$0.00 ,$0.00 ,$0.00 ,$220.82 ,$567.07 ,"$53,373.20 "
"3125 NE Loop 820  Fort Worth, TX 76110",Acura,Auto - Acura Plant (Floorplan-New) - East,3/17/2026,1522,3/17/2026,10/17/2027,2026 Acura ACURAINTEGTYP,Automobile,ACURAINTEGTYP,19UDE5G95TA001522,,"$53,028.20 ","$53,028.20 ",$0.00 ,,$0.00 ,$0.00 ,$0.00 ,"$53,028.20 ",$0.00 ,$0.00 ,$0.00 ,$0.00 ,$0.00 ,$219.40 ,$0.00 ,$0.00 ,$0.00 ,$219.40 ,$329.16 ,"$53,028.20 "
"3125 NE Loop 820  Fort Worth, TX 76110",Acura,Auto - Acura Plant (Floorplan-New) - East,4/1/2026,1542,4/1/2026,11/1/2027,2026 Acura ACURAINTEGTYP,Automobile,ACURAINTEGTYP,19UDE5G90TA001542,A8138,"$53,028.20 ",$0.00 ,"$53,028.20 ",4/1/2026,"($53,028.20)",$0.00 ,$0.00 ,$0.00 ,$0.00 ,$0.00 ,$0.00 ,$0.00 ,$0.00 ,$58.51 ,$0.00 ,$0.00 ,$0.00 ,$58.51 ,$58.51 ,"$14,140.85 "
"3125 NE Loop 820  Fort Worth, TX 76110",Acura,Auto - Acura Plant (Floorplan-New) - East,3/24/2025,1591,3/24/2025,10/24/2026,2025 Acura ACURATLXTE,Automobile,ACURATLXTE,19UUB5F46SA001591,A7215,"$44,415.80 ","$44,415.80 ",$0.00 ,,"($44,415.80)",$0.00 ,"($44,415.80)",$0.00 ,$0.00 ,$0.00 ,$0.00 ,$0.00 ,$0.00 ,$117.61 ,$0.00 ,$0.00 ,$0.00 ,$117.61 ,"$2,597.54 ","$28,426.11 "
"3125 NE Loop 820  Fort Worth, TX 76110",Acura,Auto - Acura Plant (Floorplan-New) - East,4/6/2026,1725,4/6/2026,11/6/2027,2026 Acura ACURAINTEGTYP,Automobile,ACURAINTEGTYP,19UDE5G98TA001725,,"$53,028.20 ",$0.00 ,"$53,028.20 ",4/6/2026,$0.00 ,$0.00 ,"$53,028.20 ","$53,028.20 ",$0.00 ,$0.00 ,$0.00 ,$0.00 ,$0.00 ,$182.83 ,$0.00 ,$0.00 ,$0.00 ,$182.83 ,$182.83 ,"$44,190.17 "
"3125 NE Loop 820  Fort Worth, TX 76110",Acura,Auto - Acura Plant (Floorplan-New) - East,9/26/2025,1878,9/26/2025,4/26/2027,2026 Acura ACURAINTEGA-S,Automobile,ACURAINTEGA-S,19UDE4H35TA001878,,"$36,354.90 ","$36,354.90 ",$0.00 ,,$0.00 ,$0.00 ,$0.00 ,"$36,354.90 ",$0.00 ,$0.00 ,$0.00 ,$0.00 ,$0.00 ,$150.41 ,$0.00 ,$0.00 ,$0.00 ,$150.41 ,"$1,123.83 ","$36,354.90 "
"3125 NE Loop 820  Fort Worth, TX 76110",Acura,Auto - Acura Plant (Floorplan-New) - East,10/6/2025,2567,10/6/2025,5/6/2027,2026 Acura ACURAINTEGA-S,Automobile,ACURAINTEGA-S,19UDE4H34TA002567,A7661,"$36,354.90 ","$36,354.90 ",$0.00 ,,"($36,354.90)",$0.00 ,"($36,354.90)",$0.00 ,$0.00 ,$0.00 ,$0.00 ,$0.00 ,$0.00 ,$25.07 ,$0.00 ,$0.00 ,$0.00 ,$25.07 ,$942.87 ,"$6,059.15 "
"3125 NE Loop 820  Fort Worth, TX 76110",Acura,Auto - Acura Plant (Floorplan-New) - East,2/17/2026,3006,2/17/2026,9/17/2027,2026 Acura ACURAMDXSHWDT,Automobile,ACURAMDXSHWDT,5J8YD8H88TL003006,,"$73,162.50 ","$73,162.50 ",$0.00 ,,$0.00 ,$0.00 ,$0.00 ,"$73,162.50 ",$0.00 ,$0.00 ,$0.00 ,$0.00 ,$0.00 ,$302.70 ,$0.00 ,$0.00 ,$0.00 ,$302.70 ,$736.91 ,"$73,162.50 "
"3125 NE Loop 820  Fort Worth, TX 76110",Acura,Auto - Acura Plant (Floorplan-New) - East,2/25/2026,3015,2/25/2026,9/25/2027,2026 Acura ACURAMDXSHWDT,Automobile,ACURAMDXSHWDT,5J8YD8H89TL003015,,"$73,162.50 ","$73,162.50 ",$0.00 ,,$0.00 ,$0.00 ,$0.00 ,"$73,162.50 ",$0.00 ,$0.00 ,$0.00 ,$0.00 ,$0.00 ,$302.70 ,$0.00 ,$0.00 ,$0.00 ,$302.70 ,$656.08 ,"$73,162.50 "
"3125 NE Loop 820  Fort Worth, TX 76110",Acura,Auto - Acura Plant (Floorplan-New) - East,3/24/2026,3061,3/24/2026,10/24/2027,2026 Acura ACURAMDXSHWDT,Automobile,ACURAMDXSHWDT,5J8YD8H85TL003061,A8042,"$73,162.50 ","$73,162.50 ",$0.00 ,,"($73,162.50)",$0.00 ,"($73,162.50)",$0.00 ,$0.00 ,$0.00 ,$0.00 ,$0.00 ,$0.00 ,$161.44 ,$0.00 ,$0.00 ,$0.00 ,$161.44 ,$242.21 ,"$39,020.00 "
"3125 NE Loop 820  Fort Worth, TX 76110",Acura,Auto - Acura Plant (Floorplan-New) - East,1/9/2026,3144,1/9/2026,8/9/2027,2026 Acura INETEGRA,Automobile,INETEGRA,19UDE4H60TA003144,A7681,"$38,827.00 ","$38,827.00 ",$0.00 ,,$0.00 ,$0.00 ,$0.00 ,"$38,827.00 ",$0.00 ,$0.00 ,$0.00 ,$0.00 ,$0.00 ,$160.64 ,$0.00 ,$0.00 ,$0.00 ,$160.64 ,$600.91 ,"$38,827.00 "
"3125 NE Loop 820  Fort Worth, TX 76110",Acura,Auto - Acura Plant (Floorplan-New) - East,12/16/2025,3173,12/16/2025,7/16/2027,2026 Acura ACURAMDX,Automobile,ACURAMDX,5J8YD9H32TL003173,A7819,"$52,420.20 ","$52,420.20 ",$0.00 ,,"($52,420.20)",$0.00 ,"($52,420.20)",$0.00 ,$0.00 ,$0.00 ,$0.00 ,$0.00 ,$0.00 ,$57.83 ,$0.00 ,$0.00 ,$0.00 ,$57.83 ,$831.25 ,"$13,978.72 "
"3125 NE Loop 820  Fort Worth, TX 76110",Acura,Auto - Acura Plant (Floorplan-New) - East,10/21/2025,3698,10/21/2025,5/21/2027,2026 Acura ACURAINTEGA-S,Automobile,ACURAINTEGA-S,19UDE4H32TA003698,A7717,"$36,354.90 ","$36,354.90 ",$0.00 ,,"($36,354.90)",$0.00 ,"($36,354.90)",$0.00 ,$0.00 ,$0.00 ,$0.00 ,$0.00 ,$0.00 ,$10.03 ,$0.00 ,$0.00 ,$0.00 ,$10.03 ,$845.52 ,"$2,423.66 "
"3125 NE Loop 820  Fort Worth, TX 76110",Acura,Auto - Acura Plant (Floorplan-New) - East,3/24/2026,3836,3/24/2026,10/24/2027,2026 Acura ACURAMDXSHWDT,Automobile,ACURAMDXSHWDT,5J8YD8H85TL003836,,"$73,162.50 ","$73,162.50 ",$0.00 ,,$0.00 ,$0.00 ,$0.00 ,"$73,162.50 ",$0.00 ,$0.00 ,$0.00 ,$0.00 ,$0.00 ,$302.70 ,$0.00 ,$0.00 ,$0.00 ,$302.70 ,$383.47 ,"$73,162.50 "
"3125 NE Loop 820  Fort Worth, TX 76110",Acura,Auto - Acura Plant (Floorplan-New) - East,1/22/2026,3976,1/22/2026,8/22/2027,2026 Acura ACURAMDXTE,Automobile,ACURAMDXTE,5J8YD9H46TL003976,A7892,"$55,897.60 ","$55,897.60 ",$0.00 ,,"($55,897.60)",$0.00 ,"($55,897.60)",$0.00 ,$0.00 ,$0.00 ,$0.00 ,$0.00 ,$0.00 ,$69.38 ,$0.00 ,$0.00 ,$0.00 ,$69.38 ,$602.30 ,"$16,769.28 "
"3125 NE Loop 820  Fort Worth, TX 76110",Acura,Auto - Acura Plant (Floorplan-New) - East,4/1/2026,4052,4/1/2026,11/1/2027,2026 Acura ACURAMDXSHWDT,Automobile,ACURAMDXSHWDT,5J8YD8H89TL004052,,"$73,162.50 ",$0.00 ,"$73,162.50 ",4/1/2026,$0.00 ,$0.00 ,"$73,162.50 ","$73,162.50 ",$0.00 ,$0.00 ,$0.00 ,$0.00 ,$0.00 ,$302.70 ,$0.00 ,$0.00 ,$0.00 ,$302.70 ,$302.70 ,"$73,162.50 "
"3125 NE Loop 820  Fort Worth, TX 76110",Acura,Auto - Acura Plant (Floorplan-New) - East,1/21/2026,4126,1/21/2026,8/21/2027,2026 Acura ACURAMDXTE,Automobile,ACURAMDXTE,5J8YD9H48TL004126,,"$55,897.60 ","$55,897.60 ",$0.00 ,,$0.00 ,$0.00 ,$0.00 ,"$55,897.60 ",$0.00 ,$0.00 ,$0.00 ,$0.00 ,$0.00 ,$231.27 ,$0.00 ,$0.00 ,$0.00 ,$231.27 ,$771.95 ,"$55,897.60 "
"3125 NE Loop 820  Fort Worth, TX 76110",Acura,Auto - Acura Plant (Floorplan-New) - East,4/9/2026,4229,4/9/2026,11/9/2027,2026 Acura ACURAMDXSHWDT,Automobile,ACURAMDXSHWDT,5J8YD8H80TL004229,,"$72,597.30 ",$0.00 ,"$72,597.30 ",4/9/2026,$0.00 ,$0.00 ,"$72,597.30 ","$72,597.30 ",$0.00 ,$0.00 ,$0.00 ,$0.00 ,$0.00 ,$220.26 ,$0.00 ,$0.00 ,$0.00 ,$220.26 ,$220.26 ,"$53,238.02 "
"3125 NE Loop 820  Fort Worth, TX 76110",Acura,Auto - Acura Plant (Floorplan-New) - East,1/30/2026,4258,1/30/2026,8/30/2027,2026 Acura ACURAMDXTE,Automobile,ACURAMDXTE,5J8YD9H43TL004258,A7897,"$55,897.60 ","$55,897.60 ",$0.00 ,,"($55,897.60)",$0.00 ,"($55,897.60)",$0.00 ,$0.00 ,$0.00 ,$0.00 ,$0.00 ,$0.00 ,$15.42 ,$0.00 ,$0.00 ,$0.00 ,$15.42 ,$486.24 ,"$3,726.51 "
"3125 NE Loop 820  Fort Worth, TX 76110",Acura,Auto - Acura Plant (Floorplan-New) - East,4/15/2026,4302,4/15/2026,11/15/2027,2026 Acura ACURAMDXSHWDT,Automobile,ACURAMDXSHWDT,5J8YD8H86TL004302,,"$73,162.50 ",$0.00 ,"$73,162.50 ",4/15/2026,$0.00 ,$0.00 ,"$73,162.50 ","$73,162.50 ",$0.00 ,$0.00 ,$0.00 ,$0.00 ,$0.00 ,$161.44 ,$0.00 ,$0.00 ,$0.00 ,$161.44 ,$161.44 ,"$39,020.00 "
"3125 NE Loop 820  Fort Worth, TX 76110",Acura,Auto - Acura Plant (Floorplan-New) - East,4/15/2026,4304,4/15/2026,11/15/2027,2026 Acura ACURAMDXSHWDT,Automobile,ACURAMDXSHWDT,5J8YD8H8XTL004304,,"$73,162.50 ",$0.00 ,"$73,162.50 ",4/15/2026,$0.00 ,$0.00 ,"$73,162.50 ","$73,162.50 ",$0.00 ,$0.00 ,$0.00 ,$0.00 ,$0.00 ,$161.44 ,$0.00 ,$0.00 ,$0.00 ,$161.44 ,$161.44 ,"$39,020.00 "
"3125 NE Loop 820  Fort Worth, TX 76110",Acura,Auto - Acura Plant (Floorplan-New) - East,4/20/2026,4434,4/20/2026,11/20/2027,2026 Acura ACURAMDXSHWDT,Automobile,ACURAMDXSHWDT,5J8YD8H81TL004434,,"$73,162.50 ",$0.00 ,"$73,162.50 ",4/20/2026,$0.00 ,$0.00 ,"$73,162.50 ","$73,162.50 ",$0.00 ,$0.00 ,$0.00 ,$0.00 ,$0.00 ,$110.99 ,$0.00 ,$0.00 ,$0.00 ,$110.99 ,$110.99 ,"$26,826.25 "
"3125 NE Loop 820  Fort Worth, TX 76110",Acura,Auto - Acura Plant (Floorplan-New) - East,2/26/2026,4687,2/26/2026,9/26/2027,2026 Acura ACURAMDXTE,Automobile,ACURAMDXTE,5J8YD9H44TL004687,A7983,"$55,897.60 ","$55,897.60 ",$0.00 ,,"($55,897.60)",$0.00 ,"($55,897.60)",$0.00 ,$0.00 ,$0.00 ,$0.00 ,$0.00 ,$0.00 ,$100.22 ,$0.00 ,$0.00 ,$0.00 ,$100.22 ,$362.50 ,"$24,222.29 "
"3125 NE Loop 820  Fort Worth, TX 76110",Acura,Auto - Acura Plant (Floorplan-New) - East,2/25/2026,4910,2/25/2026,9/25/2027,2026 Acura ACURAMDXTE,Automobile,ACURAMDXTE,5J8YD9H43TL004910,,"$55,897.60 ","$55,897.60 ",$0.00 ,,$0.00 ,$0.00 ,$0.00 ,"$55,897.60 ",$0.00 ,$0.00 ,$0.00 ,$0.00 ,$0.00 ,$231.27 ,$0.00 ,$0.00 ,$0.00 ,$231.27 ,$501.27 ,"$55,897.60 "
"3125 NE Loop 820  Fort Worth, TX 76110",Acura,Auto - Acura Plant (Floorplan-New) - East,3/2/2026,5108,3/2/2026,10/2/2027,2026 Acura ACURAMDXTE,Automobile,ACURAMDXTE,5J8YD9H40TL005108,A7999,"$55,332.40 ","$55,332.40 ",$0.00 ,,"($55,332.40)",$0.00 ,"($55,332.40)",$0.00 ,$0.00 ,$0.00 ,$0.00 ,$0.00 ,$0.00 ,$91.57 ,$0.00 ,$0.00 ,$0.00 ,$91.57 ,$320.63 ,"$22,132.96 "
"3125 NE Loop 820  Fort Worth, TX 76110",Acura,Auto - Acura Plant (Floorplan-New) - East,3/17/2026,5348,3/17/2026,10/17/2027,2026 Acura ACURAMDXTE,Automobile,ACURAMDXTE,5J8YD9H49TL005348,A8051,"$55,897.60 ","$55,897.60 ",$0.00 ,,"($55,897.60)",$0.00 ,"($55,897.60)",$0.00 ,$0.00 ,$0.00 ,$0.00 ,$0.00 ,$0.00 ,$38.54 ,$0.00 ,$0.00 ,$0.00 ,$38.54 ,$154.24 ,"$9,316.27 "
"3125 NE Loop 820  Fort Worth, TX 76110",Acura,Auto - Acura Plant (Floorplan-New) - East,3/24/2026,5369,3/24/2026,10/24/2027,2026 Acura ACURAMDX,Automobile,ACURAMDX,5J8YD9H37TL005369,A8074,"$52,520.20 ","$52,520.20 ",$0.00 ,,"($52,520.20)",$0.00 ,"($52,520.20)",$0.00 ,$0.00 ,$0.00 ,$0.00 ,$0.00 ,$0.00 ,$86.92 ,$0.00 ,$0.00 ,$0.00 ,$86.92 ,$144.90 ,"$21,008.08 "
"3125 NE Loop 820  Fort Worth, TX 76110",Acura,Auto - Acura Plant (Floorplan-New) - East,11/4/2025,5390,11/4/2025,6/4/2027,2026 Acura ACURAINTEGA-S,Automobile,ACURAINTEGA-S,19UDE4H63TA005390,,"$39,403.00 ","$39,403.00 ",$0.00 ,,$0.00 ,$0.00 ,$0.00 ,"$39,403.00 ",$0.00 ,$0.00 ,$0.00 ,$0.00 ,$0.00 ,$163.02 ,$0.00 ,$0.00 ,$0.00 ,$163.02 ,$985.44 ,"$39,403.00 "
"3125 NE Loop 820  Fort Worth, TX 76110",Acura,Auto - Acura Plant (Floorplan-New) - East,3/24/2026,5405,3/24/2026,10/24/2027,2026 Acura ACURAMDXTE,Automobile,ACURAMDXTE,5J8YD9H46TL005405,A8073,"$55,332.40 ","$55,332.40 ",$0.00 ,,"($55,332.40)",$0.00 ,"($55,332.40)",$0.00 ,$0.00 ,$0.00 ,$0.00 ,$0.00 ,$0.00 ,$15.26 ,$0.00 ,$0.00 ,$0.00 ,$15.26 ,$76.34 ,"$3,688.83 "
"3125 NE Loop 820  Fort Worth, TX 76110",Acura,Auto - Acura Plant (Floorplan-New) - East,3/17/2026,5419,3/17/2026,10/17/2027,2026 Acura ACURAMDXTE,Automobile,ACURAMDXTE,5J8YD9H46TL005419,A8048,"$55,897.60 ","$55,897.60 ",$0.00 ,,"($55,897.60)",$0.00 ,"($55,897.60)",$0.00 ,$0.00 ,$0.00 ,$0.00 ,$0.00 ,$0.00 ,$223.56 ,$0.00 ,$0.00 ,$0.00 ,$223.56 ,$339.26 ,"$54,034.35 "
"3125 NE Loop 820  Fort Worth, TX 76110",Acura,Auto - Acura Plant (Floorplan-New) - East,3/24/2026,5480,3/24/2026,10/24/2027,2026 Acura ACURAMDXTE,Automobile,ACURAMDXTE,5J8YD9H49TL005480,A8102,"$55,332.40 ","$55,332.40 ",$0.00 ,,"($55,332.40)",$0.00 ,"($55,332.40)",$0.00 ,$0.00 ,$0.00 ,$0.00 ,$0.00 ,$0.00 ,$61.05 ,$0.00 ,$0.00 ,$0.00 ,$61.05 ,$122.13 ,"$14,755.31 "
"3125 NE Loop 820  Fort Worth, TX 76110",Acura,Auto - Acura Plant (Floorplan-New) - East,12/24/2025,5489,12/24/2025,7/24/2027,2026 Acura ACURARDXSHWDA,Automobile,ACURARDXSHWDA,5J8TC2H68TL005489,,"$50,086.20 ","$50,086.20 ",$0.00 ,,$0.00 ,$0.00 ,$0.00 ,"$50,086.20 ",$0.00 ,$0.00 ,$0.00 ,$0.00 ,$0.00 ,$207.22 ,$0.00 ,$0.00 ,$0.00 ,$207.22 ,$888.63 ,"$50,086.20 "
"3125 NE Loop 820  Fort Worth, TX 76110",Acura,Auto - Acura Plant (Floorplan-New) - East,2/13/2026,5629,2/13/2026,9/13/2027,2026 Acura INTEGRA,Automobile,INTEGRA,19UDE4G79TA005629,A7950,"$39,403.00 ","$39,403.00 ",$0.00 ,,$0.00 ,$0.00 ,$0.00 ,"$39,403.00 ",$0.00 ,$0.00 ,$0.00 ,$0.00 ,$0.00 ,$163.02 ,$0.00 ,$0.00 ,$0.00 ,$163.02 ,$418.64 ,"$39,403.00 "
"3125 NE Loop 820  Fort Worth, TX 76110",Acura,Auto - Acura Plant (Floorplan-New) - East,3/27/2026,5676,3/27/2026,10/27/2027,2026 Acura ACURAMDXTE,Automobile,ACURAMDXTE,5J8YD9H44TL005676,A8129,"$55,897.60 ","$55,897.60 ",$0.00 ,,"($55,897.60)",$0.00 ,"($55,897.60)",$0.00 ,$0.00 ,$0.00 ,$0.00 ,$0.00 ,$0.00 ,$115.63 ,$0.00 ,$0.00 ,$0.00 ,$115.63 ,$154.20 ,"$27,948.80 "
"3125 NE Loop 820  Fort Worth, TX 76110",Acura,Auto - Acura Plant (Floorplan-New) - East,3/31/2026,5755,3/31/2026,10/31/2027,2026 Acura ACURAMDXTE,Automobile,ACURAMDXTE,5J8YD9H40TL005755,,"$55,332.40 ","$55,332.40 ",$0.00 ,,$0.00 ,$0.00 ,$0.00 ,"$55,332.40 ",$0.00 ,$0.00 ,$0.00 ,$0.00 ,$0.00 ,$228.93 ,$0.00 ,$0.00 ,$0.00 ,$228.93 ,$236.57 ,"$55,332.40 "
"3125 NE Loop 820  Fort Worth, TX 76110",Acura,Auto - Acura Plant (Floorplan-New) - East,11/18/2025,5756,11/18/2025,6/18/2027,2026 Acura ACURAINTEGA-S,Automobile,ACURAINTEGA-S,19UDE4H30TA005756,,"$36,354.90 ","$36,354.90 ",$0.00 ,,$0.00 ,$0.00 ,$0.00 ,"$36,354.90 ",$0.00 ,$0.00 ,$0.00 ,$0.00 ,$0.00 ,$150.41 ,$0.00 ,$0.00 ,$0.00 ,$150.41 ,$834.51 ,"$36,354.90 "
"3125 NE Loop 820  Fort Worth, TX 76110",Acura,Auto - Acura Plant (Floorplan-New) - East,4/30/2026,5862,4/30/2026,11/30/2027,2026 Acura ACURAMDXTE,Automobile,ACURAMDXTE,5J8YD9H41TL005862,,"$55,332.40 ",$0.00 ,"$55,332.40 ",4/30/2026,$0.00 ,$0.00 ,"$55,332.40 ","$55,332.40 ",$0.00 ,$0.00 ,$0.00 ,$0.00 ,$0.00 ,$7.63 ,$0.00 ,$0.00 ,$0.00 ,$7.63 ,$7.63 ,"$1,844.41 "
"3125 NE Loop 820  Fort Worth, TX 76110",Acura,Auto - Acura Plant (Floorplan-New) - East,4/10/2026,5987,4/10/2026,11/10/2027,2026 Acura ACURAMDX,Automobile,ACURAMDX,5J8YD9H30TL005987,,"$51,955.00 ",$0.00 ,"$51,955.00 ",4/10/2026,$0.00 ,$0.00 ,"$51,955.00 ","$51,955.00 ",$0.00 ,$0.00 ,$0.00 ,$0.00 ,$0.00 ,$150.47 ,$0.00 ,$0.00 ,$0.00 ,$150.47 ,$150.47 ,"$36,368.50 "
"3125 NE Loop 820  Fort Worth, TX 76110",Acura,Auto - Acura Plant (Floorplan-New) - East,9/5/2025,5994,9/5/2025,4/5/2027,2026 Acura ACURAMDXSHWDA,Automobile,ACURAMDXSHWDA,5J8YE1H02TL005994,,"$60,006.00 ","$60,006.00 ",$0.00 ,,$0.00 ,$0.00 ,$0.00 ,"$60,006.00 ",$0.00 ,$0.00 ,$0.00 ,$0.00 ,$0.00 ,$248.26 ,$0.00 ,$0.00 ,$0.00 ,$248.26 ,"$2,050.28 ","$60,006.00 "
"3125 NE Loop 820  Fort Worth, TX 76110",Acura,Auto - Acura Plant (Floorplan-New) - East,4/9/2026,6009,4/9/2026,11/9/2027,2026 Acura ACURAMDX,Automobile,ACURAMDX,5J8YD9H34TL006009,,"$52,520.20 ",$0.00 ,"$52,520.20 ",4/9/2026,$0.00 ,$0.00 ,"$52,520.20 ","$52,520.20 ",$0.00 ,$0.00 ,$0.00 ,$0.00 ,$0.00 ,$159.35 ,$0.00 ,$0.00 ,$0.00 ,$159.35 ,$159.35 ,"$38,514.81 "
"3125 NE Loop 820  Fort Worth, TX 76110",Acura,Auto - Acura Plant (Floorplan-New) - East,11/25/2025,6075,11/25/2025,6/25/2027,2026 Acura ACURAINTEGA-S,Automobile,ACURAINTEGA-S,19UDE4H60TA006075,,"$39,403.00 ","$39,403.00 ",$0.00 ,,$0.00 ,$0.00 ,$0.00 ,"$39,403.00 ",$0.00 ,$0.00 ,$0.00 ,$0.00 ,$0.00 ,$163.02 ,$0.00 ,$0.00 ,$0.00 ,$163.02 ,$863.99 ,"$39,403.00 "
"3125 NE Loop 820  Fort Worth, TX 76110",Acura,Auto - Acura Plant (Floorplan-New) - East,4/9/2026,6078,4/9/2026,11/9/2027,2026 Acura ACURAMDXTE,Automobile,ACURAMDXTE,5J8YD9H40TL006078,,"$55,897.60 ",$0.00 ,"$55,897.60 ",4/9/2026,$0.00 ,$0.00 ,"$55,897.60 ","$55,897.60 ",$0.00 ,$0.00 ,$0.00 ,$0.00 ,$0.00 ,$169.60 ,$0.00 ,$0.00 ,$0.00 ,$169.60 ,$169.60 ,"$40,991.57 "
"3125 NE Loop 820  Fort Worth, TX 76110",Acura,Auto - Acura Plant (Floorplan-New) - East,4/9/2026,6088,4/9/2026,11/9/2027,2026 Acura ACURAMDXTE,Automobile,ACURAMDXTE,5J8YD9H43TL006088,A8174,"$55,897.60 ",$0.00 ,"$55,897.60 ",4/9/2026,"($55,897.60)",$0.00 ,$0.00 ,$0.00 ,$0.00 ,$0.00 ,$0.00 ,$0.00 ,$0.00 ,$154.18 ,$0.00 ,$0.00 ,$0.00 ,$154.18 ,$154.18 ,"$37,265.07 "
"3125 NE Loop 820  Fort Worth, TX 76110",Acura,Auto - Acura Plant (Floorplan-New) - East,4/20/2026,6097,4/20/2026,11/20/2027,2026 Acura ACURAMDXTE,Automobile,ACURAMDXTE,5J8YD9H44TL006097,,"$55,332.40 ",$0.00 ,"$55,332.40 ",4/20/2026,$0.00 ,$0.00 ,"$55,332.40 ","$55,332.40 ",$0.00 ,$0.00 ,$0.00 ,$0.00 ,$0.00 ,$83.94 ,$0.00 ,$0.00 ,$0.00 ,$83.94 ,$83.94 ,"$20,288.55 "
"3125 NE Loop 820  Fort Worth, TX 76110",Acura,Auto - Acura Plant (Floorplan-New) - East,4/20/2026,6109,4/20/2026,11/20/2027,2026 Acura ACURAMDXTE,Automobile,ACURAMDXTE,5J8YD9H47TL006109,,"$55,332.40 ",$0.00 ,"$55,332.40 ",4/20/2026,$0.00 ,$0.00 ,"$55,332.40 ","$55,332.40 ",$0.00 ,$0.00 ,$0.00 ,$0.00 ,$0.00 ,$83.94 ,$0.00 ,$0.00 ,$0.00 ,$83.94 ,$83.94 ,"$20,288.55 "
"3125 NE Loop 820  Fort Worth, TX 76110",Acura,Auto - Acura Plant (Floorplan-New) - East,4/21/2026,6184,4/21/2026,11/21/2027,2026 Acura ACURAMDXTE,Automobile,ACURAMDXTE,5J8YD9H4XTL006184,,"$55,897.60 ",$0.00 ,"$55,897.60 ",4/21/2026,$0.00 ,$0.00 ,"$55,897.60 ","$55,897.60 ",$0.00 ,$0.00 ,$0.00 ,$0.00 ,$0.00 ,$77.09 ,$0.00 ,$0.00 ,$0.00 ,$77.09 ,$77.09 ,"$18,632.53 "
"3125 NE Loop 820  Fort Worth, TX 76110",Acura,Auto - Acura Plant (Floorplan-New) - East,4/27/2026,6250,4/27/2026,11/27/2027,2026 Acura ACURAMDXTE,Automobile,ACURAMDXTE,5J8YD9H48TL006250,,"$55,897.60 ",$0.00 ,"$55,897.60 ",4/27/2026,$0.00 ,$0.00 ,"$55,897.60 ","$55,897.60 ",$0.00 ,$0.00 ,$0.00 ,$0.00 ,$0.00 ,$30.84 ,$0.00 ,$0.00 ,$0.00 ,$30.84 ,$30.84 ,"$7,453.01 "
"3125 NE Loop 820  Fort Worth, TX 76110",Acura,Auto - Acura Plant (Floorplan-New) - East,1/14/2026,6291,1/14/2026,8/14/2027,2026 Acura ACURARDXSHWDT,Automobile,ACURARDXSHWDT,5J8TC2H54TL006291,,"$47,331.60 ","$47,331.60 ",$0.00 ,,$0.00 ,$0.00 ,$0.00 ,"$47,331.60 ",$0.00 ,$0.00 ,$0.00 ,$0.00 ,$0.00 ,$195.83 ,$0.00 ,$0.00 ,$0.00 ,$195.83 ,$699.67 ,"$47,331.60 "
"3125 NE Loop 820  Fort Worth, TX 76110",Acura,Auto - Acura Plant (Floorplan-New) - East,1/14/2026,6346,1/14/2026,8/14/2027,2026 Acura ACURARDXSHWDT,Automobile,ACURARDXSHWDT,5J8TC2H53TL006346,,"$47,331.60 ","$47,331.60 ",$0.00 ,,$0.00 ,$0.00 ,$0.00 ,"$47,331.60 ",$0.00 ,$0.00 ,$0.00 ,$0.00 ,$0.00 ,$195.83 ,$0.00 ,$0.00 ,$0.00 ,$195.83 ,$699.67 ,"$47,331.60 "
"3125 NE Loop 820  Fort Worth, TX 76110",Acura,Auto - Acura Plant (Floorplan-New) - East,12/16/2025,6421,12/16/2025,7/16/2027,2026 Acura ACURAINTEGA-S,Automobile,ACURAINTEGA-S,19UDE4H64TA006421,A7808,"$39,403.00 ","$39,403.00 ",$0.00 ,,"($39,403.00)",$0.00 ,"($39,403.00)",$0.00 ,$0.00 ,$0.00 ,$0.00 ,$0.00 ,$0.00 ,$81.51 ,$0.00 ,$0.00 ,$0.00 ,$81.51 ,$662.86 ,"$19,701.50 "
"3125 NE Loop 820  Fort Worth, TX 76110",Acura,Auto - Acura Plant (Floorplan-New) - East,12/16/2025,6445,12/16/2025,7/16/2027,2026 Acura ACURAINTEGA-S,Automobile,ACURAINTEGA-S,19UDE4H67TA006445,,"$39,403.00 ","$39,403.00 ",$0.00 ,,$0.00 ,$0.00 ,$0.00 ,"$39,403.00 ",$0.00 ,$0.00 ,$0.00 ,$0.00 ,$0.00 ,$163.02 ,$0.00 ,$0.00 ,$0.00 ,$163.02 ,$744.37 ,"$39,403.00 "
"3125 NE Loop 820  Fort Worth, TX 76110",Acura,Auto - Acura Plant (Floorplan-New) - East,3/17/2026,7120,3/17/2026,10/17/2027,2026 Acura INTEGRA,Automobile,INTEGRA,19UDE4H66TA007120,A7838,"$39,403.00 ","$39,403.00 ",$0.00 ,,"($39,403.00)",$0.00 ,"($39,403.00)",$0.00 ,$0.00 ,$0.00 ,$0.00 ,$0.00 ,$0.00 ,$108.68 ,$0.00 ,$0.00 ,$0.00 ,$108.68 ,$190.24 ,"$26,268.67 "
"3125 NE Loop 820  Fort Worth, TX 76110",Acura,Auto - Acura Plant (Floorplan-New) - East,12/31/2025,7195,12/31/2025,7/31/2027,2026 Acura ACURAINTEGA-S,Automobile,ACURAINTEGA-S,19UDE4H64TA007195,,"$38,827.00 ","$38,827.00 ",$0.00 ,,$0.00 ,$0.00 ,$0.00 ,"$38,827.00 ",$0.00 ,$0.00 ,$0.00 ,$0.00 ,$0.00 ,$160.64 ,$0.00 ,$0.00 ,$0.00 ,$160.64 ,$649.81 ,"$38,827.00 "
"3125 NE Loop 820  Fort Worth, TX 76110",Acura,Auto - Acura Plant (Floorplan-New) - East,12/24/2025,7198,12/24/2025,7/24/2027,2026 Acura ACURAINTEGA-S,Automobile,ACURAINTEGA-S,19UDE4H6XTA007198,A7837,"$38,827.00 ","$38,827.00 ",$0.00 ,,"($38,827.00)",$0.00 ,"($38,827.00)",$0.00 ,$0.00 ,$0.00 ,$0.00 ,$0.00 ,$0.00 ,$37.48 ,$0.00 ,$0.00 ,$0.00 ,$37.48 ,$565.70 ,"$9,059.63 "
"3125 NE Loop 820  Fort Worth, TX 76110",Acura,Auto - Acura Plant (Floorplan-New) - East,1/22/2026,8277,1/22/2026,8/22/2027,2026 Acura ACURAINTEGA-S,Automobile,ACURAINTEGA-S,19UDE4H60TA008277,A7887,"$39,503.00 ","$39,503.00 ",$0.00 ,,"($39,503.00)",$0.00 ,"($39,503.00)",$0.00 ,$0.00 ,$0.00 ,$0.00 ,$0.00 ,$0.00 ,$119.85 ,$0.00 ,$0.00 ,$0.00 ,$119.85 ,$496.48 ,"$28,968.87 "
"3125 NE Loop 820  Fort Worth, TX 76110",Acura,Auto - Acura Plant (Floorplan-New) - East,1/22/2026,8279,1/22/2026,8/22/2027,2026 Acura ACURAINTEGA-S,Automobile,ACURAINTEGA-S,19UDE4H64TA008279,A7886,"$39,503.00 ","$39,503.00 ",$0.00 ,,"($39,503.00)",$0.00 ,"($39,503.00)",$0.00 ,$0.00 ,$0.00 ,$0.00 ,$0.00 ,$0.00 ,$87.17 ,$0.00 ,$0.00 ,$0.00 ,$87.17 ,$463.80 ,"$21,068.27 "
"3125 NE Loop 820  Fort Worth, TX 76110",Acura,Auto - Acura Plant (Floorplan-New) - East,1/22/2026,8409,1/22/2026,8/22/2027,2026 Acura ACURAINTEGA-S,Automobile,ACURAINTEGA-S,19UDE4H62TA008409,,"$39,503.00 ","$39,503.00 ",$0.00 ,,$0.00 ,$0.00 ,$0.00 ,"$39,503.00 ",$0.00 ,$0.00 ,$0.00 ,$0.00 ,$0.00 ,$163.44 ,$0.00 ,$0.00 ,$0.00 ,$163.44 ,$540.07 ,"$39,503.00 "
"3125 NE Loop 820  Fort Worth, TX 76110",Acura,Auto - Acura Plant (Floorplan-New) - East,1/22/2026,8435,1/22/2026,8/22/2027,2026 Acura ACURAINTEGA-S,Automobile,ACURAINTEGA-S,19UDE4H63TA008435,,"$39,503.00 ","$39,503.00 ",$0.00 ,,$0.00 ,$0.00 ,$0.00 ,"$39,503.00 ",$0.00 ,$0.00 ,$0.00 ,$0.00 ,$0.00 ,$163.44 ,$0.00 ,$0.00 ,$0.00 ,$163.44 ,$540.07 ,"$39,503.00 "
"3125 NE Loop 820  Fort Worth, TX 76110",Acura,Auto - Acura Plant (Floorplan-New) - East,1/22/2026,8453,1/22/2026,8/22/2027,2026 Acura ACURAINTEG,Automobile,ACURAINTEG,19UDE4H29TA008453,,"$34,436.00 ","$34,436.00 ",$0.00 ,,$0.00 ,$0.00 ,$0.00 ,"$34,436.00 ",$0.00 ,$0.00 ,$0.00 ,$0.00 ,$0.00 ,$142.47 ,$0.00 ,$0.00 ,$0.00 ,$142.47 ,$470.78 ,"$34,436.00 "
"3125 NE Loop 820  Fort Worth, TX 76110",Acura,Auto - Acura Plant (Floorplan-New) - East,1/22/2026,8557,1/22/2026,8/22/2027,2026 Acura ACURAINTEG,Automobile,ACURAINTEG,19UDE4H2XTA008557,,"$34,436.00 ","$34,436.00 ",$0.00 ,,$0.00 ,$0.00 ,$0.00 ,"$34,436.00 ",$0.00 ,$0.00 ,$0.00 ,$0.00 ,$0.00 ,$142.47 ,$0.00 ,$0.00 ,$0.00 ,$142.47 ,$470.78 ,"$34,436.00 "
"3125 NE Loop 820  Fort Worth, TX 76110",Acura,Auto - Acura Plant (Floorplan-New) - East,2/6/2026,8652,2/6/2026,9/6/2027,2026 Acura ACURARDXSHWDA,Automobile,ACURARDXSHWDA,5J8TC2H68TL008652,,"$50,186.20 ","$50,186.20 ",$0.00 ,,$0.00 ,$0.00 ,$0.00 ,"$50,186.20 ",$0.00 ,$0.00 ,$0.00 ,$0.00 ,$0.00 ,$207.64 ,$0.00 ,$0.00 ,$0.00 ,$207.64 ,$581.73 ,"$50,186.20 "
"3125 NE Loop 820  Fort Worth, TX 76110",Acura,Auto - Acura Plant (Floorplan-New) - East,2/6/2026,9148,2/6/2026,9/6/2027,2026 Acura ACURAINTEGA-S,Automobile,ACURAINTEGA-S,19UDE4H38TA009148,,"$36,454.90 ","$36,454.90 ",$0.00 ,,$0.00 ,$0.00 ,$0.00 ,"$36,454.90 ",$0.00 ,$0.00 ,$0.00 ,$0.00 ,$0.00 ,$150.83 ,$0.00 ,$0.00 ,$0.00 ,$150.83 ,$422.55 ,"$36,454.90 "
"3125 NE Loop 820  Fort Worth, TX 76110",Acura,Auto - Acura Plant (Floorplan-New) - East,2/9/2026,9235,2/9/2026,9/9/2027,2026 Acura ACURAINTEG,Automobile,ACURAINTEG,19UDE4H24TA009235,A7912,"$34,781.00 ","$34,781.00 ",$0.00 ,,"($34,781.00)",$0.00 ,"($34,781.00)",$0.00 ,$0.00 ,$0.00 ,$0.00 ,$0.00 ,$0.00 ,$38.37 ,$0.00 ,$0.00 ,$0.00 ,$38.37 ,$283.21 ,"$9,274.93 "
"3125 NE Loop 820  Fort Worth, TX 76110",Acura,Auto - Acura Plant (Floorplan-New) - East,2/9/2026,9397,2/9/2026,9/9/2027,2026 Acura ACURAINTEGA-S,Automobile,ACURAINTEGA-S,19UDE4H64TA009397,A7906,"$39,503.00 ","$39,503.00 ",$0.00 ,,"($39,503.00)",$0.00 ,"($39,503.00)",$0.00 ,$0.00 ,$0.00 ,$0.00 ,$0.00 ,$0.00 ,$141.65 ,$0.00 ,$0.00 ,$0.00 ,$141.65 ,$419.74 ,"$34,235.93 "
"3125 NE Loop 820  Fort Worth, TX 76110",Acura,Auto - Acura Plant (Floorplan-New) - East,2/9/2026,9423,2/9/2026,9/9/2027,2026 Acura ACURAINTEG,Automobile,ACURAINTEG,19UDE4H25TA009423,A7913,"$34,436.00 ","$34,436.00 ",$0.00 ,,"($34,436.00)",$0.00 ,"($34,436.00)",$0.00 ,$0.00 ,$0.00 ,$0.00 ,$0.00 ,$0.00 ,$109.23 ,$0.00 ,$0.00 ,$0.00 ,$109.23 ,$351.66 ,"$26,400.93 "
"3125 NE Loop 820  Fort Worth, TX 76110",Acura,Auto - Acura Plant (Floorplan-New) - East,3/9/2026,10086,3/9/2026,10/9/2027,2026 Acura ACURAINTEGA-S,Automobile,ACURAINTEGA-S,19UDE4G70TA010086,,"$39,848.00 ","$39,848.00 ",$0.00 ,,$0.00 ,$0.00 ,$0.00 ,"$39,848.00 ",$0.00 ,$0.00 ,$0.00 ,$0.00 ,$0.00 ,$164.86 ,$0.00 ,$0.00 ,$0.00 ,$164.86 ,$291.33 ,"$39,848.00 "
"3125 NE Loop 820  Fort Worth, TX 76110",Acura,Auto - Acura Plant (Floorplan-New) - East,2/25/2026,10118,2/25/2026,9/25/2027,2026 Acura ACURARDXSHWDT,Automobile,ACURARDXSHWDT,5J8TC2H5XTL010118,,"$47,431.60 ","$47,431.60 ",$0.00 ,,$0.00 ,$0.00 ,$0.00 ,"$47,431.60 ",$0.00 ,$0.00 ,$0.00 ,$0.00 ,$0.00 ,$196.24 ,$0.00 ,$0.00 ,$0.00 ,$196.24 ,$425.34 ,"$47,431.60 "
"3125 NE Loop 820  Fort Worth, TX 76110",Acura,Auto - Acura Plant (Floorplan-New) - East,2/13/2026,10584,2/13/2026,9/13/2027,2026 Acura ACURAINTEGA-S,Automobile,ACURAINTEGA-S,19UDE4H30TA010584,,"$36,454.90 ","$36,454.90 ",$0.00 ,,$0.00 ,$0.00 ,$0.00 ,"$36,454.90 ",$0.00 ,$0.00 ,$0.00 ,$0.00 ,$0.00 ,$150.83 ,$0.00 ,$0.00 ,$0.00 ,$150.83 ,$387.32 ,"$36,454.90 "
"3125 NE Loop 820  Fort Worth, TX 76110",Acura,Auto - Acura Plant (Floorplan-New) - East,2/13/2026,10774,2/13/2026,9/13/2027,2026 Acura ACURAINTEGA-S,Automobile,ACURAINTEGA-S,19UDE4H62TA010774,A7942,"$39,503.00 ","$39,503.00 ",$0.00 ,,"($39,503.00)",$0.00 ,"($39,503.00)",$0.00 ,$0.00 ,$0.00 ,$0.00 ,$0.00 ,$0.00 ,$152.54 ,$0.00 ,$0.00 ,$0.00 ,$152.54 ,$408.81 ,"$36,869.47 "
"3125 NE Loop 820  Fort Worth, TX 76110",Acura,Auto - Acura Plant (Floorplan-New) - East,3/2/2026,10829,3/2/2026,10/2/2027,2026 Acura ACURAINTEG,Automobile,ACURAINTEG,19UDE4H25TA010829,A7943,"$34,781.00 ","$34,781.00 ",$0.00 ,,"($34,781.00)",$0.00 ,"($34,781.00)",$0.00 ,$0.00 ,$0.00 ,$0.00 ,$0.00 ,$0.00 ,$95.93 ,$0.00 ,$0.00 ,$0.00 ,$95.93 ,$239.91 ,"$23,187.33 "
"3125 NE Loop 820  Fort Worth, TX 76110",Acura,Auto - Acura Plant (Floorplan-New) - East,3/19/2026,11242,3/19/2026,10/19/2027,2026 Acura ACURARDXSHWDT,Automobile,ACURARDXSHWDT,5J8TC2H55TL011242,,"$47,431.60 ","$47,431.60 ",$0.00 ,,$0.00 ,$0.00 ,$0.00 ,"$47,431.60 ",$0.00 ,$0.00 ,$0.00 ,$0.00 ,$0.00 ,$196.24 ,$0.00 ,$0.00 ,$0.00 ,$196.24 ,$281.33 ,"$47,431.60 "
"3125 NE Loop 820  Fort Worth, TX 76110",Acura,Auto - Acura Plant (Floorplan-New) - East,3/2/2026,11251,3/2/2026,10/2/2027,2026 Acura ACURAINTEG,Automobile,ACURAINTEG,19UDE4H21TA011251,,"$34,436.00 ","$34,436.00 ",$0.00 ,,$0.00 ,$0.00 ,$0.00 ,"$34,436.00 ",$0.00 ,$0.00 ,$0.00 ,$0.00 ,$0.00 ,$142.47 ,$0.00 ,$0.00 ,$0.00 ,$142.47 ,$285.03 ,"$34,436.00 "
"3125 NE Loop 820  Fort Worth, TX 76110",Acura,Auto - Acura Plant (Floorplan-New) - East,3/2/2026,11381,3/2/2026,10/2/2027,2026 Acura ACURAINTEGA-S,Automobile,ACURAINTEGA-S,19UDE4H6XTA011381,,"$39,503.00 ","$39,503.00 ",$0.00 ,,$0.00 ,$0.00 ,$0.00 ,"$39,503.00 ",$0.00 ,$0.00 ,$0.00 ,$0.00 ,$0.00 ,$163.44 ,$0.00 ,$0.00 ,$0.00 ,$163.44 ,$326.97 ,"$39,503.00 "
"3125 NE Loop 820  Fort Worth, TX 76110",Acura,Auto - Acura Plant (Floorplan-New) - East,3/19/2026,11409,3/19/2026,10/19/2027,2026 Acura ACURARDXSHWDT,Automobile,ACURARDXSHWDT,5J8TC2H54TL011409,A8054,"$47,431.60 ","$47,431.60 ",$0.00 ,,"($47,431.60)",$0.00 ,"($47,431.60)",$0.00 ,$0.00 ,$0.00 ,$0.00 ,$0.00 ,$0.00 ,$85.04 ,$0.00 ,$0.00 ,$0.00 ,$85.04 ,$170.13 ,"$20,553.69 "
"3125 NE Loop 820  Fort Worth, TX 76110",Acura,Auto - Acura Plant (Floorplan-New) - East,3/2/2026,11760,3/2/2026,10/2/2027,2026 Acura ACURAINTEGA-S,Automobile,ACURAINTEGA-S,19UDE4H3XTA011760,A7965,"$36,799.90 ","$36,799.90 ",$0.00 ,,"($36,799.90)",$0.00 ,"($36,799.90)",$0.00 ,$0.00 ,$0.00 ,$0.00 ,$0.00 ,$0.00 ,$147.18 ,$0.00 ,$0.00 ,$0.00 ,$147.18 ,$299.52 ,"$35,573.24 "
"3125 NE Loop 820  Fort Worth, TX 76110",Acura,Auto - Acura Plant (Floorplan-New) - East,3/17/2026,11847,3/17/2026,10/17/2027,2026 Acura ACURARDXSHWD,Automobile,ACURARDXSHWD,5J8TC2H47TL011847,,"$45,993.70 ","$45,993.70 ",$0.00 ,,$0.00 ,$0.00 ,$0.00 ,"$45,993.70 ",$0.00 ,$0.00 ,$0.00 ,$0.00 ,$0.00 ,$190.29 ,$0.00 ,$0.00 ,$0.00 ,$190.29 ,$285.49 ,"$45,993.70 "
"3125 NE Loop 820  Fort Worth, TX 76110",Acura,Auto - Acura Plant (Floorplan-New) - East,2/23/2026,11912,2/23/2026,9/23/2027,2026 Acura ACURARDXSHWDT,Automobile,ACURARDXSHWDT,5J8TC2H52TL011912,,"$47,431.60 ","$47,431.60 ",$0.00 ,,$0.00 ,$0.00 ,$0.00 ,"$47,431.60 ",$0.00 ,$0.00 ,$0.00 ,$0.00 ,$0.00 ,$196.24 ,$0.00 ,$0.00 ,$0.00 ,$196.24 ,$438.44 ,"$47,431.60 "
"3125 NE Loop 820  Fort Worth, TX 76110",Acura,Auto - Acura Plant (Floorplan-New) - East,3/24/2026,11919,3/24/2026,10/24/2027,2026 Acura ACURARDXSHWDA,Automobile,ACURARDXSHWDA,5J8TC2H64TL011919,,"$50,186.20 ","$50,186.20 ",$0.00 ,,$0.00 ,$0.00 ,$0.00 ,"$50,186.20 ",$0.00 ,$0.00 ,$0.00 ,$0.00 ,$0.00 ,$207.64 ,$0.00 ,$0.00 ,$0.00 ,$207.64 ,$263.04 ,"$50,186.20 "
"3125 NE Loop 820  Fort Worth, TX 76110",Acura,Auto - Acura Plant (Floorplan-New) - East,3/6/2026,12259,3/6/2026,10/6/2027,2026 Acura ACURAINTEGA-S,Automobile,ACURAINTEGA-S,19UDE4H3XTA012259,A8029,"$36,454.90 ","$36,454.90 ",$0.00 ,,"($36,454.90)",$0.00 ,"($36,454.90)",$0.00 ,$0.00 ,$0.00 ,$0.00 ,$0.00 ,$0.00 ,$40.22 ,$0.00 ,$0.00 ,$0.00 ,$40.22 ,$171.01 ,"$9,721.31 "
"3125 NE Loop 820  Fort Worth, TX 76110",Acura,Auto - Acura Plant (Floorplan-New) - East,3/5/2026,12477,3/5/2026,10/5/2027,2026 Acura ACURAINTEGA-S,Automobile,ACURAINTEGA-S,19UDE4H66TA012477,,"$39,503.00 ","$39,503.00 ",$0.00 ,,$0.00 ,$0.00 ,$0.00 ,"$39,503.00 ",$0.00 ,$0.00 ,$0.00 ,$0.00 ,$0.00 ,$163.44 ,$0.00 ,$0.00 ,$0.00 ,$163.44 ,$310.62 ,"$39,503.00 "
"3125 NE Loop 820  Fort Worth, TX 76110",Acura,Auto - Acura Plant (Floorplan-New) - East,3/24/2026,12721,3/24/2026,10/24/2027,2026 Acura ACURARDXSHWDA,Automobile,ACURARDXSHWDA,5J8TC2H6XTL012721,A8067,"$50,186.20 ","$50,186.20 ",$0.00 ,,"($50,186.20)",$0.00 ,"($50,186.20)",$0.00 ,$0.00 ,$0.00 ,$0.00 ,$0.00 ,$0.00 ,$6.92 ,$0.00 ,$0.00 ,$0.00 ,$6.92 ,$62.32 ,"$1,672.87 "
"3125 NE Loop 820  Fort Worth, TX 76110",Acura,Auto - Acura Plant (Floorplan-New) - East,12/2/2025,12769,12/2/2025,7/2/2027,2026 Acura MDX,Automobile,MDX,5J8YE1H80TL012769,A7783,"$64,102.20 ","$64,102.20 ",$0.00 ,,$0.00 ,$0.00 ,$0.00 ,"$64,102.20 ",$0.00 ,$0.00 ,$0.00 ,$0.00 ,$0.00 ,$265.21 ,$0.00 ,$0.00 ,$0.00 ,$265.21 ,"$1,339.93 ","$64,102.20 "
"3125 NE Loop 820  Fort Worth, TX 76110",Acura,Auto - Acura Plant (Floorplan-New) - East,2/25/2026,12784,2/25/2026,9/25/2027,2026 Acura ACURARDXSHWDT,Automobile,ACURARDXSHWDT,5J8TC2H52TL012784,,"$47,431.60 ","$47,431.60 ",$0.00 ,,$0.00 ,$0.00 ,$0.00 ,"$47,431.60 ",$0.00 ,$0.00 ,$0.00 ,$0.00 ,$0.00 ,$196.24 ,$0.00 ,$0.00 ,$0.00 ,$196.24 ,$425.34 ,"$47,431.60 "
"3125 NE Loop 820  Fort Worth, TX 76110",Acura,Auto - Acura Plant (Floorplan-New) - East,3/13/2026,12822,3/13/2026,10/13/2027,2026 Acura RDX,Automobile,RDX,5J8TC2H65TL012822,A8053,"$50,186.20 ","$50,186.20 ",$0.00 ,,$0.00 ,$0.00 ,$0.00 ,"$50,186.20 ",$0.00 ,$0.00 ,$0.00 ,$0.00 ,$0.00 ,$207.64 ,$0.00 ,$0.00 ,$0.00 ,$207.64 ,$339.22 ,"$50,186.20 "
"3125 NE Loop 820  Fort Worth, TX 76110",Acura,Auto - Acura Plant (Floorplan-New) - East,3/9/2026,12833,3/9/2026,10/9/2027,2026 Acura ACURAINTEG,Automobile,ACURAINTEG,19UDE4H26TA012833,,"$34,436.00 ","$34,436.00 ",$0.00 ,,$0.00 ,$0.00 ,$0.00 ,"$34,436.00 ",$0.00 ,$0.00 ,$0.00 ,$0.00 ,$0.00 ,$142.47 ,$0.00 ,$0.00 ,$0.00 ,$142.47 ,$251.76 ,"$34,436.00 "
"3125 NE Loop 820  Fort Worth, TX 76110",Acura,Auto - Acura Plant (Floorplan-New) - East,1/13/2026,12938,1/13/2026,8/13/2027,2026 Acura MDX,Automobile,MDX,5J8YE1H88TL012938,A7874,"$64,667.40 ","$64,667.40 ",$0.00 ,,$0.00 ,$0.00 ,$0.00 ,"$64,667.40 ",$0.00 ,$0.00 ,$0.00 ,$0.00 ,$0.00 ,$267.55 ,$0.00 ,$0.00 ,$0.00 ,$267.55 ,$964.91 ,"$64,667.40 "
"3125 NE Loop 820  Fort Worth, TX 76110",Acura,Auto - Acura Plant (Floorplan-New) - East,11/25/2025,13023,11/25/2025,6/25/2027,2026 Acura MDX,Automobile,MDX,5J8YE1H88TL013023,A7782,"$64,667.40 ","$64,667.40 ",$0.00 ,,$0.00 ,$0.00 ,$0.00 ,"$64,667.40 ",$0.00 ,$0.00 ,$0.00 ,$0.00 ,$0.00 ,$267.55 ,$0.00 ,$0.00 ,$0.00 ,$267.55 ,"$1,417.99 ","$64,667.40 "
"3125 NE Loop 820  Fort Worth, TX 76110",Acura,Auto - Acura Plant (Floorplan-New) - East,3/5/2026,13041,3/5/2026,10/5/2027,2026 Acura ACURAINTEG,Automobile,ACURAINTEG,19UDE4H20TA013041,A8020,"$33,860.00 ","$33,860.00 ",$0.00 ,,"($33,860.00)",$0.00 ,"($33,860.00)",$0.00 ,$0.00 ,$0.00 ,$0.00 ,$0.00 ,$0.00 ,$37.36 ,$0.00 ,$0.00 ,$0.00 ,$37.36 ,$163.51 ,"$9,029.33 "
"3125 NE Loop 820  Fort Worth, TX 76110",Acura,Auto - Acura Plant (Floorplan-New) - East,3/2/2026,13248,3/2/2026,10/2/2027,2026 Acura ACURARDXSHWDT,Automobile,ACURARDXSHWDT,5J8TC2H55TL013248,,"$47,431.60 ","$47,431.60 ",$0.00 ,,$0.00 ,$0.00 ,$0.00 ,"$47,431.60 ",$0.00 ,$0.00 ,$0.00 ,$0.00 ,$0.00 ,$196.24 ,$0.00 ,$0.00 ,$0.00 ,$196.24 ,$392.59 ,"$47,431.60 "
"3125 NE Loop 820  Fort Worth, TX 76110",Acura,Auto - Acura Plant (Floorplan-New) - East,3/16/2026,13562,3/16/2026,10/16/2027,2026 Acura ACURARDXSHWDA,Automobile,ACURARDXSHWDA,5J8TC2H6XTL013562,A8046,"$50,186.20 ","$50,186.20 ",$0.00 ,,"($50,186.20)",$0.00 ,"($50,186.20)",$0.00 ,$0.00 ,$0.00 ,$0.00 ,$0.00 ,$0.00 ,$48.45 ,$0.00 ,$0.00 ,$0.00 ,$48.45 ,$159.25 ,"$11,710.11 "
"3125 NE Loop 820  Fort Worth, TX 76110",Acura,Auto - Acura Plant (Floorplan-New) - East,3/16/2026,13743,3/16/2026,10/16/2027,2026 Acura ACURARDXSHWD,Automobile,ACURARDXSHWD,5J8TC2H45TL013743,,"$45,422.50 ","$45,422.50 ",$0.00 ,,$0.00 ,$0.00 ,$0.00 ,"$45,422.50 ",$0.00 ,$0.00 ,$0.00 ,$0.00 ,$0.00 ,$187.93 ,$0.00 ,$0.00 ,$0.00 ,$187.93 ,$288.22 ,"$45,422.50 "
"3125 NE Loop 820  Fort Worth, TX 76110",Acura,Auto - Acura Plant (Floorplan-New) - East,3/5/2026,13790,3/5/2026,10/5/2027,2026 Acura ACURARDXSHWDT,Automobile,ACURARDXSHWDT,5J8TC2H52TL013790,,"$47,431.60 ","$47,431.60 ",$0.00 ,,$0.00 ,$0.00 ,$0.00 ,"$47,431.60 ",$0.00 ,$0.00 ,$0.00 ,$0.00 ,$0.00 ,$196.24 ,$0.00 ,$0.00 ,$0.00 ,$196.24 ,$372.96 ,"$47,431.60 "
"3125 NE Loop 820  Fort Worth, TX 76110",Acura,Auto - Acura Plant (Floorplan-New) - East,3/16/2026,14001,3/16/2026,10/16/2027,2026 Acura ACURARDXSHWDT,Automobile,ACURARDXSHWDT,5J8TC2H59TL014001,A8047,"$47,431.60 ","$47,431.60 ",$0.00 ,,"($47,431.60)",$0.00 ,"($47,431.60)",$0.00 ,$0.00 ,$0.00 ,$0.00 ,$0.00 ,$0.00 ,$13.08 ,$0.00 ,$0.00 ,$0.00 ,$13.08 ,$117.80 ,"$3,162.11 "
"3125 NE Loop 820  Fort Worth, TX 76110",Acura,Auto - Acura Plant (Floorplan-New) - East,4/1/2026,14118,4/1/2026,11/1/2027,2026 Acura ACURAINTEGA-S,Automobile,ACURAINTEGA-S,19UDE4H32TA014118,,"$35,878.90 ",$0.00 ,"$35,878.90 ",4/1/2026,$0.00 ,$0.00 ,"$35,878.90 ","$35,878.90 ",$0.00 ,$0.00 ,$0.00 ,$0.00 ,$0.00 ,$148.44 ,$0.00 ,$0.00 ,$0.00 ,$148.44 ,$148.44 ,"$35,878.90 "
"3125 NE Loop 820  Fort Worth, TX 76110",Acura,Auto - Acura Plant (Floorplan-New) - East,3/27/2026,14135,3/27/2026,10/27/2027,2026 Acura ACURARDXSHWDA,Automobile,ACURARDXSHWDA,5J8TC2H85TL014135,,"$54,019.00 ","$54,019.00 ",$0.00 ,,$0.00 ,$0.00 ,$0.00 ,"$54,019.00 ",$0.00 ,$0.00 ,$0.00 ,$0.00 ,$0.00 ,$223.49 ,$0.00 ,$0.00 ,$0.00 ,$223.49 ,$260.76 ,"$54,019.00 "
"3125 NE Loop 820  Fort Worth, TX 76110",Acura,Auto - Acura Plant (Floorplan-New) - East,3/17/2026,14167,3/17/2026,10/17/2027,2026 Acura ACURAINTEGA-S,Automobile,ACURAINTEGA-S,19UDE4H34TA014167,A8062,"$36,454.90 ","$36,454.90 ",$0.00 ,,"($36,454.90)",$0.00 ,"($36,454.90)",$0.00 ,$0.00 ,$0.00 ,$0.00 ,$0.00 ,$0.00 ,$110.61 ,$0.00 ,$0.00 ,$0.00 ,$110.61 ,$186.07 ,"$26,733.59 "
"3125 NE Loop 820  Fort Worth, TX 76110",Acura,Auto - Acura Plant (Floorplan-New) - East,4/9/2026,14381,4/9/2026,11/9/2027,2026 Acura ACURAINTEG,Automobile,ACURAINTEG,19UDE4H27TA014381,,"$34,205.00 ",$0.00 ,"$34,205.00 ",4/9/2026,$0.00 ,$0.00 ,"$34,205.00 ","$34,205.00 ",$0.00 ,$0.00 ,$0.00 ,$0.00 ,$0.00 ,$103.78 ,$0.00 ,$0.00 ,$0.00 ,$103.78 ,$103.78 ,"$25,083.67 "
"3125 NE Loop 820  Fort Worth, TX 76110",Acura,Auto - Acura Plant (Floorplan-New) - East,3/25/2026,14542,3/25/2026,10/25/2027,2026 Acura ACURARDXSHWDA,Automobile,ACURARDXSHWDA,5J8TC2H78TL014542,A8075,"$51,551.80 ","$51,551.80 ",$0.00 ,,"($51,551.80)",$0.00 ,"($51,551.80)",$0.00 ,$0.00 ,$0.00 ,$0.00 ,$0.00 ,$0.00 ,$14.22 ,$0.00 ,$0.00 ,$0.00 ,$14.22 ,$64.02 ,"$3,436.79 "
"3125 NE Loop 820  Fort Worth, TX 76110",Acura,Auto - Acura Plant (Floorplan-New) - East,4/1/2026,14587,4/1/2026,11/1/2027,2026 Acura ACURAINTEGA-S,Automobile,ACURAINTEGA-S,19UDE4H34TA014587,A8140,"$36,799.90 ",$0.00 ,"$36,799.90 ",4/1/2026,"($36,799.90)",$0.00 ,$0.00 ,$0.00 ,$0.00 ,$0.00 ,$0.00 ,$0.00 ,$0.00 ,$25.38 ,$0.00 ,$0.00 ,$0.00 ,$25.38 ,$25.38 ,"$6,133.32 "
"3125 NE Loop 820  Fort Worth, TX 76110",Acura,Auto - Acura Plant (Floorplan-New) - East,3/25/2026,14673,3/25/2026,10/25/2027,2026 Acura ACURARDXSHWDT,Automobile,ACURARDXSHWDT,5J8TC2H53TL014673,,"$47,431.60 ","$47,431.60 ",$0.00 ,,$0.00 ,$0.00 ,$0.00 ,"$47,431.60 ",$0.00 ,$0.00 ,$0.00 ,$0.00 ,$0.00 ,$196.24 ,$0.00 ,$0.00 ,$0.00 ,$196.24 ,$242.06 ,"$47,431.60 "
"3125 NE Loop 820  Fort Worth, TX 76110",Acura,Auto - Acura Plant (Floorplan-New) - East,4/6/2026,14741,4/6/2026,11/6/2027,2026 Acura ACURARDXSHWDA,Automobile,ACURARDXSHWDA,5J8TC2H64TL014741,A8059,"$50,186.20 ",$0.00 ,"$50,186.20 ",4/6/2026,"($50,186.20)",$0.00 ,$0.00 ,$0.00 ,$0.00 ,$0.00 ,$0.00 ,$0.00 ,$0.00 ,$124.58 ,$0.00 ,$0.00 ,$0.00 ,$124.58 ,$124.58 ,"$30,111.72 "
"3125 NE Loop 820  Fort Worth, TX 76110",Acura,Auto - Acura Plant (Floorplan-New) - East,3/25/2026,14772,3/25/2026,10/25/2027,2026 Acura ACURARDXSHWD,Automobile,ACURARDXSHWD,5J8TC2H46TL014772,,"$45,993.70 ","$45,993.70 ",$0.00 ,,$0.00 ,$0.00 ,$0.00 ,"$45,993.70 ",$0.00 ,$0.00 ,$0.00 ,$0.00 ,$0.00 ,$190.29 ,$0.00 ,$0.00 ,$0.00 ,$190.29 ,$234.72 ,"$45,993.70 "
"3125 NE Loop 820  Fort Worth, TX 76110",Acura,Auto - Acura Plant (Floorplan-New) - East,3/31/2026,14783,3/31/2026,10/31/2027,2026 Acura ACURAINTEGA-S,Automobile,ACURAINTEGA-S,19UDE4H61TA014783,,"$39,848.00 ","$39,848.00 ",$0.00 ,,$0.00 ,$0.00 ,$0.00 ,"$39,848.00 ",$0.00 ,$0.00 ,$0.00 ,$0.00 ,$0.00 ,$164.86 ,$0.00 ,$0.00 ,$0.00 ,$164.86 ,$170.36 ,"$39,848.00 "
"3125 NE Loop 820  Fort Worth, TX 76110",Acura,Auto - Acura Plant (Floorplan-New) - East,3/26/2026,14903,3/26/2026,10/26/2027,2026 Acura ACURARDXSHWDA,Automobile,ACURARDXSHWDA,5J8TC2H73TL014903,,"$52,123.00 ","$52,123.00 ",$0.00 ,,$0.00 ,$0.00 ,$0.00 ,"$52,123.00 ",$0.00 ,$0.00 ,$0.00 ,$0.00 ,$0.00 ,$215.65 ,$0.00 ,$0.00 ,$0.00 ,$215.65 ,$258.81 ,"$52,123.00 "
"3125 NE Loop 820  Fort Worth, TX 76110",Acura,Auto - Acura Plant (Floorplan-New) - East,3/31/2026,14917,3/31/2026,10/31/2027,2026 Acura ACURAINTEGA-S,Automobile,ACURAINTEGA-S,19UDE4H67TA014917,A8107,"$39,503.00 ","$39,503.00 ",$0.00 ,,"($39,503.00)",$0.00 ,"($39,503.00)",$0.00 ,$0.00 ,$0.00 ,$0.00 ,$0.00 ,$0.00 ,$119.85 ,$0.00 ,$0.00 ,$0.00 ,$119.85 ,$125.30 ,"$28,968.87 "
"3125 NE Loop 820  Fort Worth, TX 76110",Acura,Auto - Acura Plant (Floorplan-New) - East,4/6/2026,14930,4/6/2026,11/6/2027,2026 Acura ACURAINTEGA-S,Automobile,ACURAINTEGA-S,19UDE4H6XTA014930,,"$39,503.00 ",$0.00 ,"$39,503.00 ",4/6/2026,$0.00 ,$0.00 ,"$39,503.00 ","$39,503.00 ",$0.00 ,$0.00 ,$0.00 ,$0.00 ,$0.00 ,$136.20 ,$0.00 ,$0.00 ,$0.00 ,$136.20 ,$136.20 ,"$32,919.17 "
"3125 NE Loop 820  Fort Worth, TX 76110",Acura,Auto - Acura Plant (Floorplan-New) - East,3/31/2026,14953,3/31/2026,10/31/2027,2026 Acura ACURAINTEGA-S,Automobile,ACURAINTEGA-S,19UDE4H60TA014953,A8109,"$39,503.00 ","$39,503.00 ",$0.00 ,,"($39,503.00)",$0.00 ,"($39,503.00)",$0.00 ,$0.00 ,$0.00 ,$0.00 ,$0.00 ,$0.00 ,$125.30 ,$0.00 ,$0.00 ,$0.00 ,$125.30 ,$130.75 ,"$30,285.63 "
"3125 NE Loop 820  Fort Worth, TX 76110",Acura,Auto - Acura Plant (Floorplan-New) - East,3/26/2026,14957,3/26/2026,10/26/2027,2026 Acura ACURARDXSHWDA,Automobile,ACURARDXSHWDA,5J8TC2H83TL014957,,"$53,447.80 ","$53,447.80 ",$0.00 ,,$0.00 ,$0.00 ,$0.00 ,"$53,447.80 ",$0.00 ,$0.00 ,$0.00 ,$0.00 ,$0.00 ,$221.13 ,$0.00 ,$0.00 ,$0.00 ,$221.13 ,$265.38 ,"$53,447.80 "
"3125 NE Loop 820  Fort Worth, TX 76110",Acura,Auto - Acura Plant (Floorplan-New) - East,4/6/2026,14972,4/6/2026,11/6/2027,2026 Acura ACURAINTEGA-S,Automobile,ACURAINTEGA-S,19UDE4H37TA014972,,"$36,454.90 ",$0.00 ,"$36,454.90 ",4/6/2026,$0.00 ,$0.00 ,"$36,454.90 ","$36,454.90 ",$0.00 ,$0.00 ,$0.00 ,$0.00 ,$0.00 ,$125.69 ,$0.00 ,$0.00 ,$0.00 ,$125.69 ,$125.69 ,"$30,379.08 "
"3125 NE Loop 820  Fort Worth, TX 76110",Acura,Auto - Acura Plant (Floorplan-New) - East,4/9/2026,14989,4/9/2026,11/9/2027,2026 Acura ACURAINTEGA-S,Automobile,ACURAINTEGA-S,19UDE4H32TA014989,,"$36,454.90 ",$0.00 ,"$36,454.90 ",4/9/2026,$0.00 ,$0.00 ,"$36,454.90 ","$36,454.90 ",$0.00 ,$0.00 ,$0.00 ,$0.00 ,$0.00 ,$110.61 ,$0.00 ,$0.00 ,$0.00 ,$110.61 ,$110.61 ,"$26,733.59 "
"3125 NE Loop 820  Fort Worth, TX 76110",Acura,Auto - Acura Plant (Floorplan-New) - East,3/27/2026,14992,3/27/2026,10/27/2027,2026 Acura ACURARDXSHWD,Automobile,ACURARDXSHWD,5J8TC2H49TL014992,,"$45,993.70 ","$45,993.70 ",$0.00 ,,$0.00 ,$0.00 ,$0.00 ,"$45,993.70 ",$0.00 ,$0.00 ,$0.00 ,$0.00 ,$0.00 ,$190.29 ,$0.00 ,$0.00 ,$0.00 ,$190.29 ,$222.02 ,"$45,993.70 "
"3125 NE Loop 820  Fort Worth, TX 76110",Acura,Auto - Acura Plant (Floorplan-New) - East,3/27/2026,15042,3/27/2026,10/27/2027,2026 Acura ACURARDXSHWD,Automobile,ACURARDXSHWD,5J8TC2H47TL015042,,"$45,422.50 ","$45,422.50 ",$0.00 ,,$0.00 ,$0.00 ,$0.00 ,"$45,422.50 ",$0.00 ,$0.00 ,$0.00 ,$0.00 ,$0.00 ,$187.93 ,$0.00 ,$0.00 ,$0.00 ,$187.93 ,$219.27 ,"$45,422.50 "
"3125 NE Loop 820  Fort Worth, TX 76110",Acura,Auto - Acura Plant (Floorplan-New) - East,4/14/2026,15109,4/14/2026,11/14/2027,2026 Acura ACURAINTEGA-S,Automobile,ACURAINTEGA-S,19UDE4H36TA015109,,"$36,454.90 ",$0.00 ,"$36,454.90 ",4/14/2026,$0.00 ,$0.00 ,"$36,454.90 ","$36,454.90 ",$0.00 ,$0.00 ,$0.00 ,$0.00 ,$0.00 ,$85.47 ,$0.00 ,$0.00 ,$0.00 ,$85.47 ,$85.47 ,"$20,657.78 "
"3125 NE Loop 820  Fort Worth, TX 76110",Acura,Auto - Acura Plant (Floorplan-New) - East,4/9/2026,15249,4/9/2026,11/9/2027,2026 Acura ACURAINTEGA-S,Automobile,ACURAINTEGA-S,19UDE4H68TA015249,A8164,"$39,503.00 ",$0.00 ,"$39,503.00 ",4/9/2026,"($39,503.00)",$0.00 ,$0.00 ,$0.00 ,$0.00 ,$0.00 ,$0.00 ,$0.00 ,$0.00 ,$108.96 ,$0.00 ,$0.00 ,$0.00 ,$108.96 ,$108.96 ,"$26,335.33 "
"3125 NE Loop 820  Fort Worth, TX 76110",Acura,Auto - Acura Plant (Floorplan-New) - East,4/14/2026,15274,4/14/2026,11/14/2027,2026 Acura ACURAINTEGA-S,Automobile,ACURAINTEGA-S,19UDE4G74TA015274,,"$39,503.00 ",$0.00 ,"$39,503.00 ",4/14/2026,$0.00 ,$0.00 ,"$39,503.00 ","$39,503.00 ",$0.00 ,$0.00 ,$0.00 ,$0.00 ,$0.00 ,$92.61 ,$0.00 ,$0.00 ,$0.00 ,$92.61 ,$92.61 ,"$22,385.03 "
"3125 NE Loop 820  Fort Worth, TX 76110",Acura,Auto - Acura Plant (Floorplan-New) - East,3/26/2026,15287,3/26/2026,10/26/2027,2026 Acura ACURARDXSHWD,Automobile,ACURARDXSHWD,5J8TC2H44TL015287,,"$45,993.70 ","$45,993.70 ",$0.00 ,,$0.00 ,$0.00 ,$0.00 ,"$45,993.70 ",$0.00 ,$0.00 ,$0.00 ,$0.00 ,$0.00 ,$190.29 ,$0.00 ,$0.00 ,$0.00 ,$190.29 ,$228.37 ,"$45,993.70 "
"3125 NE Loop 820  Fort Worth, TX 76110",Acura,Auto - Acura Plant (Floorplan-New) - East,3/24/2026,15504,3/24/2026,10/24/2027,2026 Acura ACURARDXSHWDT,Automobile,ACURARDXSHWDT,5J8TC2H57TL015504,,"$46,860.40 ","$46,860.40 ",$0.00 ,,$0.00 ,$0.00 ,$0.00 ,"$46,860.40 ",$0.00 ,$0.00 ,$0.00 ,$0.00 ,$0.00 ,$193.88 ,$0.00 ,$0.00 ,$0.00 ,$193.88 ,$245.61 ,"$46,860.40 "
"3125 NE Loop 820  Fort Worth, TX 76110",Acura,Auto - Acura Plant (Floorplan-New) - East,3/27/2026,15568,3/27/2026,10/27/2027,2026 Acura ACURARDXSHWDT,Automobile,ACURARDXSHWDT,5J8TC2H50TL015568,,"$46,860.40 ","$46,860.40 ",$0.00 ,,$0.00 ,$0.00 ,$0.00 ,"$46,860.40 ",$0.00 ,$0.00 ,$0.00 ,$0.00 ,$0.00 ,$193.88 ,$0.00 ,$0.00 ,$0.00 ,$193.88 ,$226.21 ,"$46,860.40 "
"3125 NE Loop 820  Fort Worth, TX 76110",Acura,Auto - Acura Plant (Floorplan-New) - East,3/27/2026,15757,3/27/2026,10/27/2027,2026 Acura ACURARDXSHWD,Automobile,ACURARDXSHWD,5J8TC2H44TL015757,,"$45,422.50 ","$45,422.50 ",$0.00 ,,$0.00 ,$0.00 ,$0.00 ,"$45,422.50 ",$0.00 ,$0.00 ,$0.00 ,$0.00 ,$0.00 ,$187.93 ,$0.00 ,$0.00 ,$0.00 ,$187.93 ,$219.27 ,"$45,422.50 "
"3125 NE Loop 820  Fort Worth, TX 76110",Acura,Auto - Acura Plant (Floorplan-New) - East,3/26/2026,15823,3/26/2026,10/26/2027,2026 Acura ACURARDXSHWDT,Automobile,ACURARDXSHWDT,5J8TC2H51TL015823,A8123,"$46,860.40 ","$46,860.40 ",$0.00 ,,"($46,860.40)",$0.00 ,"($46,860.40)",$0.00 ,$0.00 ,$0.00 ,$0.00 ,$0.00 ,$0.00 ,$32.31 ,$0.00 ,$0.00 ,$0.00 ,$32.31 ,$71.11 ,"$7,810.07 "
"3125 NE Loop 820  Fort Worth, TX 76110",Acura,Auto - Acura Plant (Floorplan-New) - East,3/27/2026,15868,3/27/2026,10/27/2027,2026 Acura ACURARDXSHWDA,Automobile,ACURARDXSHWDA,5J8TC2H7XTL015868,,"$52,123.00 ","$52,123.00 ",$0.00 ,,$0.00 ,$0.00 ,$0.00 ,"$52,123.00 ",$0.00 ,$0.00 ,$0.00 ,$0.00 ,$0.00 ,$215.65 ,$0.00 ,$0.00 ,$0.00 ,$215.65 ,$251.61 ,"$52,123.00 "
"3125 NE Loop 820  Fort Worth, TX 76110",Acura,Auto - Acura Plant (Floorplan-New) - East,3/27/2026,16014,3/27/2026,10/27/2027,2026 Acura ACURARDXSHWD,Automobile,ACURARDXSHWD,5J8TC2H47TL016014,,"$45,993.70 ","$45,993.70 ",$0.00 ,,$0.00 ,$0.00 ,$0.00 ,"$45,993.70 ",$0.00 ,$0.00 ,$0.00 ,$0.00 ,$0.00 ,$190.29 ,$0.00 ,$0.00 ,$0.00 ,$190.29 ,$222.02 ,"$45,993.70 "
"3125 NE Loop 820  Fort Worth, TX 76110",Acura,Auto - Acura Plant (Floorplan-New) - East,3/27/2026,16205,3/27/2026,10/27/2027,2026 Acura ACURARDXSHWDA,Automobile,ACURARDXSHWDA,5J8TC2H70TL016205,A8128,"$52,123.00 ","$52,123.00 ",$0.00 ,,"($52,123.00)",$0.00 ,"($52,123.00)",$0.00 ,$0.00 ,$0.00 ,$0.00 ,$0.00 ,$0.00 ,$7.19 ,$0.00 ,$0.00 ,$0.00 ,$7.19 ,$43.15 ,"$1,737.43 "
"3125 NE Loop 820  Fort Worth, TX 76110",Acura,Auto - Acura Plant (Floorplan-New) - East,3/26/2026,16500,3/26/2026,10/26/2027,2026 Acura ACURARDXSHWD,Automobile,ACURARDXSHWD,5J8TC2H45TL016500,,"$45,993.70 ","$45,993.70 ",$0.00 ,,$0.00 ,$0.00 ,$0.00 ,"$45,993.70 ",$0.00 ,$0.00 ,$0.00 ,$0.00 ,$0.00 ,$190.29 ,$0.00 ,$0.00 ,$0.00 ,$190.29 ,$228.37 ,"$45,993.70 "
"3125 NE Loop 820  Fort Worth, TX 76110",Acura,Auto - Acura Plant (Floorplan-New) - East,3/26/2026,16581,3/26/2026,10/26/2027,2026 Acura ACURARDXSHWDT,Automobile,ACURARDXSHWDT,5J8TC2H58TL016581,,"$47,431.60 ","$47,431.60 ",$0.00 ,,$0.00 ,$0.00 ,$0.00 ,"$47,431.60 ",$0.00 ,$0.00 ,$0.00 ,$0.00 ,$0.00 ,$196.24 ,$0.00 ,$0.00 ,$0.00 ,$196.24 ,$235.51 ,"$47,431.60 "
"3125 NE Loop 820  Fort Worth, TX 76110",Acura,Auto - Acura Plant (Floorplan-New) - East,3/26/2026,16641,3/26/2026,10/26/2027,2026 Acura ACURARDXSHWDA,Automobile,ACURARDXSHWDA,5J8TC2H79TL016641,,"$52,123.00 ","$52,123.00 ",$0.00 ,,$0.00 ,$0.00 ,$0.00 ,"$52,123.00 ",$0.00 ,$0.00 ,$0.00 ,$0.00 ,$0.00 ,$215.65 ,$0.00 ,$0.00 ,$0.00 ,$215.65 ,$258.81 ,"$52,123.00 "
"3125 NE Loop 820  Fort Worth, TX 76110",Acura,Auto - Acura Plant (Floorplan-New) - East,3/27/2026,16894,3/27/2026,10/27/2027,2026 Acura ACURARDXSHWDT,Automobile,ACURARDXSHWDT,5J8TC2H57TL016894,A8121,"$47,431.60 ","$47,431.60 ",$0.00 ,,"($47,431.60)",$0.00 ,"($47,431.60)",$0.00 ,$0.00 ,$0.00 ,$0.00 ,$0.00 ,$0.00 ,$91.58 ,$0.00 ,$0.00 ,$0.00 ,$91.58 ,$124.31 ,"$22,134.75 "
"3125 NE Loop 820  Fort Worth, TX 76110",Acura,Auto - Acura Plant (Floorplan-New) - East,3/27/2026,16898,3/27/2026,10/27/2027,2026 Acura ACURARDXSHWDT,Automobile,ACURARDXSHWDT,5J8TC2H54TL016898,,"$47,431.60 ","$47,431.60 ",$0.00 ,,$0.00 ,$0.00 ,$0.00 ,"$47,431.60 ",$0.00 ,$0.00 ,$0.00 ,$0.00 ,$0.00 ,$196.24 ,$0.00 ,$0.00 ,$0.00 ,$196.24 ,$228.97 ,"$47,431.60 "
"3125 NE Loop 820  Fort Worth, TX 76110",Acura,Auto - Acura Plant (Floorplan-New) - East,12/16/2025,16912,12/16/2025,7/16/2027,2026 Acura ACURAMDXSHWDA,Automobile,ACURAMDXSHWDA,5J8YE1H8XTL016912,,"$64,667.40 ","$64,667.40 ",$0.00 ,,"($64,667.40)",$0.00 ,"($64,667.40)",$0.00 ,$0.00 ,$0.00 ,$0.00 ,$0.00 ,$0.00 ,$187.29 ,$0.00 ,$0.00 ,$0.00 ,$187.29 ,"$1,141.40 ","$45,267.18 "
"3125 NE Loop 820  Fort Worth, TX 76110",Acura,Auto - Acura Plant (Floorplan-New) - East,3/27/2026,16998,3/27/2026,10/27/2027,2026 Acura ACURARDXSHWDA,Automobile,ACURARDXSHWDA,5J8TC2H76TL016998,,"$52,123.00 ","$52,123.00 ",$0.00 ,,$0.00 ,$0.00 ,$0.00 ,"$52,123.00 ",$0.00 ,$0.00 ,$0.00 ,$0.00 ,$0.00 ,$215.65 ,$0.00 ,$0.00 ,$0.00 ,$215.65 ,$251.61 ,"$52,123.00 "
"3125 NE Loop 820  Fort Worth, TX 76110",Acura,Auto - Acura Plant (Floorplan-New) - East,4/1/2026,17116,4/1/2026,11/1/2027,2026 Acura ACURARDXSHWD,Automobile,ACURARDXSHWD,5J8TC2H49TL017116,,"$45,993.70 ",$0.00 ,"$45,993.70 ",4/1/2026,$0.00 ,$0.00 ,"$45,993.70 ","$45,993.70 ",$0.00 ,$0.00 ,$0.00 ,$0.00 ,$0.00 ,$190.29 ,$0.00 ,$0.00 ,$0.00 ,$190.29 ,$190.29 ,"$45,993.70 "
"3125 NE Loop 820  Fort Worth, TX 76110",Acura,Auto - Acura Plant (Floorplan-New) - East,4/6/2026,17142,4/6/2026,11/6/2027,2026 Acura ACURARDXSHWD,Automobile,ACURARDXSHWD,5J8TC2H4XTL017142,,"$45,993.70 ",$0.00 ,"$45,993.70 ",4/6/2026,$0.00 ,$0.00 ,"$45,993.70 ","$45,993.70 ",$0.00 ,$0.00 ,$0.00 ,$0.00 ,$0.00 ,$158.58 ,$0.00 ,$0.00 ,$0.00 ,$158.58 ,$158.58 ,"$38,328.08 "
"3125 NE Loop 820  Fort Worth, TX 76110",Acura,Auto - Acura Plant (Floorplan-New) - East,4/1/2026,17198,4/1/2026,11/1/2027,2026 Acura ACURARDXSHWDT,Automobile,ACURARDXSHWDT,5J8TC2H53TL017198,,"$47,431.60 ",$0.00 ,"$47,431.60 ",4/1/2026,$0.00 ,$0.00 ,"$47,431.60 ","$47,431.60 ",$0.00 ,$0.00 ,$0.00 ,$0.00 ,$0.00 ,$196.24 ,$0.00 ,$0.00 ,$0.00 ,$196.24 ,$196.24 ,"$47,431.60 "
"3125 NE Loop 820  Fort Worth, TX 76110",Acura,Auto - Acura Plant (Floorplan-New) - East,4/9/2026,17284,4/9/2026,11/9/2027,2026 Acura ACURARDXSHWDT,Automobile,ACURARDXSHWDT,5J8TC2H57TL017284,,"$47,431.60 ",$0.00 ,"$47,431.60 ",4/9/2026,$0.00 ,$0.00 ,"$47,431.60 ","$47,431.60 ",$0.00 ,$0.00 ,$0.00 ,$0.00 ,$0.00 ,$143.91 ,$0.00 ,$0.00 ,$0.00 ,$143.91 ,$143.91 ,"$34,783.17 "
"3125 NE Loop 820  Fort Worth, TX 76110",Acura,Auto - Acura Plant (Floorplan-New) - East,4/30/2026,17347,4/30/2026,11/30/2027,2026 Acura ACURARDXSHWDA,Automobile,ACURARDXSHWDA,5J8TC2H73TL017347,,"$52,123.00 ",$0.00 ,"$52,123.00 ",4/30/2026,$0.00 ,$0.00 ,"$52,123.00 ","$52,123.00 ",$0.00 ,$0.00 ,$0.00 ,$0.00 ,$0.00 ,$7.19 ,$0.00 ,$0.00 ,$0.00 ,$7.19 ,$7.19 ,"$1,737.43 "
"3125 NE Loop 820  Fort Worth, TX 76110",Acura,Auto - Acura Plant (Floorplan-New) - East,4/6/2026,17595,4/6/2026,11/6/2027,2026 Acura ACURARDXSHWDA,Automobile,ACURARDXSHWDA,5J8TC2H8XTL017595,,"$54,019.00 ",$0.00 ,"$54,019.00 ",4/6/2026,$0.00 ,$0.00 ,"$54,019.00 ","$54,019.00 ",$0.00 ,$0.00 ,$0.00 ,$0.00 ,$0.00 ,$186.25 ,$0.00 ,$0.00 ,$0.00 ,$186.25 ,$186.25 ,"$45,015.83 "
"3125 NE Loop 820  Fort Worth, TX 76110",Acura,Auto - Acura Plant (Floorplan-New) - East,4/9/2026,17825,4/9/2026,11/9/2027,2026 Acura ACURARDXSHWDT,Automobile,ACURARDXSHWDT,5J8TC2H54TL017825,,"$47,431.60 ",$0.00 ,"$47,431.60 ",4/9/2026,$0.00 ,$0.00 ,"$47,431.60 ","$47,431.60 ",$0.00 ,$0.00 ,$0.00 ,$0.00 ,$0.00 ,$143.91 ,$0.00 ,$0.00 ,$0.00 ,$143.91 ,$143.91 ,"$34,783.17 "
"3125 NE Loop 820  Fort Worth, TX 76110",Acura,Auto - Acura Plant (Floorplan-New) - East,4/10/2026,17888,4/10/2026,11/10/2027,2026 Acura ACURARDXSHWDA,Automobile,ACURARDXSHWDA,5J8TC2H65TL017888,,"$50,186.20 ",$0.00 ,"$50,186.20 ",4/10/2026,$0.00 ,$0.00 ,"$50,186.20 ","$50,186.20 ",$0.00 ,$0.00 ,$0.00 ,$0.00 ,$0.00 ,$145.35 ,$0.00 ,$0.00 ,$0.00 ,$145.35 ,$145.35 ,"$35,130.34 "
"3125 NE Loop 820  Fort Worth, TX 76110",Acura,Auto - Acura Plant (Floorplan-New) - East,1/14/2026,17914,1/14/2026,8/14/2027,2026 Acura ACURAMDXSHWDA,Automobile,ACURAMDXSHWDA,5J8YE1H97TL017914,A7870,"$66,543.40 ","$66,543.40 ",$0.00 ,,"($66,543.40)",$0.00 ,"($66,543.40)",$0.00 ,$0.00 ,$0.00 ,$0.00 ,$0.00 ,$0.00 ,$192.72 ,$0.00 ,$0.00 ,$0.00 ,$192.72 ,$901.07 ,"$46,580.38 "
"3125 NE Loop 820  Fort Worth, TX 76110",Acura,Auto - Acura Plant (Floorplan-New) - East,1/6/2026,18544,1/6/2026,8/6/2027,2026 Acura ACURAMDXSHWDT,Automobile,ACURAMDXSHWDT,5J8YE1H4XTL018544,,"$57,870.00 ","$57,870.00 ",$0.00 ,,$0.00 ,$0.00 ,$0.00 ,"$57,870.00 ",$0.00 ,$0.00 ,$0.00 ,$0.00 ,$0.00 ,$239.43 ,$0.00 ,$0.00 ,$0.00 ,$239.43 ,$919.75 ,"$57,870.00 "
"3125 NE Loop 820  Fort Worth, TX 76110",Acura,Auto - Acura Plant (Floorplan-New) - East,4/14/2026,18622,4/14/2026,11/14/2027,2026 Acura ACURARDXSHWDT,Automobile,ACURARDXSHWDT,5J8TC2H56TL018622,,"$47,431.60 ",$0.00 ,"$47,431.60 ",4/14/2026,$0.00 ,$0.00 ,"$47,431.60 ","$47,431.60 ",$0.00 ,$0.00 ,$0.00 ,$0.00 ,$0.00 ,$111.20 ,$0.00 ,$0.00 ,$0.00 ,$111.20 ,$111.20 ,"$26,877.91 "
"3125 NE Loop 820  Fort Worth, TX 76110",Acura,Auto - Acura Plant (Floorplan-New) - East,4/20/2026,18945,4/20/2026,11/20/2027,2026 Acura ACURARDXSHWDA,Automobile,ACURARDXSHWDA,5J8TC2H85TL018945,,"$54,019.00 ",$0.00 ,"$54,019.00 ",4/20/2026,$0.00 ,$0.00 ,"$54,019.00 ","$54,019.00 ",$0.00 ,$0.00 ,$0.00 ,$0.00 ,$0.00 ,$81.95 ,$0.00 ,$0.00 ,$0.00 ,$81.95 ,$81.95 ,"$19,806.97 "
"3125 NE Loop 820  Fort Worth, TX 76110",Acura,Auto - Acura Plant (Floorplan-New) - East,4/21/2026,19400,4/21/2026,11/21/2027,2026 Acura ACURARDXSHWDA,Automobile,ACURARDXSHWDA,5J8TC2H72TL019400,,"$52,123.00 ",$0.00 ,"$52,123.00 ",4/21/2026,$0.00 ,$0.00 ,"$52,123.00 ","$52,123.00 ",$0.00 ,$0.00 ,$0.00 ,$0.00 ,$0.00 ,$71.88 ,$0.00 ,$0.00 ,$0.00 ,$71.88 ,$71.88 ,"$17,374.33 "
"3125 NE Loop 820  Fort Worth, TX 76110",Acura,Auto - Acura Plant (Floorplan-New) - East,4/17/2026,19408,4/17/2026,11/17/2027,2026 Acura ACURARDXSHWDA,Automobile,ACURARDXSHWDA,5J8TC2H77TL019408,A8181,"$52,123.00 ",$0.00 ,"$52,123.00 ",4/17/2026,"($52,123.00)",$0.00 ,$0.00 ,$0.00 ,$0.00 ,$0.00 ,$0.00 ,$0.00 ,$0.00 ,$35.94 ,$0.00 ,$0.00 ,$0.00 ,$35.94 ,$35.94 ,"$8,687.17 "
"3125 NE Loop 820  Fort Worth, TX 76110",Acura,Auto - Acura Plant (Floorplan-New) - East,4/20/2026,19705,4/20/2026,11/20/2027,2026 Acura ACURARDXSHWDA,Automobile,ACURARDXSHWDA,5J8TC2H63TL019705,,"$50,186.20 ",$0.00 ,"$50,186.20 ",4/20/2026,$0.00 ,$0.00 ,"$50,186.20 ","$50,186.20 ",$0.00 ,$0.00 ,$0.00 ,$0.00 ,$0.00 ,$76.13 ,$0.00 ,$0.00 ,$0.00 ,$76.13 ,$76.13 ,"$18,401.61 "
"3125 NE Loop 820  Fort Worth, TX 76110",Acura,Auto - Acura Plant (Floorplan-New) - East,4/30/2026,19995,4/30/2026,11/30/2027,2026 Acura ACURARDXSHWDA,Automobile,ACURARDXSHWDA,5J8TC2H65TL019995,,"$50,186.20 ",$0.00 ,"$50,186.20 ",4/30/2026,$0.00 ,$0.00 ,"$50,186.20 ","$50,186.20 ",$0.00 ,$0.00 ,$0.00 ,$0.00 ,$0.00 ,$6.92 ,$0.00 ,$0.00 ,$0.00 ,$6.92 ,$6.92 ,"$1,672.87 "
"3125 NE Loop 820  Fort Worth, TX 76110",Acura,Auto - Acura Plant (Floorplan-New) - East,4/30/2026,20111,4/30/2026,11/30/2027,2026 Acura ACURARDXSHWD,Automobile,ACURARDXSHWD,5J8TC2H43TL020111,,"$45,993.70 ",$0.00 ,"$45,993.70 ",4/30/2026,$0.00 ,$0.00 ,"$45,993.70 ","$45,993.70 ",$0.00 ,$0.00 ,$0.00 ,$0.00 ,$0.00 ,$6.34 ,$0.00 ,$0.00 ,$0.00 ,$6.34 ,$6.34 ,"$1,533.12 "
"3125 NE Loop 820  Fort Worth, TX 76110",Acura,Auto - Acura Plant (Floorplan-New) - East,4/30/2026,20502,4/30/2026,11/30/2027,2026 Acura ACURARDXSHWDT,Automobile,ACURARDXSHWDT,5J8TC2H56TL020502,,"$47,431.60 ",$0.00 ,"$47,431.60 ",4/30/2026,$0.00 ,$0.00 ,"$47,431.60 ","$47,431.60 ",$0.00 ,$0.00 ,$0.00 ,$0.00 ,$0.00 ,$6.54 ,$0.00 ,$0.00 ,$0.00 ,$6.54 ,$6.54 ,"$1,581.05 "
"3125 NE Loop 820  Fort Worth, TX 76110",Acura,Auto - Acura Plant (Floorplan-New) - East,4/30/2026,20570,4/30/2026,11/30/2027,2026 Acura ACURARDXSHWDA,Automobile,ACURARDXSHWDA,5J8TC2H89TL020570,,"$54,019.00 ",$0.00 ,"$54,019.00 ",4/30/2026,$0.00 ,$0.00 ,"$54,019.00 ","$54,019.00 ",$0.00 ,$0.00 ,$0.00 ,$0.00 ,$0.00 ,$7.45 ,$0.00 ,$0.00 ,$0.00 ,$7.45 ,$7.45 ,"$1,800.63 "
"3125 NE Loop 820  Fort Worth, TX 76110",Acura,Auto - Acura Plant (Floorplan-New) - East,2/4/2026,22502,2/4/2026,9/4/2027,2026 Acura ACURAMDXSHWDA,Automobile,ACURAMDXSHWDA,5J8YE1H07TL022502,,"$60,671.20 ","$60,671.20 ",$0.00 ,,$0.00 ,$0.00 ,$0.00 ,"$60,671.20 ",$0.00 ,$0.00 ,$0.00 ,$0.00 ,$0.00 ,$251.02 ,$0.00 ,$0.00 ,$0.00 ,$251.02 ,$720.01 ,"$60,671.20 "
"3125 NE Loop 820  Fort Worth, TX 76110",Acura,Auto - Acura Plant (Floorplan-New) - East,2/23/2026,22524,2/23/2026,9/23/2027,2026 Acura ACURAMDXSHWDA,Automobile,ACURAMDXSHWDA,5J8YE1H98TL022524,,"$66,643.40 ","$66,643.40 ",$0.00 ,,$0.00 ,$0.00 ,$0.00 ,"$66,643.40 ",$0.00 ,$0.00 ,$0.00 ,$0.00 ,$0.00 ,$275.73 ,$0.00 ,$0.00 ,$0.00 ,$275.73 ,$616.04 ,"$66,643.40 "
"3125 NE Loop 820  Fort Worth, TX 76110",Acura,Auto - Acura Plant (Floorplan-New) - East,2/6/2026,23021,2/6/2026,9/6/2027,2026 Acura ACURAMDXSHWDA,Automobile,ACURAMDXSHWDA,5J8YE1H07TL023021,,"$60,671.20 ","$60,671.20 ",$0.00 ,,$0.00 ,$0.00 ,$0.00 ,"$60,671.20 ",$0.00 ,$0.00 ,$0.00 ,$0.00 ,$0.00 ,$251.02 ,$0.00 ,$0.00 ,$0.00 ,$251.02 ,$703.26 ,"$60,671.20 "
"3125 NE Loop 820  Fort Worth, TX 76110",Acura,Auto - Acura Plant (Floorplan-New) - East,2/23/2026,24575,2/23/2026,9/23/2027,2026 Acura ACURAMDXSHWDA,Automobile,ACURAMDXSHWDA,5J8YE1H83TL024575,,"$64,767.40 ","$64,767.40 ",$0.00 ,,"($64,767.40)",$0.00 ,"($64,767.40)",$0.00 ,$0.00 ,$0.00 ,$0.00 ,$0.00 ,$0.00 ,$187.58 ,$0.00 ,$0.00 ,$0.00 ,$187.58 ,$518.30 ,"$45,337.18 "
"3125 NE Loop 820  Fort Worth, TX 76110",Acura,Auto - Acura Plant (Floorplan-New) - East,3/4/2026,24951,3/4/2026,10/4/2027,2026 Acura MDX,Automobile,MDX,5J8YE1H94TL024951,A7968,"$66,643.40 ","$66,643.40 ",$0.00 ,,"($66,643.40)",$0.00 ,"($66,643.40)",$0.00 ,$0.00 ,$0.00 ,$0.00 ,$0.00 ,$0.00 ,$45.95 ,$0.00 ,$0.00 ,$0.00 ,$45.95 ,$303.44 ,"$11,107.23 "
"3125 NE Loop 820  Fort Worth, TX 76110",Acura,Auto - Acura Plant (Floorplan-New) - East,3/2/2026,25694,3/2/2026,10/2/2027,2026 Acura ACURAMDXSHWD,Automobile,ACURAMDXSHWD,5J8YE1H3XTL025694,,"$54,665.20 ","$54,665.20 ",$0.00 ,,$0.00 ,$0.00 ,$0.00 ,"$54,665.20 ",$0.00 ,$0.00 ,$0.00 ,$0.00 ,$0.00 ,$226.17 ,$0.00 ,$0.00 ,$0.00 ,$226.17 ,$452.47 ,"$54,665.20 "
"3125 NE Loop 820  Fort Worth, TX 76110",Acura,Auto - Acura Plant (Floorplan-New) - East,3/2/2026,25868,3/2/2026,10/2/2027,2026 Acura ACURAMDXSHWDA,Automobile,ACURAMDXSHWDA,5J8YE1H81TL025868,,"$64,202.20 ","$64,202.20 ",$0.00 ,,$0.00 ,$0.00 ,$0.00 ,"$64,202.20 ",$0.00 ,$0.00 ,$0.00 ,$0.00 ,$0.00 ,$265.63 ,$0.00 ,$0.00 ,$0.00 ,$265.63 ,$531.41 ,"$64,202.20 "
"3125 NE Loop 820  Fort Worth, TX 76110",Acura,Auto - Acura Plant (Floorplan-New) - East,3/2/2026,26391,3/2/2026,10/2/2027,2026 Acura ACURAMDXSHWDT,Automobile,ACURAMDXSHWDT,5J8YE1H47TL026391,,"$57,970.00 ","$57,970.00 ",$0.00 ,,$0.00 ,$0.00 ,$0.00 ,"$57,970.00 ",$0.00 ,$0.00 ,$0.00 ,$0.00 ,$0.00 ,$239.84 ,$0.00 ,$0.00 ,$0.00 ,$239.84 ,$479.82 ,"$57,970.00 "
"3125 NE Loop 820  Fort Worth, TX 76110",Acura,Auto - Acura Plant (Floorplan-New) - East,3/16/2026,26588,3/16/2026,10/16/2027,2026 Acura ACURAMDXSHWDA,Automobile,ACURAMDXSHWDA,5J8YE1H80TL026588,A8045,"$64,767.40 ","$64,767.40 ",$0.00 ,,"($64,767.40)",$0.00 ,"($64,767.40)",$0.00 ,$0.00 ,$0.00 ,$0.00 ,$0.00 ,$0.00 ,$8.93 ,$0.00 ,$0.00 ,$0.00 ,$8.93 ,$151.93 ,"$2,158.91 "
"3125 NE Loop 820  Fort Worth, TX 76110",Acura,Auto - Acura Plant (Floorplan-New) - East,3/26/2026,26592,3/26/2026,10/26/2027,2026 Acura ACURAMDXSHWDA,Automobile,ACURAMDXSHWDA,5J8YE1H82TL026592,,"$64,767.40 ","$64,767.40 ",$0.00 ,,$0.00 ,$0.00 ,$0.00 ,"$64,767.40 ",$0.00 ,$0.00 ,$0.00 ,$0.00 ,$0.00 ,$267.96 ,$0.00 ,$0.00 ,$0.00 ,$267.96 ,$321.58 ,"$64,767.40 "
"3125 NE Loop 820  Fort Worth, TX 76110",Acura,Auto - Acura Plant (Floorplan-New) - East,3/5/2026,26722,3/5/2026,10/5/2027,2026 Acura ACURAMDXSHWDA,Automobile,ACURAMDXSHWDA,5J8YE1H9XTL026722,,"$66,643.40 ","$66,643.40 ",$0.00 ,,$0.00 ,$0.00 ,$0.00 ,"$66,643.40 ",$0.00 ,$0.00 ,$0.00 ,$0.00 ,$0.00 ,$275.73 ,$0.00 ,$0.00 ,$0.00 ,$275.73 ,$524.03 ,"$66,643.40 "
"3125 NE Loop 820  Fort Worth, TX 76110",Acura,Auto - Acura Plant (Floorplan-New) - East,3/25/2026,26766,3/25/2026,10/25/2027,2026 Acura ACURAMDXSHWDA,Automobile,ACURAMDXSHWDA,5J8YE1H89TL026766,,"$64,767.40 ","$64,767.40 ",$0.00 ,,$0.00 ,$0.00 ,$0.00 ,"$64,767.40 ",$0.00 ,$0.00 ,$0.00 ,$0.00 ,$0.00 ,$267.96 ,$0.00 ,$0.00 ,$0.00 ,$267.96 ,$330.52 ,"$64,767.40 "
"3125 NE Loop 820  Fort Worth, TX 76110",Acura,Auto - Acura Plant (Floorplan-New) - East,3/16/2026,26792,3/16/2026,10/16/2027,2026 Acura ACURAMDXSHWDA,Automobile,ACURAMDXSHWDA,5J8YE1H8XTL026792,,"$64,767.40 ","$64,767.40 ",$0.00 ,,$0.00 ,$0.00 ,$0.00 ,"$64,767.40 ",$0.00 ,$0.00 ,$0.00 ,$0.00 ,$0.00 ,$267.96 ,$0.00 ,$0.00 ,$0.00 ,$267.96 ,$410.96 ,"$64,767.40 "
"3125 NE Loop 820  Fort Worth, TX 76110",Acura,Auto - Acura Plant (Floorplan-New) - East,3/17/2026,27113,3/17/2026,10/17/2027,2026 Acura ACURAMDXSHWDA,Automobile,ACURAMDXSHWDA,5J8YE1H82TL027113,,"$64,767.40 ","$64,767.40 ",$0.00 ,,$0.00 ,$0.00 ,$0.00 ,"$64,767.40 ",$0.00 ,$0.00 ,$0.00 ,$0.00 ,$0.00 ,$267.96 ,$0.00 ,$0.00 ,$0.00 ,$267.96 ,$402.02 ,"$64,767.40 "
"3125 NE Loop 820  Fort Worth, TX 76110",Acura,Auto - Acura Plant (Floorplan-New) - East,3/24/2026,27465,3/24/2026,10/24/2027,2026 Acura ACURAMDXSHWDT,Automobile,ACURAMDXSHWDT,5J8YE1H44TL027465,,"$57,404.80 ","$57,404.80 ",$0.00 ,,$0.00 ,$0.00 ,$0.00 ,"$57,404.80 ",$0.00 ,$0.00 ,$0.00 ,$0.00 ,$0.00 ,$237.50 ,$0.00 ,$0.00 ,$0.00 ,$237.50 ,$300.87 ,"$57,404.80 "
"3125 NE Loop 820  Fort Worth, TX 76110",Acura,Auto - Acura Plant (Floorplan-New) - East,3/24/2026,27505,3/24/2026,10/24/2027,2026 Acura ACURAMDXSHWDA,Automobile,ACURAMDXSHWDA,5J8YE1H97TL027505,A8068,"$66,643.40 ","$66,643.40 ",$0.00 ,,"($66,643.40)",$0.00 ,"($66,643.40)",$0.00 ,$0.00 ,$0.00 ,$0.00 ,$0.00 ,$0.00 ,$266.54 ,$0.00 ,$0.00 ,$0.00 ,$266.54 ,$340.11 ,"$64,421.95 "
"3125 NE Loop 820  Fort Worth, TX 76110",Acura,Auto - Acura Plant (Floorplan-New) - East,3/24/2026,27694,3/24/2026,10/24/2027,2026 Acura ACURAMDXSHWDA,Automobile,ACURAMDXSHWDA,5J8YE1H84TL027694,,"$64,202.20 ","$64,202.20 ",$0.00 ,,$0.00 ,$0.00 ,$0.00 ,"$64,202.20 ",$0.00 ,$0.00 ,$0.00 ,$0.00 ,$0.00 ,$265.63 ,$0.00 ,$0.00 ,$0.00 ,$265.63 ,$336.50 ,"$64,202.20 "
"3125 NE Loop 820  Fort Worth, TX 76110",Acura,Auto - Acura Plant (Floorplan-New) - East,3/24/2026,27695,3/24/2026,10/24/2027,2026 Acura ACURAMDXSHWDA,Automobile,ACURAMDXSHWDA,5J8YE1H86TL027695,,"$64,202.20 ","$64,202.20 ",$0.00 ,,$0.00 ,$0.00 ,$0.00 ,"$64,202.20 ",$0.00 ,$0.00 ,$0.00 ,$0.00 ,$0.00 ,$265.63 ,$0.00 ,$0.00 ,$0.00 ,$265.63 ,$336.50 ,"$64,202.20 "
"3125 NE Loop 820  Fort Worth, TX 76110",Acura,Auto - Acura Plant (Floorplan-New) - East,3/24/2026,27711,3/24/2026,10/24/2027,2026 Acura ACURAMDXSHWDA,Automobile,ACURAMDXSHWDA,5J8YE1H80TL027711,A8069,"$64,202.20 ","$64,202.20 ",$0.00 ,,"($64,202.20)",$0.00 ,"($64,202.20)",$0.00 ,$0.00 ,$0.00 ,$0.00 ,$0.00 ,$0.00 ,$177.08 ,$0.00 ,$0.00 ,$0.00 ,$177.08 ,$247.95 ,"$42,801.47 "
"3125 NE Loop 820  Fort Worth, TX 76110",Acura,Auto - Acura Plant (Floorplan-New) - East,3/19/2026,27793,3/19/2026,10/19/2027,2026 Acura ACURAMDXSHWDA,Automobile,ACURAMDXSHWDA,5J8YE1H86TL027793,A8052,"$64,767.40 ","$64,767.40 ",$0.00 ,,"($64,767.40)",$0.00 ,"($64,767.40)",$0.00 ,$0.00 ,$0.00 ,$0.00 ,$0.00 ,$0.00 ,$259.03 ,$0.00 ,$0.00 ,$0.00 ,$259.03 ,$375.22 ,"$62,608.49 "
"3125 NE Loop 820  Fort Worth, TX 76110",Acura,Auto - Acura Plant (Floorplan-New) - East,3/24/2026,27827,3/24/2026,10/24/2027,2026 Acura ACURAMDXSHWDA,Automobile,ACURAMDXSHWDA,5J8YE1H88TL027827,A8083,"$64,767.40 ","$64,767.40 ",$0.00 ,,"($64,767.40)",$0.00 ,"($64,767.40)",$0.00 ,$0.00 ,$0.00 ,$0.00 ,$0.00 ,$0.00 ,$107.19 ,$0.00 ,$0.00 ,$0.00 ,$107.19 ,$178.69 ,"$25,906.96 "
"3125 NE Loop 820  Fort Worth, TX 76110",Acura,Auto - Acura Plant (Floorplan-New) - East,3/24/2026,27850,3/24/2026,10/24/2027,2026 Acura ACURAMDXSHWDA,Automobile,ACURAMDXSHWDA,5J8YE1H83TL027850,,"$64,767.40 ","$64,767.40 ",$0.00 ,,$0.00 ,$0.00 ,$0.00 ,"$64,767.40 ",$0.00 ,$0.00 ,$0.00 ,$0.00 ,$0.00 ,$267.96 ,$0.00 ,$0.00 ,$0.00 ,$267.96 ,$339.46 ,"$64,767.40 "
"3125 NE Loop 820  Fort Worth, TX 76110",Acura,Auto - Acura Plant (Floorplan-New) - East,3/31/2026,27863,3/31/2026,10/31/2027,2026 Acura ACURAMDXSHWDA,Automobile,ACURAMDXSHWDA,5J8YE1H81TL027863,,"$64,767.40 ","$64,767.40 ",$0.00 ,,$0.00 ,$0.00 ,$0.00 ,"$64,767.40 ",$0.00 ,$0.00 ,$0.00 ,$0.00 ,$0.00 ,$267.96 ,$0.00 ,$0.00 ,$0.00 ,$267.96 ,$276.90 ,"$64,767.40 "
"3125 NE Loop 820  Fort Worth, TX 76110",Acura,Auto - Acura Plant (Floorplan-New) - East,3/25/2026,27867,3/25/2026,10/25/2027,2026 Acura ACURAMDXSHWDA,Automobile,ACURAMDXSHWDA,5J8YE1H89TL027867,,"$64,767.40 ","$64,767.40 ",$0.00 ,,$0.00 ,$0.00 ,$0.00 ,"$64,767.40 ",$0.00 ,$0.00 ,$0.00 ,$0.00 ,$0.00 ,$267.96 ,$0.00 ,$0.00 ,$0.00 ,$267.96 ,$330.52 ,"$64,767.40 "
"3125 NE Loop 820  Fort Worth, TX 76110",Acura,Auto - Acura Plant (Floorplan-New) - East,3/24/2026,27981,3/24/2026,10/24/2027,2026 Acura ACURAMDXSHWDA,Automobile,ACURAMDXSHWDA,5J8YE1H87TL027981,,"$64,767.40 ","$64,767.40 ",$0.00 ,,$0.00 ,$0.00 ,$0.00 ,"$64,767.40 ",$0.00 ,$0.00 ,$0.00 ,$0.00 ,$0.00 ,$267.96 ,$0.00 ,$0.00 ,$0.00 ,$267.96 ,$339.46 ,"$64,767.40 "
"3125 NE Loop 820  Fort Worth, TX 76110",Acura,Auto - Acura Plant (Floorplan-New) - East,3/19/2026,28204,3/19/2026,10/19/2027,2026 Acura ACURAMDXSHWD,Automobile,ACURAMDXSHWD,5J8YE1H34TL028204,,"$54,100.00 ","$54,100.00 ",$0.00 ,,$0.00 ,$0.00 ,$0.00 ,"$54,100.00 ",$0.00 ,$0.00 ,$0.00 ,$0.00 ,$0.00 ,$223.83 ,$0.00 ,$0.00 ,$0.00 ,$223.83 ,$320.88 ,"$54,100.00 "
"3125 NE Loop 820  Fort Worth, TX 76110",Acura,Auto - Acura Plant (Floorplan-New) - East,3/26/2026,28272,3/26/2026,10/26/2027,2026 Acura ACURAMDXSHWDA,Automobile,ACURAMDXSHWDA,5J8YE1H85TL028272,,"$64,202.20 ","$64,202.20 ",$0.00 ,,$0.00 ,$0.00 ,$0.00 ,"$64,202.20 ",$0.00 ,$0.00 ,$0.00 ,$0.00 ,$0.00 ,$265.63 ,$0.00 ,$0.00 ,$0.00 ,$265.63 ,$318.79 ,"$64,202.20 "
"3125 NE Loop 820  Fort Worth, TX 76110",Acura,Auto - Acura Plant (Floorplan-New) - East,4/14/2026,28454,4/14/2026,11/14/2027,2026 Acura ACURAMDXSHWDA,Automobile,ACURAMDXSHWDA,5J8YE1H08TL028454,,"$60,671.20 ",$0.00 ,"$60,671.20 ",4/14/2026,$0.00 ,$0.00 ,"$60,671.20 ","$60,671.20 ",$0.00 ,$0.00 ,$0.00 ,$0.00 ,$0.00 ,$142.24 ,$0.00 ,$0.00 ,$0.00 ,$142.24 ,$142.24 ,"$34,380.35 "
"3125 NE Loop 820  Fort Worth, TX 76110",Acura,Auto - Acura Plant (Floorplan-New) - East,3/19/2026,28553,3/19/2026,10/19/2027,2026 Acura ACURAMDXSHWDA,Automobile,ACURAMDXSHWDA,5J8YE1H0XTL028553,A8060,"$60,671.20 ","$60,671.20 ",$0.00 ,,"($60,671.20)",$0.00 ,"($60,671.20)",$0.00 ,$0.00 ,$0.00 ,$0.00 ,$0.00 ,$0.00 ,$16.73 ,$0.00 ,$0.00 ,$0.00 ,$16.73 ,$125.57 ,"$4,044.75 "
"3125 NE Loop 820  Fort Worth, TX 76110",Acura,Auto - Acura Plant (Floorplan-New) - East,3/24/2026,28642,3/24/2026,10/24/2027,2026 Acura ACURAMDXSHWDA,Automobile,ACURAMDXSHWDA,5J8YE1H81TL028642,A8099,"$64,767.40 ","$64,767.40 ",$0.00 ,,"($64,767.40)",$0.00 ,"($64,767.40)",$0.00 ,$0.00 ,$0.00 ,$0.00 ,$0.00 ,$0.00 ,$62.53 ,$0.00 ,$0.00 ,$0.00 ,$62.53 ,$134.03 ,"$15,112.39 "
"3125 NE Loop 820  Fort Worth, TX 76110",Acura,Auto - Acura Plant (Floorplan-New) - East,3/24/2026,28720,3/24/2026,10/24/2027,2026 Acura ACURAMDXSHWDA,Automobile,ACURAMDXSHWDA,5J8YE1H03TL028720,,"$60,671.20 ","$60,671.20 ",$0.00 ,,$0.00 ,$0.00 ,$0.00 ,"$60,671.20 ",$0.00 ,$0.00 ,$0.00 ,$0.00 ,$0.00 ,$251.02 ,$0.00 ,$0.00 ,$0.00 ,$251.02 ,$318.00 ,"$60,671.20 "
"3125 NE Loop 820  Fort Worth, TX 76110",Acura,Auto - Acura Plant (Floorplan-New) - East,3/25/2026,28741,3/25/2026,10/25/2027,2026 Acura ACURAMDXSHWDA,Automobile,ACURAMDXSHWDA,5J8YE1H00TL028741,,"$60,671.20 ","$60,671.20 ",$0.00 ,,$0.00 ,$0.00 ,$0.00 ,"$60,671.20 ",$0.00 ,$0.00 ,$0.00 ,$0.00 ,$0.00 ,$251.02 ,$0.00 ,$0.00 ,$0.00 ,$251.02 ,$309.62 ,"$60,671.20 "
"3125 NE Loop 820  Fort Worth, TX 76110",Acura,Auto - Acura Plant (Floorplan-New) - East,3/24/2026,29213,3/24/2026,10/24/2027,2026 Acura ACURAMDXSHWDA,Automobile,ACURAMDXSHWDA,5J8YE1H85TL029213,,"$64,767.40 ","$64,767.40 ",$0.00 ,,$0.00 ,$0.00 ,$0.00 ,"$64,767.40 ",$0.00 ,$0.00 ,$0.00 ,$0.00 ,$0.00 ,$267.96 ,$0.00 ,$0.00 ,$0.00 ,$267.96 ,$339.46 ,"$64,767.40 "
"3125 NE Loop 820  Fort Worth, TX 76110",Acura,Auto - Acura Plant (Floorplan-New) - East,3/27/2026,29272,3/27/2026,10/27/2027,2026 Acura ACURAMDXSHWDT,Automobile,ACURAMDXSHWDT,5J8YE1H43TL029272,A8086,"$57,970.00 ","$57,970.00 ",$0.00 ,,"($57,970.00)",$0.00 ,"($57,970.00)",$0.00 ,$0.00 ,$0.00 ,$0.00 ,$0.00 ,$0.00 ,$159.89 ,$0.00 ,$0.00 ,$0.00 ,$159.89 ,$199.89 ,"$38,646.67 "
"3125 NE Loop 820  Fort Worth, TX 76110",Acura,Auto - Acura Plant (Floorplan-New) - East,3/26/2026,29357,3/26/2026,10/26/2027,2026 Acura ACURAMDXSHWDA,Automobile,ACURAMDXSHWDA,5J8YE1H87TL029357,,"$64,767.40 ","$64,767.40 ",$0.00 ,,$0.00 ,$0.00 ,$0.00 ,"$64,767.40 ",$0.00 ,$0.00 ,$0.00 ,$0.00 ,$0.00 ,$267.96 ,$0.00 ,$0.00 ,$0.00 ,$267.96 ,$321.58 ,"$64,767.40 "
"3125 NE Loop 820  Fort Worth, TX 76110",Acura,Auto - Acura Plant (Floorplan-New) - East,3/31/2026,29452,3/31/2026,10/31/2027,2026 Acura ACURAMDXSHWDT,Automobile,ACURAMDXSHWDT,5J8YE1H45TL029452,,"$57,970.00 ","$57,970.00 ",$0.00 ,,"($57,970.00)",$0.00 ,"($57,970.00)",$0.00 ,$0.00 ,$0.00 ,$0.00 ,$0.00 ,$0.00 ,$159.89 ,$0.00 ,$0.00 ,$0.00 ,$159.89 ,$167.89 ,"$38,646.67 "
"3125 NE Loop 820  Fort Worth, TX 76110",Acura,Auto - Acura Plant (Floorplan-New) - East,3/25/2026,29529,3/25/2026,10/25/2027,2026 Acura ACURAMDXSHWDA,Automobile,ACURAMDXSHWDA,5J8YE1H99TL029529,,"$66,643.40 ","$66,643.40 ",$0.00 ,,$0.00 ,$0.00 ,$0.00 ,"$66,643.40 ",$0.00 ,$0.00 ,$0.00 ,$0.00 ,$0.00 ,$275.73 ,$0.00 ,$0.00 ,$0.00 ,$275.73 ,$340.10 ,"$66,643.40 "
"3125 NE Loop 820  Fort Worth, TX 76110",Acura,Auto - Acura Plant (Floorplan-New) - East,3/27/2026,29960,3/27/2026,10/27/2027,2026 Acura ACURAMDXSHWDA,Automobile,ACURAMDXSHWDA,5J8YE1H06TL029960,,"$60,671.20 ","$60,671.20 ",$0.00 ,,$0.00 ,$0.00 ,$0.00 ,"$60,671.20 ",$0.00 ,$0.00 ,$0.00 ,$0.00 ,$0.00 ,$251.02 ,$0.00 ,$0.00 ,$0.00 ,$251.02 ,$292.88 ,"$60,671.20 "
"3125 NE Loop 820  Fort Worth, TX 76110",Acura,Auto - Acura Plant (Floorplan-New) - East,3/27/2026,29996,3/27/2026,10/27/2027,2026 Acura ACURAMDXSHWDA,Automobile,ACURAMDXSHWDA,5J8YE1H05TL029996,,"$60,671.20 ","$60,671.20 ",$0.00 ,,$0.00 ,$0.00 ,$0.00 ,"$60,671.20 ",$0.00 ,$0.00 ,$0.00 ,$0.00 ,$0.00 ,$251.02 ,$0.00 ,$0.00 ,$0.00 ,$251.02 ,$292.88 ,"$60,671.20 "
"3125 NE Loop 820  Fort Worth, TX 76110",Acura,Auto - Acura Plant (Floorplan-New) - East,3/27/2026,29998,3/27/2026,10/27/2027,2026 Acura ACURAMDXSHWDA,Automobile,ACURAMDXSHWDA,5J8YE1H09TL029998,A8125,"$60,671.20 ","$60,671.20 ",$0.00 ,,"($60,671.20)",$0.00 ,"($60,671.20)",$0.00 ,$0.00 ,$0.00 ,$0.00 ,$0.00 ,$0.00 ,$125.51 ,$0.00 ,$0.00 ,$0.00 ,$125.51 ,$167.37 ,"$30,335.60 "
"3125 NE Loop 820  Fort Worth, TX 76110",Acura,Auto - Acura Plant (Floorplan-New) - East,4/6/2026,30100,4/6/2026,11/6/2027,2026 Acura ACURAMDXSHWD,Automobile,ACURAMDXSHWD,5J8YE1H32TL030100,,"$54,665.20 ",$0.00 ,"$54,665.20 ",4/6/2026,$0.00 ,$0.00 ,"$54,665.20 ","$54,665.20 ",$0.00 ,$0.00 ,$0.00 ,$0.00 ,$0.00 ,$188.47 ,$0.00 ,$0.00 ,$0.00 ,$188.47 ,$188.47 ,"$45,554.33 "
"3125 NE Loop 820  Fort Worth, TX 76110",Acura,Auto - Acura Plant (Floorplan-New) - East,4/1/2026,30185,4/1/2026,11/1/2027,2026 Acura ACURAMDXSHWDA,Automobile,ACURAMDXSHWDA,5J8YE1H89TL030185,,"$64,202.20 ",$0.00 ,"$64,202.20 ",4/1/2026,$0.00 ,$0.00 ,"$64,202.20 ","$64,202.20 ",$0.00 ,$0.00 ,$0.00 ,$0.00 ,$0.00 ,$265.63 ,$0.00 ,$0.00 ,$0.00 ,$265.63 ,$265.63 ,"$64,202.20 "
"3125 NE Loop 820  Fort Worth, TX 76110",Acura,Auto - Acura Plant (Floorplan-New) - East,4/6/2026,30246,4/6/2026,11/6/2027,2026 Acura ACURAMDXSHWDA,Automobile,ACURAMDXSHWDA,5J8YE1H83TL030246,,"$64,767.40 ",$0.00 ,"$64,767.40 ",4/6/2026,$0.00 ,$0.00 ,"$64,767.40 ","$64,767.40 ",$0.00 ,$0.00 ,$0.00 ,$0.00 ,$0.00 ,$223.30 ,$0.00 ,$0.00 ,$0.00 ,$223.30 ,$223.30 ,"$53,972.83 "
"3125 NE Loop 820  Fort Worth, TX 76110",Acura,Auto - Acura Plant (Floorplan-New) - East,4/1/2026,30283,4/1/2026,11/1/2027,2026 Acura ACURAMDXSHWDA,Automobile,ACURAMDXSHWDA,5J8YE1H98TL030283,,"$66,643.40 ",$0.00 ,"$66,643.40 ",4/1/2026,$0.00 ,$0.00 ,"$66,643.40 ","$66,643.40 ",$0.00 ,$0.00 ,$0.00 ,$0.00 ,$0.00 ,$275.73 ,$0.00 ,$0.00 ,$0.00 ,$275.73 ,$275.73 ,"$66,643.40 "
"3125 NE Loop 820  Fort Worth, TX 76110",Acura,Auto - Acura Plant (Floorplan-New) - East,4/6/2026,30698,4/6/2026,11/6/2027,2026 Acura ACURAMDXSHWD,Automobile,ACURAMDXSHWD,5J8YE1H3XTL030698,,"$54,665.20 ",$0.00 ,"$54,665.20 ",4/6/2026,"($54,665.20)",$0.00 ,$0.00 ,$0.00 ,$0.00 ,$0.00 ,$0.00 ,$0.00 ,$0.00 ,$113.08 ,$0.00 ,$0.00 ,$0.00 ,$113.08 ,$113.08 ,"$27,332.60 "
"3125 NE Loop 820  Fort Worth, TX 76110",Acura,Auto - Acura Plant (Floorplan-New) - East,4/27/2026,30815,4/27/2026,11/27/2027,2026 Acura ACURAMDXSHWDA,Automobile,ACURAMDXSHWDA,5J8YE1H02TL030815,,"$60,671.20 ",$0.00 ,"$60,671.20 ",4/27/2026,$0.00 ,$0.00 ,"$60,671.20 ","$60,671.20 ",$0.00 ,$0.00 ,$0.00 ,$0.00 ,$0.00 ,$33.47 ,$0.00 ,$0.00 ,$0.00 ,$33.47 ,$33.47 ,"$8,089.49 "
"3125 NE Loop 820  Fort Worth, TX 76110",Acura,Auto - Acura Plant (Floorplan-New) - East,4/10/2026,30932,4/10/2026,11/10/2027,2026 Acura ACURAMDXSHWDT,Automobile,ACURAMDXSHWDT,5J8YE1H42TL030932,,"$57,404.80 ",$0.00 ,"$57,404.80 ",4/10/2026,$0.00 ,$0.00 ,"$57,404.80 ","$57,404.80 ",$0.00 ,$0.00 ,$0.00 ,$0.00 ,$0.00 ,$166.25 ,$0.00 ,$0.00 ,$0.00 ,$166.25 ,$166.25 ,"$40,183.36 "
"3125 NE Loop 820  Fort Worth, TX 76110",Acura,Auto - Acura Plant (Floorplan-New) - East,4/10/2026,30996,4/10/2026,11/10/2027,2026 Acura ACURAMDXSHWDA,Automobile,ACURAMDXSHWDA,5J8YE1H0XTL030996,,"$60,671.20 ",$0.00 ,"$60,671.20 ",4/10/2026,$0.00 ,$0.00 ,"$60,671.20 ","$60,671.20 ",$0.00 ,$0.00 ,$0.00 ,$0.00 ,$0.00 ,$175.71 ,$0.00 ,$0.00 ,$0.00 ,$175.71 ,$175.71 ,"$42,469.84 "
"3125 NE Loop 820  Fort Worth, TX 76110",Acura,Auto - Acura Plant (Floorplan-New) - East,4/10/2026,31081,4/10/2026,11/10/2027,2026 Acura ACURAMDXSHWDA,Automobile,ACURAMDXSHWDA,5J8YE1H91TL031081,A8167,"$66,643.40 ",$0.00 ,"$66,643.40 ",4/10/2026,"($66,643.40)",$0.00 ,$0.00 ,$0.00 ,$0.00 ,$0.00 ,$0.00 ,$0.00 ,$0.00 ,$183.82 ,$0.00 ,$0.00 ,$0.00 ,$183.82 ,$183.82 ,"$44,428.93 "
"3125 NE Loop 820  Fort Worth, TX 76110",Acura,Auto - Acura Plant (Floorplan-New) - East,4/14/2026,31404,4/14/2026,11/14/2027,2026 Acura ACURAMDXSHWDA,Automobile,ACURAMDXSHWDA,5J8YE1H08TL031404,,"$60,671.20 ",$0.00 ,"$60,671.20 ",4/14/2026,$0.00 ,$0.00 ,"$60,671.20 ","$60,671.20 ",$0.00 ,$0.00 ,$0.00 ,$0.00 ,$0.00 ,$142.24 ,$0.00 ,$0.00 ,$0.00 ,$142.24 ,$142.24 ,"$34,380.35 "
"3125 NE Loop 820  Fort Worth, TX 76110",Acura,Auto - Acura Plant (Floorplan-New) - East,4/14/2026,31570,4/14/2026,11/14/2027,2026 Acura ACURAMDXSHWDA,Automobile,ACURAMDXSHWDA,5J8YE1H03TL031570,,"$60,671.20 ",$0.00 ,"$60,671.20 ",4/14/2026,$0.00 ,$0.00 ,"$60,671.20 ","$60,671.20 ",$0.00 ,$0.00 ,$0.00 ,$0.00 ,$0.00 ,$142.24 ,$0.00 ,$0.00 ,$0.00 ,$142.24 ,$142.24 ,"$34,380.35 "
"3125 NE Loop 820  Fort Worth, TX 76110",Acura,Auto - Acura Plant (Floorplan-New) - East,4/16/2026,31702,4/16/2026,11/16/2027,2026 Acura ACURAMDXSHWDT,Automobile,ACURAMDXSHWDT,5J8YE1H41TL031702,,"$57,404.80 ",$0.00 ,"$57,404.80 ",4/16/2026,$0.00 ,$0.00 ,"$57,404.80 ","$57,404.80 ",$0.00 ,$0.00 ,$0.00 ,$0.00 ,$0.00 ,$118.75 ,$0.00 ,$0.00 ,$0.00 ,$118.75 ,$118.75 ,"$28,702.40 "
"3125 NE Loop 820  Fort Worth, TX 76110",Acura,Auto - Acura Plant (Floorplan-New) - East,4/14/2026,31832,4/14/2026,11/14/2027,2026 Acura ACURAMDXSHWD,Automobile,ACURAMDXSHWD,5J8YE1H34TL031832,,"$54,100.00 ",$0.00 ,"$54,100.00 ",4/14/2026,$0.00 ,$0.00 ,"$54,100.00 ","$54,100.00 ",$0.00 ,$0.00 ,$0.00 ,$0.00 ,$0.00 ,$126.84 ,$0.00 ,$0.00 ,$0.00 ,$126.84 ,$126.84 ,"$30,656.67 "
"3125 NE Loop 820  Fort Worth, TX 76110",Acura,Auto - Acura Plant (Floorplan-New) - East,4/14/2026,31844,4/14/2026,11/14/2027,2026 Acura ACURAMDXSHWD,Automobile,ACURAMDXSHWD,5J8YE1H30TL031844,,"$54,665.20 ",$0.00 ,"$54,665.20 ",4/14/2026,$0.00 ,$0.00 ,"$54,665.20 ","$54,665.20 ",$0.00 ,$0.00 ,$0.00 ,$0.00 ,$0.00 ,$128.16 ,$0.00 ,$0.00 ,$0.00 ,$128.16 ,$128.16 ,"$30,976.95 "
"3125 NE Loop 820  Fort Worth, TX 76110",Acura,Auto - Acura Plant (Floorplan-New) - East,4/15/2026,32075,4/15/2026,11/15/2027,2026 Acura ACURAMDXSHWDA,Automobile,ACURAMDXSHWDA,5J8YE1H81TL032075,,"$64,767.40 ",$0.00 ,"$64,767.40 ",4/15/2026,$0.00 ,$0.00 ,"$64,767.40 ","$64,767.40 ",$0.00 ,$0.00 ,$0.00 ,$0.00 ,$0.00 ,$142.91 ,$0.00 ,$0.00 ,$0.00 ,$142.91 ,$142.91 ,"$34,542.61 "
"3125 NE Loop 820  Fort Worth, TX 76110",Acura,Auto - Acura Plant (Floorplan-New) - East,4/15/2026,32124,4/15/2026,11/15/2027,2026 Acura ACURAMDXSHWDT,Automobile,ACURAMDXSHWDT,5J8YE1H43TL032124,,"$57,970.00 ",$0.00 ,"$57,970.00 ",4/15/2026,$0.00 ,$0.00 ,"$57,970.00 ","$57,970.00 ",$0.00 ,$0.00 ,$0.00 ,$0.00 ,$0.00 ,$127.92 ,$0.00 ,$0.00 ,$0.00 ,$127.92 ,$127.92 ,"$30,917.33 "
"3125 NE Loop 820  Fort Worth, TX 76110",Acura,Auto - Acura Plant (Floorplan-New) - East,4/16/2026,32198,4/16/2026,11/16/2027,2026 Acura ACURAMDXSHWDA,Automobile,ACURAMDXSHWDA,5J8YE1H86TL032198,,"$64,767.40 ",$0.00 ,"$64,767.40 ",4/16/2026,$0.00 ,$0.00 ,"$64,767.40 ","$64,767.40 ",$0.00 ,$0.00 ,$0.00 ,$0.00 ,$0.00 ,$133.98 ,$0.00 ,$0.00 ,$0.00 ,$133.98 ,$133.98 ,"$32,383.70 "
"3125 NE Loop 820  Fort Worth, TX 76110",Acura,Auto - Acura Plant (Floorplan-New) - East,4/16/2026,32372,4/16/2026,11/16/2027,2026 Acura ACURAMDXSHWDT,Automobile,ACURAMDXSHWDT,5J8YE1H40TL032372,,"$57,970.00 ",$0.00 ,"$57,970.00 ",4/16/2026,$0.00 ,$0.00 ,"$57,970.00 ","$57,970.00 ",$0.00 ,$0.00 ,$0.00 ,$0.00 ,$0.00 ,$119.92 ,$0.00 ,$0.00 ,$0.00 ,$119.92 ,$119.92 ,"$28,985.00 "
"3125 NE Loop 820  Fort Worth, TX 76110",Acura,Auto - Acura Plant (Floorplan-New) - East,4/16/2026,32395,4/16/2026,11/16/2027,2026 Acura ACURAMDXSHWDT,Automobile,ACURAMDXSHWDT,5J8YE1H41TL032395,,"$57,970.00 ",$0.00 ,"$57,970.00 ",4/16/2026,$0.00 ,$0.00 ,"$57,970.00 ","$57,970.00 ",$0.00 ,$0.00 ,$0.00 ,$0.00 ,$0.00 ,$119.92 ,$0.00 ,$0.00 ,$0.00 ,$119.92 ,$119.92 ,"$28,985.00 "
"3125 NE Loop 820  Fort Worth, TX 76110",Acura,Auto - Acura Plant (Floorplan-New) - East,4/16/2026,32421,4/16/2026,11/16/2027,2026 Acura ACURAMDXSHWD,Automobile,ACURAMDXSHWD,5J8YE1H3XTL032421,,"$54,665.20 ",$0.00 ,"$54,665.20 ",4/16/2026,$0.00 ,$0.00 ,"$54,665.20 ","$54,665.20 ",$0.00 ,$0.00 ,$0.00 ,$0.00 ,$0.00 ,$113.08 ,$0.00 ,$0.00 ,$0.00 ,$113.08 ,$113.08 ,"$27,332.60 "
"3125 NE Loop 820  Fort Worth, TX 76110",Acura,Auto - Acura Plant (Floorplan-New) - East,4/21/2026,32608,4/21/2026,11/21/2027,2026 Acura ACURAMDXSHWDT,Automobile,ACURAMDXSHWDT,5J8YE1H43TL032608,,"$57,970.00 ",$0.00 ,"$57,970.00 ",4/21/2026,$0.00 ,$0.00 ,"$57,970.00 ","$57,970.00 ",$0.00 ,$0.00 ,$0.00 ,$0.00 ,$0.00 ,$79.95 ,$0.00 ,$0.00 ,$0.00 ,$79.95 ,$79.95 ,"$19,323.33 "
"3125 NE Loop 820  Fort Worth, TX 76110",Acura,Auto - Acura Plant (Floorplan-New) - East,4/27/2026,32803,4/27/2026,11/27/2027,2026 Acura ACURAMDXSHWDA,Automobile,ACURAMDXSHWDA,5J8YE1H97TL032803,,"$66,643.40 ",$0.00 ,"$66,643.40 ",4/27/2026,$0.00 ,$0.00 ,"$66,643.40 ","$66,643.40 ",$0.00 ,$0.00 ,$0.00 ,$0.00 ,$0.00 ,$36.76 ,$0.00 ,$0.00 ,$0.00 ,$36.76 ,$36.76 ,"$8,885.79 "
"3125 NE Loop 820  Fort Worth, TX 76110",Acura,Auto - Acura Plant (Floorplan-New) - East,4/21/2026,32815,4/21/2026,11/21/2027,2026 Acura ACURAMDXSHWDA,Automobile,ACURAMDXSHWDA,5J8YE1H93TL032815,,"$66,643.40 ",$0.00 ,"$66,643.40 ",4/21/2026,$0.00 ,$0.00 ,"$66,643.40 ","$66,643.40 ",$0.00 ,$0.00 ,$0.00 ,$0.00 ,$0.00 ,$91.91 ,$0.00 ,$0.00 ,$0.00 ,$91.91 ,$91.91 ,"$22,214.47 "
"3125 NE Loop 820  Fort Worth, TX 76110",Acura,Auto - Acura Plant (Floorplan-New) - East,4/21/2026,32817,4/21/2026,11/21/2027,2026 Acura ACURAMDXSHWDA,Automobile,ACURAMDXSHWDA,5J8YE1H97TL032817,,"$66,643.40 ",$0.00 ,"$66,643.40 ",4/21/2026,$0.00 ,$0.00 ,"$66,643.40 ","$66,643.40 ",$0.00 ,$0.00 ,$0.00 ,$0.00 ,$0.00 ,$91.91 ,$0.00 ,$0.00 ,$0.00 ,$91.91 ,$91.91 ,"$22,214.47 "
"3125 NE Loop 820  Fort Worth, TX 76110",Acura,Auto - Acura Plant (Floorplan-New) - East,4/21/2026,32940,4/21/2026,11/21/2027,2026 Acura ACURAMDXSHWD,Automobile,ACURAMDXSHWD,5J8YE1H31TL032940,,"$54,665.20 ",$0.00 ,"$54,665.20 ",4/21/2026,$0.00 ,$0.00 ,"$54,665.20 ","$54,665.20 ",$0.00 ,$0.00 ,$0.00 ,$0.00 ,$0.00 ,$75.39 ,$0.00 ,$0.00 ,$0.00 ,$75.39 ,$75.39 ,"$18,221.73 "
"3125 NE Loop 820  Fort Worth, TX 76110",Acura,Auto - Acura Plant (Floorplan-New) - East,4/21/2026,33121,4/21/2026,11/21/2027,2026 Acura ACURAMDXSHWDT,Automobile,ACURAMDXSHWDT,5J8YE1H42TL033121,,"$57,404.80 ",$0.00 ,"$57,404.80 ",4/21/2026,$0.00 ,$0.00 ,"$57,404.80 ","$57,404.80 ",$0.00 ,$0.00 ,$0.00 ,$0.00 ,$0.00 ,$79.17 ,$0.00 ,$0.00 ,$0.00 ,$79.17 ,$79.17 ,"$19,134.93 "
"3125 NE Loop 820  Fort Worth, TX 76110",Acura,Auto - Acura Plant (Floorplan-New) - East,4/21/2026,33178,4/21/2026,11/21/2027,2026 Acura ACURAMDXSHWDA,Automobile,ACURAMDXSHWDA,5J8YE1H85TL033178,,"$64,767.40 ",$0.00 ,"$64,767.40 ",4/21/2026,$0.00 ,$0.00 ,"$64,767.40 ","$64,767.40 ",$0.00 ,$0.00 ,$0.00 ,$0.00 ,$0.00 ,$89.32 ,$0.00 ,$0.00 ,$0.00 ,$89.32 ,$89.32 ,"$21,589.13 "
"3125 NE Loop 820  Fort Worth, TX 76110",Acura,Auto - Acura Plant (Floorplan-New) - East,4/27/2026,33201,4/27/2026,11/27/2027,2026 Acura ACURAMDXSHWDA,Automobile,ACURAMDXSHWDA,5J8YE1H96TL033201,,"$66,643.40 ",$0.00 ,"$66,643.40 ",4/27/2026,$0.00 ,$0.00 ,"$66,643.40 ","$66,643.40 ",$0.00 ,$0.00 ,$0.00 ,$0.00 ,$0.00 ,$36.76 ,$0.00 ,$0.00 ,$0.00 ,$36.76 ,$36.76 ,"$8,885.79 "
"3125 NE Loop 820  Fort Worth, TX 76110",Acura,Auto - Acura Plant (Floorplan-New) - East,4/27/2026,33458,4/27/2026,11/27/2027,2026 Acura ACURAMDXSHWDA,Automobile,ACURAMDXSHWDA,5J8YE1H08TL033458,,"$60,671.20 ",$0.00 ,"$60,671.20 ",4/27/2026,$0.00 ,$0.00 ,"$60,671.20 ","$60,671.20 ",$0.00 ,$0.00 ,$0.00 ,$0.00 ,$0.00 ,$33.47 ,$0.00 ,$0.00 ,$0.00 ,$33.47 ,$33.47 ,"$8,089.49 "
"3125 NE Loop 820  Fort Worth, TX 76110",Acura,Auto - Acura Plant (Floorplan-New) - East,4/27/2026,33465,4/27/2026,11/27/2027,2026 Acura ACURAMDXSHWDA,Automobile,ACURAMDXSHWDA,5J8YE1H05TL033465,,"$60,671.20 ",$0.00 ,"$60,671.20 ",4/27/2026,$0.00 ,$0.00 ,"$60,671.20 ","$60,671.20 ",$0.00 ,$0.00 ,$0.00 ,$0.00 ,$0.00 ,$33.47 ,$0.00 ,$0.00 ,$0.00 ,$33.47 ,$33.47 ,"$8,089.49 "
"3125 NE Loop 820  Fort Worth, TX 76110",Acura,Auto - Acura Plant (Floorplan-New) - East,4/30/2026,33588,4/30/2026,11/30/2027,2026 Acura ACURAMDXSHWDA,Automobile,ACURAMDXSHWDA,5J8YE1H0XTL033588,,"$60,671.20 ",$0.00 ,"$60,671.20 ",4/30/2026,$0.00 ,$0.00 ,"$60,671.20 ","$60,671.20 ",$0.00 ,$0.00 ,$0.00 ,$0.00 ,$0.00 ,$8.37 ,$0.00 ,$0.00 ,$0.00 ,$8.37 ,$8.37 ,"$2,022.37 "
"3125 NE Loop 820  Fort Worth, TX 76110",Acura,Auto - Acura Plant (Floorplan-New) - East,3/9/2026,700371,3/9/2026,10/9/2027,2026 Acura ACURAADXAW-SP,Automobile,ACURAADXAW-SP,3HDSA2H71TM700371,,"$44,561.20 ","$44,561.20 ",$0.00 ,,$0.00 ,$0.00 ,$0.00 ,"$44,561.20 ",$0.00 ,$0.00 ,$0.00 ,$0.00 ,$0.00 ,$184.36 ,$0.00 ,$0.00 ,$0.00 ,$184.36 ,$325.79 ,"$44,561.20 "
"3125 NE Loop 820  Fort Worth, TX 76110",Acura,Auto - Acura Plant (Floorplan-New) - East,1/6/2026,700384,1/6/2026,8/6/2027,2026 Acura ACURAADXA-ECA,Automobile,ACURAADXA-ECA,3HDSA1H77TM700384,,"$42,545.20 ","$42,545.20 ",$0.00 ,,$0.00 ,$0.00 ,$0.00 ,"$42,545.20 ",$0.00 ,$0.00 ,$0.00 ,$0.00 ,$0.00 ,$176.02 ,$0.00 ,$0.00 ,$0.00 ,$176.02 ,$676.19 ,"$42,545.20 "
"3125 NE Loop 820  Fort Worth, TX 76110",Acura,Auto - Acura Plant (Floorplan-New) - East,3/4/2026,700561,3/4/2026,10/4/2027,2026 Acura ACURAADXA-EC,Automobile,ACURAADXA-EC,3HDSA1H55TM700561,A8004,"$38,122.00 ","$38,122.00 ",$0.00 ,,"($38,122.00)",$0.00 ,"($38,122.00)",$0.00 ,$0.00 ,$0.00 ,$0.00 ,$0.00 ,$0.00 ,$73.60 ,$0.00 ,$0.00 ,$0.00 ,$73.60 ,$220.89 ,"$17,790.27 "
"3125 NE Loop 820  Fort Worth, TX 76110",Acura,Auto - Acura Plant (Floorplan-New) - East,1/6/2026,700616,1/6/2026,8/6/2027,2026 Acura ACURAADXAW-SP,Automobile,ACURAADXAW-SP,3HDSA2H57TM700616,,"$39,942.00 ","$39,942.00 ",$0.00 ,,$0.00 ,$0.00 ,$0.00 ,"$39,942.00 ",$0.00 ,$0.00 ,$0.00 ,$0.00 ,$0.00 ,$165.25 ,$0.00 ,$0.00 ,$0.00 ,$165.25 ,$634.81 ,"$39,942.00 "
"3125 NE Loop 820  Fort Worth, TX 76110",Acura,Auto - Acura Plant (Floorplan-New) - East,2/13/2026,700674,2/13/2026,9/13/2027,2026 Acura ACURAADXAW-SP,Automobile,ACURAADXAW-SP,3HDSA2H78TM700674,A7927,"$43,985.20 ","$43,985.20 ",$0.00 ,,"($43,985.20)",$0.00 ,"($43,985.20)",$0.00 ,$0.00 ,$0.00 ,$0.00 ,$0.00 ,$0.00 ,$54.59 ,$0.00 ,$0.00 ,$0.00 ,$54.59 ,$339.93 ,"$13,195.56 "
"3125 NE Loop 820  Fort Worth, TX 76110",Acura,Auto - Acura Plant (Floorplan-New) - East,3/6/2026,700882,3/6/2026,10/6/2027,2026 Acura ACURAADXAW-SP,Automobile,ACURAADXAW-SP,3HDSA2H74TM700882,,"$43,985.20 ","$43,985.20 ",$0.00 ,,$0.00 ,$0.00 ,$0.00 ,"$43,985.20 ",$0.00 ,$0.00 ,$0.00 ,$0.00 ,$0.00 ,$181.98 ,$0.00 ,$0.00 ,$0.00 ,$181.98 ,$339.79 ,"$43,985.20 "
"3125 NE Loop 820  Fort Worth, TX 76110",Acura,Auto - Acura Plant (Floorplan-New) - East,3/9/2026,700942,3/9/2026,10/9/2027,2026 Acura ACURAADXA-EC,Automobile,ACURAADXA-EC,3HDSA1H56TM700942,A8028,"$38,698.00 ","$38,698.00 ",$0.00 ,,"($38,698.00)",$0.00 ,"($38,698.00)",$0.00 ,$0.00 ,$0.00 ,$0.00 ,$0.00 ,$0.00 ,$138.76 ,$0.00 ,$0.00 ,$0.00 ,$138.76 ,$261.58 ,"$33,538.27 "
"3125 NE Loop 820  Fort Worth, TX 76110",Acura,Auto - Acura Plant (Floorplan-New) - East,3/4/2026,700998,3/4/2026,10/4/2027,2026 Acura ACURAADXA-EC,Automobile,ACURAADXA-EC,3HDSA1H50TM700998,,"$38,698.00 ","$38,698.00 ",$0.00 ,,$0.00 ,$0.00 ,$0.00 ,"$38,698.00 ",$0.00 ,$0.00 ,$0.00 ,$0.00 ,$0.00 ,$160.11 ,$0.00 ,$0.00 ,$0.00 ,$160.11 ,$309.63 ,"$38,698.00 "
"3125 NE Loop 820  Fort Worth, TX 76110",Acura,Auto - Acura Plant (Floorplan-New) - East,2/12/2026,701021,2/12/2026,9/12/2027,2026 Acura ACURAADXA-EC,Automobile,ACURAADXA-EC,3HDSA1H50TM701021,,"$38,698.00 ","$38,698.00 ",$0.00 ,,$0.00 ,$0.00 ,$0.00 ,"$38,698.00 ",$0.00 ,$0.00 ,$0.00 ,$0.00 ,$0.00 ,$160.11 ,$0.00 ,$0.00 ,$0.00 ,$160.11 ,$416.50 ,"$38,698.00 "
"3125 NE Loop 820  Fort Worth, TX 76110",Acura,Auto - Acura Plant (Floorplan-New) - East,3/3/2026,701036,3/3/2026,10/3/2027,2026 Acura ACURAADXAW-SP,Automobile,ACURAADXAW-SP,3HDSA2H73TM701036,,"$44,561.20 ","$44,561.20 ",$0.00 ,,"($44,561.20)",$0.00 ,"($44,561.20)",$0.00 ,$0.00 ,$0.00 ,$0.00 ,$0.00 ,$0.00 ,$122.91 ,$0.00 ,$0.00 ,$0.00 ,$122.91 ,$301.23 ,"$29,707.47 "
"3125 NE Loop 820  Fort Worth, TX 76110",Acura,Auto - Acura Plant (Floorplan-New) - East,3/4/2026,701097,3/4/2026,10/4/2027,2026 Acura ACURAADX,Automobile,ACURAADX,3HDSA1H32TM701097,,"$35,575.00 ","$35,575.00 ",$0.00 ,,$0.00 ,$0.00 ,$0.00 ,"$35,575.00 ",$0.00 ,$0.00 ,$0.00 ,$0.00 ,$0.00 ,$147.19 ,$0.00 ,$0.00 ,$0.00 ,$147.19 ,$284.64 ,"$35,575.00 "
"3125 NE Loop 820  Fort Worth, TX 76110",Acura,Auto - Acura Plant (Floorplan-New) - East,2/12/2026,701339,2/12/2026,9/12/2027,2026 Acura ACURAADX,Automobile,ACURAADX,3HDSA1H30TM701339,A7932,"$35,575.00 ","$35,575.00 ",$0.00 ,,"($35,575.00)",$0.00 ,"($35,575.00)",$0.00 ,$0.00 ,$0.00 ,$0.00 ,$0.00 ,$0.00 ,$103.03 ,$0.00 ,$0.00 ,$0.00 ,$103.03 ,$338.72 ,"$24,902.50 "
"3125 NE Loop 820  Fort Worth, TX 76110",Acura,Auto - Acura Plant (Floorplan-New) - East,2/17/2026,701400,2/17/2026,9/17/2027,2026 Acura ACURAADXA-EC,Automobile,ACURAADXA-EC,3HDSA1H58TM701400,,"$38,698.00 ","$38,698.00 ",$0.00 ,,$0.00 ,$0.00 ,$0.00 ,"$38,698.00 ",$0.00 ,$0.00 ,$0.00 ,$0.00 ,$0.00 ,$160.11 ,$0.00 ,$0.00 ,$0.00 ,$160.11 ,$389.78 ,"$38,698.00 "
"3125 NE Loop 820  Fort Worth, TX 76110",Acura,Auto - Acura Plant (Floorplan-New) - East,3/4/2026,701449,3/4/2026,10/4/2027,2026 Acura ACURAADXAW-SP,Automobile,ACURAADXAW-SP,3HDSA2H58TM701449,A8011,"$40,618.00 ","$40,618.00 ",$0.00 ,,"($40,618.00)",$0.00 ,"($40,618.00)",$0.00 ,$0.00 ,$0.00 ,$0.00 ,$0.00 ,$0.00 ,$112.03 ,$0.00 ,$0.00 ,$0.00 ,$112.03 ,$268.97 ,"$27,078.67 "
"3125 NE Loop 820  Fort Worth, TX 76110",Acura,Auto - Acura Plant (Floorplan-New) - East,2/13/2026,701460,2/13/2026,9/13/2027,2026 Acura ACURAADXAW-SP,Automobile,ACURAADXAW-SP,3HDSA2H57TM701460,,"$40,618.00 ","$40,618.00 ",$0.00 ,,$0.00 ,$0.00 ,$0.00 ,"$40,618.00 ",$0.00 ,$0.00 ,$0.00 ,$0.00 ,$0.00 ,$168.05 ,$0.00 ,$0.00 ,$0.00 ,$168.05 ,$431.55 ,"$40,618.00 "
"3125 NE Loop 820  Fort Worth, TX 76110",Acura,Auto - Acura Plant (Floorplan-New) - East,2/26/2026,701469,2/26/2026,9/26/2027,2026 Acura ACURAADXA-EC,Automobile,ACURAADXA-EC,3HDSA1H50TM701469,,"$38,698.00 ","$38,698.00 ",$0.00 ,,$0.00 ,$0.00 ,$0.00 ,"$38,698.00 ",$0.00 ,$0.00 ,$0.00 ,$0.00 ,$0.00 ,$160.11 ,$0.00 ,$0.00 ,$0.00 ,$160.11 ,$341.68 ,"$38,698.00 "
"3125 NE Loop 820  Fort Worth, TX 76110",Acura,Auto - Acura Plant (Floorplan-New) - East,3/9/2026,701589,3/9/2026,10/9/2027,2026 Acura ACURAADXA-EC,Automobile,ACURAADXA-EC,3HDSA1H5XTM701589,,"$38,698.00 ","$38,698.00 ",$0.00 ,,$0.00 ,$0.00 ,$0.00 ,"$38,698.00 ",$0.00 ,$0.00 ,$0.00 ,$0.00 ,$0.00 ,$160.11 ,$0.00 ,$0.00 ,$0.00 ,$160.11 ,$282.93 ,"$38,698.00 "
"3125 NE Loop 820  Fort Worth, TX 76110",Acura,Auto - Acura Plant (Floorplan-New) - East,2/26/2026,701606,2/26/2026,9/26/2027,2026 Acura ACURAADXA-EC,Automobile,ACURAADXA-EC,3HDSA1H56TM701606,,"$38,698.00 ","$38,698.00 ",$0.00 ,,$0.00 ,$0.00 ,$0.00 ,"$38,698.00 ",$0.00 ,$0.00 ,$0.00 ,$0.00 ,$0.00 ,$160.11 ,$0.00 ,$0.00 ,$0.00 ,$160.11 ,$341.68 ,"$38,698.00 "
"3125 NE Loop 820  Fort Worth, TX 76110",Acura,Auto - Acura Plant (Floorplan-New) - East,3/4/2026,701612,3/4/2026,10/4/2027,2026 Acura ACURAADXA-EC,Automobile,ACURAADXA-EC,3HDSA1H51TM701612,,"$38,698.00 ","$38,698.00 ",$0.00 ,,$0.00 ,$0.00 ,$0.00 ,"$38,698.00 ",$0.00 ,$0.00 ,$0.00 ,$0.00 ,$0.00 ,$160.11 ,$0.00 ,$0.00 ,$0.00 ,$160.11 ,$309.63 ,"$38,698.00 "
"3125 NE Loop 820  Fort Worth, TX 76110",Acura,Auto - Acura Plant (Floorplan-New) - East,3/4/2026,701627,3/4/2026,10/4/2027,2026 Acura ACURAADXA-EC,Automobile,ACURAADXA-EC,3HDSA1H53TM701627,A7962,"$38,698.00 ","$38,698.00 ",$0.00 ,,"($38,698.00)",$0.00 ,"($38,698.00)",$0.00 ,$0.00 ,$0.00 ,$0.00 ,$0.00 ,$0.00 ,$154.77 ,$0.00 ,$0.00 ,$0.00 ,$154.77 ,$304.29 ,"$37,408.07 "
"3125 NE Loop 820  Fort Worth, TX 76110",Acura,Auto - Acura Plant (Floorplan-New) - East,3/4/2026,701651,3/4/2026,10/4/2027,2026 Acura ACURAADXA-EC,Automobile,ACURAADXA-EC,3HDSA1H50TM701651,,"$38,698.00 ","$38,698.00 ",$0.00 ,,"($38,698.00)",$0.00 ,"($38,698.00)",$0.00 ,$0.00 ,$0.00 ,$0.00 ,$0.00 ,$0.00 ,$106.74 ,$0.00 ,$0.00 ,$0.00 ,$106.74 ,$256.26 ,"$25,798.67 "
"3125 NE Loop 820  Fort Worth, TX 76110",Acura,Auto - Acura Plant (Floorplan-New) - East,3/5/2026,701671,3/5/2026,10/5/2027,2026 Acura ACURAADXA-EC,Automobile,ACURAADXA-EC,3HDSA1H56TM701671,,"$38,698.00 ","$38,698.00 ",$0.00 ,,"($38,698.00)",$0.00 ,"($38,698.00)",$0.00 ,$0.00 ,$0.00 ,$0.00 ,$0.00 ,$0.00 ,$106.74 ,$0.00 ,$0.00 ,$0.00 ,$106.74 ,$250.92 ,"$25,798.67 "
"3125 NE Loop 820  Fort Worth, TX 76110",Acura,Auto - Acura Plant (Floorplan-New) - East,3/9/2026,701680,3/9/2026,10/9/2027,2026 Acura ACURAADXA-EC,Automobile,ACURAADXA-EC,3HDSA1H57TM701680,,"$38,698.00 ","$38,698.00 ",$0.00 ,,$0.00 ,$0.00 ,$0.00 ,"$38,698.00 ",$0.00 ,$0.00 ,$0.00 ,$0.00 ,$0.00 ,$160.11 ,$0.00 ,$0.00 ,$0.00 ,$160.11 ,$282.93 ,"$38,698.00 "
"3125 NE Loop 820  Fort Worth, TX 76110",Acura,Auto - Acura Plant (Floorplan-New) - East,3/17/2026,701681,3/17/2026,10/17/2027,2026 Acura ACURAADXA-EC,Automobile,ACURAADXA-EC,3HDSA1H59TM701681,,"$38,698.00 ","$38,698.00 ",$0.00 ,,$0.00 ,$0.00 ,$0.00 ,"$38,698.00 ",$0.00 ,$0.00 ,$0.00 ,$0.00 ,$0.00 ,$160.11 ,$0.00 ,$0.00 ,$0.00 ,$160.11 ,$240.21 ,"$38,698.00 "
"3125 NE Loop 820  Fort Worth, TX 76110",Acura,Auto - Acura Plant (Floorplan-New) - East,3/4/2026,701761,3/4/2026,10/4/2027,2026 Acura ACURAADXA-EC,Automobile,ACURAADXA-EC,3HDSA1H57TM701761,,"$38,122.00 ","$38,122.00 ",$0.00 ,,$0.00 ,$0.00 ,$0.00 ,"$38,122.00 ",$0.00 ,$0.00 ,$0.00 ,$0.00 ,$0.00 ,$157.72 ,$0.00 ,$0.00 ,$0.00 ,$157.72 ,$305.01 ,"$38,122.00 "
"3125 NE Loop 820  Fort Worth, TX 76110",Acura,Auto - Acura Plant (Floorplan-New) - East,3/4/2026,701780,3/4/2026,10/4/2027,2026 Acura ACURAADXA-EC,Automobile,ACURAADXA-EC,3HDSA1H50TM701780,A8008,"$38,122.00 ","$38,122.00 ",$0.00 ,,"($38,122.00)",$0.00 ,"($38,122.00)",$0.00 ,$0.00 ,$0.00 ,$0.00 ,$0.00 ,$0.00 ,$78.86 ,$0.00 ,$0.00 ,$0.00 ,$78.86 ,$226.15 ,"$19,061.00 "
"3125 NE Loop 820  Fort Worth, TX 76110",Acura,Auto - Acura Plant (Floorplan-New) - East,3/4/2026,701847,3/4/2026,10/4/2027,2026 Acura ACURAADX,Automobile,ACURAADX,3HDSA1H38TM701847,,"$35,575.00 ","$35,575.00 ",$0.00 ,,"($35,575.00)",$0.00 ,"($35,575.00)",$0.00 ,$0.00 ,$0.00 ,$0.00 ,$0.00 ,$0.00 ,$98.12 ,$0.00 ,$0.00 ,$0.00 ,$98.12 ,$235.57 ,"$23,716.67 "
"3125 NE Loop 820  Fort Worth, TX 76110",Acura,Auto - Acura Plant (Floorplan-New) - East,3/4/2026,701908,3/4/2026,10/4/2027,2026 Acura ACURAADX A,Automobile,ACURAADX A,3HDSA2H35TM701908,,"$38,101.00 ","$38,101.00 ",$0.00 ,,$0.00 ,$0.00 ,$0.00 ,"$38,101.00 ",$0.00 ,$0.00 ,$0.00 ,$0.00 ,$0.00 ,$157.64 ,$0.00 ,$0.00 ,$0.00 ,$157.64 ,$304.85 ,"$38,101.00 "
"3125 NE Loop 820  Fort Worth, TX 76110",Acura,Auto - Acura Plant (Floorplan-New) - East,3/4/2026,701923,3/4/2026,10/4/2027,2026 Acura ACURAADX,Automobile,ACURAADX,3HDSA1H39TM701923,,"$36,151.00 ","$36,151.00 ",$0.00 ,,$0.00 ,$0.00 ,$0.00 ,"$36,151.00 ",$0.00 ,$0.00 ,$0.00 ,$0.00 ,$0.00 ,$149.57 ,$0.00 ,$0.00 ,$0.00 ,$149.57 ,$289.25 ,"$36,151.00 "
"3125 NE Loop 820  Fort Worth, TX 76110",Acura,Auto - Acura Plant (Floorplan-New) - East,3/9/2026,701953,3/9/2026,10/9/2027,2026 Acura ACURAADX,Automobile,ACURAADX,3HDSA1H37TM701953,,"$36,151.00 ","$36,151.00 ",$0.00 ,,$0.00 ,$0.00 ,$0.00 ,"$36,151.00 ",$0.00 ,$0.00 ,$0.00 ,$0.00 ,$0.00 ,$149.57 ,$0.00 ,$0.00 ,$0.00 ,$149.57 ,$264.31 ,"$36,151.00 "
"3125 NE Loop 820  Fort Worth, TX 76110",Acura,Auto - Acura Plant (Floorplan-New) - East,3/16/2026,702000,3/16/2026,10/16/2027,2026 Acura ACURAADX,Automobile,ACURAADX,3HDSA1H3XTM702000,,"$36,151.00 ","$36,151.00 ",$0.00 ,,$0.00 ,$0.00 ,$0.00 ,"$36,151.00 ",$0.00 ,$0.00 ,$0.00 ,$0.00 ,$0.00 ,$149.57 ,$0.00 ,$0.00 ,$0.00 ,$149.57 ,$229.39 ,"$36,151.00 "
"3125 NE Loop 820  Fort Worth, TX 76110",Acura,Auto - Acura Plant (Floorplan-New) - East,3/3/2026,702104,3/3/2026,10/3/2027,2026 Acura ACURAADX,Automobile,ACURAADX,3HDSA1H30TM702104,,"$35,575.00 ","$35,575.00 ",$0.00 ,,"($35,575.00)",$0.00 ,"($35,575.00)",$0.00 ,$0.00 ,$0.00 ,$0.00 ,$0.00 ,$0.00 ,$98.12 ,$0.00 ,$0.00 ,$0.00 ,$98.12 ,$240.48 ,"$23,716.67 "
"3125 NE Loop 820  Fort Worth, TX 76110",Acura,Auto - Acura Plant (Floorplan-New) - East,3/25/2026,702150,3/25/2026,10/25/2027,2026 Acura ACURAADXA-EC,Automobile,ACURAADXA-EC,3HDSA1H55TM702150,,"$38,698.00 ","$38,698.00 ",$0.00 ,,$0.00 ,$0.00 ,$0.00 ,"$38,698.00 ",$0.00 ,$0.00 ,$0.00 ,$0.00 ,$0.00 ,$160.11 ,$0.00 ,$0.00 ,$0.00 ,$160.11 ,$197.49 ,"$38,698.00 "
"3125 NE Loop 820  Fort Worth, TX 76110",Acura,Auto - Acura Plant (Floorplan-New) - East,3/25/2026,702326,3/25/2026,10/25/2027,2026 Acura ACURAADXAW-SP,Automobile,ACURAADXAW-SP,3HDSA2H76TM702326,A8081,"$44,561.20 ","$44,561.20 ",$0.00 ,,"($44,561.20)",$0.00 ,"($44,561.20)",$0.00 ,$0.00 ,$0.00 ,$0.00 ,$0.00 ,$0.00 ,$172.07 ,$0.00 ,$0.00 ,$0.00 ,$172.07 ,$215.11 ,"$41,590.45 "
"3125 NE Loop 820  Fort Worth, TX 76110",Acura,Auto - Acura Plant (Floorplan-New) - East,3/19/2026,702327,3/19/2026,10/19/2027,2026 Acura ACURAADXA-EC,Automobile,ACURAADXA-EC,3HDSA1H57TM702327,,"$38,698.00 ","$38,698.00 ",$0.00 ,,$0.00 ,$0.00 ,$0.00 ,"$38,698.00 ",$0.00 ,$0.00 ,$0.00 ,$0.00 ,$0.00 ,$160.11 ,$0.00 ,$0.00 ,$0.00 ,$160.11 ,$229.53 ,"$38,698.00 "
"3125 NE Loop 820  Fort Worth, TX 76110",Acura,Auto - Acura Plant (Floorplan-New) - East,3/9/2026,702339,3/9/2026,10/9/2027,2026 Acura ACURAADXAW-SP,Automobile,ACURAADXAW-SP,3HDSA2H74TM702339,,"$44,561.20 ","$44,561.20 ",$0.00 ,,"($44,561.20)",$0.00 ,"($44,561.20)",$0.00 ,$0.00 ,$0.00 ,$0.00 ,$0.00 ,$0.00 ,$122.91 ,$0.00 ,$0.00 ,$0.00 ,$122.91 ,$264.34 ,"$29,707.47 "
"3125 NE Loop 820  Fort Worth, TX 76110",Acura,Auto - Acura Plant (Floorplan-New) - East,3/16/2026,702380,3/16/2026,10/16/2027,2026 Acura ACURAADX,Automobile,ACURAADX,3HDSA1H32TM702380,A8034,"$36,151.00 ","$36,151.00 ",$0.00 ,,"($36,151.00)",$0.00 ,"($36,151.00)",$0.00 ,$0.00 ,$0.00 ,$0.00 ,$0.00 ,$0.00 ,$79.77 ,$0.00 ,$0.00 ,$0.00 ,$79.77 ,$159.59 ,"$19,280.53 "
"3125 NE Loop 820  Fort Worth, TX 76110",Acura,Auto - Acura Plant (Floorplan-New) - East,3/17/2026,702386,3/17/2026,10/17/2027,2026 Acura ACURAADX,Automobile,ACURAADX,3HDSA1H33TM702386,,"$35,575.00 ","$35,575.00 ",$0.00 ,,$0.00 ,$0.00 ,$0.00 ,"$35,575.00 ",$0.00 ,$0.00 ,$0.00 ,$0.00 ,$0.00 ,$147.19 ,$0.00 ,$0.00 ,$0.00 ,$147.19 ,$220.83 ,"$35,575.00 "
"3125 NE Loop 820  Fort Worth, TX 76110",Acura,Auto - Acura Plant (Floorplan-New) - East,3/5/2026,702475,3/5/2026,10/5/2027,2026 Acura ACURAADXAW-SP,Automobile,ACURAADXAW-SP,3HDSA2H71TM702475,A7992,"$44,561.20 ","$44,561.20 ",$0.00 ,,"($44,561.20)",$0.00 ,"($44,561.20)",$0.00 ,$0.00 ,$0.00 ,$0.00 ,$0.00 ,$0.00 ,$86.04 ,$0.00 ,$0.00 ,$0.00 ,$86.04 ,$252.07 ,"$20,795.23 "
"3125 NE Loop 820  Fort Worth, TX 76110",Acura,Auto - Acura Plant (Floorplan-New) - East,3/25/2026,702536,3/25/2026,10/25/2027,2026 Acura ACURAADXA-EC,Automobile,ACURAADXA-EC,3HDSA1H55TM702536,,"$38,698.00 ","$38,698.00 ",$0.00 ,,$0.00 ,$0.00 ,$0.00 ,"$38,698.00 ",$0.00 ,$0.00 ,$0.00 ,$0.00 ,$0.00 ,$160.11 ,$0.00 ,$0.00 ,$0.00 ,$160.11 ,$197.49 ,"$38,698.00 "
"3125 NE Loop 820  Fort Worth, TX 76110",Acura,Auto - Acura Plant (Floorplan-New) - East,3/26/2026,702571,3/26/2026,10/26/2027,2026 Acura ACURAADX,Automobile,ACURAADX,3HDSA1H39TM702571,,"$35,575.00 ","$35,575.00 ",$0.00 ,,$0.00 ,$0.00 ,$0.00 ,"$35,575.00 ",$0.00 ,$0.00 ,$0.00 ,$0.00 ,$0.00 ,$147.19 ,$0.00 ,$0.00 ,$0.00 ,$147.19 ,$176.64 ,"$35,575.00 "
"3125 NE Loop 820  Fort Worth, TX 76110",Acura,Auto - Acura Plant (Floorplan-New) - East,3/9/2026,702585,3/9/2026,10/9/2027,2026 Acura ACURAADXAW-SP,Automobile,ACURAADXAW-SP,3HDSA2H78TM702585,,"$44,561.20 ","$44,561.20 ",$0.00 ,,$0.00 ,$0.00 ,$0.00 ,"$44,561.20 ",$0.00 ,$0.00 ,$0.00 ,$0.00 ,$0.00 ,$184.36 ,$0.00 ,$0.00 ,$0.00 ,$184.36 ,$325.79 ,"$44,561.20 "
"3125 NE Loop 820  Fort Worth, TX 76110",Acura,Auto - Acura Plant (Floorplan-New) - East,3/9/2026,702629,3/9/2026,10/9/2027,2026 Acura ACURAADXAW-SP,Automobile,ACURAADXAW-SP,3HDSA2H72TM702629,A7986,"$44,561.20 ","$44,561.20 ",$0.00 ,,"($44,561.20)",$0.00 ,"($44,561.20)",$0.00 ,$0.00 ,$0.00 ,$0.00 ,$0.00 ,$0.00 ,$159.78 ,$0.00 ,$0.00 ,$0.00 ,$159.78 ,$301.21 ,"$38,619.71 "
"3125 NE Loop 820  Fort Worth, TX 76110",Acura,Auto - Acura Plant (Floorplan-New) - East,3/9/2026,702680,3/9/2026,10/9/2027,2026 Acura ACURAADXAW-SP,Automobile,ACURAADXAW-SP,3HDSA2H72TM702680,A8022,"$44,561.20 ","$44,561.20 ",$0.00 ,,"($44,561.20)",$0.00 ,"($44,561.20)",$0.00 ,$0.00 ,$0.00 ,$0.00 ,$0.00 ,$0.00 ,$172.07 ,$0.00 ,$0.00 ,$0.00 ,$172.07 ,$313.50 ,"$41,590.45 "
"3125 NE Loop 820  Fort Worth, TX 76110",Acura,Auto - Acura Plant (Floorplan-New) - East,3/26/2026,702735,3/26/2026,10/26/2027,2026 Acura ACURAADX,Automobile,ACURAADX,3HDSA1H32TM702735,,"$35,575.00 ","$35,575.00 ",$0.00 ,,$0.00 ,$0.00 ,$0.00 ,"$35,575.00 ",$0.00 ,$0.00 ,$0.00 ,$0.00 ,$0.00 ,$147.19 ,$0.00 ,$0.00 ,$0.00 ,$147.19 ,$176.64 ,"$35,575.00 "
"3125 NE Loop 820  Fort Worth, TX 76110",Acura,Auto - Acura Plant (Floorplan-New) - East,3/25/2026,702839,3/25/2026,10/25/2027,2026 Acura ACURAADX,Automobile,ACURAADX,3HDSA1H33TM702839,,"$35,575.00 ","$35,575.00 ",$0.00 ,,$0.00 ,$0.00 ,$0.00 ,"$35,575.00 ",$0.00 ,$0.00 ,$0.00 ,$0.00 ,$0.00 ,$147.19 ,$0.00 ,$0.00 ,$0.00 ,$147.19 ,$181.55 ,"$35,575.00 "
"3125 NE Loop 820  Fort Worth, TX 76110",Acura,Auto - Acura Plant (Floorplan-New) - East,3/25/2026,702841,3/25/2026,10/25/2027,2026 Acura ACURAADXAW-SP,Automobile,ACURAADXAW-SP,3HDSA2H52TM702841,,"$40,618.00 ","$40,618.00 ",$0.00 ,,$0.00 ,$0.00 ,$0.00 ,"$40,618.00 ",$0.00 ,$0.00 ,$0.00 ,$0.00 ,$0.00 ,$168.05 ,$0.00 ,$0.00 ,$0.00 ,$168.05 ,$207.28 ,"$40,618.00 "
"3125 NE Loop 820  Fort Worth, TX 76110",Acura,Auto - Acura Plant (Floorplan-New) - East,4/16/2026,702851,4/16/2026,11/16/2027,2026 Acura ACURAADX,Automobile,ACURAADX,3HDSA1H34TM702851,,"$35,575.00 ",$0.00 ,"$35,575.00 ",4/16/2026,$0.00 ,$0.00 ,"$35,575.00 ","$35,575.00 ",$0.00 ,$0.00 ,$0.00 ,$0.00 ,$0.00 ,$73.59 ,$0.00 ,$0.00 ,$0.00 ,$73.59 ,$73.59 ,"$17,787.50 "
"3125 NE Loop 820  Fort Worth, TX 76110",Acura,Auto - Acura Plant (Floorplan-New) - East,3/25/2026,702879,3/25/2026,10/25/2027,2026 Acura ACURAADXA-EC,Automobile,ACURAADXA-EC,3HDSA1H52TM702879,,"$38,698.00 ","$38,698.00 ",$0.00 ,,$0.00 ,$0.00 ,$0.00 ,"$38,698.00 ",$0.00 ,$0.00 ,$0.00 ,$0.00 ,$0.00 ,$160.11 ,$0.00 ,$0.00 ,$0.00 ,$160.11 ,$197.49 ,"$38,698.00 "
"3125 NE Loop 820  Fort Worth, TX 76110",Acura,Auto - Acura Plant (Floorplan-New) - East,3/19/2026,702896,3/19/2026,10/19/2027,2026 Acura ACURAADXAW-SP,Automobile,ACURAADXAW-SP,3HDSA2H55TM702896,,"$40,042.00 ","$40,042.00 ",$0.00 ,,$0.00 ,$0.00 ,$0.00 ,"$40,042.00 ",$0.00 ,$0.00 ,$0.00 ,$0.00 ,$0.00 ,$165.67 ,$0.00 ,$0.00 ,$0.00 ,$165.67 ,$237.50 ,"$40,042.00 "
"3125 NE Loop 820  Fort Worth, TX 76110",Acura,Auto - Acura Plant (Floorplan-New) - East,3/4/2026,702897,3/4/2026,10/4/2027,2026 Acura ACURAADXAW-SP,Automobile,ACURAADXAW-SP,3HDSA2H57TM702897,A7988,"$40,042.00 ","$40,042.00 ",$0.00 ,,"($40,042.00)",$0.00 ,"($40,042.00)",$0.00 ,$0.00 ,$0.00 ,$0.00 ,$0.00 ,$0.00 ,$121.49 ,$0.00 ,$0.00 ,$0.00 ,$121.49 ,$276.20 ,"$29,364.13 "
"3125 NE Loop 820  Fort Worth, TX 76110",Acura,Auto - Acura Plant (Floorplan-New) - East,3/3/2026,702920,3/3/2026,10/3/2027,2026 Acura ACURAADXAW-SP,Automobile,ACURAADXAW-SP,3HDSA2H59TM702920,,"$40,618.00 ","$40,618.00 ",$0.00 ,,$0.00 ,$0.00 ,$0.00 ,"$40,618.00 ",$0.00 ,$0.00 ,$0.00 ,$0.00 ,$0.00 ,$168.05 ,$0.00 ,$0.00 ,$0.00 ,$168.05 ,$330.59 ,"$40,618.00 "
"3125 NE Loop 820  Fort Worth, TX 76110",Acura,Auto - Acura Plant (Floorplan-New) - East,3/31/2026,702988,3/31/2026,10/31/2027,2026 Acura ACURAADX,Automobile,ACURAADX,3HDSA1H39TM702988,A8097,"$36,151.00 ","$36,151.00 ",$0.00 ,,"($36,151.00)",$0.00 ,"($36,151.00)",$0.00 ,$0.00 ,$0.00 ,$0.00 ,$0.00 ,$0.00 ,$69.80 ,$0.00 ,$0.00 ,$0.00 ,$69.80 ,$74.79 ,"$16,870.47 "
"3125 NE Loop 820  Fort Worth, TX 76110",Acura,Auto - Acura Plant (Floorplan-New) - East,4/10/2026,703453,4/10/2026,11/10/2027,2026 Acura ACURAADXA-EC,Automobile,ACURAADXA-EC,3HDSA1H56TM703453,A8157,"$38,122.00 ",$0.00 ,"$38,122.00 ",4/10/2026,"($38,122.00)",$0.00 ,$0.00 ,$0.00 ,$0.00 ,$0.00 ,$0.00 ,$0.00 ,$0.00 ,$68.35 ,$0.00 ,$0.00 ,$0.00 ,$68.35 ,$68.35 ,"$16,519.53 "
"3125 NE Loop 820  Fort Worth, TX 76110",Acura,Auto - Acura Plant (Floorplan-New) - East,4/10/2026,703489,4/10/2026,11/10/2027,2026 Acura ACURAADXA-EC,Automobile,ACURAADXA-EC,3HDSA1H55TM703489,A8148,"$38,698.00 ",$0.00 ,"$38,698.00 ",4/10/2026,"($38,698.00)",$0.00 ,$0.00 ,$0.00 ,$0.00 ,$0.00 ,$0.00 ,$0.00 ,$0.00 ,$74.72 ,$0.00 ,$0.00 ,$0.00 ,$74.72 ,$74.72 ,"$18,059.07 "
"3125 NE Loop 820  Fort Worth, TX 76110",Acura,Auto - Acura Plant (Floorplan-New) - East,4/10/2026,703503,4/10/2026,11/10/2027,2026 Acura ACURAADXA-EC,Automobile,ACURAADXA-EC,3HDSA1H56TM703503,,"$38,698.00 ",$0.00 ,"$38,698.00 ",4/10/2026,$0.00 ,$0.00 ,"$38,698.00 ","$38,698.00 ",$0.00 ,$0.00 ,$0.00 ,$0.00 ,$0.00 ,$112.07 ,$0.00 ,$0.00 ,$0.00 ,$112.07 ,$112.07 ,"$27,088.60 "
"3125 NE Loop 820  Fort Worth, TX 76110",Acura,Auto - Acura Plant (Floorplan-New) - East,4/16/2026,703540,4/16/2026,11/16/2027,2026 Acura ACURAADXA-EC,Automobile,ACURAADXA-EC,3HDSA1H51TM703540,,"$38,698.00 ",$0.00 ,"$38,698.00 ",4/16/2026,$0.00 ,$0.00 ,"$38,698.00 ","$38,698.00 ",$0.00 ,$0.00 ,$0.00 ,$0.00 ,$0.00 ,$80.05 ,$0.00 ,$0.00 ,$0.00 ,$80.05 ,$80.05 ,"$19,349.00 "
"3125 NE Loop 820  Fort Worth, TX 76110",Acura,Auto - Acura Plant (Floorplan-New) - East,4/1/2026,703651,4/1/2026,11/1/2027,2026 Acura ACURAADXAW-SP,Automobile,ACURAADXAW-SP,3HDSA2H70TM703651,,"$43,985.20 ",$0.00 ,"$43,985.20 ",4/1/2026,$0.00 ,$0.00 ,"$43,985.20 ","$43,985.20 ",$0.00 ,$0.00 ,$0.00 ,$0.00 ,$0.00 ,$181.98 ,$0.00 ,$0.00 ,$0.00 ,$181.98 ,$181.98 ,"$43,985.20 "
"3125 NE Loop 820  Fort Worth, TX 76110",Acura,Auto - Acura Plant (Floorplan-New) - East,3/9/2026,703799,3/9/2026,10/9/2027,2026 Acura ACURAADXAW-SP,Automobile,ACURAADXAW-SP,3HDSA2H7XTM703799,A8021,"$44,561.20 ","$44,561.20 ",$0.00 ,,"($44,561.20)",$0.00 ,"($44,561.20)",$0.00 ,$0.00 ,$0.00 ,$0.00 ,$0.00 ,$0.00 ,$122.91 ,$0.00 ,$0.00 ,$0.00 ,$122.91 ,$264.34 ,"$29,707.47 "
"3125 NE Loop 820  Fort Worth, TX 76110",Acura,Auto - Acura Plant (Floorplan-New) - East,4/28/2026,703799,4/28/2026,11/28/2027,2026 Acura ADX,Automobile,ADX,3HDSA2H7XTM703799,A8021,"$44,561.20 ",$0.00 ,"$44,561.20 ",4/28/2026,"($44,561.20)",$0.00 ,$0.00 ,$0.00 ,$0.00 ,$0.00 ,$0.00 ,$0.00 ,$0.00 ,$12.29 ,$0.00 ,$0.00 ,$0.00 ,$12.29 ,$12.29 ,"$2,970.75 "
"3125 NE Loop 820  Fort Worth, TX 76110",Acura,Auto - Acura Plant (Floorplan-New) - East,3/25/2026,703831,3/25/2026,10/25/2027,2026 Acura ACURAADXAW-SP,Automobile,ACURAADXAW-SP,3HDSA2H72TM703831,A8093,"$43,985.20 ","$43,985.20 ",$0.00 ,,"($43,985.20)",$0.00 ,"($43,985.20)",$0.00 ,$0.00 ,$0.00 ,$0.00 ,$0.00 ,$0.00 ,$78.86 ,$0.00 ,$0.00 ,$0.00 ,$78.86 ,$121.35 ,"$19,060.25 "
"3125 NE Loop 820  Fort Worth, TX 76110",Acura,Auto - Acura Plant (Floorplan-New) - East,3/25/2026,703896,3/25/2026,10/25/2027,2026 Acura ACURAADX A,Automobile,ACURAADX A,3HDSA2H31TM703896,,"$37,525.00 ","$37,525.00 ",$0.00 ,,$0.00 ,$0.00 ,$0.00 ,"$37,525.00 ",$0.00 ,$0.00 ,$0.00 ,$0.00 ,$0.00 ,$155.25 ,$0.00 ,$0.00 ,$0.00 ,$155.25 ,$191.50 ,"$37,525.00 "
"3125 NE Loop 820  Fort Worth, TX 76110",Acura,Auto - Acura Plant (Floorplan-New) - East,3/19/2026,704003,3/19/2026,10/19/2027,2026 Acura ACURAADXAW-SP,Automobile,ACURAADXAW-SP,3HDSA2H73TM704003,A8036,"$43,985.20 ","$43,985.20 ",$0.00 ,,"($43,985.20)",$0.00 ,"($43,985.20)",$0.00 ,$0.00 ,$0.00 ,$0.00 ,$0.00 ,$0.00 ,$6.07 ,$0.00 ,$0.00 ,$0.00 ,$6.07 ,$84.97 ,"$1,466.17 "
"3125 NE Loop 820  Fort Worth, TX 76110",Acura,Auto - Acura Plant (Floorplan-New) - East,4/16/2026,704152,4/16/2026,11/16/2027,2026 Acura ACURAADXA-EC,Automobile,ACURAADXA-EC,3HDSA1H58TM704152,,"$38,698.00 ",$0.00 ,"$38,698.00 ",4/16/2026,$0.00 ,$0.00 ,"$38,698.00 ","$38,698.00 ",$0.00 ,$0.00 ,$0.00 ,$0.00 ,$0.00 ,$80.05 ,$0.00 ,$0.00 ,$0.00 ,$80.05 ,$80.05 ,"$19,349.00 "
"3125 NE Loop 820  Fort Worth, TX 76110",Straight Line,Auto - Straight Line Plant - E,9/13/2018,HTLINE,9/13/2018,12/13/2101,2018 Straight Line STRAIGHTLINE,Automobile,STRAIGHTLINE,STRAIGHTLINE,,"$1,500,000.00 ","$1,500,000.00 ",$0.00 ,,$0.00 ,$0.00 ,$0.00 ,"$1,500,000.00 ",$0.00 ,$0.00 ,$0.00 ,$0.00 ,$0.00 ,"$6,581.00 ",$0.00 ,$0.00 ,$0.00 ,"$6,581.00 ","$94,834.26 ","$1,500,000.00 "
Total: ,,,,,,,,,,,,"$15,783,358.10 ","$11,309,373.10 ","$4,451,491.50 ",,"($4,204,213.20)",$0.00 ,"$247,278.30 ","$11,556,651.40 ",$0.00 ,$0.00 ,"$17,994.80 ",$0.00 ,"$17,994.80 ","$48,745.54 ",$0.00 ,$0.00 ,$0.00 ,"$48,745.54 ","$186,598.58 ","$11,691,225.51 "
