Dealer Billing Statement for: March 2026,,,,,,,,,,,,,,,,,,,,,,,,,,,,,,,
North Fort Worth Dealership Acquisition,,,,,,,,,,,,,,,,,,,,,,,,,,,,,,,
Location,Manufacturer Name,Plant Name,Invoice Date,Invoice Number,Interest Start Date,Maturity Date,Description,Type,Model Number,Serial No/VIN,Stock/Lease No,Original Amount,Beginning Balance,Advances,Last Advance Date,Principal Payments,Principal Adjustments,Monthly Activity,Ending Balance,Current Curtailments,Past Due Curtailments,Current Maturities,Past Due Maturities,Total Principal Due,Interest Amount,Prior Period Interest Billed Current Month,Flat Charges Amount,Item Fee Amount,Total Interest / Charges / Fees Due,Inception to Date Interest,Average Daily Billing Balance
"3125 NE Loop 820  Fort Worth, TX 76110",Acura,Auto - Acura Plant (Floorplan-New) - East,10/14/2025,320,10/14/2025,5/14/2027,2026 Acura ACURAINTEGTYP,Automobile,ACURAINTEGTYP,19UDE5G9XTA000320,A7670,"$52,352.20 ","$52,352.20 ",$0.00 ,,"($52,352.20)",$0.00 ,"($52,352.20)",$0.00 ,$0.00 ,$0.00 ,$0.00 ,$0.00 ,$0.00 ,$158.94 ,$0.00 ,$0.00 ,$0.00 ,$158.94 ,"$1,193.44 ","$37,153.17 "
"3125 NE Loop 820  Fort Worth, TX 76110",Acura,Auto - Acura Plant (Floorplan-New) - East,10/17/2024,431,10/17/2024,5/17/2026,2025 Acura ACURATLXTE,Automobile,ACURATLXTE,19UUB5F41SA000431,,"$44,987.00 ","$26,992.20 ",$0.00 ,,"($4,498.70)",$0.00 ,"($4,498.70)","$22,493.50 ","$4,498.70 ",$0.00 ,$0.00 ,$0.00 ,"$4,498.70 ",$102.43 ,$0.00 ,$0.00 ,$0.00 ,$102.43 ,"$3,401.88 ","$23,944.69 "
"3125 NE Loop 820  Fort Worth, TX 76110",Acura,Auto - Acura Plant (Floorplan-New) - East,9/15/2025,438,9/15/2025,4/15/2027,2026 Acura ACURAINTEGA-S,Automobile,ACURAINTEGA-S,19UDE4H62TA000438,,"$39,403.00 ","$39,403.00 ",$0.00 ,,$0.00 ,$0.00 ,$0.00 ,"$39,403.00 ",$0.00 ,$0.00 ,$0.00 ,$0.00 ,$0.00 ,$168.56 ,$0.00 ,$0.00 ,$0.00 ,$168.56 ,"$1,122.22 ","$39,403.00 "
"3125 NE Loop 820  Fort Worth, TX 76110",Acura,Auto - Acura Plant (Floorplan-New) - East,9/15/2025,834,9/15/2025,4/15/2027,2026 Acura ACURAINTEGA-S,Automobile,ACURAINTEGA-S,19UDE4H6XTA000834,A7593,"$39,403.00 ","$39,403.00 ",$0.00 ,,"($39,403.00)",$0.00 ,"($39,403.00)",$0.00 ,$0.00 ,$0.00 ,$0.00 ,$0.00 ,$0.00 ,$21.75 ,$0.00 ,$0.00 ,$0.00 ,$21.75 ,$975.41 ,"$5,084.26 "
"3125 NE Loop 820  Fort Worth, TX 76110",Acura,Auto - Acura Plant (Floorplan-New) - East,9/30/2025,841,9/30/2025,4/30/2027,2026 Acura ACURAINTEGA-S,Automobile,ACURAINTEGA-S,19UDE4H67TA000841,A7629,"$39,403.00 ","$39,403.00 ",$0.00 ,,"($39,403.00)",$0.00 ,"($39,403.00)",$0.00 ,$0.00 ,$0.00 ,$0.00 ,$0.00 ,$0.00 ,$125.06 ,$0.00 ,$0.00 ,$0.00 ,$125.06 ,$987.11 ,"$29,234.48 "
"3125 NE Loop 820  Fort Worth, TX 76110",Acura,Auto - Acura Plant (Floorplan-New) - East,10/31/2025,902,10/31/2025,5/31/2027,2026 Acura ACURARDXSHWDT,Automobile,ACURARDXSHWDT,5J8TC2H5XTL000902,A7733,"$47,331.60 ","$47,331.60 ",$0.00 ,,"($47,331.60)",$0.00 ,"($47,331.60)",$0.00 ,$0.00 ,$0.00 ,$0.00 ,$0.00 ,$0.00 ,$13.07 ,$0.00 ,$0.00 ,$0.00 ,$13.07 ,$826.89 ,"$3,053.65 "
"3125 NE Loop 820  Fort Worth, TX 76110",Acura,Auto - Acura Plant (Floorplan-New) - East,3/2/2026,1150,3/2/2026,10/2/2027,2026 Acura INTEGRA,Automobile,INTEGRA,19UDE5G95TA001150,A8017,"$53,028.20 ",$0.00 ,"$53,028.20 ",3/2/2026,$0.00 ,$0.00 ,"$53,028.20 ","$53,028.20 ",$0.00 ,$0.00 ,$0.00 ,$0.00 ,$0.00 ,$219.52 ,$0.00 ,$0.00 ,$0.00 ,$219.52 ,$219.52 ,"$51,317.61 "
"3125 NE Loop 820  Fort Worth, TX 76110",Acura,Auto - Acura Plant (Floorplan-New) - East,2/13/2026,1237,2/13/2026,9/13/2027,2026 Acura ACURAINTEGTYP,Automobile,ACURAINTEGTYP,19UDE5G96TA001237,,"$53,373.20 ","$53,373.20 ",$0.00 ,,$0.00 ,$0.00 ,$0.00 ,"$53,373.20 ",$0.00 ,$0.00 ,$0.00 ,$0.00 ,$0.00 ,$228.32 ,$0.00 ,$0.00 ,$0.00 ,$228.32 ,$346.25 ,"$53,373.20 "
"3125 NE Loop 820  Fort Worth, TX 76110",Acura,Auto - Acura Plant (Floorplan-New) - East,3/17/2026,1522,3/17/2026,10/17/2027,2026 Acura ACURAINTEGTYP,Automobile,ACURAINTEGTYP,19UDE5G95TA001522,,"$53,028.20 ",$0.00 ,"$53,028.20 ",3/17/2026,$0.00 ,$0.00 ,"$53,028.20 ","$53,028.20 ",$0.00 ,$0.00 ,$0.00 ,$0.00 ,$0.00 ,$109.76 ,$0.00 ,$0.00 ,$0.00 ,$109.76 ,$109.76 ,"$25,658.81 "
"3125 NE Loop 820  Fort Worth, TX 76110",Acura,Auto - Acura Plant (Floorplan-New) - East,3/24/2025,1591,3/24/2025,10/24/2026,2025 Acura ACURATLXTE,Automobile,ACURATLXTE,19UUB5F46SA001591,,"$44,415.80 ","$44,415.80 ",$0.00 ,,$0.00 ,$0.00 ,$0.00 ,"$44,415.80 ","$4,441.58 ",$0.00 ,$0.00 ,$0.00 ,"$4,441.58 ",$190.00 ,$0.00 ,$0.00 ,$0.00 ,$190.00 ,"$2,479.93 ","$44,415.80 "
"3125 NE Loop 820  Fort Worth, TX 76110",Acura,Auto - Acura Plant (Floorplan-New) - East,4/1/2025,1728,4/1/2025,11/1/2026,2025 Acura ACURATLXTE,Automobile,ACURATLXTE,19UUB5F47SA001728,A7232,"$44,987.00 ","$44,987.00 ",$0.00 ,,"($44,987.00)",$0.00 ,"($44,987.00)",$0.00 ,$0.00 ,$0.00 ,$0.00 ,$0.00 ,$0.00 ,$18.63 ,$0.00 ,$0.00 ,$0.00 ,$18.63 ,"$2,281.76 ","$4,353.58 "
"3125 NE Loop 820  Fort Worth, TX 76110",Acura,Auto - Acura Plant (Floorplan-New) - East,12/5/2025,1774,12/5/2025,7/5/2027,2026 Acura ACURAMDXSHWDT,Automobile,ACURAMDXSHWDT,5J8YD8H8XTL001774,A7788,"$73,062.50 ","$73,062.50 ",$0.00 ,,"($73,062.50)",$0.00 ,"($73,062.50)",$0.00 ,$0.00 ,$0.00 ,$0.00 ,$0.00 ,$0.00 ,$302.47 ,$0.00 ,$0.00 ,$0.00 ,$302.47 ,"$1,183.38 ","$70,705.65 "
"3125 NE Loop 820  Fort Worth, TX 76110",Acura,Auto - Acura Plant (Floorplan-New) - East,10/6/2025,1828,10/6/2025,5/6/2027,2026 Acura ACURAINTEGA-S,Automobile,ACURAINTEGA-S,19UDE4H69TA001828,,"$39,403.00 ","$39,403.00 ",$0.00 ,,"($39,403.00)",$0.00 ,"($39,403.00)",$0.00 ,$0.00 ,$0.00 ,$0.00 ,$0.00 ,$0.00 ,$130.50 ,$0.00 ,$0.00 ,$0.00 ,$130.50 ,$956.70 ,"$30,505.55 "
"3125 NE Loop 820  Fort Worth, TX 76110",Acura,Auto - Acura Plant (Floorplan-New) - East,9/26/2025,1878,9/26/2025,4/26/2027,2026 Acura ACURAINTEGA-S,Automobile,ACURAINTEGA-S,19UDE4H35TA001878,,"$36,354.90 ","$36,354.90 ",$0.00 ,,$0.00 ,$0.00 ,$0.00 ,"$36,354.90 ",$0.00 ,$0.00 ,$0.00 ,$0.00 ,$0.00 ,$155.52 ,$0.00 ,$0.00 ,$0.00 ,$155.52 ,$973.42 ,"$36,354.90 "
"3125 NE Loop 820  Fort Worth, TX 76110",Acura,Auto - Acura Plant (Floorplan-New) - East,10/6/2025,2567,10/6/2025,5/6/2027,2026 Acura ACURAINTEGA-S,Automobile,ACURAINTEGA-S,19UDE4H34TA002567,,"$36,354.90 ","$36,354.90 ",$0.00 ,,$0.00 ,$0.00 ,$0.00 ,"$36,354.90 ",$0.00 ,$0.00 ,$0.00 ,$0.00 ,$0.00 ,$155.52 ,$0.00 ,$0.00 ,$0.00 ,$155.52 ,$917.80 ,"$36,354.90 "
"3125 NE Loop 820  Fort Worth, TX 76110",Acura,Auto - Acura Plant (Floorplan-New) - East,8/7/2025,2949,8/7/2025,3/7/2027,2025 Acura ACURAINTEGTYP,Automobile,ACURAINTEGTYP,19UDE5G94SA002949,A7509,"$52,449.20 ","$52,449.20 ",$0.00 ,,"($52,449.20)",$0.00 ,"($52,449.20)",$0.00 ,$0.00 ,$0.00 ,$0.00 ,$0.00 ,$0.00 ,$173.70 ,$0.00 ,$0.00 ,$0.00 ,$173.70 ,"$1,762.97 ","$40,605.83 "
"3125 NE Loop 820  Fort Worth, TX 76110",Acura,Auto - Acura Plant (Floorplan-New) - East,8/5/2025,3003,8/5/2025,3/5/2027,2025 Acura ACURAINTEGTYP,Automobile,ACURAINTEGTYP,19UDE5G94SA003003,A7494,"$52,449.20 ","$52,449.20 ",$0.00 ,,"($52,449.20)",$0.00 ,"($52,449.20)",$0.00 ,$0.00 ,$0.00 ,$0.00 ,$0.00 ,$0.00 ,$188.18 ,$0.00 ,$0.00 ,$0.00 ,$188.18 ,"$1,793.93 ","$43,989.65 "
"3125 NE Loop 820  Fort Worth, TX 76110",Acura,Auto - Acura Plant (Floorplan-New) - East,8/5/2025,3006,8/5/2025,3/5/2027,2025 Acura ACURAINTEGTYP,Automobile,ACURAINTEGTYP,19UDE5G9XSA003006,A7495,"$52,449.20 ","$52,449.20 ",$0.00 ,,"($52,449.20)",$0.00 ,"($52,449.20)",$0.00 ,$0.00 ,$0.00 ,$0.00 ,$0.00 ,$0.00 ,$180.94 ,$0.00 ,$0.00 ,$0.00 ,$180.94 ,"$1,786.69 ","$42,297.74 "
"3125 NE Loop 820  Fort Worth, TX 76110",Acura,Auto - Acura Plant (Floorplan-New) - East,2/17/2026,3006,2/17/2026,9/17/2027,2026 Acura ACURAMDXSHWDT,Automobile,ACURAMDXSHWDT,5J8YD8H88TL003006,,"$73,162.50 ","$73,162.50 ",$0.00 ,,$0.00 ,$0.00 ,$0.00 ,"$73,162.50 ",$0.00 ,$0.00 ,$0.00 ,$0.00 ,$0.00 ,$312.97 ,$0.00 ,$0.00 ,$0.00 ,$312.97 ,$434.21 ,"$73,162.50 "
"3125 NE Loop 820  Fort Worth, TX 76110",Acura,Auto - Acura Plant (Floorplan-New) - East,2/25/2026,3015,2/25/2026,9/25/2027,2026 Acura ACURAMDXSHWDT,Automobile,ACURAMDXSHWDT,5J8YD8H89TL003015,,"$73,162.50 ","$73,162.50 ",$0.00 ,,$0.00 ,$0.00 ,$0.00 ,"$73,162.50 ",$0.00 ,$0.00 ,$0.00 ,$0.00 ,$0.00 ,$312.97 ,$0.00 ,$0.00 ,$0.00 ,$312.97 ,$353.38 ,"$73,162.50 "
"3125 NE Loop 820  Fort Worth, TX 76110",Acura,Auto - Acura Plant (Floorplan-New) - East,3/24/2026,3061,3/24/2026,10/24/2027,2026 Acura ACURAMDXSHWDT,Automobile,ACURAMDXSHWDT,5J8YD8H85TL003061,,"$73,162.50 ",$0.00 ,"$73,162.50 ",3/24/2026,$0.00 ,$0.00 ,"$73,162.50 ","$73,162.50 ",$0.00 ,$0.00 ,$0.00 ,$0.00 ,$0.00 ,$80.77 ,$0.00 ,$0.00 ,$0.00 ,$80.77 ,$80.77 ,"$18,880.65 "
"3125 NE Loop 820  Fort Worth, TX 76110",Acura,Auto - Acura Plant (Floorplan-New) - East,1/9/2026,3144,1/9/2026,8/9/2027,2026 Acura INETEGRA,Automobile,INETEGRA,19UDE4H60TA003144,A7681,"$38,827.00 ","$38,827.00 ",$0.00 ,,$0.00 ,$0.00 ,$0.00 ,"$38,827.00 ",$0.00 ,$0.00 ,$0.00 ,$0.00 ,$0.00 ,$166.09 ,$0.00 ,$0.00 ,$0.00 ,$166.09 ,$440.27 ,"$38,827.00 "
"3125 NE Loop 820  Fort Worth, TX 76110",Acura,Auto - Acura Plant (Floorplan-New) - East,12/16/2025,3173,12/16/2025,7/16/2027,2026 Acura ACURAMDX,Automobile,ACURAMDX,5J8YD9H32TL003173,,"$52,420.20 ","$52,420.20 ",$0.00 ,,$0.00 ,$0.00 ,$0.00 ,"$52,420.20 ",$0.00 ,$0.00 ,$0.00 ,$0.00 ,$0.00 ,$224.25 ,$0.00 ,$0.00 ,$0.00 ,$224.25 ,$773.42 ,"$52,420.20 "
"3125 NE Loop 820  Fort Worth, TX 76110",Acura,Auto - Acura Plant (Floorplan-New) - East,12/16/2025,3424,12/16/2025,7/16/2027,2026 Acura ACURAMDXTE,Automobile,ACURAMDXTE,5J8YD9H40TL003424,,"$55,797.60 ","$55,797.60 ",$0.00 ,,"($55,797.60)",$0.00 ,"($55,797.60)",$0.00 ,$0.00 ,$0.00 ,$0.00 ,$0.00 ,$0.00 ,$184.80 ,$0.00 ,$0.00 ,$0.00 ,$184.80 ,$769.36 ,"$43,198.14 "
"3125 NE Loop 820  Fort Worth, TX 76110",Acura,Auto - Acura Plant (Floorplan-New) - East,12/16/2025,3480,12/16/2025,7/16/2027,2026 Acura ACURAMDXTE,Automobile,ACURAMDXTE,5J8YD9H4XTL003480,,"$55,797.60 ","$55,797.60 ",$0.00 ,,"($55,797.60)",$0.00 ,"($55,797.60)",$0.00 ,$0.00 ,$0.00 ,$0.00 ,$0.00 ,$0.00 ,$184.80 ,$0.00 ,$0.00 ,$0.00 ,$184.80 ,$769.36 ,"$43,198.14 "
"3125 NE Loop 820  Fort Worth, TX 76110",Acura,Auto - Acura Plant (Floorplan-New) - East,12/5/2025,3621,12/5/2025,7/5/2027,2026 Acura ACURARDXSHWDT,Automobile,ACURARDXSHWDT,5J8TC2H56TL003621,,"$47,331.60 ","$47,331.60 ",$0.00 ,,"($47,331.60)",$0.00 ,"($47,331.60)",$0.00 ,$0.00 ,$0.00 ,$0.00 ,$0.00 ,$0.00 ,$156.76 ,$0.00 ,$0.00 ,$0.00 ,$156.76 ,$727.42 ,"$36,643.82 "
"3125 NE Loop 820  Fort Worth, TX 76110",Acura,Auto - Acura Plant (Floorplan-New) - East,10/21/2025,3698,10/21/2025,5/21/2027,2026 Acura ACURAINTEGA-S,Automobile,ACURAINTEGA-S,19UDE4H32TA003698,,"$36,354.90 ","$36,354.90 ",$0.00 ,,$0.00 ,$0.00 ,$0.00 ,"$36,354.90 ",$0.00 ,$0.00 ,$0.00 ,$0.00 ,$0.00 ,$155.52 ,$0.00 ,$0.00 ,$0.00 ,$155.52 ,$835.49 ,"$36,354.90 "
"3125 NE Loop 820  Fort Worth, TX 76110",Acura,Auto - Acura Plant (Floorplan-New) - East,10/21/2025,3774,10/21/2025,5/21/2027,2026 Acura ACURAINTEGA-S,Automobile,ACURAINTEGA-S,19UDE4H60TA003774,,"$39,403.00 ","$39,403.00 ",$0.00 ,,"($39,403.00)",$0.00 ,"($39,403.00)",$0.00 ,$0.00 ,$0.00 ,$0.00 ,$0.00 ,$0.00 ,$130.50 ,$0.00 ,$0.00 ,$0.00 ,$130.50 ,$867.48 ,"$30,505.55 "
"3125 NE Loop 820  Fort Worth, TX 76110",Acura,Auto - Acura Plant (Floorplan-New) - East,3/24/2026,3836,3/24/2026,10/24/2027,2026 Acura ACURAMDXSHWDT,Automobile,ACURAMDXSHWDT,5J8YD8H85TL003836,,"$73,162.50 ",$0.00 ,"$73,162.50 ",3/24/2026,$0.00 ,$0.00 ,"$73,162.50 ","$73,162.50 ",$0.00 ,$0.00 ,$0.00 ,$0.00 ,$0.00 ,$80.77 ,$0.00 ,$0.00 ,$0.00 ,$80.77 ,$80.77 ,"$18,880.65 "
"3125 NE Loop 820  Fort Worth, TX 76110",Acura,Auto - Acura Plant (Floorplan-New) - East,1/22/2026,3976,1/22/2026,8/22/2027,2026 Acura ACURAMDXTE,Automobile,ACURAMDXTE,5J8YD9H46TL003976,,"$55,897.60 ","$55,897.60 ",$0.00 ,,$0.00 ,$0.00 ,$0.00 ,"$55,897.60 ",$0.00 ,$0.00 ,$0.00 ,$0.00 ,$0.00 ,$239.12 ,$0.00 ,$0.00 ,$0.00 ,$239.12 ,$532.92 ,"$55,897.60 "
"3125 NE Loop 820  Fort Worth, TX 76110",Acura,Auto - Acura Plant (Floorplan-New) - East,12/15/2025,4108,12/15/2025,7/15/2027,2026 Acura ACURARDXSHWDA,Automobile,ACURARDXSHWDA,5J8TC2H69TL004108,A7803,"$50,086.20 ","$50,086.20 ",$0.00 ,,"($50,086.20)",$0.00 ,"($50,086.20)",$0.00 ,$0.00 ,$0.00 ,$0.00 ,$0.00 ,$0.00 ,$55.30 ,$0.00 ,$0.00 ,$0.00 ,$55.30 ,$587.22 ,"$12,925.47 "
"3125 NE Loop 820  Fort Worth, TX 76110",Acura,Auto - Acura Plant (Floorplan-New) - East,1/21/2026,4126,1/21/2026,8/21/2027,2026 Acura ACURAMDXTE,Automobile,ACURAMDXTE,5J8YD9H48TL004126,,"$55,897.60 ","$55,897.60 ",$0.00 ,,$0.00 ,$0.00 ,$0.00 ,"$55,897.60 ",$0.00 ,$0.00 ,$0.00 ,$0.00 ,$0.00 ,$239.12 ,$0.00 ,$0.00 ,$0.00 ,$239.12 ,$540.68 ,"$55,897.60 "
"3125 NE Loop 820  Fort Worth, TX 76110",Acura,Auto - Acura Plant (Floorplan-New) - East,1/21/2026,4129,1/21/2026,8/21/2027,2026 Acura ACURAMDXTE,Automobile,ACURAMDXTE,5J8YD9H43TL004129,A7884,"$55,897.60 ","$55,897.60 ",$0.00 ,,"($55,897.60)",$0.00 ,"($55,897.60)",$0.00 ,$0.00 ,$0.00 ,$0.00 ,$0.00 ,$0.00 ,$30.86 ,$0.00 ,$0.00 ,$0.00 ,$30.86 ,$332.42 ,"$7,212.59 "
"3125 NE Loop 820  Fort Worth, TX 76110",Acura,Auto - Acura Plant (Floorplan-New) - East,1/30/2026,4258,1/30/2026,8/30/2027,2026 Acura ACURAMDXTE,Automobile,ACURAMDXTE,5J8YD9H43TL004258,,"$55,897.60 ","$55,897.60 ",$0.00 ,,$0.00 ,$0.00 ,$0.00 ,"$55,897.60 ",$0.00 ,$0.00 ,$0.00 ,$0.00 ,$0.00 ,$239.12 ,$0.00 ,$0.00 ,$0.00 ,$239.12 ,$470.82 ,"$55,897.60 "
"3125 NE Loop 820  Fort Worth, TX 76110",Acura,Auto - Acura Plant (Floorplan-New) - East,2/26/2026,4687,2/26/2026,9/26/2027,2026 Acura ACURAMDXTE,Automobile,ACURAMDXTE,5J8YD9H44TL004687,,"$55,897.60 ","$55,897.60 ",$0.00 ,,$0.00 ,$0.00 ,$0.00 ,"$55,897.60 ",$0.00 ,$0.00 ,$0.00 ,$0.00 ,$0.00 ,$239.12 ,$0.00 ,$0.00 ,$0.00 ,$239.12 ,$262.28 ,"$55,897.60 "
"3125 NE Loop 820  Fort Worth, TX 76110",Acura,Auto - Acura Plant (Floorplan-New) - East,2/25/2026,4910,2/25/2026,9/25/2027,2026 Acura ACURAMDXTE,Automobile,ACURAMDXTE,5J8YD9H43TL004910,,"$55,897.60 ","$55,897.60 ",$0.00 ,,$0.00 ,$0.00 ,$0.00 ,"$55,897.60 ",$0.00 ,$0.00 ,$0.00 ,$0.00 ,$0.00 ,$239.12 ,$0.00 ,$0.00 ,$0.00 ,$239.12 ,$270.00 ,"$55,897.60 "
"3125 NE Loop 820  Fort Worth, TX 76110",Acura,Auto - Acura Plant (Floorplan-New) - East,2/25/2026,4999,2/25/2026,9/25/2027,2026 Acura ACURAMDXTE,Automobile,ACURAMDXTE,5J8YD9H41TL004999,A7974,"$55,897.60 ","$55,897.60 ",$0.00 ,,"($55,897.60)",$0.00 ,"($55,897.60)",$0.00 ,$0.00 ,$0.00 ,$0.00 ,$0.00 ,$0.00 ,$231.41 ,$0.00 ,$0.00 ,$0.00 ,$231.41 ,$262.29 ,"$54,094.45 "
"3125 NE Loop 820  Fort Worth, TX 76110",Acura,Auto - Acura Plant (Floorplan-New) - East,11/4/2025,5064,11/4/2025,6/4/2027,2026 Acura ACURAINTEGA-S,Automobile,ACURAINTEGA-S,19UDE4H61TA005064,,"$39,403.00 ","$39,403.00 ",$0.00 ,,"($39,403.00)",$0.00 ,"($39,403.00)",$0.00 ,$0.00 ,$0.00 ,$0.00 ,$0.00 ,$0.00 ,$130.50 ,$0.00 ,$0.00 ,$0.00 ,$130.50 ,$784.36 ,"$30,505.55 "
"3125 NE Loop 820  Fort Worth, TX 76110",Acura,Auto - Acura Plant (Floorplan-New) - East,3/2/2026,5108,3/2/2026,10/2/2027,2026 Acura ACURAMDXTE,Automobile,ACURAMDXTE,5J8YD9H40TL005108,,"$55,332.40 ",$0.00 ,"$55,332.40 ",3/2/2026,$0.00 ,$0.00 ,"$55,332.40 ","$55,332.40 ",$0.00 ,$0.00 ,$0.00 ,$0.00 ,$0.00 ,$229.06 ,$0.00 ,$0.00 ,$0.00 ,$229.06 ,$229.06 ,"$53,547.48 "
"3125 NE Loop 820  Fort Worth, TX 76110",Acura,Auto - Acura Plant (Floorplan-New) - East,3/17/2026,5348,3/17/2026,10/17/2027,2026 Acura ACURAMDXTE,Automobile,ACURAMDXTE,5J8YD9H49TL005348,,"$55,897.60 ",$0.00 ,"$55,897.60 ",3/17/2026,$0.00 ,$0.00 ,"$55,897.60 ","$55,897.60 ",$0.00 ,$0.00 ,$0.00 ,$0.00 ,$0.00 ,$115.70 ,$0.00 ,$0.00 ,$0.00 ,$115.70 ,$115.70 ,"$27,047.23 "
"3125 NE Loop 820  Fort Worth, TX 76110",Acura,Auto - Acura Plant (Floorplan-New) - East,3/24/2026,5369,3/24/2026,10/24/2027,2026 Acura ACURAMDX,Automobile,ACURAMDX,5J8YD9H37TL005369,,"$52,520.20 ",$0.00 ,"$52,520.20 ",3/24/2026,$0.00 ,$0.00 ,"$52,520.20 ","$52,520.20 ",$0.00 ,$0.00 ,$0.00 ,$0.00 ,$0.00 ,$57.98 ,$0.00 ,$0.00 ,$0.00 ,$57.98 ,$57.98 ,"$13,553.60 "
"3125 NE Loop 820  Fort Worth, TX 76110",Acura,Auto - Acura Plant (Floorplan-New) - East,3/24/2026,5374,3/24/2026,10/24/2027,2026 Acura ACURAMDX,Automobile,ACURAMDX,5J8YD9H30TL005374,A8072,"$52,520.20 ",$0.00 ,"$52,520.20 ",3/24/2026,"($52,520.20)",$0.00 ,$0.00 ,$0.00 ,$0.00 ,$0.00 ,$0.00 ,$0.00 ,$0.00 ,$14.49 ,$0.00 ,$0.00 ,$0.00 ,$14.49 ,$14.49 ,"$3,388.40 "
"3125 NE Loop 820  Fort Worth, TX 76110",Acura,Auto - Acura Plant (Floorplan-New) - East,11/4/2025,5390,11/4/2025,6/4/2027,2026 Acura ACURAINTEGA-S,Automobile,ACURAINTEGA-S,19UDE4H63TA005390,,"$39,403.00 ","$39,403.00 ",$0.00 ,,$0.00 ,$0.00 ,$0.00 ,"$39,403.00 ",$0.00 ,$0.00 ,$0.00 ,$0.00 ,$0.00 ,$168.56 ,$0.00 ,$0.00 ,$0.00 ,$168.56 ,$822.42 ,"$39,403.00 "
"3125 NE Loop 820  Fort Worth, TX 76110",Acura,Auto - Acura Plant (Floorplan-New) - East,3/24/2026,5405,3/24/2026,10/24/2027,2026 Acura ACURAMDXTE,Automobile,ACURAMDXTE,5J8YD9H46TL005405,,"$55,332.40 ",$0.00 ,"$55,332.40 ",3/24/2026,$0.00 ,$0.00 ,"$55,332.40 ","$55,332.40 ",$0.00 ,$0.00 ,$0.00 ,$0.00 ,$0.00 ,$61.08 ,$0.00 ,$0.00 ,$0.00 ,$61.08 ,$61.08 ,"$14,279.33 "
"3125 NE Loop 820  Fort Worth, TX 76110",Acura,Auto - Acura Plant (Floorplan-New) - East,11/4/2025,5419,11/4/2025,6/4/2027,2026 Acura ACURAINTEGA-S,Automobile,ACURAINTEGA-S,19UDE4H61TA005419,A7751,"$39,403.00 ","$39,403.00 ",$0.00 ,,"($39,403.00)",$0.00 ,"($39,403.00)",$0.00 ,$0.00 ,$0.00 ,$0.00 ,$0.00 ,$0.00 ,$21.75 ,$0.00 ,$0.00 ,$0.00 ,$21.75 ,$675.61 ,"$5,084.26 "
"3125 NE Loop 820  Fort Worth, TX 76110",Acura,Auto - Acura Plant (Floorplan-New) - East,3/17/2026,5419,3/17/2026,10/17/2027,2026 Acura ACURAMDXTE,Automobile,ACURAMDXTE,5J8YD9H46TL005419,,"$55,897.60 ",$0.00 ,"$55,897.60 ",3/17/2026,$0.00 ,$0.00 ,"$55,897.60 ","$55,897.60 ",$0.00 ,$0.00 ,$0.00 ,$0.00 ,$0.00 ,$115.70 ,$0.00 ,$0.00 ,$0.00 ,$115.70 ,$115.70 ,"$27,047.23 "
"3125 NE Loop 820  Fort Worth, TX 76110",Acura,Auto - Acura Plant (Floorplan-New) - East,3/24/2026,5480,3/24/2026,10/24/2027,2026 Acura ACURAMDXTE,Automobile,ACURAMDXTE,5J8YD9H49TL005480,,"$55,332.40 ",$0.00 ,"$55,332.40 ",3/24/2026,$0.00 ,$0.00 ,"$55,332.40 ","$55,332.40 ",$0.00 ,$0.00 ,$0.00 ,$0.00 ,$0.00 ,$61.08 ,$0.00 ,$0.00 ,$0.00 ,$61.08 ,$61.08 ,"$14,279.33 "
"3125 NE Loop 820  Fort Worth, TX 76110",Acura,Auto - Acura Plant (Floorplan-New) - East,12/24/2025,5489,12/24/2025,7/24/2027,2026 Acura ACURARDXSHWDA,Automobile,ACURARDXSHWDA,5J8TC2H68TL005489,,"$50,086.20 ","$50,086.20 ",$0.00 ,,$0.00 ,$0.00 ,$0.00 ,"$50,086.20 ",$0.00 ,$0.00 ,$0.00 ,$0.00 ,$0.00 ,$214.26 ,$0.00 ,$0.00 ,$0.00 ,$214.26 ,$681.41 ,"$50,086.20 "
"3125 NE Loop 820  Fort Worth, TX 76110",Acura,Auto - Acura Plant (Floorplan-New) - East,2/13/2026,5629,2/13/2026,9/13/2027,2026 Acura INTEGRA,Automobile,INTEGRA,19UDE4G79TA005629,A7950,"$39,403.00 ","$39,403.00 ",$0.00 ,,$0.00 ,$0.00 ,$0.00 ,"$39,403.00 ",$0.00 ,$0.00 ,$0.00 ,$0.00 ,$0.00 ,$168.56 ,$0.00 ,$0.00 ,$0.00 ,$168.56 ,$255.62 ,"$39,403.00 "
"3125 NE Loop 820  Fort Worth, TX 76110",Acura,Auto - Acura Plant (Floorplan-New) - East,3/27/2026,5676,3/27/2026,10/27/2027,2026 Acura ACURAMDXTE,Automobile,ACURAMDXTE,5J8YD9H44TL005676,,"$55,897.60 ",$0.00 ,"$55,897.60 ",3/27/2026,$0.00 ,$0.00 ,"$55,897.60 ","$55,897.60 ",$0.00 ,$0.00 ,$0.00 ,$0.00 ,$0.00 ,$38.57 ,$0.00 ,$0.00 ,$0.00 ,$38.57 ,$38.57 ,"$9,015.74 "
"3125 NE Loop 820  Fort Worth, TX 76110",Acura,Auto - Acura Plant (Floorplan-New) - East,12/31/2025,5714,12/31/2025,7/31/2027,2026 Acura ACURARDXSHWD,Automobile,ACURARDXSHWD,5J8TC2H42TL005714,,"$45,893.70 ","$45,893.70 ",$0.00 ,,"($45,893.70)",$0.00 ,"($45,893.70)",$0.00 ,$0.00 ,$0.00 ,$0.00 ,$0.00 ,$0.00 ,$152.00 ,$0.00 ,$0.00 ,$0.00 ,$152.00 ,$533.86 ,"$35,530.61 "
"3125 NE Loop 820  Fort Worth, TX 76110",Acura,Auto - Acura Plant (Floorplan-New) - East,3/31/2026,5755,3/31/2026,10/31/2027,2026 Acura ACURAMDXTE,Automobile,ACURAMDXTE,5J8YD9H40TL005755,,"$55,332.40 ",$0.00 ,"$55,332.40 ",3/31/2026,$0.00 ,$0.00 ,"$55,332.40 ","$55,332.40 ",$0.00 ,$0.00 ,$0.00 ,$0.00 ,$0.00 ,$7.64 ,$0.00 ,$0.00 ,$0.00 ,$7.64 ,$7.64 ,"$1,784.92 "
"3125 NE Loop 820  Fort Worth, TX 76110",Acura,Auto - Acura Plant (Floorplan-New) - East,11/18/2025,5756,11/18/2025,6/18/2027,2026 Acura ACURAINTEGA-S,Automobile,ACURAINTEGA-S,19UDE4H30TA005756,,"$36,354.90 ","$36,354.90 ",$0.00 ,,$0.00 ,$0.00 ,$0.00 ,"$36,354.90 ",$0.00 ,$0.00 ,$0.00 ,$0.00 ,$0.00 ,$155.52 ,$0.00 ,$0.00 ,$0.00 ,$155.52 ,$684.10 ,"$36,354.90 "
"3125 NE Loop 820  Fort Worth, TX 76110",Acura,Auto - Acura Plant (Floorplan-New) - East,12/2/2025,5863,12/2/2025,7/2/2027,2026 Acura ACURAINTEGA-S,Automobile,ACURAINTEGA-S,19UDE4H31TA005863,,"$36,354.90 ","$36,354.90 ",$0.00 ,,"($36,354.90)",$0.00 ,"($36,354.90)",$0.00 ,$0.00 ,$0.00 ,$0.00 ,$0.00 ,$0.00 ,$120.40 ,$0.00 ,$0.00 ,$0.00 ,$120.40 ,$574.39 ,"$28,145.73 "
"3125 NE Loop 820  Fort Worth, TX 76110",Acura,Auto - Acura Plant (Floorplan-New) - East,9/5/2025,5994,9/5/2025,4/5/2027,2026 Acura ACURAMDXSHWDA,Automobile,ACURAMDXSHWDA,5J8YE1H02TL005994,,"$60,006.00 ","$60,006.00 ",$0.00 ,,$0.00 ,$0.00 ,$0.00 ,"$60,006.00 ",$0.00 ,$0.00 ,$0.00 ,$0.00 ,$0.00 ,$256.70 ,$0.00 ,$0.00 ,$0.00 ,$256.70 ,"$1,802.02 ","$60,006.00 "
"3125 NE Loop 820  Fort Worth, TX 76110",Acura,Auto - Acura Plant (Floorplan-New) - East,11/25/2025,6075,11/25/2025,6/25/2027,2026 Acura ACURAINTEGA-S,Automobile,ACURAINTEGA-S,19UDE4H60TA006075,,"$39,403.00 ","$39,403.00 ",$0.00 ,,$0.00 ,$0.00 ,$0.00 ,"$39,403.00 ",$0.00 ,$0.00 ,$0.00 ,$0.00 ,$0.00 ,$168.56 ,$0.00 ,$0.00 ,$0.00 ,$168.56 ,$700.97 ,"$39,403.00 "
"3125 NE Loop 820  Fort Worth, TX 76110",Acura,Auto - Acura Plant (Floorplan-New) - East,1/14/2026,6291,1/14/2026,8/14/2027,2026 Acura ACURARDXSHWDT,Automobile,ACURARDXSHWDT,5J8TC2H54TL006291,,"$47,331.60 ","$47,331.60 ",$0.00 ,,$0.00 ,$0.00 ,$0.00 ,"$47,331.60 ",$0.00 ,$0.00 ,$0.00 ,$0.00 ,$0.00 ,$202.48 ,$0.00 ,$0.00 ,$0.00 ,$202.48 ,$503.84 ,"$47,331.60 "
"3125 NE Loop 820  Fort Worth, TX 76110",Acura,Auto - Acura Plant (Floorplan-New) - East,1/14/2026,6346,1/14/2026,8/14/2027,2026 Acura ACURARDXSHWDT,Automobile,ACURARDXSHWDT,5J8TC2H53TL006346,,"$47,331.60 ","$47,331.60 ",$0.00 ,,$0.00 ,$0.00 ,$0.00 ,"$47,331.60 ",$0.00 ,$0.00 ,$0.00 ,$0.00 ,$0.00 ,$202.48 ,$0.00 ,$0.00 ,$0.00 ,$202.48 ,$503.84 ,"$47,331.60 "
"3125 NE Loop 820  Fort Worth, TX 76110",Acura,Auto - Acura Plant (Floorplan-New) - East,12/16/2025,6421,12/16/2025,7/16/2027,2026 Acura ACURAINTEGA-S,Automobile,ACURAINTEGA-S,19UDE4H64TA006421,,"$39,403.00 ","$39,403.00 ",$0.00 ,,$0.00 ,$0.00 ,$0.00 ,"$39,403.00 ",$0.00 ,$0.00 ,$0.00 ,$0.00 ,$0.00 ,$168.56 ,$0.00 ,$0.00 ,$0.00 ,$168.56 ,$581.35 ,"$39,403.00 "
"3125 NE Loop 820  Fort Worth, TX 76110",Acura,Auto - Acura Plant (Floorplan-New) - East,12/16/2025,6445,12/16/2025,7/16/2027,2026 Acura ACURAINTEGA-S,Automobile,ACURAINTEGA-S,19UDE4H67TA006445,,"$39,403.00 ","$39,403.00 ",$0.00 ,,$0.00 ,$0.00 ,$0.00 ,"$39,403.00 ",$0.00 ,$0.00 ,$0.00 ,$0.00 ,$0.00 ,$168.56 ,$0.00 ,$0.00 ,$0.00 ,$168.56 ,$581.35 ,"$39,403.00 "
"3125 NE Loop 820  Fort Worth, TX 76110",Acura,Auto - Acura Plant (Floorplan-New) - East,3/17/2026,7120,3/17/2026,10/17/2027,2026 Acura INTEGRA,Automobile,INTEGRA,19UDE4H66TA007120,A7838,"$39,403.00 ",$0.00 ,"$39,403.00 ",3/17/2026,$0.00 ,$0.00 ,"$39,403.00 ","$39,403.00 ",$0.00 ,$0.00 ,$0.00 ,$0.00 ,$0.00 ,$81.56 ,$0.00 ,$0.00 ,$0.00 ,$81.56 ,$81.56 ,"$19,065.97 "
"3125 NE Loop 820  Fort Worth, TX 76110",Acura,Auto - Acura Plant (Floorplan-New) - East,12/31/2025,7195,12/31/2025,7/31/2027,2026 Acura ACURAINTEGA-S,Automobile,ACURAINTEGA-S,19UDE4H64TA007195,,"$38,827.00 ","$38,827.00 ",$0.00 ,,$0.00 ,$0.00 ,$0.00 ,"$38,827.00 ",$0.00 ,$0.00 ,$0.00 ,$0.00 ,$0.00 ,$166.09 ,$0.00 ,$0.00 ,$0.00 ,$166.09 ,$489.17 ,"$38,827.00 "
"3125 NE Loop 820  Fort Worth, TX 76110",Acura,Auto - Acura Plant (Floorplan-New) - East,12/24/2025,7198,12/24/2025,7/24/2027,2026 Acura ACURAINTEGA-S,Automobile,ACURAINTEGA-S,19UDE4H6XTA007198,,"$38,827.00 ","$38,827.00 ",$0.00 ,,$0.00 ,$0.00 ,$0.00 ,"$38,827.00 ",$0.00 ,$0.00 ,$0.00 ,$0.00 ,$0.00 ,$166.09 ,$0.00 ,$0.00 ,$0.00 ,$166.09 ,$528.22 ,"$38,827.00 "
"3125 NE Loop 820  Fort Worth, TX 76110",Acura,Auto - Acura Plant (Floorplan-New) - East,1/12/2026,7397,1/12/2026,8/12/2027,2026 Acura ACURARDXSHWDA,Automobile,ACURARDXSHWDA,5J8TC2H62TL007397,A7866,"$50,086.20 ","$50,086.20 ",$0.00 ,,"($50,086.20)",$0.00 ,"($50,086.20)",$0.00 ,$0.00 ,$0.00 ,$0.00 ,$0.00 ,$0.00 ,$62.21 ,$0.00 ,$0.00 ,$0.00 ,$62.21 ,$395.03 ,"$14,541.15 "
"3125 NE Loop 820  Fort Worth, TX 76110",Acura,Auto - Acura Plant (Floorplan-New) - East,12/31/2025,7528,12/31/2025,7/31/2027,2026 Acura ACURAINTEGA-S,Automobile,ACURAINTEGA-S,19UDE4G72TA007528,A7852,"$39,403.00 ","$39,403.00 ",$0.00 ,,"($39,403.00)",$0.00 ,"($39,403.00)",$0.00 ,$0.00 ,$0.00 ,$0.00 ,$0.00 ,$0.00 ,$163.12 ,$0.00 ,$0.00 ,$0.00 ,$163.12 ,$490.98 ,"$38,131.94 "
"3125 NE Loop 820  Fort Worth, TX 76110",Acura,Auto - Acura Plant (Floorplan-New) - East,1/22/2026,8277,1/22/2026,8/22/2027,2026 Acura ACURAINTEGA-S,Automobile,ACURAINTEGA-S,19UDE4H60TA008277,,"$39,503.00 ","$39,503.00 ",$0.00 ,,$0.00 ,$0.00 ,$0.00 ,"$39,503.00 ",$0.00 ,$0.00 ,$0.00 ,$0.00 ,$0.00 ,$168.99 ,$0.00 ,$0.00 ,$0.00 ,$168.99 ,$376.63 ,"$39,503.00 "
"3125 NE Loop 820  Fort Worth, TX 76110",Acura,Auto - Acura Plant (Floorplan-New) - East,1/22/2026,8279,1/22/2026,8/22/2027,2026 Acura ACURAINTEGA-S,Automobile,ACURAINTEGA-S,19UDE4H64TA008279,,"$39,503.00 ","$39,503.00 ",$0.00 ,,$0.00 ,$0.00 ,$0.00 ,"$39,503.00 ",$0.00 ,$0.00 ,$0.00 ,$0.00 ,$0.00 ,$168.99 ,$0.00 ,$0.00 ,$0.00 ,$168.99 ,$376.63 ,"$39,503.00 "
"3125 NE Loop 820  Fort Worth, TX 76110",Acura,Auto - Acura Plant (Floorplan-New) - East,1/22/2026,8409,1/22/2026,8/22/2027,2026 Acura ACURAINTEGA-S,Automobile,ACURAINTEGA-S,19UDE4H62TA008409,,"$39,503.00 ","$39,503.00 ",$0.00 ,,$0.00 ,$0.00 ,$0.00 ,"$39,503.00 ",$0.00 ,$0.00 ,$0.00 ,$0.00 ,$0.00 ,$168.99 ,$0.00 ,$0.00 ,$0.00 ,$168.99 ,$376.63 ,"$39,503.00 "
"3125 NE Loop 820  Fort Worth, TX 76110",Acura,Auto - Acura Plant (Floorplan-New) - East,1/22/2026,8435,1/22/2026,8/22/2027,2026 Acura ACURAINTEGA-S,Automobile,ACURAINTEGA-S,19UDE4H63TA008435,,"$39,503.00 ","$39,503.00 ",$0.00 ,,$0.00 ,$0.00 ,$0.00 ,"$39,503.00 ",$0.00 ,$0.00 ,$0.00 ,$0.00 ,$0.00 ,$168.99 ,$0.00 ,$0.00 ,$0.00 ,$168.99 ,$376.63 ,"$39,503.00 "
"3125 NE Loop 820  Fort Worth, TX 76110",Acura,Auto - Acura Plant (Floorplan-New) - East,1/22/2026,8453,1/22/2026,8/22/2027,2026 Acura ACURAINTEG,Automobile,ACURAINTEG,19UDE4H29TA008453,,"$34,436.00 ","$34,436.00 ",$0.00 ,,$0.00 ,$0.00 ,$0.00 ,"$34,436.00 ",$0.00 ,$0.00 ,$0.00 ,$0.00 ,$0.00 ,$147.32 ,$0.00 ,$0.00 ,$0.00 ,$147.32 ,$328.31 ,"$34,436.00 "
"3125 NE Loop 820  Fort Worth, TX 76110",Acura,Auto - Acura Plant (Floorplan-New) - East,1/22/2026,8557,1/22/2026,8/22/2027,2026 Acura ACURAINTEG,Automobile,ACURAINTEG,19UDE4H2XTA008557,,"$34,436.00 ","$34,436.00 ",$0.00 ,,$0.00 ,$0.00 ,$0.00 ,"$34,436.00 ",$0.00 ,$0.00 ,$0.00 ,$0.00 ,$0.00 ,$147.32 ,$0.00 ,$0.00 ,$0.00 ,$147.32 ,$328.31 ,"$34,436.00 "
"3125 NE Loop 820  Fort Worth, TX 76110",Acura,Auto - Acura Plant (Floorplan-New) - East,2/6/2026,8652,2/6/2026,9/6/2027,2026 Acura ACURARDXSHWDA,Automobile,ACURARDXSHWDA,5J8TC2H68TL008652,,"$50,186.20 ","$50,186.20 ",$0.00 ,,$0.00 ,$0.00 ,$0.00 ,"$50,186.20 ",$0.00 ,$0.00 ,$0.00 ,$0.00 ,$0.00 ,$214.69 ,$0.00 ,$0.00 ,$0.00 ,$214.69 ,$374.09 ,"$50,186.20 "
"3125 NE Loop 820  Fort Worth, TX 76110",Acura,Auto - Acura Plant (Floorplan-New) - East,2/4/2026,9115,2/4/2026,9/4/2027,2026 Acura ACURARDXSHWDT,Automobile,ACURARDXSHWDT,5J8TC2H5XTL009115,A7902,"$47,431.60 ","$47,431.60 ",$0.00 ,,"($47,431.60)",$0.00 ,"($47,431.60)",$0.00 ,$0.00 ,$0.00 ,$0.00 ,$0.00 ,$0.00 ,$98.18 ,$0.00 ,$0.00 ,$0.00 ,$98.18 ,$261.93 ,"$22,950.77 "
"3125 NE Loop 820  Fort Worth, TX 76110",Acura,Auto - Acura Plant (Floorplan-New) - East,2/6/2026,9148,2/6/2026,9/6/2027,2026 Acura ACURAINTEGA-S,Automobile,ACURAINTEGA-S,19UDE4H38TA009148,,"$36,454.90 ","$36,454.90 ",$0.00 ,,$0.00 ,$0.00 ,$0.00 ,"$36,454.90 ",$0.00 ,$0.00 ,$0.00 ,$0.00 ,$0.00 ,$155.94 ,$0.00 ,$0.00 ,$0.00 ,$155.94 ,$271.72 ,"$36,454.90 "
"3125 NE Loop 820  Fort Worth, TX 76110",Acura,Auto - Acura Plant (Floorplan-New) - East,2/13/2026,9195,2/13/2026,9/13/2027,2026 Acura ACURARDXSHWD,Automobile,ACURARDXSHWD,5J8TC2H42TL009195,A7921,"$45,993.70 ","$45,993.70 ",$0.00 ,,"($45,993.70)",$0.00 ,"($45,993.70)",$0.00 ,$0.00 ,$0.00 ,$0.00 ,$0.00 ,$0.00 ,$57.12 ,$0.00 ,$0.00 ,$0.00 ,$57.12 ,$158.74 ,"$13,353.01 "
"3125 NE Loop 820  Fort Worth, TX 76110",Acura,Auto - Acura Plant (Floorplan-New) - East,2/9/2026,9235,2/9/2026,9/9/2027,2026 Acura ACURAINTEG,Automobile,ACURAINTEG,19UDE4H24TA009235,,"$34,781.00 ","$34,781.00 ",$0.00 ,,$0.00 ,$0.00 ,$0.00 ,"$34,781.00 ",$0.00 ,$0.00 ,$0.00 ,$0.00 ,$0.00 ,$148.78 ,$0.00 ,$0.00 ,$0.00 ,$148.78 ,$244.84 ,"$34,781.00 "
"3125 NE Loop 820  Fort Worth, TX 76110",Acura,Auto - Acura Plant (Floorplan-New) - East,10/7/2025,9392,10/7/2025,5/7/2027,2026 Acura ACURAMDXSHWDA,Automobile,ACURAMDXSHWDA,5J8YE1H97TL009392,,"$66,543.40 ","$66,543.40 ",$0.00 ,,"($66,543.40)",$0.00 ,"($66,543.40)",$0.00 ,$0.00 ,$0.00 ,$0.00 ,$0.00 ,$0.00 ,$220.39 ,$0.00 ,$0.00 ,$0.00 ,$220.39 ,"$1,605.63 ","$51,517.47 "
"3125 NE Loop 820  Fort Worth, TX 76110",Acura,Auto - Acura Plant (Floorplan-New) - East,2/9/2026,9397,2/9/2026,9/9/2027,2026 Acura ACURAINTEGA-S,Automobile,ACURAINTEGA-S,19UDE4H64TA009397,,"$39,503.00 ","$39,503.00 ",$0.00 ,,$0.00 ,$0.00 ,$0.00 ,"$39,503.00 ",$0.00 ,$0.00 ,$0.00 ,$0.00 ,$0.00 ,$168.99 ,$0.00 ,$0.00 ,$0.00 ,$168.99 ,$278.09 ,"$39,503.00 "
"3125 NE Loop 820  Fort Worth, TX 76110",Acura,Auto - Acura Plant (Floorplan-New) - East,2/9/2026,9423,2/9/2026,9/9/2027,2026 Acura ACURAINTEG,Automobile,ACURAINTEG,19UDE4H25TA009423,,"$34,436.00 ","$34,436.00 ",$0.00 ,,$0.00 ,$0.00 ,$0.00 ,"$34,436.00 ",$0.00 ,$0.00 ,$0.00 ,$0.00 ,$0.00 ,$147.32 ,$0.00 ,$0.00 ,$0.00 ,$147.32 ,$242.43 ,"$34,436.00 "
"3125 NE Loop 820  Fort Worth, TX 76110",Acura,Auto - Acura Plant (Floorplan-New) - East,3/9/2026,10086,3/9/2026,10/9/2027,2026 Acura ACURAINTEGA-S,Automobile,ACURAINTEGA-S,19UDE4G70TA010086,,"$39,848.00 ",$0.00 ,"$39,848.00 ",3/9/2026,$0.00 ,$0.00 ,"$39,848.00 ","$39,848.00 ",$0.00 ,$0.00 ,$0.00 ,$0.00 ,$0.00 ,$126.47 ,$0.00 ,$0.00 ,$0.00 ,$126.47 ,$126.47 ,"$29,564.65 "
"3125 NE Loop 820  Fort Worth, TX 76110",Acura,Auto - Acura Plant (Floorplan-New) - East,2/25/2026,10118,2/25/2026,9/25/2027,2026 Acura ACURARDXSHWDT,Automobile,ACURARDXSHWDT,5J8TC2H5XTL010118,,"$47,431.60 ","$47,431.60 ",$0.00 ,,$0.00 ,$0.00 ,$0.00 ,"$47,431.60 ",$0.00 ,$0.00 ,$0.00 ,$0.00 ,$0.00 ,$202.90 ,$0.00 ,$0.00 ,$0.00 ,$202.90 ,$229.10 ,"$47,431.60 "
"3125 NE Loop 820  Fort Worth, TX 76110",Acura,Auto - Acura Plant (Floorplan-New) - East,2/13/2026,10226,2/13/2026,9/13/2027,2026 Acura ACURAINTEGA-S,Automobile,ACURAINTEGA-S,19UDE4H64TA010226,A7934,"$39,503.00 ","$39,503.00 ",$0.00 ,,"($39,503.00)",$0.00 ,"($39,503.00)",$0.00 ,$0.00 ,$0.00 ,$0.00 ,$0.00 ,$0.00 ,$103.58 ,$0.00 ,$0.00 ,$0.00 ,$103.58 ,$190.86 ,"$24,211.52 "
"3125 NE Loop 820  Fort Worth, TX 76110",Acura,Auto - Acura Plant (Floorplan-New) - East,10/14/2025,10351,10/14/2025,5/14/2027,2026 Acura ACURAMDXSHWDA,Automobile,ACURAMDXSHWDA,5J8YE1H07TL010351,,"$60,571.20 ","$60,571.20 ",$0.00 ,,"($60,571.20)",$0.00 ,"($60,571.20)",$0.00 ,$0.00 ,$0.00 ,$0.00 ,$0.00 ,$0.00 ,$200.60 ,$0.00 ,$0.00 ,$0.00 ,$200.60 ,"$1,397.50 ","$46,893.83 "
"3125 NE Loop 820  Fort Worth, TX 76110",Acura,Auto - Acura Plant (Floorplan-New) - East,3/2/2026,10417,3/2/2026,10/2/2027,2026 Acura RDX,Automobile,RDX,5J8TC2H86TL010417,A7970,"$54,019.00 ",$0.00 ,"$54,019.00 ",3/2/2026,"($54,019.00)",$0.00 ,$0.00 ,$0.00 ,$0.00 ,$0.00 ,$0.00 ,$0.00 ,$0.00 ,$82.00 ,$0.00 ,$0.00 ,$0.00 ,$82.00 ,$82.00 ,"$19,168.03 "
"3125 NE Loop 820  Fort Worth, TX 76110",Acura,Auto - Acura Plant (Floorplan-New) - East,2/13/2026,10584,2/13/2026,9/13/2027,2026 Acura ACURAINTEGA-S,Automobile,ACURAINTEGA-S,19UDE4H30TA010584,,"$36,454.90 ","$36,454.90 ",$0.00 ,,$0.00 ,$0.00 ,$0.00 ,"$36,454.90 ",$0.00 ,$0.00 ,$0.00 ,$0.00 ,$0.00 ,$155.94 ,$0.00 ,$0.00 ,$0.00 ,$155.94 ,$236.49 ,"$36,454.90 "
"3125 NE Loop 820  Fort Worth, TX 76110",Acura,Auto - Acura Plant (Floorplan-New) - East,2/17/2026,10700,2/17/2026,9/17/2027,2026 Acura ACURARDXSHWDA,Automobile,ACURARDXSHWDA,5J8TC2H81TL010700,A7947,"$54,019.00 ","$54,019.00 ",$0.00 ,,"($54,019.00)",$0.00 ,"($54,019.00)",$0.00 ,$0.00 ,$0.00 ,$0.00 ,$0.00 ,$0.00 ,$82.00 ,$0.00 ,$0.00 ,$0.00 ,$82.00 ,$171.51 ,"$19,168.03 "
"3125 NE Loop 820  Fort Worth, TX 76110",Acura,Auto - Acura Plant (Floorplan-New) - East,10/14/2025,10765,10/14/2025,5/14/2027,2026 Acura ACURAMDXSHWDT,Automobile,ACURAMDXSHWDT,5J8YE1H48TL010765,A7684,"$57,304.80 ","$57,304.80 ",$0.00 ,,"($57,304.80)",$0.00 ,"($57,304.80)",$0.00 ,$0.00 ,$0.00 ,$0.00 ,$0.00 ,$0.00 ,$134.43 ,$0.00 ,$0.00 ,$0.00 ,$134.43 ,"$1,266.80 ","$31,425.21 "
"3125 NE Loop 820  Fort Worth, TX 76110",Acura,Auto - Acura Plant (Floorplan-New) - East,2/13/2026,10774,2/13/2026,9/13/2027,2026 Acura ACURAINTEGA-S,Automobile,ACURAINTEGA-S,19UDE4H62TA010774,,"$39,503.00 ","$39,503.00 ",$0.00 ,,$0.00 ,$0.00 ,$0.00 ,"$39,503.00 ",$0.00 ,$0.00 ,$0.00 ,$0.00 ,$0.00 ,$168.99 ,$0.00 ,$0.00 ,$0.00 ,$168.99 ,$256.27 ,"$39,503.00 "
"3125 NE Loop 820  Fort Worth, TX 76110",Acura,Auto - Acura Plant (Floorplan-New) - East,3/2/2026,10829,3/2/2026,10/2/2027,2026 Acura ACURAINTEG,Automobile,ACURAINTEG,19UDE4H25TA010829,,"$34,781.00 ",$0.00 ,"$34,781.00 ",3/2/2026,$0.00 ,$0.00 ,"$34,781.00 ","$34,781.00 ",$0.00 ,$0.00 ,$0.00 ,$0.00 ,$0.00 ,$143.98 ,$0.00 ,$0.00 ,$0.00 ,$143.98 ,$143.98 ,"$33,659.03 "
"3125 NE Loop 820  Fort Worth, TX 76110",Acura,Auto - Acura Plant (Floorplan-New) - East,2/17/2026,10938,2/17/2026,9/17/2027,2026 Acura ACURAINTEG,Automobile,ACURAINTEG,19UDE4H2XTA010938,A7949,"$34,436.00 ","$34,436.00 ",$0.00 ,,"($34,436.00)",$0.00 ,"($34,436.00)",$0.00 ,$0.00 ,$0.00 ,$0.00 ,$0.00 ,$0.00 ,$104.55 ,$0.00 ,$0.00 ,$0.00 ,$104.55 ,$161.61 ,"$24,438.45 "
"3125 NE Loop 820  Fort Worth, TX 76110",Acura,Auto - Acura Plant (Floorplan-New) - East,3/19/2026,11242,3/19/2026,10/19/2027,2026 Acura ACURARDXSHWDT,Automobile,ACURARDXSHWDT,5J8TC2H55TL011242,,"$47,431.60 ",$0.00 ,"$47,431.60 ",3/19/2026,$0.00 ,$0.00 ,"$47,431.60 ","$47,431.60 ",$0.00 ,$0.00 ,$0.00 ,$0.00 ,$0.00 ,$85.09 ,$0.00 ,$0.00 ,$0.00 ,$85.09 ,$85.09 ,"$19,890.67 "
"3125 NE Loop 820  Fort Worth, TX 76110",Acura,Auto - Acura Plant (Floorplan-New) - East,3/2/2026,11251,3/2/2026,10/2/2027,2026 Acura ACURAINTEG,Automobile,ACURAINTEG,19UDE4H21TA011251,,"$34,436.00 ",$0.00 ,"$34,436.00 ",3/2/2026,$0.00 ,$0.00 ,"$34,436.00 ","$34,436.00 ",$0.00 ,$0.00 ,$0.00 ,$0.00 ,$0.00 ,$142.56 ,$0.00 ,$0.00 ,$0.00 ,$142.56 ,$142.56 ,"$33,325.16 "
"3125 NE Loop 820  Fort Worth, TX 76110",Acura,Auto - Acura Plant (Floorplan-New) - East,3/2/2026,11381,3/2/2026,10/2/2027,2026 Acura ACURAINTEGA-S,Automobile,ACURAINTEGA-S,19UDE4H6XTA011381,,"$39,503.00 ",$0.00 ,"$39,503.00 ",3/2/2026,$0.00 ,$0.00 ,"$39,503.00 ","$39,503.00 ",$0.00 ,$0.00 ,$0.00 ,$0.00 ,$0.00 ,$163.53 ,$0.00 ,$0.00 ,$0.00 ,$163.53 ,$163.53 ,"$38,228.71 "
"3125 NE Loop 820  Fort Worth, TX 76110",Acura,Auto - Acura Plant (Floorplan-New) - East,3/19/2026,11409,3/19/2026,10/19/2027,2026 Acura ACURARDXSHWDT,Automobile,ACURARDXSHWDT,5J8TC2H54TL011409,,"$47,431.60 ",$0.00 ,"$47,431.60 ",3/19/2026,$0.00 ,$0.00 ,"$47,431.60 ","$47,431.60 ",$0.00 ,$0.00 ,$0.00 ,$0.00 ,$0.00 ,$85.09 ,$0.00 ,$0.00 ,$0.00 ,$85.09 ,$85.09 ,"$19,890.67 "
"3125 NE Loop 820  Fort Worth, TX 76110",Acura,Auto - Acura Plant (Floorplan-New) - East,3/2/2026,11542,3/2/2026,10/2/2027,2026 Acura ACURAINTEGA-S,Automobile,ACURAINTEGA-S,19UDE4H68TA011542,A7963,"$39,503.00 ",$0.00 ,"$39,503.00 ",3/2/2026,"($39,503.00)",$0.00 ,$0.00 ,$0.00 ,$0.00 ,$0.00 ,$0.00 ,$0.00 ,$0.00 ,$92.67 ,$0.00 ,$0.00 ,$0.00 ,$92.67 ,$92.67 ,"$21,662.94 "
"3125 NE Loop 820  Fort Worth, TX 76110",Acura,Auto - Acura Plant (Floorplan-New) - East,3/2/2026,11628,3/2/2026,10/2/2027,2026 Acura ACURAINTEG,Automobile,ACURAINTEG,19UDE4H20TA011628,A7964,"$34,436.00 ",$0.00 ,"$34,436.00 ",3/2/2026,"($34,436.00)",$0.00 ,$0.00 ,$0.00 ,$0.00 ,$0.00 ,$0.00 ,$0.00 ,$0.00 ,$47.52 ,$0.00 ,$0.00 ,$0.00 ,$47.52 ,$47.52 ,"$11,108.39 "
"3125 NE Loop 820  Fort Worth, TX 76110",Acura,Auto - Acura Plant (Floorplan-New) - East,3/2/2026,11733,3/2/2026,10/2/2027,2026 Acura ACURAINTEGA-S,Automobile,ACURAINTEGA-S,19UDE4G71TA011733,A7967,"$39,848.00 ",$0.00 ,"$39,848.00 ",3/2/2026,"($39,848.00)",$0.00 ,$0.00 ,$0.00 ,$0.00 ,$0.00 ,$0.00 ,$0.00 ,$0.00 ,$43.99 ,$0.00 ,$0.00 ,$0.00 ,$43.99 ,$43.99 ,"$10,283.35 "
"3125 NE Loop 820  Fort Worth, TX 76110",Acura,Auto - Acura Plant (Floorplan-New) - East,3/2/2026,11760,3/2/2026,10/2/2027,2026 Acura ACURAINTEGA-S,Automobile,ACURAINTEGA-S,19UDE4H3XTA011760,,"$36,799.90 ",$0.00 ,"$36,799.90 ",3/2/2026,$0.00 ,$0.00 ,"$36,799.90 ","$36,799.90 ",$0.00 ,$0.00 ,$0.00 ,$0.00 ,$0.00 ,$152.34 ,$0.00 ,$0.00 ,$0.00 ,$152.34 ,$152.34 ,"$35,612.81 "
"3125 NE Loop 820  Fort Worth, TX 76110",Acura,Auto - Acura Plant (Floorplan-New) - East,3/17/2026,11847,3/17/2026,10/17/2027,2026 Acura ACURARDXSHWD,Automobile,ACURARDXSHWD,5J8TC2H47TL011847,,"$45,993.70 ",$0.00 ,"$45,993.70 ",3/17/2026,$0.00 ,$0.00 ,"$45,993.70 ","$45,993.70 ",$0.00 ,$0.00 ,$0.00 ,$0.00 ,$0.00 ,$95.20 ,$0.00 ,$0.00 ,$0.00 ,$95.20 ,$95.20 ,"$22,255.02 "
"3125 NE Loop 820  Fort Worth, TX 76110",Acura,Auto - Acura Plant (Floorplan-New) - East,10/21/2025,11862,10/21/2025,5/21/2027,2026 Acura ACURAMDXSHWDA,Automobile,ACURAMDXSHWDA,5J8YE1H04TL011862,A7702,"$60,571.20 ","$60,571.20 ",$0.00 ,,"($60,571.20)",$0.00 ,"($60,571.20)",$0.00 ,$0.00 ,$0.00 ,$0.00 ,$0.00 ,$0.00 ,$25.08 ,$0.00 ,$0.00 ,$0.00 ,$25.08 ,"$1,157.98 ","$5,861.73 "
"3125 NE Loop 820  Fort Worth, TX 76110",Acura,Auto - Acura Plant (Floorplan-New) - East,2/23/2026,11874,2/23/2026,9/23/2027,2026 Acura ACURARDXSHWDT,Automobile,ACURARDXSHWDT,5J8TC2H59TL011874,A7954,"$47,431.60 ","$47,431.60 ",$0.00 ,,"($47,431.60)",$0.00 ,"($47,431.60)",$0.00 ,$0.00 ,$0.00 ,$0.00 ,$0.00 ,$0.00 ,$26.19 ,$0.00 ,$0.00 ,$0.00 ,$26.19 ,$65.49 ,"$6,120.21 "
"3125 NE Loop 820  Fort Worth, TX 76110",Acura,Auto - Acura Plant (Floorplan-New) - East,2/23/2026,11912,2/23/2026,9/23/2027,2026 Acura ACURARDXSHWDT,Automobile,ACURARDXSHWDT,5J8TC2H52TL011912,,"$47,431.60 ","$47,431.60 ",$0.00 ,,$0.00 ,$0.00 ,$0.00 ,"$47,431.60 ",$0.00 ,$0.00 ,$0.00 ,$0.00 ,$0.00 ,$202.90 ,$0.00 ,$0.00 ,$0.00 ,$202.90 ,$242.20 ,"$47,431.60 "
"3125 NE Loop 820  Fort Worth, TX 76110",Acura,Auto - Acura Plant (Floorplan-New) - East,3/24/2026,11919,3/24/2026,10/24/2027,2026 Acura ACURARDXSHWDA,Automobile,ACURARDXSHWDA,5J8TC2H64TL011919,,"$50,186.20 ",$0.00 ,"$50,186.20 ",3/24/2026,$0.00 ,$0.00 ,"$50,186.20 ","$50,186.20 ",$0.00 ,$0.00 ,$0.00 ,$0.00 ,$0.00 ,$55.40 ,$0.00 ,$0.00 ,$0.00 ,$55.40 ,$55.40 ,"$12,951.28 "
"3125 NE Loop 820  Fort Worth, TX 76110",Acura,Auto - Acura Plant (Floorplan-New) - East,3/6/2026,12259,3/6/2026,10/6/2027,2026 Acura ACURAINTEGA-S,Automobile,ACURAINTEGA-S,19UDE4H3XTA012259,,"$36,454.90 ",$0.00 ,"$36,454.90 ",3/6/2026,$0.00 ,$0.00 ,"$36,454.90 ","$36,454.90 ",$0.00 ,$0.00 ,$0.00 ,$0.00 ,$0.00 ,$130.79 ,$0.00 ,$0.00 ,$0.00 ,$130.79 ,$130.79 ,"$30,575.08 "
"3125 NE Loop 820  Fort Worth, TX 76110",Acura,Auto - Acura Plant (Floorplan-New) - East,3/5/2026,12477,3/5/2026,10/5/2027,2026 Acura ACURAINTEGA-S,Automobile,ACURAINTEGA-S,19UDE4H66TA012477,,"$39,503.00 ",$0.00 ,"$39,503.00 ",3/5/2026,$0.00 ,$0.00 ,"$39,503.00 ","$39,503.00 ",$0.00 ,$0.00 ,$0.00 ,$0.00 ,$0.00 ,$147.18 ,$0.00 ,$0.00 ,$0.00 ,$147.18 ,$147.18 ,"$34,405.84 "
"3125 NE Loop 820  Fort Worth, TX 76110",Acura,Auto - Acura Plant (Floorplan-New) - East,3/24/2026,12721,3/24/2026,10/24/2027,2026 Acura ACURARDXSHWDA,Automobile,ACURARDXSHWDA,5J8TC2H6XTL012721,,"$50,186.20 ",$0.00 ,"$50,186.20 ",3/24/2026,$0.00 ,$0.00 ,"$50,186.20 ","$50,186.20 ",$0.00 ,$0.00 ,$0.00 ,$0.00 ,$0.00 ,$55.40 ,$0.00 ,$0.00 ,$0.00 ,$55.40 ,$55.40 ,"$12,951.28 "
"3125 NE Loop 820  Fort Worth, TX 76110",Acura,Auto - Acura Plant (Floorplan-New) - East,12/2/2025,12769,12/2/2025,7/2/2027,2026 Acura MDX,Automobile,MDX,5J8YE1H80TL012769,A7783,"$64,102.20 ","$64,102.20 ",$0.00 ,,$0.00 ,$0.00 ,$0.00 ,"$64,102.20 ",$0.00 ,$0.00 ,$0.00 ,$0.00 ,$0.00 ,$274.22 ,$0.00 ,$0.00 ,$0.00 ,$274.22 ,"$1,074.72 ","$64,102.20 "
"3125 NE Loop 820  Fort Worth, TX 76110",Acura,Auto - Acura Plant (Floorplan-New) - East,2/25/2026,12784,2/25/2026,9/25/2027,2026 Acura ACURARDXSHWDT,Automobile,ACURARDXSHWDT,5J8TC2H52TL012784,,"$47,431.60 ","$47,431.60 ",$0.00 ,,$0.00 ,$0.00 ,$0.00 ,"$47,431.60 ",$0.00 ,$0.00 ,$0.00 ,$0.00 ,$0.00 ,$202.90 ,$0.00 ,$0.00 ,$0.00 ,$202.90 ,$229.10 ,"$47,431.60 "
"3125 NE Loop 820  Fort Worth, TX 76110",Acura,Auto - Acura Plant (Floorplan-New) - East,3/13/2026,12822,3/13/2026,10/13/2027,2026 Acura RDX,Automobile,RDX,5J8TC2H65TL012822,A8053,"$50,186.20 ",$0.00 ,"$50,186.20 ",3/13/2026,$0.00 ,$0.00 ,"$50,186.20 ","$50,186.20 ",$0.00 ,$0.00 ,$0.00 ,$0.00 ,$0.00 ,$131.58 ,$0.00 ,$0.00 ,$0.00 ,$131.58 ,$131.58 ,"$30,759.28 "
"3125 NE Loop 820  Fort Worth, TX 76110",Acura,Auto - Acura Plant (Floorplan-New) - East,3/9/2026,12833,3/9/2026,10/9/2027,2026 Acura ACURAINTEG,Automobile,ACURAINTEG,19UDE4H26TA012833,,"$34,436.00 ",$0.00 ,"$34,436.00 ",3/9/2026,$0.00 ,$0.00 ,"$34,436.00 ","$34,436.00 ",$0.00 ,$0.00 ,$0.00 ,$0.00 ,$0.00 ,$109.29 ,$0.00 ,$0.00 ,$0.00 ,$109.29 ,$109.29 ,"$25,549.29 "
"3125 NE Loop 820  Fort Worth, TX 76110",Acura,Auto - Acura Plant (Floorplan-New) - East,1/13/2026,12938,1/13/2026,8/13/2027,2026 Acura MDX,Automobile,MDX,5J8YE1H88TL012938,A7874,"$64,667.40 ","$64,667.40 ",$0.00 ,,$0.00 ,$0.00 ,$0.00 ,"$64,667.40 ",$0.00 ,$0.00 ,$0.00 ,$0.00 ,$0.00 ,$276.64 ,$0.00 ,$0.00 ,$0.00 ,$276.64 ,$697.36 ,"$64,667.40 "
"3125 NE Loop 820  Fort Worth, TX 76110",Acura,Auto - Acura Plant (Floorplan-New) - East,2/27/2026,12939,2/27/2026,9/27/2027,2026 Acura ACURARDXSHWDA,Automobile,ACURARDXSHWDA,5J8TC2H82TL012939,A7996,"$54,019.00 ","$54,019.00 ",$0.00 ,,"($54,019.00)",$0.00 ,"($54,019.00)",$0.00 ,$0.00 ,$0.00 ,$0.00 ,$0.00 ,$0.00 ,$178.91 ,$0.00 ,$0.00 ,$0.00 ,$178.91 ,$193.83 ,"$41,821.16 "
"3125 NE Loop 820  Fort Worth, TX 76110",Acura,Auto - Acura Plant (Floorplan-New) - East,11/25/2025,13023,11/25/2025,6/25/2027,2026 Acura MDX,Automobile,MDX,5J8YE1H88TL013023,A7782,"$64,667.40 ","$64,667.40 ",$0.00 ,,$0.00 ,$0.00 ,$0.00 ,"$64,667.40 ",$0.00 ,$0.00 ,$0.00 ,$0.00 ,$0.00 ,$276.64 ,$0.00 ,$0.00 ,$0.00 ,$276.64 ,"$1,150.44 ","$64,667.40 "
"3125 NE Loop 820  Fort Worth, TX 76110",Acura,Auto - Acura Plant (Floorplan-New) - East,3/5/2026,13041,3/5/2026,10/5/2027,2026 Acura ACURAINTEG,Automobile,ACURAINTEG,19UDE4H20TA013041,,"$33,860.00 ",$0.00 ,"$33,860.00 ",3/5/2026,$0.00 ,$0.00 ,"$33,860.00 ","$33,860.00 ",$0.00 ,$0.00 ,$0.00 ,$0.00 ,$0.00 ,$126.15 ,$0.00 ,$0.00 ,$0.00 ,$126.15 ,$126.15 ,"$29,490.97 "
"3125 NE Loop 820  Fort Worth, TX 76110",Acura,Auto - Acura Plant (Floorplan-New) - East,3/2/2026,13248,3/2/2026,10/2/2027,2026 Acura ACURARDXSHWDT,Automobile,ACURARDXSHWDT,5J8TC2H55TL013248,,"$47,431.60 ",$0.00 ,"$47,431.60 ",3/2/2026,$0.00 ,$0.00 ,"$47,431.60 ","$47,431.60 ",$0.00 ,$0.00 ,$0.00 ,$0.00 ,$0.00 ,$196.35 ,$0.00 ,$0.00 ,$0.00 ,$196.35 ,$196.35 ,"$45,901.55 "
"3125 NE Loop 820  Fort Worth, TX 76110",Acura,Auto - Acura Plant (Floorplan-New) - East,3/2/2026,13338,3/2/2026,10/2/2027,2026 Acura ACURARDXSHWDA,Automobile,ACURARDXSHWDA,5J8TC2H74TL013338,A8016,"$52,123.00 ",$0.00 ,"$52,123.00 ",3/2/2026,"($52,123.00)",$0.00 ,$0.00 ,$0.00 ,$0.00 ,$0.00 ,$0.00 ,$0.00 ,$0.00 ,$158.24 ,$0.00 ,$0.00 ,$0.00 ,$158.24 ,$158.24 ,"$36,990.52 "
"3125 NE Loop 820  Fort Worth, TX 76110",Acura,Auto - Acura Plant (Floorplan-New) - East,3/16/2026,13562,3/16/2026,10/16/2027,2026 Acura ACURARDXSHWDA,Automobile,ACURARDXSHWDA,5J8TC2H6XTL013562,,"$50,186.20 ",$0.00 ,"$50,186.20 ",3/16/2026,$0.00 ,$0.00 ,"$50,186.20 ","$50,186.20 ",$0.00 ,$0.00 ,$0.00 ,$0.00 ,$0.00 ,$110.80 ,$0.00 ,$0.00 ,$0.00 ,$110.80 ,$110.80 ,"$25,902.55 "
"3125 NE Loop 820  Fort Worth, TX 76110",Acura,Auto - Acura Plant (Floorplan-New) - East,3/16/2026,13743,3/16/2026,10/16/2027,2026 Acura ACURARDXSHWD,Automobile,ACURARDXSHWD,5J8TC2H45TL013743,,"$45,422.50 ",$0.00 ,"$45,422.50 ",3/16/2026,$0.00 ,$0.00 ,"$45,422.50 ","$45,422.50 ",$0.00 ,$0.00 ,$0.00 ,$0.00 ,$0.00 ,$100.29 ,$0.00 ,$0.00 ,$0.00 ,$100.29 ,$100.29 ,"$23,443.87 "
"3125 NE Loop 820  Fort Worth, TX 76110",Acura,Auto - Acura Plant (Floorplan-New) - East,3/5/2026,13790,3/5/2026,10/5/2027,2026 Acura ACURARDXSHWDT,Automobile,ACURARDXSHWDT,5J8TC2H52TL013790,,"$47,431.60 ",$0.00 ,"$47,431.60 ",3/5/2026,$0.00 ,$0.00 ,"$47,431.60 ","$47,431.60 ",$0.00 ,$0.00 ,$0.00 ,$0.00 ,$0.00 ,$176.72 ,$0.00 ,$0.00 ,$0.00 ,$176.72 ,$176.72 ,"$41,311.39 "
"3125 NE Loop 820  Fort Worth, TX 76110",Acura,Auto - Acura Plant (Floorplan-New) - East,3/16/2026,14001,3/16/2026,10/16/2027,2026 Acura ACURARDXSHWDT,Automobile,ACURARDXSHWDT,5J8TC2H59TL014001,,"$47,431.60 ",$0.00 ,"$47,431.60 ",3/16/2026,$0.00 ,$0.00 ,"$47,431.60 ","$47,431.60 ",$0.00 ,$0.00 ,$0.00 ,$0.00 ,$0.00 ,$104.72 ,$0.00 ,$0.00 ,$0.00 ,$104.72 ,$104.72 ,"$24,480.83 "
"3125 NE Loop 820  Fort Worth, TX 76110",Acura,Auto - Acura Plant (Floorplan-New) - East,3/27/2026,14135,3/27/2026,10/27/2027,2026 Acura ACURARDXSHWDA,Automobile,ACURARDXSHWDA,5J8TC2H85TL014135,,"$54,019.00 ",$0.00 ,"$54,019.00 ",3/27/2026,$0.00 ,$0.00 ,"$54,019.00 ","$54,019.00 ",$0.00 ,$0.00 ,$0.00 ,$0.00 ,$0.00 ,$37.27 ,$0.00 ,$0.00 ,$0.00 ,$37.27 ,$37.27 ,"$8,712.74 "
"3125 NE Loop 820  Fort Worth, TX 76110",Acura,Auto - Acura Plant (Floorplan-New) - East,3/17/2026,14167,3/17/2026,10/17/2027,2026 Acura ACURAINTEGA-S,Automobile,ACURAINTEGA-S,19UDE4H34TA014167,,"$36,454.90 ",$0.00 ,"$36,454.90 ",3/17/2026,$0.00 ,$0.00 ,"$36,454.90 ","$36,454.90 ",$0.00 ,$0.00 ,$0.00 ,$0.00 ,$0.00 ,$75.46 ,$0.00 ,$0.00 ,$0.00 ,$75.46 ,$75.46 ,"$17,639.47 "
"3125 NE Loop 820  Fort Worth, TX 76110",Acura,Auto - Acura Plant (Floorplan-New) - East,3/25/2026,14542,3/25/2026,10/25/2027,2026 Acura ACURARDXSHWDA,Automobile,ACURARDXSHWDA,5J8TC2H78TL014542,,"$51,551.80 ",$0.00 ,"$51,551.80 ",3/25/2026,$0.00 ,$0.00 ,"$51,551.80 ","$51,551.80 ",$0.00 ,$0.00 ,$0.00 ,$0.00 ,$0.00 ,$49.80 ,$0.00 ,$0.00 ,$0.00 ,$49.80 ,$49.80 ,"$11,640.73 "
"3125 NE Loop 820  Fort Worth, TX 76110",Acura,Auto - Acura Plant (Floorplan-New) - East,3/25/2026,14570,3/25/2026,10/25/2027,2026 Acura ACURARDXSHWDA,Automobile,ACURARDXSHWDA,5J8TC2H81TL014570,A8076,"$54,019.00 ",$0.00 ,"$54,019.00 ",3/25/2026,"($54,019.00)",$0.00 ,$0.00 ,$0.00 ,$0.00 ,$0.00 ,$0.00 ,$0.00 ,$0.00 ,$44.73 ,$0.00 ,$0.00 ,$0.00 ,$44.73 ,$44.73 ,"$10,455.29 "
"3125 NE Loop 820  Fort Worth, TX 76110",Acura,Auto - Acura Plant (Floorplan-New) - East,3/25/2026,14673,3/25/2026,10/25/2027,2026 Acura ACURARDXSHWDT,Automobile,ACURARDXSHWDT,5J8TC2H53TL014673,,"$47,431.60 ",$0.00 ,"$47,431.60 ",3/25/2026,$0.00 ,$0.00 ,"$47,431.60 ","$47,431.60 ",$0.00 ,$0.00 ,$0.00 ,$0.00 ,$0.00 ,$45.82 ,$0.00 ,$0.00 ,$0.00 ,$45.82 ,$45.82 ,"$10,710.36 "
"3125 NE Loop 820  Fort Worth, TX 76110",Acura,Auto - Acura Plant (Floorplan-New) - East,3/25/2026,14772,3/25/2026,10/25/2027,2026 Acura ACURARDXSHWD,Automobile,ACURARDXSHWD,5J8TC2H46TL014772,,"$45,993.70 ",$0.00 ,"$45,993.70 ",3/25/2026,$0.00 ,$0.00 ,"$45,993.70 ","$45,993.70 ",$0.00 ,$0.00 ,$0.00 ,$0.00 ,$0.00 ,$44.43 ,$0.00 ,$0.00 ,$0.00 ,$44.43 ,$44.43 ,"$10,385.67 "
"3125 NE Loop 820  Fort Worth, TX 76110",Acura,Auto - Acura Plant (Floorplan-New) - East,3/31/2026,14783,3/31/2026,10/31/2027,2026 Acura ACURAINTEGA-S,Automobile,ACURAINTEGA-S,19UDE4H61TA014783,,"$39,848.00 ",$0.00 ,"$39,848.00 ",3/31/2026,$0.00 ,$0.00 ,"$39,848.00 ","$39,848.00 ",$0.00 ,$0.00 ,$0.00 ,$0.00 ,$0.00 ,$5.50 ,$0.00 ,$0.00 ,$0.00 ,$5.50 ,$5.50 ,"$1,285.42 "
"3125 NE Loop 820  Fort Worth, TX 76110",Acura,Auto - Acura Plant (Floorplan-New) - East,3/24/2026,14871,3/24/2026,10/24/2027,2026 Acura ACURARDXSHWDA,Automobile,ACURARDXSHWDA,5J8TC2H75TL014871,A8058,"$52,123.00 ",$0.00 ,"$52,123.00 ",3/24/2026,"($52,123.00)",$0.00 ,$0.00 ,$0.00 ,$0.00 ,$0.00 ,$0.00 ,$0.00 ,$0.00 ,$14.39 ,$0.00 ,$0.00 ,$0.00 ,$14.39 ,$14.39 ,"$3,362.77 "
"3125 NE Loop 820  Fort Worth, TX 76110",Acura,Auto - Acura Plant (Floorplan-New) - East,3/26/2026,14903,3/26/2026,10/26/2027,2026 Acura ACURARDXSHWDA,Automobile,ACURARDXSHWDA,5J8TC2H73TL014903,,"$52,123.00 ",$0.00 ,"$52,123.00 ",3/26/2026,$0.00 ,$0.00 ,"$52,123.00 ","$52,123.00 ",$0.00 ,$0.00 ,$0.00 ,$0.00 ,$0.00 ,$43.16 ,$0.00 ,$0.00 ,$0.00 ,$43.16 ,$43.16 ,"$10,088.32 "
"3125 NE Loop 820  Fort Worth, TX 76110",Acura,Auto - Acura Plant (Floorplan-New) - East,3/31/2026,14917,3/31/2026,10/31/2027,2026 Acura ACURAINTEGA-S,Automobile,ACURAINTEGA-S,19UDE4H67TA014917,,"$39,503.00 ",$0.00 ,"$39,503.00 ",3/31/2026,$0.00 ,$0.00 ,"$39,503.00 ","$39,503.00 ",$0.00 ,$0.00 ,$0.00 ,$0.00 ,$0.00 ,$5.45 ,$0.00 ,$0.00 ,$0.00 ,$5.45 ,$5.45 ,"$1,274.29 "
"3125 NE Loop 820  Fort Worth, TX 76110",Acura,Auto - Acura Plant (Floorplan-New) - East,3/31/2026,14953,3/31/2026,10/31/2027,2026 Acura ACURAINTEGA-S,Automobile,ACURAINTEGA-S,19UDE4H60TA014953,,"$39,503.00 ",$0.00 ,"$39,503.00 ",3/31/2026,$0.00 ,$0.00 ,"$39,503.00 ","$39,503.00 ",$0.00 ,$0.00 ,$0.00 ,$0.00 ,$0.00 ,$5.45 ,$0.00 ,$0.00 ,$0.00 ,$5.45 ,$5.45 ,"$1,274.29 "
"3125 NE Loop 820  Fort Worth, TX 76110",Acura,Auto - Acura Plant (Floorplan-New) - East,3/26/2026,14957,3/26/2026,10/26/2027,2026 Acura ACURARDXSHWDA,Automobile,ACURARDXSHWDA,5J8TC2H83TL014957,,"$53,447.80 ",$0.00 ,"$53,447.80 ",3/26/2026,$0.00 ,$0.00 ,"$53,447.80 ","$53,447.80 ",$0.00 ,$0.00 ,$0.00 ,$0.00 ,$0.00 ,$44.25 ,$0.00 ,$0.00 ,$0.00 ,$44.25 ,$44.25 ,"$10,344.74 "
"3125 NE Loop 820  Fort Worth, TX 76110",Acura,Auto - Acura Plant (Floorplan-New) - East,3/27/2026,14992,3/27/2026,10/27/2027,2026 Acura ACURARDXSHWD,Automobile,ACURARDXSHWD,5J8TC2H49TL014992,,"$45,993.70 ",$0.00 ,"$45,993.70 ",3/27/2026,$0.00 ,$0.00 ,"$45,993.70 ","$45,993.70 ",$0.00 ,$0.00 ,$0.00 ,$0.00 ,$0.00 ,$31.73 ,$0.00 ,$0.00 ,$0.00 ,$31.73 ,$31.73 ,"$7,418.34 "
"3125 NE Loop 820  Fort Worth, TX 76110",Acura,Auto - Acura Plant (Floorplan-New) - East,3/27/2026,15042,3/27/2026,10/27/2027,2026 Acura ACURARDXSHWD,Automobile,ACURARDXSHWD,5J8TC2H47TL015042,,"$45,422.50 ",$0.00 ,"$45,422.50 ",3/27/2026,$0.00 ,$0.00 ,"$45,422.50 ","$45,422.50 ",$0.00 ,$0.00 ,$0.00 ,$0.00 ,$0.00 ,$31.34 ,$0.00 ,$0.00 ,$0.00 ,$31.34 ,$31.34 ,"$7,326.21 "
"3125 NE Loop 820  Fort Worth, TX 76110",Acura,Auto - Acura Plant (Floorplan-New) - East,3/26/2026,15287,3/26/2026,10/26/2027,2026 Acura ACURARDXSHWD,Automobile,ACURARDXSHWD,5J8TC2H44TL015287,,"$45,993.70 ",$0.00 ,"$45,993.70 ",3/26/2026,$0.00 ,$0.00 ,"$45,993.70 ","$45,993.70 ",$0.00 ,$0.00 ,$0.00 ,$0.00 ,$0.00 ,$38.08 ,$0.00 ,$0.00 ,$0.00 ,$38.08 ,$38.08 ,"$8,902.01 "
"3125 NE Loop 820  Fort Worth, TX 76110",Acura,Auto - Acura Plant (Floorplan-New) - East,3/24/2026,15504,3/24/2026,10/24/2027,2026 Acura ACURARDXSHWDT,Automobile,ACURARDXSHWDT,5J8TC2H57TL015504,,"$46,860.40 ",$0.00 ,"$46,860.40 ",3/24/2026,$0.00 ,$0.00 ,"$46,860.40 ","$46,860.40 ",$0.00 ,$0.00 ,$0.00 ,$0.00 ,$0.00 ,$51.73 ,$0.00 ,$0.00 ,$0.00 ,$51.73 ,$51.73 ,"$12,093.01 "
"3125 NE Loop 820  Fort Worth, TX 76110",Acura,Auto - Acura Plant (Floorplan-New) - East,3/27/2026,15568,3/27/2026,10/27/2027,2026 Acura ACURARDXSHWDT,Automobile,ACURARDXSHWDT,5J8TC2H50TL015568,,"$46,860.40 ",$0.00 ,"$46,860.40 ",3/27/2026,$0.00 ,$0.00 ,"$46,860.40 ","$46,860.40 ",$0.00 ,$0.00 ,$0.00 ,$0.00 ,$0.00 ,$32.33 ,$0.00 ,$0.00 ,$0.00 ,$32.33 ,$32.33 ,"$7,558.13 "
"3125 NE Loop 820  Fort Worth, TX 76110",Acura,Auto - Acura Plant (Floorplan-New) - East,3/27/2026,15757,3/27/2026,10/27/2027,2026 Acura ACURARDXSHWD,Automobile,ACURARDXSHWD,5J8TC2H44TL015757,,"$45,422.50 ",$0.00 ,"$45,422.50 ",3/27/2026,$0.00 ,$0.00 ,"$45,422.50 ","$45,422.50 ",$0.00 ,$0.00 ,$0.00 ,$0.00 ,$0.00 ,$31.34 ,$0.00 ,$0.00 ,$0.00 ,$31.34 ,$31.34 ,"$7,326.21 "
"3125 NE Loop 820  Fort Worth, TX 76110",Acura,Auto - Acura Plant (Floorplan-New) - East,3/26/2026,15823,3/26/2026,10/26/2027,2026 Acura ACURARDXSHWDT,Automobile,ACURARDXSHWDT,5J8TC2H51TL015823,,"$46,860.40 ",$0.00 ,"$46,860.40 ",3/26/2026,$0.00 ,$0.00 ,"$46,860.40 ","$46,860.40 ",$0.00 ,$0.00 ,$0.00 ,$0.00 ,$0.00 ,$38.80 ,$0.00 ,$0.00 ,$0.00 ,$38.80 ,$38.80 ,"$9,069.75 "
"3125 NE Loop 820  Fort Worth, TX 76110",Acura,Auto - Acura Plant (Floorplan-New) - East,3/27/2026,15868,3/27/2026,10/27/2027,2026 Acura ACURARDXSHWDA,Automobile,ACURARDXSHWDA,5J8TC2H7XTL015868,,"$52,123.00 ",$0.00 ,"$52,123.00 ",3/27/2026,$0.00 ,$0.00 ,"$52,123.00 ","$52,123.00 ",$0.00 ,$0.00 ,$0.00 ,$0.00 ,$0.00 ,$35.96 ,$0.00 ,$0.00 ,$0.00 ,$35.96 ,$35.96 ,"$8,406.94 "
"3125 NE Loop 820  Fort Worth, TX 76110",Acura,Auto - Acura Plant (Floorplan-New) - East,3/27/2026,16014,3/27/2026,10/27/2027,2026 Acura ACURARDXSHWD,Automobile,ACURARDXSHWD,5J8TC2H47TL016014,,"$45,993.70 ",$0.00 ,"$45,993.70 ",3/27/2026,$0.00 ,$0.00 ,"$45,993.70 ","$45,993.70 ",$0.00 ,$0.00 ,$0.00 ,$0.00 ,$0.00 ,$31.73 ,$0.00 ,$0.00 ,$0.00 ,$31.73 ,$31.73 ,"$7,418.34 "
"3125 NE Loop 820  Fort Worth, TX 76110",Acura,Auto - Acura Plant (Floorplan-New) - East,3/27/2026,16205,3/27/2026,10/27/2027,2026 Acura ACURARDXSHWDA,Automobile,ACURARDXSHWDA,5J8TC2H70TL016205,,"$52,123.00 ",$0.00 ,"$52,123.00 ",3/27/2026,$0.00 ,$0.00 ,"$52,123.00 ","$52,123.00 ",$0.00 ,$0.00 ,$0.00 ,$0.00 ,$0.00 ,$35.96 ,$0.00 ,$0.00 ,$0.00 ,$35.96 ,$35.96 ,"$8,406.94 "
"3125 NE Loop 820  Fort Worth, TX 76110",Acura,Auto - Acura Plant (Floorplan-New) - East,3/26/2026,16500,3/26/2026,10/26/2027,2026 Acura ACURARDXSHWD,Automobile,ACURARDXSHWD,5J8TC2H45TL016500,,"$45,993.70 ",$0.00 ,"$45,993.70 ",3/26/2026,$0.00 ,$0.00 ,"$45,993.70 ","$45,993.70 ",$0.00 ,$0.00 ,$0.00 ,$0.00 ,$0.00 ,$38.08 ,$0.00 ,$0.00 ,$0.00 ,$38.08 ,$38.08 ,"$8,902.01 "
"3125 NE Loop 820  Fort Worth, TX 76110",Acura,Auto - Acura Plant (Floorplan-New) - East,3/26/2026,16581,3/26/2026,10/26/2027,2026 Acura ACURARDXSHWDT,Automobile,ACURARDXSHWDT,5J8TC2H58TL016581,,"$47,431.60 ",$0.00 ,"$47,431.60 ",3/26/2026,$0.00 ,$0.00 ,"$47,431.60 ","$47,431.60 ",$0.00 ,$0.00 ,$0.00 ,$0.00 ,$0.00 ,$39.27 ,$0.00 ,$0.00 ,$0.00 ,$39.27 ,$39.27 ,"$9,180.31 "
"3125 NE Loop 820  Fort Worth, TX 76110",Acura,Auto - Acura Plant (Floorplan-New) - East,3/26/2026,16641,3/26/2026,10/26/2027,2026 Acura ACURARDXSHWDA,Automobile,ACURARDXSHWDA,5J8TC2H79TL016641,,"$52,123.00 ",$0.00 ,"$52,123.00 ",3/26/2026,$0.00 ,$0.00 ,"$52,123.00 ","$52,123.00 ",$0.00 ,$0.00 ,$0.00 ,$0.00 ,$0.00 ,$43.16 ,$0.00 ,$0.00 ,$0.00 ,$43.16 ,$43.16 ,"$10,088.32 "
"3125 NE Loop 820  Fort Worth, TX 76110",Acura,Auto - Acura Plant (Floorplan-New) - East,3/27/2026,16894,3/27/2026,10/27/2027,2026 Acura ACURARDXSHWDT,Automobile,ACURARDXSHWDT,5J8TC2H57TL016894,,"$47,431.60 ",$0.00 ,"$47,431.60 ",3/27/2026,$0.00 ,$0.00 ,"$47,431.60 ","$47,431.60 ",$0.00 ,$0.00 ,$0.00 ,$0.00 ,$0.00 ,$32.73 ,$0.00 ,$0.00 ,$0.00 ,$32.73 ,$32.73 ,"$7,650.26 "
"3125 NE Loop 820  Fort Worth, TX 76110",Acura,Auto - Acura Plant (Floorplan-New) - East,3/27/2026,16898,3/27/2026,10/27/2027,2026 Acura ACURARDXSHWDT,Automobile,ACURARDXSHWDT,5J8TC2H54TL016898,,"$47,431.60 ",$0.00 ,"$47,431.60 ",3/27/2026,$0.00 ,$0.00 ,"$47,431.60 ","$47,431.60 ",$0.00 ,$0.00 ,$0.00 ,$0.00 ,$0.00 ,$32.73 ,$0.00 ,$0.00 ,$0.00 ,$32.73 ,$32.73 ,"$7,650.26 "
"3125 NE Loop 820  Fort Worth, TX 76110",Acura,Auto - Acura Plant (Floorplan-New) - East,12/16/2025,16912,12/16/2025,7/16/2027,2026 Acura ACURAMDXSHWDA,Automobile,ACURAMDXSHWDA,5J8YE1H8XTL016912,,"$64,667.40 ","$64,667.40 ",$0.00 ,,$0.00 ,$0.00 ,$0.00 ,"$64,667.40 ",$0.00 ,$0.00 ,$0.00 ,$0.00 ,$0.00 ,$276.64 ,$0.00 ,$0.00 ,$0.00 ,$276.64 ,$954.11 ,"$64,667.40 "
"3125 NE Loop 820  Fort Worth, TX 76110",Acura,Auto - Acura Plant (Floorplan-New) - East,3/27/2026,16998,3/27/2026,10/27/2027,2026 Acura ACURARDXSHWDA,Automobile,ACURARDXSHWDA,5J8TC2H76TL016998,,"$52,123.00 ",$0.00 ,"$52,123.00 ",3/27/2026,$0.00 ,$0.00 ,"$52,123.00 ","$52,123.00 ",$0.00 ,$0.00 ,$0.00 ,$0.00 ,$0.00 ,$35.96 ,$0.00 ,$0.00 ,$0.00 ,$35.96 ,$35.96 ,"$8,406.94 "
"3125 NE Loop 820  Fort Worth, TX 76110",Acura,Auto - Acura Plant (Floorplan-New) - East,12/16/2025,17269,12/16/2025,7/16/2027,2026 Acura ACURAMDXSHWDT,Automobile,ACURAMDXSHWDT,5J8YE1H49TL017269,A7820,"$57,870.00 ","$57,870.00 ",$0.00 ,,"($57,870.00)",$0.00 ,"($57,870.00)",$0.00 ,$0.00 ,$0.00 ,$0.00 ,$0.00 ,$0.00 ,$239.57 ,$0.00 ,$0.00 ,$0.00 ,$239.57 ,$845.84 ,"$56,003.23 "
"3125 NE Loop 820  Fort Worth, TX 76110",Acura,Auto - Acura Plant (Floorplan-New) - East,1/14/2026,17914,1/14/2026,8/14/2027,2026 Acura ACURAMDXSHWDA,Automobile,ACURAMDXSHWDA,5J8YE1H97TL017914,,"$66,543.40 ","$66,543.40 ",$0.00 ,,$0.00 ,$0.00 ,$0.00 ,"$66,543.40 ",$0.00 ,$0.00 ,$0.00 ,$0.00 ,$0.00 ,$284.66 ,$0.00 ,$0.00 ,$0.00 ,$284.66 ,$708.35 ,"$66,543.40 "
"3125 NE Loop 820  Fort Worth, TX 76110",Acura,Auto - Acura Plant (Floorplan-New) - East,1/6/2026,18544,1/6/2026,8/6/2027,2026 Acura ACURAMDXSHWDT,Automobile,ACURAMDXSHWDT,5J8YE1H4XTL018544,,"$57,870.00 ","$57,870.00 ",$0.00 ,,$0.00 ,$0.00 ,$0.00 ,"$57,870.00 ",$0.00 ,$0.00 ,$0.00 ,$0.00 ,$0.00 ,$247.56 ,$0.00 ,$0.00 ,$0.00 ,$247.56 ,$680.32 ,"$57,870.00 "
"3125 NE Loop 820  Fort Worth, TX 76110",Acura,Auto - Acura Plant (Floorplan-New) - East,1/12/2026,19159,1/12/2026,8/12/2027,2026 Acura ACURAMDXSHWDA,Automobile,ACURAMDXSHWDA,5J8YE1H97TL019159,A7861,"$66,543.40 ","$66,543.40 ",$0.00 ,,"($66,543.40)",$0.00 ,"($66,543.40)",$0.00 ,$0.00 ,$0.00 ,$0.00 ,$0.00 ,$0.00 ,$36.74 ,$0.00 ,$0.00 ,$0.00 ,$36.74 ,$478.91 ,"$8,586.25 "
"3125 NE Loop 820  Fort Worth, TX 76110",Acura,Auto - Acura Plant (Floorplan-New) - East,2/4/2026,22351,2/4/2026,9/4/2027,2026 Acura ACURAMDXSHWDA,Automobile,ACURAMDXSHWDA,5J8YE1H01TL022351,A7914,"$60,671.20 ","$60,671.20 ",$0.00 ,,"($60,671.20)",$0.00 ,"($60,671.20)",$0.00 ,$0.00 ,$0.00 ,$0.00 ,$0.00 ,$0.00 ,$200.94 ,$0.00 ,$0.00 ,$0.00 ,$200.94 ,$410.39 ,"$46,971.25 "
"3125 NE Loop 820  Fort Worth, TX 76110",Acura,Auto - Acura Plant (Floorplan-New) - East,2/4/2026,22502,2/4/2026,9/4/2027,2026 Acura ACURAMDXSHWDA,Automobile,ACURAMDXSHWDA,5J8YE1H07TL022502,,"$60,671.20 ","$60,671.20 ",$0.00 ,,$0.00 ,$0.00 ,$0.00 ,"$60,671.20 ",$0.00 ,$0.00 ,$0.00 ,$0.00 ,$0.00 ,$259.54 ,$0.00 ,$0.00 ,$0.00 ,$259.54 ,$468.99 ,"$60,671.20 "
"3125 NE Loop 820  Fort Worth, TX 76110",Acura,Auto - Acura Plant (Floorplan-New) - East,2/23/2026,22524,2/23/2026,9/23/2027,2026 Acura ACURAMDXSHWDA,Automobile,ACURAMDXSHWDA,5J8YE1H98TL022524,,"$66,643.40 ","$66,643.40 ",$0.00 ,,$0.00 ,$0.00 ,$0.00 ,"$66,643.40 ",$0.00 ,$0.00 ,$0.00 ,$0.00 ,$0.00 ,$285.09 ,$0.00 ,$0.00 ,$0.00 ,$285.09 ,$340.31 ,"$66,643.40 "
"3125 NE Loop 820  Fort Worth, TX 76110",Acura,Auto - Acura Plant (Floorplan-New) - East,2/6/2026,23021,2/6/2026,9/6/2027,2026 Acura ACURAMDXSHWDA,Automobile,ACURAMDXSHWDA,5J8YE1H07TL023021,,"$60,671.20 ","$60,671.20 ",$0.00 ,,$0.00 ,$0.00 ,$0.00 ,"$60,671.20 ",$0.00 ,$0.00 ,$0.00 ,$0.00 ,$0.00 ,$259.54 ,$0.00 ,$0.00 ,$0.00 ,$259.54 ,$452.24 ,"$60,671.20 "
"3125 NE Loop 820  Fort Worth, TX 76110",Acura,Auto - Acura Plant (Floorplan-New) - East,2/13/2026,23108,2/13/2026,9/13/2027,2026 Acura ACURAMDXSHWDA,Automobile,ACURAMDXSHWDA,5J8YE1H9XTL023108,A7938,"$66,643.40 ","$66,643.40 ",$0.00 ,,"($66,643.40)",$0.00 ,"($66,643.40)",$0.00 ,$0.00 ,$0.00 ,$0.00 ,$0.00 ,$0.00 ,$137.95 ,$0.00 ,$0.00 ,$0.00 ,$137.95 ,$285.20 ,"$32,246.81 "
"3125 NE Loop 820  Fort Worth, TX 76110",Acura,Auto - Acura Plant (Floorplan-New) - East,2/13/2026,23352,2/13/2026,9/13/2027,2026 Acura ACURAMDXSHWDA,Automobile,ACURAMDXSHWDA,5J8YE1H08TL023352,A7939,"$60,671.20 ","$60,671.20 ",$0.00 ,,"($60,671.20)",$0.00 ,"($60,671.20)",$0.00 ,$0.00 ,$0.00 ,$0.00 ,$0.00 ,$0.00 ,$33.50 ,$0.00 ,$0.00 ,$0.00 ,$33.50 ,$167.55 ,"$7,828.54 "
"3125 NE Loop 820  Fort Worth, TX 76110",Acura,Auto - Acura Plant (Floorplan-New) - East,2/17/2026,23824,2/17/2026,9/17/2027,2026 Acura ACURAMDXSHWDA,Automobile,ACURAMDXSHWDA,5J8YE1H01TL023824,A7948,"$60,106.00 ","$60,106.00 ",$0.00 ,,"($60,106.00)",$0.00 ,"($60,106.00)",$0.00 ,$0.00 ,$0.00 ,$0.00 ,$0.00 ,$0.00 ,$190.77 ,$0.00 ,$0.00 ,$0.00 ,$190.77 ,$290.37 ,"$44,594.77 "
"3125 NE Loop 820  Fort Worth, TX 76110",Acura,Auto - Acura Plant (Floorplan-New) - East,2/25/2026,24111,2/25/2026,9/25/2027,2026 Acura ACURAMDXSHWDA,Automobile,ACURAMDXSHWDA,5J8YE1H94TL024111,A7972,"$66,643.40 ","$66,643.40 ",$0.00 ,,"($66,643.40)",$0.00 ,"($66,643.40)",$0.00 ,$0.00 ,$0.00 ,$0.00 ,$0.00 ,$0.00 ,$202.32 ,$0.00 ,$0.00 ,$0.00 ,$202.32 ,$239.13 ,"$47,295.32 "
"3125 NE Loop 820  Fort Worth, TX 76110",Acura,Auto - Acura Plant (Floorplan-New) - East,3/17/2026,24223,3/17/2026,10/17/2027,2026 Acura ACURAMDXSHWDA,Automobile,ACURAMDXSHWDA,5J8YE1H02TL024223,A8041,"$60,671.20 ",$0.00 ,"$60,671.20 ",3/17/2026,"($60,671.20)",$0.00 ,$0.00 ,$0.00 ,$0.00 ,$0.00 ,$0.00 ,$0.00 ,$0.00 ,$83.72 ,$0.00 ,$0.00 ,$0.00 ,$83.72 ,$83.72 ,"$19,571.35 "
"3125 NE Loop 820  Fort Worth, TX 76110",Acura,Auto - Acura Plant (Floorplan-New) - East,2/23/2026,24575,2/23/2026,9/23/2027,2026 Acura ACURAMDXSHWDA,Automobile,ACURAMDXSHWDA,5J8YE1H83TL024575,,"$64,767.40 ","$64,767.40 ",$0.00 ,,$0.00 ,$0.00 ,$0.00 ,"$64,767.40 ",$0.00 ,$0.00 ,$0.00 ,$0.00 ,$0.00 ,$277.06 ,$0.00 ,$0.00 ,$0.00 ,$277.06 ,$330.72 ,"$64,767.40 "
"3125 NE Loop 820  Fort Worth, TX 76110",Acura,Auto - Acura Plant (Floorplan-New) - East,2/25/2026,24874,2/25/2026,9/25/2027,2026 Acura ACURAMDXSHWDA,Automobile,ACURAMDXSHWDA,5J8YE1H82TL024874,,"$64,767.40 ","$64,767.40 ",$0.00 ,,"($64,767.40)",$0.00 ,"($64,767.40)",$0.00 ,$0.00 ,$0.00 ,$0.00 ,$0.00 ,$0.00 ,$214.50 ,$0.00 ,$0.00 ,$0.00 ,$214.50 ,$250.28 ,"$50,142.50 "
"3125 NE Loop 820  Fort Worth, TX 76110",Acura,Auto - Acura Plant (Floorplan-New) - East,3/4/2026,24951,3/4/2026,10/4/2027,2026 Acura MDX,Automobile,MDX,5J8YE1H94TL024951,A7968,"$66,643.40 ",$0.00 ,"$66,643.40 ",3/4/2026,$0.00 ,$0.00 ,"$66,643.40 ","$66,643.40 ",$0.00 ,$0.00 ,$0.00 ,$0.00 ,$0.00 ,$257.49 ,$0.00 ,$0.00 ,$0.00 ,$257.49 ,$257.49 ,"$60,194.04 "
"3125 NE Loop 820  Fort Worth, TX 76110",Acura,Auto - Acura Plant (Floorplan-New) - East,3/2/2026,25694,3/2/2026,10/2/2027,2026 Acura ACURAMDXSHWD,Automobile,ACURAMDXSHWD,5J8YE1H3XTL025694,,"$54,665.20 ",$0.00 ,"$54,665.20 ",3/2/2026,$0.00 ,$0.00 ,"$54,665.20 ","$54,665.20 ",$0.00 ,$0.00 ,$0.00 ,$0.00 ,$0.00 ,$226.30 ,$0.00 ,$0.00 ,$0.00 ,$226.30 ,$226.30 ,"$52,901.81 "
"3125 NE Loop 820  Fort Worth, TX 76110",Acura,Auto - Acura Plant (Floorplan-New) - East,3/2/2026,25868,3/2/2026,10/2/2027,2026 Acura ACURAMDXSHWDA,Automobile,ACURAMDXSHWDA,5J8YE1H81TL025868,,"$64,202.20 ",$0.00 ,"$64,202.20 ",3/2/2026,$0.00 ,$0.00 ,"$64,202.20 ","$64,202.20 ",$0.00 ,$0.00 ,$0.00 ,$0.00 ,$0.00 ,$265.78 ,$0.00 ,$0.00 ,$0.00 ,$265.78 ,$265.78 ,"$62,131.16 "
"3125 NE Loop 820  Fort Worth, TX 76110",Acura,Auto - Acura Plant (Floorplan-New) - East,3/2/2026,25983,3/2/2026,10/2/2027,2026 Acura ACURAMDXSHWDA,Automobile,ACURAMDXSHWDA,5J8YE1H09TL025983,A7998,"$60,671.20 ",$0.00 ,"$60,671.20 ",3/2/2026,"($60,671.20)",$0.00 ,$0.00 ,$0.00 ,$0.00 ,$0.00 ,$0.00 ,$0.00 ,$0.00 ,$200.93 ,$0.00 ,$0.00 ,$0.00 ,$200.93 ,$200.93 ,"$46,971.25 "
"3125 NE Loop 820  Fort Worth, TX 76110",Acura,Auto - Acura Plant (Floorplan-New) - East,3/2/2026,26093,3/2/2026,10/2/2027,2026 Acura ACURAMDXSHWDA,Automobile,ACURAMDXSHWDA,5J8YE1H95TL026093,A8013,"$66,643.40 ",$0.00 ,"$66,643.40 ",3/2/2026,"($66,643.40)",$0.00 ,$0.00 ,$0.00 ,$0.00 ,$0.00 ,$0.00 ,$0.00 ,$0.00 ,$220.71 ,$0.00 ,$0.00 ,$0.00 ,$220.71 ,$220.71 ,"$51,594.89 "
"3125 NE Loop 820  Fort Worth, TX 76110",Acura,Auto - Acura Plant (Floorplan-New) - East,3/2/2026,26391,3/2/2026,10/2/2027,2026 Acura ACURAMDXSHWDT,Automobile,ACURAMDXSHWDT,5J8YE1H47TL026391,,"$57,970.00 ",$0.00 ,"$57,970.00 ",3/2/2026,$0.00 ,$0.00 ,"$57,970.00 ","$57,970.00 ",$0.00 ,$0.00 ,$0.00 ,$0.00 ,$0.00 ,$239.98 ,$0.00 ,$0.00 ,$0.00 ,$239.98 ,$239.98 ,"$56,100.00 "
"3125 NE Loop 820  Fort Worth, TX 76110",Acura,Auto - Acura Plant (Floorplan-New) - East,3/16/2026,26588,3/16/2026,10/16/2027,2026 Acura ACURAMDXSHWDA,Automobile,ACURAMDXSHWDA,5J8YE1H80TL026588,,"$64,767.40 ",$0.00 ,"$64,767.40 ",3/16/2026,$0.00 ,$0.00 ,"$64,767.40 ","$64,767.40 ",$0.00 ,$0.00 ,$0.00 ,$0.00 ,$0.00 ,$143.00 ,$0.00 ,$0.00 ,$0.00 ,$143.00 ,$143.00 ,"$33,428.34 "
"3125 NE Loop 820  Fort Worth, TX 76110",Acura,Auto - Acura Plant (Floorplan-New) - East,3/26/2026,26592,3/26/2026,10/26/2027,2026 Acura ACURAMDXSHWDA,Automobile,ACURAMDXSHWDA,5J8YE1H82TL026592,,"$64,767.40 ",$0.00 ,"$64,767.40 ",3/26/2026,$0.00 ,$0.00 ,"$64,767.40 ","$64,767.40 ",$0.00 ,$0.00 ,$0.00 ,$0.00 ,$0.00 ,$53.62 ,$0.00 ,$0.00 ,$0.00 ,$53.62 ,$53.62 ,"$12,535.63 "
"3125 NE Loop 820  Fort Worth, TX 76110",Acura,Auto - Acura Plant (Floorplan-New) - East,3/5/2026,26722,3/5/2026,10/5/2027,2026 Acura ACURAMDXSHWDA,Automobile,ACURAMDXSHWDA,5J8YE1H9XTL026722,,"$66,643.40 ",$0.00 ,"$66,643.40 ",3/5/2026,$0.00 ,$0.00 ,"$66,643.40 ","$66,643.40 ",$0.00 ,$0.00 ,$0.00 ,$0.00 ,$0.00 ,$248.30 ,$0.00 ,$0.00 ,$0.00 ,$248.30 ,$248.30 ,"$58,044.25 "
"3125 NE Loop 820  Fort Worth, TX 76110",Acura,Auto - Acura Plant (Floorplan-New) - East,3/25/2026,26766,3/25/2026,10/25/2027,2026 Acura ACURAMDXSHWDA,Automobile,ACURAMDXSHWDA,5J8YE1H89TL026766,,"$64,767.40 ",$0.00 ,"$64,767.40 ",3/25/2026,$0.00 ,$0.00 ,"$64,767.40 ","$64,767.40 ",$0.00 ,$0.00 ,$0.00 ,$0.00 ,$0.00 ,$62.56 ,$0.00 ,$0.00 ,$0.00 ,$62.56 ,$62.56 ,"$14,624.90 "
"3125 NE Loop 820  Fort Worth, TX 76110",Acura,Auto - Acura Plant (Floorplan-New) - East,3/16/2026,26792,3/16/2026,10/16/2027,2026 Acura ACURAMDXSHWDA,Automobile,ACURAMDXSHWDA,5J8YE1H8XTL026792,,"$64,767.40 ",$0.00 ,"$64,767.40 ",3/16/2026,$0.00 ,$0.00 ,"$64,767.40 ","$64,767.40 ",$0.00 ,$0.00 ,$0.00 ,$0.00 ,$0.00 ,$143.00 ,$0.00 ,$0.00 ,$0.00 ,$143.00 ,$143.00 ,"$33,428.34 "
"3125 NE Loop 820  Fort Worth, TX 76110",Acura,Auto - Acura Plant (Floorplan-New) - East,3/17/2026,27113,3/17/2026,10/17/2027,2026 Acura ACURAMDXSHWDA,Automobile,ACURAMDXSHWDA,5J8YE1H82TL027113,,"$64,767.40 ",$0.00 ,"$64,767.40 ",3/17/2026,$0.00 ,$0.00 ,"$64,767.40 ","$64,767.40 ",$0.00 ,$0.00 ,$0.00 ,$0.00 ,$0.00 ,$134.06 ,$0.00 ,$0.00 ,$0.00 ,$134.06 ,$134.06 ,"$31,339.06 "
"3125 NE Loop 820  Fort Worth, TX 76110",Acura,Auto - Acura Plant (Floorplan-New) - East,3/24/2026,27465,3/24/2026,10/24/2027,2026 Acura ACURAMDXSHWDT,Automobile,ACURAMDXSHWDT,5J8YE1H44TL027465,,"$57,404.80 ",$0.00 ,"$57,404.80 ",3/24/2026,$0.00 ,$0.00 ,"$57,404.80 ","$57,404.80 ",$0.00 ,$0.00 ,$0.00 ,$0.00 ,$0.00 ,$63.37 ,$0.00 ,$0.00 ,$0.00 ,$63.37 ,$63.37 ,"$14,814.14 "
"3125 NE Loop 820  Fort Worth, TX 76110",Acura,Auto - Acura Plant (Floorplan-New) - East,3/24/2026,27505,3/24/2026,10/24/2027,2026 Acura ACURAMDXSHWDA,Automobile,ACURAMDXSHWDA,5J8YE1H97TL027505,,"$66,643.40 ",$0.00 ,"$66,643.40 ",3/24/2026,$0.00 ,$0.00 ,"$66,643.40 ","$66,643.40 ",$0.00 ,$0.00 ,$0.00 ,$0.00 ,$0.00 ,$73.57 ,$0.00 ,$0.00 ,$0.00 ,$73.57 ,$73.57 ,"$17,198.30 "
"3125 NE Loop 820  Fort Worth, TX 76110",Acura,Auto - Acura Plant (Floorplan-New) - East,3/24/2026,27694,3/24/2026,10/24/2027,2026 Acura ACURAMDXSHWDA,Automobile,ACURAMDXSHWDA,5J8YE1H84TL027694,,"$64,202.20 ",$0.00 ,"$64,202.20 ",3/24/2026,$0.00 ,$0.00 ,"$64,202.20 ","$64,202.20 ",$0.00 ,$0.00 ,$0.00 ,$0.00 ,$0.00 ,$70.87 ,$0.00 ,$0.00 ,$0.00 ,$70.87 ,$70.87 ,"$16,568.31 "
"3125 NE Loop 820  Fort Worth, TX 76110",Acura,Auto - Acura Plant (Floorplan-New) - East,3/24/2026,27695,3/24/2026,10/24/2027,2026 Acura ACURAMDXSHWDA,Automobile,ACURAMDXSHWDA,5J8YE1H86TL027695,,"$64,202.20 ",$0.00 ,"$64,202.20 ",3/24/2026,$0.00 ,$0.00 ,"$64,202.20 ","$64,202.20 ",$0.00 ,$0.00 ,$0.00 ,$0.00 ,$0.00 ,$70.87 ,$0.00 ,$0.00 ,$0.00 ,$70.87 ,$70.87 ,"$16,568.31 "
"3125 NE Loop 820  Fort Worth, TX 76110",Acura,Auto - Acura Plant (Floorplan-New) - East,3/24/2026,27711,3/24/2026,10/24/2027,2026 Acura ACURAMDXSHWDA,Automobile,ACURAMDXSHWDA,5J8YE1H80TL027711,,"$64,202.20 ",$0.00 ,"$64,202.20 ",3/24/2026,$0.00 ,$0.00 ,"$64,202.20 ","$64,202.20 ",$0.00 ,$0.00 ,$0.00 ,$0.00 ,$0.00 ,$70.87 ,$0.00 ,$0.00 ,$0.00 ,$70.87 ,$70.87 ,"$16,568.31 "
"3125 NE Loop 820  Fort Worth, TX 76110",Acura,Auto - Acura Plant (Floorplan-New) - East,3/19/2026,27793,3/19/2026,10/19/2027,2026 Acura ACURAMDXSHWDA,Automobile,ACURAMDXSHWDA,5J8YE1H86TL027793,,"$64,767.40 ",$0.00 ,"$64,767.40 ",3/19/2026,$0.00 ,$0.00 ,"$64,767.40 ","$64,767.40 ",$0.00 ,$0.00 ,$0.00 ,$0.00 ,$0.00 ,$116.19 ,$0.00 ,$0.00 ,$0.00 ,$116.19 ,$116.19 ,"$27,160.52 "
"3125 NE Loop 820  Fort Worth, TX 76110",Acura,Auto - Acura Plant (Floorplan-New) - East,3/24/2026,27827,3/24/2026,10/24/2027,2026 Acura ACURAMDXSHWDA,Automobile,ACURAMDXSHWDA,5J8YE1H88TL027827,,"$64,767.40 ",$0.00 ,"$64,767.40 ",3/24/2026,$0.00 ,$0.00 ,"$64,767.40 ","$64,767.40 ",$0.00 ,$0.00 ,$0.00 ,$0.00 ,$0.00 ,$71.50 ,$0.00 ,$0.00 ,$0.00 ,$71.50 ,$71.50 ,"$16,714.17 "
"3125 NE Loop 820  Fort Worth, TX 76110",Acura,Auto - Acura Plant (Floorplan-New) - East,3/24/2026,27850,3/24/2026,10/24/2027,2026 Acura ACURAMDXSHWDA,Automobile,ACURAMDXSHWDA,5J8YE1H83TL027850,,"$64,767.40 ",$0.00 ,"$64,767.40 ",3/24/2026,$0.00 ,$0.00 ,"$64,767.40 ","$64,767.40 ",$0.00 ,$0.00 ,$0.00 ,$0.00 ,$0.00 ,$71.50 ,$0.00 ,$0.00 ,$0.00 ,$71.50 ,$71.50 ,"$16,714.17 "
"3125 NE Loop 820  Fort Worth, TX 76110",Acura,Auto - Acura Plant (Floorplan-New) - East,3/31/2026,27863,3/31/2026,10/31/2027,2026 Acura ACURAMDXSHWDA,Automobile,ACURAMDXSHWDA,5J8YE1H81TL027863,,"$64,767.40 ",$0.00 ,"$64,767.40 ",3/31/2026,$0.00 ,$0.00 ,"$64,767.40 ","$64,767.40 ",$0.00 ,$0.00 ,$0.00 ,$0.00 ,$0.00 ,$8.94 ,$0.00 ,$0.00 ,$0.00 ,$8.94 ,$8.94 ,"$2,089.27 "
"3125 NE Loop 820  Fort Worth, TX 76110",Acura,Auto - Acura Plant (Floorplan-New) - East,3/25/2026,27867,3/25/2026,10/25/2027,2026 Acura ACURAMDXSHWDA,Automobile,ACURAMDXSHWDA,5J8YE1H89TL027867,,"$64,767.40 ",$0.00 ,"$64,767.40 ",3/25/2026,$0.00 ,$0.00 ,"$64,767.40 ","$64,767.40 ",$0.00 ,$0.00 ,$0.00 ,$0.00 ,$0.00 ,$62.56 ,$0.00 ,$0.00 ,$0.00 ,$62.56 ,$62.56 ,"$14,624.90 "
"3125 NE Loop 820  Fort Worth, TX 76110",Acura,Auto - Acura Plant (Floorplan-New) - East,3/24/2026,27981,3/24/2026,10/24/2027,2026 Acura ACURAMDXSHWDA,Automobile,ACURAMDXSHWDA,5J8YE1H87TL027981,,"$64,767.40 ",$0.00 ,"$64,767.40 ",3/24/2026,$0.00 ,$0.00 ,"$64,767.40 ","$64,767.40 ",$0.00 ,$0.00 ,$0.00 ,$0.00 ,$0.00 ,$71.50 ,$0.00 ,$0.00 ,$0.00 ,$71.50 ,$71.50 ,"$16,714.17 "
"3125 NE Loop 820  Fort Worth, TX 76110",Acura,Auto - Acura Plant (Floorplan-New) - East,3/19/2026,28204,3/19/2026,10/19/2027,2026 Acura ACURAMDXSHWD,Automobile,ACURAMDXSHWD,5J8YE1H34TL028204,,"$54,100.00 ",$0.00 ,"$54,100.00 ",3/19/2026,$0.00 ,$0.00 ,"$54,100.00 ","$54,100.00 ",$0.00 ,$0.00 ,$0.00 ,$0.00 ,$0.00 ,$97.05 ,$0.00 ,$0.00 ,$0.00 ,$97.05 ,$97.05 ,"$22,687.10 "
"3125 NE Loop 820  Fort Worth, TX 76110",Acura,Auto - Acura Plant (Floorplan-New) - East,3/26/2026,28272,3/26/2026,10/26/2027,2026 Acura ACURAMDXSHWDA,Automobile,ACURAMDXSHWDA,5J8YE1H85TL028272,,"$64,202.20 ",$0.00 ,"$64,202.20 ",3/26/2026,$0.00 ,$0.00 ,"$64,202.20 ","$64,202.20 ",$0.00 ,$0.00 ,$0.00 ,$0.00 ,$0.00 ,$53.16 ,$0.00 ,$0.00 ,$0.00 ,$53.16 ,$53.16 ,"$12,426.23 "
"3125 NE Loop 820  Fort Worth, TX 76110",Acura,Auto - Acura Plant (Floorplan-New) - East,3/19/2026,28553,3/19/2026,10/19/2027,2026 Acura ACURAMDXSHWDA,Automobile,ACURAMDXSHWDA,5J8YE1H0XTL028553,,"$60,671.20 ",$0.00 ,"$60,671.20 ",3/19/2026,$0.00 ,$0.00 ,"$60,671.20 ","$60,671.20 ",$0.00 ,$0.00 ,$0.00 ,$0.00 ,$0.00 ,$108.84 ,$0.00 ,$0.00 ,$0.00 ,$108.84 ,$108.84 ,"$25,442.76 "
"3125 NE Loop 820  Fort Worth, TX 76110",Acura,Auto - Acura Plant (Floorplan-New) - East,3/24/2026,28642,3/24/2026,10/24/2027,2026 Acura ACURAMDXSHWDA,Automobile,ACURAMDXSHWDA,5J8YE1H81TL028642,,"$64,767.40 ",$0.00 ,"$64,767.40 ",3/24/2026,$0.00 ,$0.00 ,"$64,767.40 ","$64,767.40 ",$0.00 ,$0.00 ,$0.00 ,$0.00 ,$0.00 ,$71.50 ,$0.00 ,$0.00 ,$0.00 ,$71.50 ,$71.50 ,"$16,714.17 "
"3125 NE Loop 820  Fort Worth, TX 76110",Acura,Auto - Acura Plant (Floorplan-New) - East,3/24/2026,28720,3/24/2026,10/24/2027,2026 Acura ACURAMDXSHWDA,Automobile,ACURAMDXSHWDA,5J8YE1H03TL028720,,"$60,671.20 ",$0.00 ,"$60,671.20 ",3/24/2026,$0.00 ,$0.00 ,"$60,671.20 ","$60,671.20 ",$0.00 ,$0.00 ,$0.00 ,$0.00 ,$0.00 ,$66.98 ,$0.00 ,$0.00 ,$0.00 ,$66.98 ,$66.98 ,"$15,657.08 "
"3125 NE Loop 820  Fort Worth, TX 76110",Acura,Auto - Acura Plant (Floorplan-New) - East,3/25/2026,28741,3/25/2026,10/25/2027,2026 Acura ACURAMDXSHWDA,Automobile,ACURAMDXSHWDA,5J8YE1H00TL028741,,"$60,671.20 ",$0.00 ,"$60,671.20 ",3/25/2026,$0.00 ,$0.00 ,"$60,671.20 ","$60,671.20 ",$0.00 ,$0.00 ,$0.00 ,$0.00 ,$0.00 ,$58.60 ,$0.00 ,$0.00 ,$0.00 ,$58.60 ,$58.60 ,"$13,699.95 "
"3125 NE Loop 820  Fort Worth, TX 76110",Acura,Auto - Acura Plant (Floorplan-New) - East,3/24/2026,29213,3/24/2026,10/24/2027,2026 Acura ACURAMDXSHWDA,Automobile,ACURAMDXSHWDA,5J8YE1H85TL029213,,"$64,767.40 ",$0.00 ,"$64,767.40 ",3/24/2026,$0.00 ,$0.00 ,"$64,767.40 ","$64,767.40 ",$0.00 ,$0.00 ,$0.00 ,$0.00 ,$0.00 ,$71.50 ,$0.00 ,$0.00 ,$0.00 ,$71.50 ,$71.50 ,"$16,714.17 "
"3125 NE Loop 820  Fort Worth, TX 76110",Acura,Auto - Acura Plant (Floorplan-New) - East,3/27/2026,29272,3/27/2026,10/27/2027,2026 Acura ACURAMDXSHWDT,Automobile,ACURAMDXSHWDT,5J8YE1H43TL029272,,"$57,970.00 ",$0.00 ,"$57,970.00 ",3/27/2026,$0.00 ,$0.00 ,"$57,970.00 ","$57,970.00 ",$0.00 ,$0.00 ,$0.00 ,$0.00 ,$0.00 ,$40.00 ,$0.00 ,$0.00 ,$0.00 ,$40.00 ,$40.00 ,"$9,350.00 "
"3125 NE Loop 820  Fort Worth, TX 76110",Acura,Auto - Acura Plant (Floorplan-New) - East,3/26/2026,29357,3/26/2026,10/26/2027,2026 Acura ACURAMDXSHWDA,Automobile,ACURAMDXSHWDA,5J8YE1H87TL029357,,"$64,767.40 ",$0.00 ,"$64,767.40 ",3/26/2026,$0.00 ,$0.00 ,"$64,767.40 ","$64,767.40 ",$0.00 ,$0.00 ,$0.00 ,$0.00 ,$0.00 ,$53.62 ,$0.00 ,$0.00 ,$0.00 ,$53.62 ,$53.62 ,"$12,535.63 "
"3125 NE Loop 820  Fort Worth, TX 76110",Acura,Auto - Acura Plant (Floorplan-New) - East,3/31/2026,29452,3/31/2026,10/31/2027,2026 Acura ACURAMDXSHWDT,Automobile,ACURAMDXSHWDT,5J8YE1H45TL029452,,"$57,970.00 ",$0.00 ,"$57,970.00 ",3/31/2026,$0.00 ,$0.00 ,"$57,970.00 ","$57,970.00 ",$0.00 ,$0.00 ,$0.00 ,$0.00 ,$0.00 ,$8.00 ,$0.00 ,$0.00 ,$0.00 ,$8.00 ,$8.00 ,"$1,870.00 "
"3125 NE Loop 820  Fort Worth, TX 76110",Acura,Auto - Acura Plant (Floorplan-New) - East,3/25/2026,29529,3/25/2026,10/25/2027,2026 Acura ACURAMDXSHWDA,Automobile,ACURAMDXSHWDA,5J8YE1H99TL029529,,"$66,643.40 ",$0.00 ,"$66,643.40 ",3/25/2026,$0.00 ,$0.00 ,"$66,643.40 ","$66,643.40 ",$0.00 ,$0.00 ,$0.00 ,$0.00 ,$0.00 ,$64.37 ,$0.00 ,$0.00 ,$0.00 ,$64.37 ,$64.37 ,"$15,048.51 "
"3125 NE Loop 820  Fort Worth, TX 76110",Acura,Auto - Acura Plant (Floorplan-New) - East,3/27/2026,29960,3/27/2026,10/27/2027,2026 Acura ACURAMDXSHWDA,Automobile,ACURAMDXSHWDA,5J8YE1H06TL029960,,"$60,671.20 ",$0.00 ,"$60,671.20 ",3/27/2026,$0.00 ,$0.00 ,"$60,671.20 ","$60,671.20 ",$0.00 ,$0.00 ,$0.00 ,$0.00 ,$0.00 ,$41.86 ,$0.00 ,$0.00 ,$0.00 ,$41.86 ,$41.86 ,"$9,785.68 "
"3125 NE Loop 820  Fort Worth, TX 76110",Acura,Auto - Acura Plant (Floorplan-New) - East,3/27/2026,29996,3/27/2026,10/27/2027,2026 Acura ACURAMDXSHWDA,Automobile,ACURAMDXSHWDA,5J8YE1H05TL029996,,"$60,671.20 ",$0.00 ,"$60,671.20 ",3/27/2026,$0.00 ,$0.00 ,"$60,671.20 ","$60,671.20 ",$0.00 ,$0.00 ,$0.00 ,$0.00 ,$0.00 ,$41.86 ,$0.00 ,$0.00 ,$0.00 ,$41.86 ,$41.86 ,"$9,785.68 "
"3125 NE Loop 820  Fort Worth, TX 76110",Acura,Auto - Acura Plant (Floorplan-New) - East,3/27/2026,29998,3/27/2026,10/27/2027,2026 Acura ACURAMDXSHWDA,Automobile,ACURAMDXSHWDA,5J8YE1H09TL029998,,"$60,671.20 ",$0.00 ,"$60,671.20 ",3/27/2026,$0.00 ,$0.00 ,"$60,671.20 ","$60,671.20 ",$0.00 ,$0.00 ,$0.00 ,$0.00 ,$0.00 ,$41.86 ,$0.00 ,$0.00 ,$0.00 ,$41.86 ,$41.86 ,"$9,785.68 "
"3125 NE Loop 820  Fort Worth, TX 76110",Acura,Auto - Acura Plant (Floorplan-New) - East,3/9/2026,700371,3/9/2026,10/9/2027,2026 Acura ACURAADXAW-SP,Automobile,ACURAADXAW-SP,3HDSA2H71TM700371,,"$44,561.20 ",$0.00 ,"$44,561.20 ",3/9/2026,$0.00 ,$0.00 ,"$44,561.20 ","$44,561.20 ",$0.00 ,$0.00 ,$0.00 ,$0.00 ,$0.00 ,$141.43 ,$0.00 ,$0.00 ,$0.00 ,$141.43 ,$141.43 ,"$33,061.54 "
"3125 NE Loop 820  Fort Worth, TX 76110",Acura,Auto - Acura Plant (Floorplan-New) - East,2/12/2026,700377,2/12/2026,9/12/2027,2026 Acura ACURAADXAW-SP,Automobile,ACURAADXAW-SP,3HDSA2H72TM700377,A7923,"$44,561.20 ","$44,561.20 ",$0.00 ,,"($44,561.20)",$0.00 ,"($44,561.20)",$0.00 ,$0.00 ,$0.00 ,$0.00 ,$0.00 ,$0.00 ,$61.49 ,$0.00 ,$0.00 ,$0.00 ,$61.49 ,$166.10 ,"$14,374.58 "
"3125 NE Loop 820  Fort Worth, TX 76110",Acura,Auto - Acura Plant (Floorplan-New) - East,1/6/2026,700384,1/6/2026,8/6/2027,2026 Acura ACURAADXA-ECA,Automobile,ACURAADXA-ECA,3HDSA1H77TM700384,,"$42,545.20 ","$42,545.20 ",$0.00 ,,$0.00 ,$0.00 ,$0.00 ,"$42,545.20 ",$0.00 ,$0.00 ,$0.00 ,$0.00 ,$0.00 ,$182.01 ,$0.00 ,$0.00 ,$0.00 ,$182.01 ,$500.17 ,"$42,545.20 "
"3125 NE Loop 820  Fort Worth, TX 76110",Acura,Auto - Acura Plant (Floorplan-New) - East,1/12/2026,700506,1/12/2026,8/12/2027,2026 Acura ACURAADX,Automobile,ACURAADX,3HDSA1H3XTM700506,A7851,"$36,051.00 ","$36,051.00 ",$0.00 ,,"($36,051.00)",$0.00 ,"($36,051.00)",$0.00 ,$0.00 ,$0.00 ,$0.00 ,$0.00 ,$0.00 ,$54.73 ,$0.00 ,$0.00 ,$0.00 ,$54.73 ,$294.29 ,"$12,792.29 "
"3125 NE Loop 820  Fort Worth, TX 76110",Acura,Auto - Acura Plant (Floorplan-New) - East,2/4/2026,700526,2/4/2026,9/4/2027,2026 Acura ACURAADXA-EC,Automobile,ACURAADXA-EC,3HDSA1H53TM700526,A7890,"$38,122.00 ","$38,122.00 ",$0.00 ,,"($38,122.00)",$0.00 ,"($38,122.00)",$0.00 ,$0.00 ,$0.00 ,$0.00 ,$0.00 ,$0.00 ,$57.87 ,$0.00 ,$0.00 ,$0.00 ,$57.87 ,$189.48 ,"$13,527.16 "
"3125 NE Loop 820  Fort Worth, TX 76110",Acura,Auto - Acura Plant (Floorplan-New) - East,3/4/2026,700561,3/4/2026,10/4/2027,2026 Acura ACURAADXA-EC,Automobile,ACURAADXA-EC,3HDSA1H55TM700561,,"$38,122.00 ",$0.00 ,"$38,122.00 ",3/4/2026,$0.00 ,$0.00 ,"$38,122.00 ","$38,122.00 ",$0.00 ,$0.00 ,$0.00 ,$0.00 ,$0.00 ,$147.29 ,$0.00 ,$0.00 ,$0.00 ,$147.29 ,$147.29 ,"$34,432.77 "
"3125 NE Loop 820  Fort Worth, TX 76110",Acura,Auto - Acura Plant (Floorplan-New) - East,1/6/2026,700616,1/6/2026,8/6/2027,2026 Acura ACURAADXAW-SP,Automobile,ACURAADXAW-SP,3HDSA2H57TM700616,,"$39,942.00 ","$39,942.00 ",$0.00 ,,$0.00 ,$0.00 ,$0.00 ,"$39,942.00 ",$0.00 ,$0.00 ,$0.00 ,$0.00 ,$0.00 ,$170.87 ,$0.00 ,$0.00 ,$0.00 ,$170.87 ,$469.56 ,"$39,942.00 "
"3125 NE Loop 820  Fort Worth, TX 76110",Acura,Auto - Acura Plant (Floorplan-New) - East,2/13/2026,700674,2/13/2026,9/13/2027,2026 Acura ACURAADXAW-SP,Automobile,ACURAADXAW-SP,3HDSA2H78TM700674,,"$43,985.20 ","$43,985.20 ",$0.00 ,,$0.00 ,$0.00 ,$0.00 ,"$43,985.20 ",$0.00 ,$0.00 ,$0.00 ,$0.00 ,$0.00 ,$188.16 ,$0.00 ,$0.00 ,$0.00 ,$188.16 ,$285.34 ,"$43,985.20 "
"3125 NE Loop 820  Fort Worth, TX 76110",Acura,Auto - Acura Plant (Floorplan-New) - East,3/9/2026,700694,3/9/2026,10/9/2027,2026 Acura ACURAADX,Automobile,ACURAADX,3HDSA1H34TM700694,A8027,"$35,575.00 ",$0.00 ,"$35,575.00 ",3/9/2026,"($35,575.00)",$0.00 ,$0.00 ,$0.00 ,$0.00 ,$0.00 ,$0.00 ,$0.00 ,$0.00 ,$68.73 ,$0.00 ,$0.00 ,$0.00 ,$68.73 ,$68.73 ,"$16,066.13 "
"3125 NE Loop 820  Fort Worth, TX 76110",Acura,Auto - Acura Plant (Floorplan-New) - East,3/3/2026,700820,3/3/2026,10/3/2027,2026 Acura ACURAADXA-EC,Automobile,ACURAADXA-EC,3HDSA1H53TM700820,A8006,"$38,122.00 ",$0.00 ,"$38,122.00 ",3/3/2026,"($38,122.00)",$0.00 ,$0.00 ,$0.00 ,$0.00 ,$0.00 ,$0.00 ,$0.00 ,$0.00 ,$126.25 ,$0.00 ,$0.00 ,$0.00 ,$126.25 ,$126.25 ,"$29,513.81 "
"3125 NE Loop 820  Fort Worth, TX 76110",Acura,Auto - Acura Plant (Floorplan-New) - East,3/6/2026,700882,3/6/2026,10/6/2027,2026 Acura ACURAADXAW-SP,Automobile,ACURAADXAW-SP,3HDSA2H74TM700882,,"$43,985.20 ",$0.00 ,"$43,985.20 ",3/6/2026,$0.00 ,$0.00 ,"$43,985.20 ","$43,985.20 ",$0.00 ,$0.00 ,$0.00 ,$0.00 ,$0.00 ,$157.81 ,$0.00 ,$0.00 ,$0.00 ,$157.81 ,$157.81 ,"$36,890.81 "
"3125 NE Loop 820  Fort Worth, TX 76110",Acura,Auto - Acura Plant (Floorplan-New) - East,3/9/2026,700942,3/9/2026,10/9/2027,2026 Acura ACURAADXA-EC,Automobile,ACURAADXA-EC,3HDSA1H56TM700942,,"$38,698.00 ",$0.00 ,"$38,698.00 ",3/9/2026,$0.00 ,$0.00 ,"$38,698.00 ","$38,698.00 ",$0.00 ,$0.00 ,$0.00 ,$0.00 ,$0.00 ,$122.82 ,$0.00 ,$0.00 ,$0.00 ,$122.82 ,$122.82 ,"$28,711.42 "
"3125 NE Loop 820  Fort Worth, TX 76110",Acura,Auto - Acura Plant (Floorplan-New) - East,2/3/2026,700979,2/3/2026,9/3/2027,2026 Acura ACURAADXA-EC,Automobile,ACURAADXA-EC,3HDSA1H57TM700979,,"$38,698.00 ","$38,698.00 ",$0.00 ,,"($38,698.00)",$0.00 ,"($38,698.00)",$0.00 ,$0.00 ,$0.00 ,$0.00 ,$0.00 ,$0.00 ,$128.16 ,$0.00 ,$0.00 ,$0.00 ,$128.16 ,$267.10 ,"$29,959.74 "
"3125 NE Loop 820  Fort Worth, TX 76110",Acura,Auto - Acura Plant (Floorplan-New) - East,2/3/2026,700997,2/3/2026,9/3/2027,2026 Acura ACURAADXA-EC,Automobile,ACURAADXA-EC,3HDSA1H59TM700997,,"$38,698.00 ","$38,698.00 ",$0.00 ,,"($38,698.00)",$0.00 ,"($38,698.00)",$0.00 ,$0.00 ,$0.00 ,$0.00 ,$0.00 ,$0.00 ,$128.16 ,$0.00 ,$0.00 ,$0.00 ,$128.16 ,$267.10 ,"$29,959.74 "
"3125 NE Loop 820  Fort Worth, TX 76110",Acura,Auto - Acura Plant (Floorplan-New) - East,3/4/2026,700998,3/4/2026,10/4/2027,2026 Acura ACURAADXA-EC,Automobile,ACURAADXA-EC,3HDSA1H50TM700998,,"$38,698.00 ",$0.00 ,"$38,698.00 ",3/4/2026,$0.00 ,$0.00 ,"$38,698.00 ","$38,698.00 ",$0.00 ,$0.00 ,$0.00 ,$0.00 ,$0.00 ,$149.52 ,$0.00 ,$0.00 ,$0.00 ,$149.52 ,$149.52 ,"$34,953.03 "
"3125 NE Loop 820  Fort Worth, TX 76110",Acura,Auto - Acura Plant (Floorplan-New) - East,2/12/2026,701021,2/12/2026,9/12/2027,2026 Acura ACURAADXA-EC,Automobile,ACURAADXA-EC,3HDSA1H50TM701021,,"$38,698.00 ","$38,698.00 ",$0.00 ,,$0.00 ,$0.00 ,$0.00 ,"$38,698.00 ",$0.00 ,$0.00 ,$0.00 ,$0.00 ,$0.00 ,$165.54 ,$0.00 ,$0.00 ,$0.00 ,$165.54 ,$256.39 ,"$38,698.00 "
"3125 NE Loop 820  Fort Worth, TX 76110",Acura,Auto - Acura Plant (Floorplan-New) - East,3/3/2026,701036,3/3/2026,10/3/2027,2026 Acura ACURAADXAW-SP,Automobile,ACURAADXAW-SP,3HDSA2H73TM701036,,"$44,561.20 ",$0.00 ,"$44,561.20 ",3/3/2026,$0.00 ,$0.00 ,"$44,561.20 ","$44,561.20 ",$0.00 ,$0.00 ,$0.00 ,$0.00 ,$0.00 ,$178.32 ,$0.00 ,$0.00 ,$0.00 ,$178.32 ,$178.32 ,"$41,686.28 "
"3125 NE Loop 820  Fort Worth, TX 76110",Acura,Auto - Acura Plant (Floorplan-New) - East,3/4/2026,701097,3/4/2026,10/4/2027,2026 Acura ACURAADX,Automobile,ACURAADX,3HDSA1H32TM701097,,"$35,575.00 ",$0.00 ,"$35,575.00 ",3/4/2026,$0.00 ,$0.00 ,"$35,575.00 ","$35,575.00 ",$0.00 ,$0.00 ,$0.00 ,$0.00 ,$0.00 ,$137.45 ,$0.00 ,$0.00 ,$0.00 ,$137.45 ,$137.45 ,"$32,132.26 "
"3125 NE Loop 820  Fort Worth, TX 76110",Acura,Auto - Acura Plant (Floorplan-New) - East,2/27/2026,701101,2/27/2026,9/27/2027,2026 Acura ACURAADX,Automobile,ACURAADX,3HDSA1H30TM701101,,"$35,575.00 ","$35,575.00 ",$0.00 ,,"($35,575.00)",$0.00 ,"($35,575.00)",$0.00 ,$0.00 ,$0.00 ,$0.00 ,$0.00 ,$0.00 ,$117.82 ,$0.00 ,$0.00 ,$0.00 ,$117.82 ,$127.65 ,"$27,541.94 "
"3125 NE Loop 820  Fort Worth, TX 76110",Acura,Auto - Acura Plant (Floorplan-New) - East,2/12/2026,701248,2/12/2026,9/12/2027,2026 Acura ACURAADXA-EC,Automobile,ACURAADXA-EC,3HDSA1H56TM701248,A7933,"$38,122.00 ","$38,122.00 ",$0.00 ,,"($38,122.00)",$0.00 ,"($38,122.00)",$0.00 ,$0.00 ,$0.00 ,$0.00 ,$0.00 ,$0.00 ,$57.87 ,$0.00 ,$0.00 ,$0.00 ,$57.87 ,$147.36 ,"$13,527.16 "
"3125 NE Loop 820  Fort Worth, TX 76110",Acura,Auto - Acura Plant (Floorplan-New) - East,2/12/2026,701339,2/12/2026,9/12/2027,2026 Acura ACURAADX,Automobile,ACURAADX,3HDSA1H30TM701339,,"$35,575.00 ","$35,575.00 ",$0.00 ,,$0.00 ,$0.00 ,$0.00 ,"$35,575.00 ",$0.00 ,$0.00 ,$0.00 ,$0.00 ,$0.00 ,$152.18 ,$0.00 ,$0.00 ,$0.00 ,$152.18 ,$235.69 ,"$35,575.00 "
"3125 NE Loop 820  Fort Worth, TX 76110",Acura,Auto - Acura Plant (Floorplan-New) - East,2/17/2026,701400,2/17/2026,9/17/2027,2026 Acura ACURAADXA-EC,Automobile,ACURAADXA-EC,3HDSA1H58TM701400,,"$38,698.00 ","$38,698.00 ",$0.00 ,,$0.00 ,$0.00 ,$0.00 ,"$38,698.00 ",$0.00 ,$0.00 ,$0.00 ,$0.00 ,$0.00 ,$165.54 ,$0.00 ,$0.00 ,$0.00 ,$165.54 ,$229.67 ,"$38,698.00 "
"3125 NE Loop 820  Fort Worth, TX 76110",Acura,Auto - Acura Plant (Floorplan-New) - East,3/4/2026,701449,3/4/2026,10/4/2027,2026 Acura ACURAADXAW-SP,Automobile,ACURAADXAW-SP,3HDSA2H58TM701449,,"$40,618.00 ",$0.00 ,"$40,618.00 ",3/4/2026,$0.00 ,$0.00 ,"$40,618.00 ","$40,618.00 ",$0.00 ,$0.00 ,$0.00 ,$0.00 ,$0.00 ,$156.94 ,$0.00 ,$0.00 ,$0.00 ,$156.94 ,$156.94 ,"$36,687.23 "
"3125 NE Loop 820  Fort Worth, TX 76110",Acura,Auto - Acura Plant (Floorplan-New) - East,2/13/2026,701460,2/13/2026,9/13/2027,2026 Acura ACURAADXAW-SP,Automobile,ACURAADXAW-SP,3HDSA2H57TM701460,,"$40,618.00 ","$40,618.00 ",$0.00 ,,$0.00 ,$0.00 ,$0.00 ,"$40,618.00 ",$0.00 ,$0.00 ,$0.00 ,$0.00 ,$0.00 ,$173.76 ,$0.00 ,$0.00 ,$0.00 ,$173.76 ,$263.50 ,"$40,618.00 "
"3125 NE Loop 820  Fort Worth, TX 76110",Acura,Auto - Acura Plant (Floorplan-New) - East,2/26/2026,701469,2/26/2026,9/26/2027,2026 Acura ACURAADXA-EC,Automobile,ACURAADXA-EC,3HDSA1H50TM701469,,"$38,698.00 ","$38,698.00 ",$0.00 ,,$0.00 ,$0.00 ,$0.00 ,"$38,698.00 ",$0.00 ,$0.00 ,$0.00 ,$0.00 ,$0.00 ,$165.54 ,$0.00 ,$0.00 ,$0.00 ,$165.54 ,$181.57 ,"$38,698.00 "
"3125 NE Loop 820  Fort Worth, TX 76110",Acura,Auto - Acura Plant (Floorplan-New) - East,2/23/2026,701577,2/23/2026,9/23/2027,2026 Acura ACURAADXAW-SP,Automobile,ACURAADXAW-SP,3HDSA2H74TM701577,A7905,"$44,561.20 ","$44,561.20 ",$0.00 ,,"($44,561.20)",$0.00 ,"($44,561.20)",$0.00 ,$0.00 ,$0.00 ,$0.00 ,$0.00 ,$0.00 ,$61.49 ,$0.00 ,$0.00 ,$0.00 ,$61.49 ,$98.41 ,"$14,374.58 "
"3125 NE Loop 820  Fort Worth, TX 76110",Acura,Auto - Acura Plant (Floorplan-New) - East,3/9/2026,701589,3/9/2026,10/9/2027,2026 Acura ACURAADXA-EC,Automobile,ACURAADXA-EC,3HDSA1H5XTM701589,,"$38,698.00 ",$0.00 ,"$38,698.00 ",3/9/2026,$0.00 ,$0.00 ,"$38,698.00 ","$38,698.00 ",$0.00 ,$0.00 ,$0.00 ,$0.00 ,$0.00 ,$122.82 ,$0.00 ,$0.00 ,$0.00 ,$122.82 ,$122.82 ,"$28,711.42 "
"3125 NE Loop 820  Fort Worth, TX 76110",Acura,Auto - Acura Plant (Floorplan-New) - East,2/26/2026,701606,2/26/2026,9/26/2027,2026 Acura ACURAADXA-EC,Automobile,ACURAADXA-EC,3HDSA1H56TM701606,,"$38,698.00 ","$38,698.00 ",$0.00 ,,$0.00 ,$0.00 ,$0.00 ,"$38,698.00 ",$0.00 ,$0.00 ,$0.00 ,$0.00 ,$0.00 ,$165.54 ,$0.00 ,$0.00 ,$0.00 ,$165.54 ,$181.57 ,"$38,698.00 "
"3125 NE Loop 820  Fort Worth, TX 76110",Acura,Auto - Acura Plant (Floorplan-New) - East,3/4/2026,701612,3/4/2026,10/4/2027,2026 Acura ACURAADXA-EC,Automobile,ACURAADXA-EC,3HDSA1H51TM701612,,"$38,698.00 ",$0.00 ,"$38,698.00 ",3/4/2026,$0.00 ,$0.00 ,"$38,698.00 ","$38,698.00 ",$0.00 ,$0.00 ,$0.00 ,$0.00 ,$0.00 ,$149.52 ,$0.00 ,$0.00 ,$0.00 ,$149.52 ,$149.52 ,"$34,953.03 "
"3125 NE Loop 820  Fort Worth, TX 76110",Acura,Auto - Acura Plant (Floorplan-New) - East,3/4/2026,701627,3/4/2026,10/4/2027,2026 Acura ACURAADXA-EC,Automobile,ACURAADXA-EC,3HDSA1H53TM701627,,"$38,698.00 ",$0.00 ,"$38,698.00 ",3/4/2026,$0.00 ,$0.00 ,"$38,698.00 ","$38,698.00 ",$0.00 ,$0.00 ,$0.00 ,$0.00 ,$0.00 ,$149.52 ,$0.00 ,$0.00 ,$0.00 ,$149.52 ,$149.52 ,"$34,953.03 "
"3125 NE Loop 820  Fort Worth, TX 76110",Acura,Auto - Acura Plant (Floorplan-New) - East,3/4/2026,701651,3/4/2026,10/4/2027,2026 Acura ACURAADXA-EC,Automobile,ACURAADXA-EC,3HDSA1H50TM701651,,"$38,698.00 ",$0.00 ,"$38,698.00 ",3/4/2026,$0.00 ,$0.00 ,"$38,698.00 ","$38,698.00 ",$0.00 ,$0.00 ,$0.00 ,$0.00 ,$0.00 ,$149.52 ,$0.00 ,$0.00 ,$0.00 ,$149.52 ,$149.52 ,"$34,953.03 "
"3125 NE Loop 820  Fort Worth, TX 76110",Acura,Auto - Acura Plant (Floorplan-New) - East,3/5/2026,701671,3/5/2026,10/5/2027,2026 Acura ACURAADXA-EC,Automobile,ACURAADXA-EC,3HDSA1H56TM701671,,"$38,698.00 ",$0.00 ,"$38,698.00 ",3/5/2026,$0.00 ,$0.00 ,"$38,698.00 ","$38,698.00 ",$0.00 ,$0.00 ,$0.00 ,$0.00 ,$0.00 ,$144.18 ,$0.00 ,$0.00 ,$0.00 ,$144.18 ,$144.18 ,"$33,704.71 "
"3125 NE Loop 820  Fort Worth, TX 76110",Acura,Auto - Acura Plant (Floorplan-New) - East,3/9/2026,701680,3/9/2026,10/9/2027,2026 Acura ACURAADXA-EC,Automobile,ACURAADXA-EC,3HDSA1H57TM701680,,"$38,698.00 ",$0.00 ,"$38,698.00 ",3/9/2026,$0.00 ,$0.00 ,"$38,698.00 ","$38,698.00 ",$0.00 ,$0.00 ,$0.00 ,$0.00 ,$0.00 ,$122.82 ,$0.00 ,$0.00 ,$0.00 ,$122.82 ,$122.82 ,"$28,711.42 "
"3125 NE Loop 820  Fort Worth, TX 76110",Acura,Auto - Acura Plant (Floorplan-New) - East,3/17/2026,701681,3/17/2026,10/17/2027,2026 Acura ACURAADXA-EC,Automobile,ACURAADXA-EC,3HDSA1H59TM701681,,"$38,698.00 ",$0.00 ,"$38,698.00 ",3/17/2026,$0.00 ,$0.00 ,"$38,698.00 ","$38,698.00 ",$0.00 ,$0.00 ,$0.00 ,$0.00 ,$0.00 ,$80.10 ,$0.00 ,$0.00 ,$0.00 ,$80.10 ,$80.10 ,"$18,724.84 "
"3125 NE Loop 820  Fort Worth, TX 76110",Acura,Auto - Acura Plant (Floorplan-New) - East,3/3/2026,701715,3/3/2026,10/3/2027,2026 Acura ACURAADXAW-SP,Automobile,ACURAADXAW-SP,3HDSA2H53TM701715,A8012,"$40,618.00 ",$0.00 ,"$40,618.00 ",3/3/2026,"($40,618.00)",$0.00 ,$0.00 ,$0.00 ,$0.00 ,$0.00 ,$0.00 ,$0.00 ,$0.00 ,$84.07 ,$0.00 ,$0.00 ,$0.00 ,$84.07 ,$84.07 ,"$19,653.87 "
"3125 NE Loop 820  Fort Worth, TX 76110",Acura,Auto - Acura Plant (Floorplan-New) - East,3/4/2026,701716,3/4/2026,10/4/2027,2026 Acura ACURAADXA-EC,Automobile,ACURAADXA-EC,3HDSA1H52TM701716,A8005,"$38,698.00 ",$0.00 ,"$38,698.00 ",3/4/2026,"($38,698.00)",$0.00 ,$0.00 ,$0.00 ,$0.00 ,$0.00 ,$0.00 ,$0.00 ,$0.00 ,$80.10 ,$0.00 ,$0.00 ,$0.00 ,$80.10 ,$80.10 ,"$18,724.84 "
"3125 NE Loop 820  Fort Worth, TX 76110",Acura,Auto - Acura Plant (Floorplan-New) - East,3/4/2026,701761,3/4/2026,10/4/2027,2026 Acura ACURAADXA-EC,Automobile,ACURAADXA-EC,3HDSA1H57TM701761,,"$38,122.00 ",$0.00 ,"$38,122.00 ",3/4/2026,$0.00 ,$0.00 ,"$38,122.00 ","$38,122.00 ",$0.00 ,$0.00 ,$0.00 ,$0.00 ,$0.00 ,$147.29 ,$0.00 ,$0.00 ,$0.00 ,$147.29 ,$147.29 ,"$34,432.77 "
"3125 NE Loop 820  Fort Worth, TX 76110",Acura,Auto - Acura Plant (Floorplan-New) - East,3/4/2026,701780,3/4/2026,10/4/2027,2026 Acura ACURAADXA-EC,Automobile,ACURAADXA-EC,3HDSA1H50TM701780,,"$38,122.00 ",$0.00 ,"$38,122.00 ",3/4/2026,$0.00 ,$0.00 ,"$38,122.00 ","$38,122.00 ",$0.00 ,$0.00 ,$0.00 ,$0.00 ,$0.00 ,$147.29 ,$0.00 ,$0.00 ,$0.00 ,$147.29 ,$147.29 ,"$34,432.77 "
"3125 NE Loop 820  Fort Worth, TX 76110",Acura,Auto - Acura Plant (Floorplan-New) - East,3/4/2026,701847,3/4/2026,10/4/2027,2026 Acura ACURAADX,Automobile,ACURAADX,3HDSA1H38TM701847,,"$35,575.00 ",$0.00 ,"$35,575.00 ",3/4/2026,$0.00 ,$0.00 ,"$35,575.00 ","$35,575.00 ",$0.00 ,$0.00 ,$0.00 ,$0.00 ,$0.00 ,$137.45 ,$0.00 ,$0.00 ,$0.00 ,$137.45 ,$137.45 ,"$32,132.26 "
"3125 NE Loop 820  Fort Worth, TX 76110",Acura,Auto - Acura Plant (Floorplan-New) - East,3/4/2026,701908,3/4/2026,10/4/2027,2026 Acura ACURAADX A,Automobile,ACURAADX A,3HDSA2H35TM701908,,"$38,101.00 ",$0.00 ,"$38,101.00 ",3/4/2026,$0.00 ,$0.00 ,"$38,101.00 ","$38,101.00 ",$0.00 ,$0.00 ,$0.00 ,$0.00 ,$0.00 ,$147.21 ,$0.00 ,$0.00 ,$0.00 ,$147.21 ,$147.21 ,"$34,413.81 "
"3125 NE Loop 820  Fort Worth, TX 76110",Acura,Auto - Acura Plant (Floorplan-New) - East,3/4/2026,701923,3/4/2026,10/4/2027,2026 Acura ACURAADX,Automobile,ACURAADX,3HDSA1H39TM701923,,"$36,151.00 ",$0.00 ,"$36,151.00 ",3/4/2026,$0.00 ,$0.00 ,"$36,151.00 ","$36,151.00 ",$0.00 ,$0.00 ,$0.00 ,$0.00 ,$0.00 ,$139.68 ,$0.00 ,$0.00 ,$0.00 ,$139.68 ,$139.68 ,"$32,652.52 "
"3125 NE Loop 820  Fort Worth, TX 76110",Acura,Auto - Acura Plant (Floorplan-New) - East,3/9/2026,701953,3/9/2026,10/9/2027,2026 Acura ACURAADX,Automobile,ACURAADX,3HDSA1H37TM701953,,"$36,151.00 ",$0.00 ,"$36,151.00 ",3/9/2026,$0.00 ,$0.00 ,"$36,151.00 ","$36,151.00 ",$0.00 ,$0.00 ,$0.00 ,$0.00 ,$0.00 ,$114.74 ,$0.00 ,$0.00 ,$0.00 ,$114.74 ,$114.74 ,"$26,821.71 "
"3125 NE Loop 820  Fort Worth, TX 76110",Acura,Auto - Acura Plant (Floorplan-New) - East,3/4/2026,701980,3/4/2026,10/4/2027,2026 Acura ACURAADXAW-SP,Automobile,ACURAADXAW-SP,3HDSA2H79TM701980,A7991,"$44,561.20 ",$0.00 ,"$44,561.20 ",3/4/2026,"($44,561.20)",$0.00 ,$0.00 ,$0.00 ,$0.00 ,$0.00 ,$0.00 ,$0.00 ,$0.00 ,$135.28 ,$0.00 ,$0.00 ,$0.00 ,$135.28 ,$135.28 ,"$31,624.08 "
"3125 NE Loop 820  Fort Worth, TX 76110",Acura,Auto - Acura Plant (Floorplan-New) - East,3/16/2026,702000,3/16/2026,10/16/2027,2026 Acura ACURAADX,Automobile,ACURAADX,3HDSA1H3XTM702000,,"$36,151.00 ",$0.00 ,"$36,151.00 ",3/16/2026,$0.00 ,$0.00 ,"$36,151.00 ","$36,151.00 ",$0.00 ,$0.00 ,$0.00 ,$0.00 ,$0.00 ,$79.82 ,$0.00 ,$0.00 ,$0.00 ,$79.82 ,$79.82 ,"$18,658.58 "
"3125 NE Loop 820  Fort Worth, TX 76110",Acura,Auto - Acura Plant (Floorplan-New) - East,3/3/2026,702071,3/3/2026,10/3/2027,2026 Acura ACURAADX,Automobile,ACURAADX,3HDSA1H30TM702071,A8010,"$36,151.00 ",$0.00 ,"$36,151.00 ",3/3/2026,"($36,151.00)",$0.00 ,$0.00 ,$0.00 ,$0.00 ,$0.00 ,$0.00 ,$0.00 ,$0.00 ,$69.84 ,$0.00 ,$0.00 ,$0.00 ,$69.84 ,$69.84 ,"$16,326.26 "
"3125 NE Loop 820  Fort Worth, TX 76110",Acura,Auto - Acura Plant (Floorplan-New) - East,3/5/2026,702080,3/5/2026,10/5/2027,2026 Acura ACURAADX,Automobile,ACURAADX,3HDSA1H31TM702080,,"$35,575.00 ",$0.00 ,"$35,575.00 ",3/5/2026,"($35,575.00)",$0.00 ,$0.00 ,$0.00 ,$0.00 ,$0.00 ,$0.00 ,$0.00 ,$0.00 ,$98.18 ,$0.00 ,$0.00 ,$0.00 ,$98.18 ,$98.18 ,"$22,951.61 "
"3125 NE Loop 820  Fort Worth, TX 76110",Acura,Auto - Acura Plant (Floorplan-New) - East,3/3/2026,702104,3/3/2026,10/3/2027,2026 Acura ACURAADX,Automobile,ACURAADX,3HDSA1H30TM702104,,"$35,575.00 ",$0.00 ,"$35,575.00 ",3/3/2026,$0.00 ,$0.00 ,"$35,575.00 ","$35,575.00 ",$0.00 ,$0.00 ,$0.00 ,$0.00 ,$0.00 ,$142.36 ,$0.00 ,$0.00 ,$0.00 ,$142.36 ,$142.36 ,"$33,279.84 "
"3125 NE Loop 820  Fort Worth, TX 76110",Acura,Auto - Acura Plant (Floorplan-New) - East,3/25/2026,702150,3/25/2026,10/25/2027,2026 Acura ACURAADXA-EC,Automobile,ACURAADXA-EC,3HDSA1H55TM702150,,"$38,698.00 ",$0.00 ,"$38,698.00 ",3/25/2026,$0.00 ,$0.00 ,"$38,698.00 ","$38,698.00 ",$0.00 ,$0.00 ,$0.00 ,$0.00 ,$0.00 ,$37.38 ,$0.00 ,$0.00 ,$0.00 ,$37.38 ,$37.38 ,"$8,738.26 "
"3125 NE Loop 820  Fort Worth, TX 76110",Acura,Auto - Acura Plant (Floorplan-New) - East,3/3/2026,702240,3/3/2026,10/3/2027,2026 Acura ACURAADXAW-SP,Automobile,ACURAADXAW-SP,3HDSA2H77TM702240,A7990,"$44,561.20 ",$0.00 ,"$44,561.20 ",3/3/2026,"($44,561.20)",$0.00 ,$0.00 ,$0.00 ,$0.00 ,$0.00 ,$0.00 ,$0.00 ,$0.00 ,$98.39 ,$0.00 ,$0.00 ,$0.00 ,$98.39 ,$98.39 ,"$22,999.33 "
"3125 NE Loop 820  Fort Worth, TX 76110",Acura,Auto - Acura Plant (Floorplan-New) - East,3/25/2026,702326,3/25/2026,10/25/2027,2026 Acura ACURAADXAW-SP,Automobile,ACURAADXAW-SP,3HDSA2H76TM702326,,"$44,561.20 ",$0.00 ,"$44,561.20 ",3/25/2026,$0.00 ,$0.00 ,"$44,561.20 ","$44,561.20 ",$0.00 ,$0.00 ,$0.00 ,$0.00 ,$0.00 ,$43.04 ,$0.00 ,$0.00 ,$0.00 ,$43.04 ,$43.04 ,"$10,062.21 "
"3125 NE Loop 820  Fort Worth, TX 76110",Acura,Auto - Acura Plant (Floorplan-New) - East,3/19/2026,702327,3/19/2026,10/19/2027,2026 Acura ACURAADXA-EC,Automobile,ACURAADXA-EC,3HDSA1H57TM702327,,"$38,698.00 ",$0.00 ,"$38,698.00 ",3/19/2026,$0.00 ,$0.00 ,"$38,698.00 ","$38,698.00 ",$0.00 ,$0.00 ,$0.00 ,$0.00 ,$0.00 ,$69.42 ,$0.00 ,$0.00 ,$0.00 ,$69.42 ,$69.42 ,"$16,228.19 "
"3125 NE Loop 820  Fort Worth, TX 76110",Acura,Auto - Acura Plant (Floorplan-New) - East,3/9/2026,702339,3/9/2026,10/9/2027,2026 Acura ACURAADXAW-SP,Automobile,ACURAADXAW-SP,3HDSA2H74TM702339,,"$44,561.20 ",$0.00 ,"$44,561.20 ",3/9/2026,$0.00 ,$0.00 ,"$44,561.20 ","$44,561.20 ",$0.00 ,$0.00 ,$0.00 ,$0.00 ,$0.00 ,$141.43 ,$0.00 ,$0.00 ,$0.00 ,$141.43 ,$141.43 ,"$33,061.54 "
"3125 NE Loop 820  Fort Worth, TX 76110",Acura,Auto - Acura Plant (Floorplan-New) - East,3/16/2026,702380,3/16/2026,10/16/2027,2026 Acura ACURAADX,Automobile,ACURAADX,3HDSA1H32TM702380,,"$36,151.00 ",$0.00 ,"$36,151.00 ",3/16/2026,$0.00 ,$0.00 ,"$36,151.00 ","$36,151.00 ",$0.00 ,$0.00 ,$0.00 ,$0.00 ,$0.00 ,$79.82 ,$0.00 ,$0.00 ,$0.00 ,$79.82 ,$79.82 ,"$18,658.58 "
"3125 NE Loop 820  Fort Worth, TX 76110",Acura,Auto - Acura Plant (Floorplan-New) - East,3/17/2026,702386,3/17/2026,10/17/2027,2026 Acura ACURAADX,Automobile,ACURAADX,3HDSA1H33TM702386,,"$35,575.00 ",$0.00 ,"$35,575.00 ",3/17/2026,$0.00 ,$0.00 ,"$35,575.00 ","$35,575.00 ",$0.00 ,$0.00 ,$0.00 ,$0.00 ,$0.00 ,$73.64 ,$0.00 ,$0.00 ,$0.00 ,$73.64 ,$73.64 ,"$17,213.71 "
"3125 NE Loop 820  Fort Worth, TX 76110",Acura,Auto - Acura Plant (Floorplan-New) - East,3/5/2026,702475,3/5/2026,10/5/2027,2026 Acura ACURAADXAW-SP,Automobile,ACURAADXAW-SP,3HDSA2H71TM702475,,"$44,561.20 ",$0.00 ,"$44,561.20 ",3/5/2026,$0.00 ,$0.00 ,"$44,561.20 ","$44,561.20 ",$0.00 ,$0.00 ,$0.00 ,$0.00 ,$0.00 ,$166.03 ,$0.00 ,$0.00 ,$0.00 ,$166.03 ,$166.03 ,"$38,811.37 "
"3125 NE Loop 820  Fort Worth, TX 76110",Acura,Auto - Acura Plant (Floorplan-New) - East,3/25/2026,702536,3/25/2026,10/25/2027,2026 Acura ACURAADXA-EC,Automobile,ACURAADXA-EC,3HDSA1H55TM702536,,"$38,698.00 ",$0.00 ,"$38,698.00 ",3/25/2026,$0.00 ,$0.00 ,"$38,698.00 ","$38,698.00 ",$0.00 ,$0.00 ,$0.00 ,$0.00 ,$0.00 ,$37.38 ,$0.00 ,$0.00 ,$0.00 ,$37.38 ,$37.38 ,"$8,738.26 "
"3125 NE Loop 820  Fort Worth, TX 76110",Acura,Auto - Acura Plant (Floorplan-New) - East,3/26/2026,702571,3/26/2026,10/26/2027,2026 Acura ACURAADX,Automobile,ACURAADX,3HDSA1H39TM702571,,"$35,575.00 ",$0.00 ,"$35,575.00 ",3/26/2026,$0.00 ,$0.00 ,"$35,575.00 ","$35,575.00 ",$0.00 ,$0.00 ,$0.00 ,$0.00 ,$0.00 ,$29.45 ,$0.00 ,$0.00 ,$0.00 ,$29.45 ,$29.45 ,"$6,885.48 "
"3125 NE Loop 820  Fort Worth, TX 76110",Acura,Auto - Acura Plant (Floorplan-New) - East,3/9/2026,702585,3/9/2026,10/9/2027,2026 Acura ACURAADXAW-SP,Automobile,ACURAADXAW-SP,3HDSA2H78TM702585,,"$44,561.20 ",$0.00 ,"$44,561.20 ",3/9/2026,$0.00 ,$0.00 ,"$44,561.20 ","$44,561.20 ",$0.00 ,$0.00 ,$0.00 ,$0.00 ,$0.00 ,$141.43 ,$0.00 ,$0.00 ,$0.00 ,$141.43 ,$141.43 ,"$33,061.54 "
"3125 NE Loop 820  Fort Worth, TX 76110",Acura,Auto - Acura Plant (Floorplan-New) - East,3/9/2026,702629,3/9/2026,10/9/2027,2026 Acura ACURAADXAW-SP,Automobile,ACURAADXAW-SP,3HDSA2H72TM702629,,"$44,561.20 ",$0.00 ,"$44,561.20 ",3/9/2026,$0.00 ,$0.00 ,"$44,561.20 ","$44,561.20 ",$0.00 ,$0.00 ,$0.00 ,$0.00 ,$0.00 ,$141.43 ,$0.00 ,$0.00 ,$0.00 ,$141.43 ,$141.43 ,"$33,061.54 "
"3125 NE Loop 820  Fort Worth, TX 76110",Acura,Auto - Acura Plant (Floorplan-New) - East,3/9/2026,702680,3/9/2026,10/9/2027,2026 Acura ACURAADXAW-SP,Automobile,ACURAADXAW-SP,3HDSA2H72TM702680,,"$44,561.20 ",$0.00 ,"$44,561.20 ",3/9/2026,$0.00 ,$0.00 ,"$44,561.20 ","$44,561.20 ",$0.00 ,$0.00 ,$0.00 ,$0.00 ,$0.00 ,$141.43 ,$0.00 ,$0.00 ,$0.00 ,$141.43 ,$141.43 ,"$33,061.54 "
"3125 NE Loop 820  Fort Worth, TX 76110",Acura,Auto - Acura Plant (Floorplan-New) - East,3/26/2026,702735,3/26/2026,10/26/2027,2026 Acura ACURAADX,Automobile,ACURAADX,3HDSA1H32TM702735,,"$35,575.00 ",$0.00 ,"$35,575.00 ",3/26/2026,$0.00 ,$0.00 ,"$35,575.00 ","$35,575.00 ",$0.00 ,$0.00 ,$0.00 ,$0.00 ,$0.00 ,$29.45 ,$0.00 ,$0.00 ,$0.00 ,$29.45 ,$29.45 ,"$6,885.48 "
"3125 NE Loop 820  Fort Worth, TX 76110",Acura,Auto - Acura Plant (Floorplan-New) - East,3/25/2026,702839,3/25/2026,10/25/2027,2026 Acura ACURAADX,Automobile,ACURAADX,3HDSA1H33TM702839,,"$35,575.00 ",$0.00 ,"$35,575.00 ",3/25/2026,$0.00 ,$0.00 ,"$35,575.00 ","$35,575.00 ",$0.00 ,$0.00 ,$0.00 ,$0.00 ,$0.00 ,$34.36 ,$0.00 ,$0.00 ,$0.00 ,$34.36 ,$34.36 ,"$8,033.06 "
"3125 NE Loop 820  Fort Worth, TX 76110",Acura,Auto - Acura Plant (Floorplan-New) - East,3/25/2026,702841,3/25/2026,10/25/2027,2026 Acura ACURAADXAW-SP,Automobile,ACURAADXAW-SP,3HDSA2H52TM702841,,"$40,618.00 ",$0.00 ,"$40,618.00 ",3/25/2026,$0.00 ,$0.00 ,"$40,618.00 ","$40,618.00 ",$0.00 ,$0.00 ,$0.00 ,$0.00 ,$0.00 ,$39.23 ,$0.00 ,$0.00 ,$0.00 ,$39.23 ,$39.23 ,"$9,171.81 "
"3125 NE Loop 820  Fort Worth, TX 76110",Acura,Auto - Acura Plant (Floorplan-New) - East,3/25/2026,702879,3/25/2026,10/25/2027,2026 Acura ACURAADXA-EC,Automobile,ACURAADXA-EC,3HDSA1H52TM702879,,"$38,698.00 ",$0.00 ,"$38,698.00 ",3/25/2026,$0.00 ,$0.00 ,"$38,698.00 ","$38,698.00 ",$0.00 ,$0.00 ,$0.00 ,$0.00 ,$0.00 ,$37.38 ,$0.00 ,$0.00 ,$0.00 ,$37.38 ,$37.38 ,"$8,738.26 "
"3125 NE Loop 820  Fort Worth, TX 76110",Acura,Auto - Acura Plant (Floorplan-New) - East,3/19/2026,702896,3/19/2026,10/19/2027,2026 Acura ACURAADXAW-SP,Automobile,ACURAADXAW-SP,3HDSA2H55TM702896,,"$40,042.00 ",$0.00 ,"$40,042.00 ",3/19/2026,$0.00 ,$0.00 ,"$40,042.00 ","$40,042.00 ",$0.00 ,$0.00 ,$0.00 ,$0.00 ,$0.00 ,$71.83 ,$0.00 ,$0.00 ,$0.00 ,$71.83 ,$71.83 ,"$16,791.81 "
"3125 NE Loop 820  Fort Worth, TX 76110",Acura,Auto - Acura Plant (Floorplan-New) - East,3/4/2026,702897,3/4/2026,10/4/2027,2026 Acura ACURAADXAW-SP,Automobile,ACURAADXAW-SP,3HDSA2H57TM702897,,"$40,042.00 ",$0.00 ,"$40,042.00 ",3/4/2026,$0.00 ,$0.00 ,"$40,042.00 ","$40,042.00 ",$0.00 ,$0.00 ,$0.00 ,$0.00 ,$0.00 ,$154.71 ,$0.00 ,$0.00 ,$0.00 ,$154.71 ,$154.71 ,"$36,166.97 "
"3125 NE Loop 820  Fort Worth, TX 76110",Acura,Auto - Acura Plant (Floorplan-New) - East,3/3/2026,702920,3/3/2026,10/3/2027,2026 Acura ACURAADXAW-SP,Automobile,ACURAADXAW-SP,3HDSA2H59TM702920,,"$40,618.00 ",$0.00 ,"$40,618.00 ",3/3/2026,$0.00 ,$0.00 ,"$40,618.00 ","$40,618.00 ",$0.00 ,$0.00 ,$0.00 ,$0.00 ,$0.00 ,$162.54 ,$0.00 ,$0.00 ,$0.00 ,$162.54 ,$162.54 ,"$37,997.48 "
"3125 NE Loop 820  Fort Worth, TX 76110",Acura,Auto - Acura Plant (Floorplan-New) - East,3/31/2026,702988,3/31/2026,10/31/2027,2026 Acura ACURAADX,Automobile,ACURAADX,3HDSA1H39TM702988,,"$36,151.00 ",$0.00 ,"$36,151.00 ",3/31/2026,$0.00 ,$0.00 ,"$36,151.00 ","$36,151.00 ",$0.00 ,$0.00 ,$0.00 ,$0.00 ,$0.00 ,$4.99 ,$0.00 ,$0.00 ,$0.00 ,$4.99 ,$4.99 ,"$1,166.16 "
"3125 NE Loop 820  Fort Worth, TX 76110",Acura,Auto - Acura Plant (Floorplan-New) - East,3/9/2026,703799,3/9/2026,10/9/2027,2026 Acura ACURAADXAW-SP,Automobile,ACURAADXAW-SP,3HDSA2H7XTM703799,,"$44,561.20 ",$0.00 ,"$44,561.20 ",3/9/2026,$0.00 ,$0.00 ,"$44,561.20 ","$44,561.20 ",$0.00 ,$0.00 ,$0.00 ,$0.00 ,$0.00 ,$141.43 ,$0.00 ,$0.00 ,$0.00 ,$141.43 ,$141.43 ,"$33,061.54 "
"3125 NE Loop 820  Fort Worth, TX 76110",Acura,Auto - Acura Plant (Floorplan-New) - East,3/25/2026,703831,3/25/2026,10/25/2027,2026 Acura ACURAADXAW-SP,Automobile,ACURAADXAW-SP,3HDSA2H72TM703831,,"$43,985.20 ",$0.00 ,"$43,985.20 ",3/25/2026,$0.00 ,$0.00 ,"$43,985.20 ","$43,985.20 ",$0.00 ,$0.00 ,$0.00 ,$0.00 ,$0.00 ,$42.49 ,$0.00 ,$0.00 ,$0.00 ,$42.49 ,$42.49 ,"$9,932.14 "
"3125 NE Loop 820  Fort Worth, TX 76110",Acura,Auto - Acura Plant (Floorplan-New) - East,3/25/2026,703896,3/25/2026,10/25/2027,2026 Acura ACURAADX A,Automobile,ACURAADX A,3HDSA2H31TM703896,,"$37,525.00 ",$0.00 ,"$37,525.00 ",3/25/2026,$0.00 ,$0.00 ,"$37,525.00 ","$37,525.00 ",$0.00 ,$0.00 ,$0.00 ,$0.00 ,$0.00 ,$36.25 ,$0.00 ,$0.00 ,$0.00 ,$36.25 ,$36.25 ,"$8,473.39 "
"3125 NE Loop 820  Fort Worth, TX 76110",Acura,Auto - Acura Plant (Floorplan-New) - East,3/19/2026,704003,3/19/2026,10/19/2027,2026 Acura ACURAADXAW-SP,Automobile,ACURAADXAW-SP,3HDSA2H73TM704003,,"$43,985.20 ",$0.00 ,"$43,985.20 ",3/19/2026,$0.00 ,$0.00 ,"$43,985.20 ","$43,985.20 ",$0.00 ,$0.00 ,$0.00 ,$0.00 ,$0.00 ,$78.90 ,$0.00 ,$0.00 ,$0.00 ,$78.90 ,$78.90 ,"$18,445.41 "
"3125 NE Loop 820  Fort Worth, TX 76110",Acura,Auto - Acura Plant (Floorplan-New) - East,12/16/2025,717162,12/16/2025,7/16/2027,2025 Acura ACURAADXAW-SP,Automobile,ACURAADXAW-SP,3HDSA2H54SM717162,A7796,"$40,326.00 ","$40,326.00 ",$0.00 ,,"($40,326.00)",$0.00 ,"($40,326.00)",$0.00 ,$0.00 ,$0.00 ,$0.00 ,$0.00 ,$0.00 ,$100.17 ,$0.00 ,$0.00 ,$0.00 ,$100.17 ,$522.63 ,"$23,415.10 "
"3125 NE Loop 820  Fort Worth, TX 76110",Straight Line,Auto - Straight Line Plant - E,9/13/2018,HTLINE,9/13/2018,12/13/2101,2018 Straight Line STRAIGHTLINE,Automobile,STRAIGHTLINE,STRAIGHTLINE,,"$1,500,000.00 ","$1,500,000.00 ",$0.00 ,,$0.00 ,$0.00 ,$0.00 ,"$1,500,000.00 ",$0.00 ,$0.00 ,$0.00 ,$0.00 ,$0.00 ,"$6,804.27 ",$0.00 ,$0.00 ,$0.00 ,"$6,804.27 ","$88,253.26 ","$1,500,000.00 "
Total: ,,,,,,,,,,,,"$14,742,804.80 ","$6,969,814.40 ","$7,754,995.60 ",,"($3,415,436.90)",$0.00 ,"$4,339,558.70 ","$11,309,373.10 ","$8,940.28 ",$0.00 ,$0.00 ,$0.00 ,"$8,940.28 ","$40,404.09 ",$0.00 ,$0.00 ,$0.00 ,"$40,404.09 ","$172,815.00 ","$9,354,457.55 "
